term	set_size	overlap	pval	padj
Immune::ZAK_PBMC_MRKAD5_HIV_1_GAG_POL_NEF_AGE_20_50YO_1DY_DN	690	305	8.841825898870489e-28	7.417407746562453e-24
Reactome::REACTOME_EUKARYOTIC_TRANSLATION_ELONGATION	89	67	1.8234799686979286e-22	7.648586728703462e-19
Reactome::REACTOME_SELENOAMINO_ACID_METABOLISM	93	67	1.1288048350984419e-20	3.1565145872136094e-17
Immune::GSE14769_UNSTIM_VS_40MIN_LPS_BMDM_DN	112	75	5.952380913873295e-20	1.2483630871620769e-16
GO_BP::GOBP_CELL_ACTIVATION	519	225	3.9305725370895076e-19	6.228008245434982e-16
Reactome::REACTOME_RESPONSE_OF_EIF2AK4_GCN2_TO_AMINO_ACID_DEFICIENCY	97	67	4.522786876556024e-19	6.228008245434982e-16
Immune::GSE14769_UNSTIM_VS_60MIN_LPS_BMDM_DN	117	76	5.196812220532229e-19	6.228008245434982e-16
Reactome::REACTOME_EUKARYOTIC_TRANSLATION_INITIATION	115	75	6.286084116944696e-19	6.591744957131132e-16
GO_BP::GOBP_DEFENSE_RESPONSE	727	292	8.717508323748027e-19	8.125686369769133e-16
Immune::GSE26495_NAIVE_VS_PD1LOW_CD8_TCELL_DN	121	77	1.850593456470679e-18	1.5524628506332524e-15
Reactome::REACTOME_NONSENSE_MEDIATED_DECAY_NMD	110	72	2.3638415787286834e-18	1.802751545814084e-15
Immune::GSE24574_BCL6_HIGH_TFH_VS_TFH_CD4_TCELL_DN	171	97	6.883340267364444e-18	4.8120284585766935e-15
Immune::GSE10325_LUPUS_CD4_TCELL_VS_LUPUS_MYELOID_UP	184	101	3.219908266360731e-17	2.0778315728077053e-14
Immune::GSE36476_CTRL_VS_TSST_ACT_72H_MEMORY_CD4_TCELL_YOUNG_UP	165	93	5.954362038583536e-17	3.5679387958340914e-14
GO_BP::GOBP_BIOLOGICAL_PROCESS_INVOLVED_IN_INTERSPECIES_INTERACTION_BETWEEN_ORGANISMS	776	300	1.6636545298554631e-16	9.304265233971653e-14
Immune::GSE24671_CTRL_VS_BAKIMULC_INFECTED_MOUSE_SPLENOCYTES_DN	79	55	4.032740832359237e-16	2.1144164276663525e-13
GO_BP::GOBP_CELL_CELL_ADHESION	292	139	4.3447398947853317e-16	2.1440013516090676e-13
GO_BP::GOBP_POSITIVE_REGULATION_OF_MULTICELLULAR_ORGANISMAL_PROCESS	597	241	7.856770521369904e-16	3.583603539668398e-13
Immune::GSE9988_LOW_LPS_VS_CTRL_TREATED_MONOCYTE_UP	93	61	8.31300972851679e-16	3.583603539668398e-13
GO_BP::GOBP_LYMPHOCYTE_ACTIVATION	427	185	8.543577398184284e-16	3.583603539668398e-13
Immune::GSE13484_UNSTIM_VS_YF17D_VACCINE_STIM_PBMC_DN	133	78	9.802954049074759e-16	3.916046738937531e-13
GO_BP::GOBP_CYTOPLASMIC_TRANSLATION	138	80	1.0525556780590427e-15	3.9857789222335684e-13
Immune::GSE42088_UNINF_VS_LEISHMANIA_INF_DC_4H_DN	148	84	1.1326198712726637e-15	3.9857789222335684e-13
Immune::GSE42088_UNINF_VS_LEISHMANIA_INF_DC_2H_DN	153	86	1.1402872110335635e-15	3.9857789222335684e-13
Immune::GSE36476_CTRL_VS_TSST_ACT_40H_MEMORY_CD4_TCELL_YOUNG_UP	156	87	1.4789986862586613e-15	4.962927991609563e-13
GO_BP::GOBP_T_CELL_ACTIVATION	302	141	2.0144382231522266e-15	6.499662405393858e-13
Reactome::REACTOME_SRP_DEPENDENT_COTRANSLATIONAL_PROTEIN_TARGETING_TO_MEMBRANE	108	67	2.093253050169092e-15	6.503814754766116e-13
GO_BP::GOBP_ADAPTIVE_IMMUNE_RESPONSE	280	133	2.4122398168288308e-15	7.225000195700041e-13
Immune::GSE26156_DOUBLE_POSITIVE_VS_CD4_SINGLE_POSITIVE_THYMOCYTE_UP	152	85	2.538251597777227e-15	7.225000195700041e-13
Immune::GSE9988_ANTI_TREM1_AND_LPS_VS_CTRL_TREATED_MONOCYTES_UP	90	59	2.5837406826916348e-15	7.225000195700041e-13
GO_BP::GOBP_CELL_ADHESION	442	188	4.535099745554295e-15	1.227256508563064e-12
Immune::GSE22886_CTRL_VS_LPS_24H_DC_DN	149	83	7.365341062033449e-15	1.9308701927937062e-12
GO_BP::GOBP_HEMOPOIESIS	456	192	7.624163320476798e-15	1.9381547301660564e-12
Immune::GSE3565_CTRL_VS_LPS_INJECTED_DUSP1_KO_SPLENOCYTES_UP	107	65	2.3800683034552875e-14	5.872468528731296e-12
Immune::GSE26495_NAIVE_VS_PD1HIGH_CD8_TCELL_DN	124	72	2.603311662941142e-14	6.2397661544037835e-12
Immune::GSE24574_BCL6_HIGH_VS_LOW_TFH_CD4_TCELL_UP	137	77	3.6963545665849154e-14	8.596768457745411e-12
Reactome::REACTOME_CYTOKINE_SIGNALING_IN_IMMUNE_SYSTEM	441	185	3.791637059680298e-14	8.596768457745411e-12
Reactome::REACTOME_NERVOUS_SYSTEM_DEVELOPMENT	283	131	4.7741515608030464e-14	1.0539567748309673e-11
GO_BP::GOBP_RESPONSE_TO_CYTOKINE	406	173	5.0987009237251136e-14	1.096743642285384e-11
Reactome::REACTOME_SIGNALING_BY_ROBO_RECEPTORS	171	90	5.27882301484875e-14	1.1071011567891541e-11
Immune::GSE9650_NAIVE_VS_MEMORY_CD8_TCELL_DN	128	73	6.202936570543891e-14	1.2691813387876269e-11
Immune::GSE9988_LPS_VS_VEHICLE_TREATED_MONOCYTE_UP	83	54	6.414523207888017e-14	1.2812246474041088e-11
Immune::GSE22886_NAIVE_TCELL_VS_DC_UP	190	97	6.607100479845378e-14	1.2889992075679739e-11
Immune::GSE28726_ACT_CD4_TCELL_VS_ACT_VA24NEG_NKTCELL_DN	169	89	6.988989102560965e-14	1.3325143086678167e-11
Immune::GAUCHER_PBMC_YF_VAX_STAMARIL_UNKNOWN_AGE_7DY_UP	167	88	9.251521067833335e-14	1.7246891164011967e-11
Immune::GSE10325_CD4_TCELL_VS_MYELOID_UP	184	94	1.5458556049759232e-13	2.819170145683265e-11
Immune::GSE36476_CTRL_VS_TSST_ACT_16H_MEMORY_CD4_TCELL_YOUNG_UP	171	89	1.7224422025422463e-13	3.074376093005724e-11
Immune::GSE10325_CD4_TCELL_VS_BCELL_UP	169	88	2.282404718184266e-13	3.98897774600996e-11
Immune::GSE9988_LOW_LPS_VS_VEHICLE_TREATED_MONOCYTE_UP	85	54	2.772222637449282e-13	4.746158307257556e-11
Immune::GSE9988_LPS_VS_CTRL_TREATED_MONOCYTE_UP	92	57	2.8896288957184743e-13	4.848219361236456e-11
Immune::GSE7219_UNSTIM_VS_LPS_AND_ANTI_CD40_STIM_NIK_NFKB2_KO_DC_DN	121	69	3.0779010613454126e-13	5.0549155499773317e-11
GO_BP::GOBP_REGULATION_OF_MULTICELLULAR_ORGANISMAL_DEVELOPMENT	477	194	3.133336614600325e-13	5.0549155499773317e-11
Immune::GSE2706_UNSTIM_VS_8H_R848_DC_DN	97	59	3.517588460226291e-13	5.5543630990600984e-11
Immune::HARALAMBIEVA_PBMC_M_M_R_II_AGE_11_22YO_VACCINATED_VS_UNVACCINATED_7YR_UP	272	125	3.575343990335503e-13	5.5543630990600984e-11
Reactome::REACTOME_DEVELOPMENTAL_BIOLOGY	441	182	3.8006087207519194e-13	5.796964828797791e-11
Immune::GAUCHER_PBMC_YF_VAX_STAMARIL_UNKNOWN_AGE_7DY_DN	134	74	3.9776642099517577e-13	5.958683045943802e-11
Immune::GSE29618_BCELL_VS_PDC_UP	129	72	4.0665970225706775e-13	5.985032003920248e-11
GO_BP::GOBP_ALPHA_BETA_T_CELL_ACTIVATION	107	63	4.574328913307156e-13	6.616214698919608e-11
GO_BP::GOBP_REGULATION_OF_IMMUNE_SYSTEM_PROCESS	694	262	5.058782585194233e-13	7.192902899524478e-11
GO_BP::GOBP_REGULATION_OF_CELL_ACTIVATION	302	135	5.246077893814652e-13	7.334891241868519e-11
Immune::HOWARD_DENDRITIC_CELL_INACT_MONOV_INFLUENZA_A_INDONESIA_05_2005_H5N1_AGE_18_49YO_1DY_UP	77	50	6.159453890111541e-13	8.470763718712412e-11
Immune::KAECH_NAIVE_VS_MEMORY_CD8_TCELL_DN	130	72	6.837878916548343e-13	9.252091327568395e-11
Immune::GSE11057_NAIVE_VS_EFF_MEMORY_CD4_TCELL_DN	143	77	7.747265677040572e-13	1.0316160597570375e-10
Reactome::REACTOME_SARS_COV_1_MODULATES_HOST_TRANSLATION_MACHINERY	36	30	8.033227348595288e-13	1.0529803785525918e-10
Immune::GSE14769_UNSTIM_VS_80MIN_LPS_BMDM_DN	108	63	8.235945842162182e-13	1.0629438410753623e-10
GO_BP::GOBP_LEUKOCYTE_DIFFERENTIATION	304	135	9.60454141415273e-13	1.220795423080716e-10
Immune::GSE11057_NAIVE_VS_MEMORY_CD4_TCELL_DN	162	84	1.0948867379927514e-12	1.3708962455255508e-10
Immune::GSE21670_STAT3_KO_VS_WT_CD4_TCELL_DN	134	73	1.4295272003605977e-12	1.7635740711507432e-10
Immune::NAKAYA_PBMC_FLUARIX_FLUVIRIN_AGE_18_50YO_CORRELATED_WITH_HAI_28DY_RESPONSE_AT_7DY_NEGATIVE	386	162	1.604694745935909e-12	1.9509832208197593e-10
Immune::GSE9650_EFFECTOR_VS_MEMORY_CD8_TCELL_DN	150	79	1.8147282376978006e-12	2.1748221694352643e-10
Immune::HOWARD_MONOCYTE_INACT_MONOV_INFLUENZA_A_INDONESIA_05_2005_H5N1_AGE_18_49YO_1DY_UP	98	58	2.8884546670557155e-12	3.4128515777366754e-10
Immune::GSE36891_POLYIC_TLR3_VS_PAM_TLR2_STIM_PERITONEAL_MACROPHAGE_UP	57	40	2.977046168770382e-12	3.4686722652520463e-10
Immune::GSE13522_WT_VS_IFNAR_KO_SKING_T_CRUZI_Y_STRAIN_INF_UP	91	55	3.2333155250379163e-12	3.708828308622611e-10
GO_BP::GOBP_REGULATION_OF_CELL_DIFFERENTIATION	550	214	3.271585347932688e-12	3.708828308622611e-10
Immune::GSE42021_TREG_PLN_VS_CD24LO_TREG_THYMUS_DN	108	62	3.3338895337856717e-12	3.7290665731904e-10
Reactome::REACTOME_REGULATION_OF_EXPRESSION_OF_SLITS_AND_ROBOS	149	78	3.777722129344474e-12	4.169909334614578e-10
GO_BP::GOBP_DEFENSE_RESPONSE_TO_OTHER_ORGANISM	532	208	3.985341103273851e-12	4.341951495501862e-10
Immune::GSE37605_TREG_VS_TCONV_NOD_FOXP3_FUSION_GFP_UP	47	35	4.275949093831869e-12	4.587547769821199e-10
Immune::GSE3920_IFNA_VS_IFNG_TREATED_ENDOTHELIAL_CELL_UP	106	61	4.320136772152518e-12	4.587547769821199e-10
Immune::GSE7852_THYMUS_VS_FAT_TCONV_DN	111	63	4.459539215414916e-12	4.676384309764466e-10
Immune::GSE13485_DAY3_VS_DAY7_YF17D_VACCINE_PBMC_DN	94	56	4.726621586375595e-12	4.895262776309243e-10
Reactome::REACTOME_INFLUENZA_INFECTION	147	77	4.997444224195468e-12	5.112629219118997e-10
Immune::ERWIN_COHEN_BLOOD_TC_83_AGE_23_48YO_VACCINATED_VS_CONTROL_2DY_UP	80	50	5.267257297694533e-12	5.261747387652012e-10
GO_BP::GOBP_MONONUCLEAR_CELL_DIFFERENTIATION	246	113	5.2686468060885565e-12	5.261747387652012e-10
Immune::GSE27434_WT_VS_DNMT1_KO_TREG_DN	124	68	5.6011705752820056e-12	5.528025877181265e-10
Immune::GARCIA_PINERES_PBMC_HPV_16_L1_VLP_AGE_18_25YO_STIMULATED_VS_UNSTIMULATED_0DY_VACCINATION_INDEPENDENT_UP	90	54	7.685321168287036e-12	7.49676270706511e-10
Reactome::REACTOME_CELLULAR_RESPONSE_TO_STARVATION	135	72	8.01373277846451e-12	7.727264859602159e-10
Immune::GSE13485_CTRL_VS_DAY7_YF17D_VACCINE_PBMC_DN	120	66	9.647446071984992e-12	9.196866488395692e-10
Immune::GSE2706_UNSTIM_VS_2H_LPS_AND_R848_DC_DN	105	60	9.790958797437417e-12	9.228803747382304e-10
Immune::GSE32986_CURDLAN_HIGHDOSE_VS_GMCSF_AND_CURDLAN_HIGHDOSE_STIM_DC_DN	110	62	9.972438211850854e-12	9.295420462135202e-10
Immune::GSE10325_LUPUS_CD4_TCELL_VS_LUPUS_BCELL_UP	170	85	1.0334353823990362e-11	9.423358068419036e-10
Immune::GSE28726_ACT_CD4_TCELL_VS_ACT_NKTCELL_DN	170	85	1.0334353823990362e-11	9.423358068419036e-10
GO_BP::GOBP_POSITIVE_REGULATION_OF_IMMUNE_SYSTEM_PROCESS	502	197	1.061924085833067e-11	9.579011995756559e-10
Immune::GSE36476_CTRL_VS_TSST_ACT_40H_MEMORY_CD4_TCELL_OLD_UP	111	62	1.6947943064484098e-11	1.4965925722942853e-09
Immune::GSE3982_MEMORY_CD4_TCELL_VS_BCELL_UP	111	62	1.6947943064484098e-11	1.4965925722942853e-09
GO_BP::GOBP_CYTOKINE_PRODUCTION	344	145	1.7441600480057415e-11	1.5241415252833505e-09
Immune::GSE19401_NAIVE_VS_IMMUNIZED_MOUSE_PLN_FOLLICULAR_DC_UP	137	72	2.0198891659534333e-11	1.7468917745549848e-09
Immune::HOWARD_PBMC_INACT_MONOV_INFLUENZA_A_INDONESIA_05_2005_H5N1_AGE_19_39YO_AS03_ADJUVANT_VS_BUFFER_1DY_UP	114	63	2.17421170064957e-11	1.8611695874233919e-09
GO_BP::GOBP_REGULATION_OF_LYMPHOCYTE_ACTIVATION	265	118	2.2311009301133928e-11	1.8905763336082072e-09
Reactome::REACTOME_INTERFERON_SIGNALING	181	88	3.101100894460535e-11	2.591271249442781e-09
Immune::HOEK_NK_CELL_2011_2012_TIV_3D_VS_0DY_ADULT_3D_DN	49	35	3.11978061978449e-11	2.591271249442781e-09
Immune::GSE26343_UNSTIM_VS_LPS_STIM_NFAT5_KO_MACROPHAGE_DN	115	63	3.6073085224293876e-11	2.9668344308490325e-09
Immune::GSE42021_CD24HI_VS_CD24LOW_TREG_THYMUS_DN	105	59	3.772777525475882e-11	3.0727990933220556e-09
GO_BP::GOBP_POSITIVE_REGULATION_OF_GENE_EXPRESSION	518	200	4.12329493010413e-11	3.316129017194165e-09
Immune::GSE1460_INTRATHYMIC_T_PROGENITOR_VS_CD4_THYMOCYTE_DN	136	71	4.190126067738485e-11	3.316129017194165e-09
Immune::GSE16450_CTRL_VS_IFNA_6H_STIM_IMMATURE_NEURON_CELL_LINE_DN	136	71	4.190126067738485e-11	3.316129017194165e-09
Immune::KAECH_DAY8_EFF_VS_MEMORY_CD8_TCELL_DN	144	74	4.3442773843519774e-11	3.380909324454224e-09
Immune::GSE11057_NAIVE_VS_CENT_MEMORY_CD4_TCELL_DN	152	77	4.35258322852612e-11	3.380909324454224e-09
GO_BP::GOBP_INFLAMMATORY_RESPONSE	309	132	4.921985282307365e-11	3.788122434245549e-09
Immune::GSE19923_WT_VS_HEB_AND_E2A_KO_DP_THYMOCYTE_DN	134	70	5.540778402074297e-11	4.225599092272843e-09
Immune::GSE14000_UNSTIM_VS_4H_LPS_DC_DN	111	61	6.211100932051443e-11	4.694137452160321e-09
Immune::GSE7509_UNSTIM_VS_IFNA_STIM_IMMATURE_DC_DN	104	58	8.346326612531912e-11	6.251547674333054e-09
GO_BP::GOBP_RESPONSE_TO_OXYGEN_CONTAINING_COMPOUND	674	247	9.453516168361353e-11	6.962935470948179e-09
Reactome::REACTOME_INTERLEUKIN_4_AND_INTERLEUKIN_13_SIGNALING	46	33	9.566657591389397e-11	6.962935470948179e-09
Immune::ZAK_PBMC_MRKAD5_HIV_1_GAG_POL_NEF_AGE_20_50YO_3DY_UP	75	46	9.592048169134679e-11	6.962935470948179e-09
Immune::GSE42021_TREG_PLN_VS_CD24HI_TREG_THYMUS_UP	117	63	9.628090530814028e-11	6.962935470948179e-09
GO_BP::GOBP_IMMUNE_EFFECTOR_PROCESS	279	121	1.0143666580489954e-10	7.273095636216258e-09
Immune::GSE2706_UNSTIM_VS_2H_R848_DC_DN	92	53	1.0527810655265051e-10	7.421664166976346e-09
Immune::FRANCO_BLOOD_SANOFI_PASTEUR_SA_INACTIVATED_INFLUENZA_VACCINE_CORRELATED_WITH_ANTIBODY_RESPONSE_AGE_18_40YO_1DY_POSITIVE	92	53	1.0527810655265051e-10	7.421664166976346e-09
Immune::GSE17974_IL4_AND_ANTI_IL12_VS_UNTREATED_48H_ACT_CD4_TCELL_DN	80	48	1.1305686759491602e-10	7.90361718544792e-09
Immune::ERWIN_COHEN_BLOOD_VACCINE_TC_83_AGE_23_48YO_VACCINATED_VS_CONTROL_7DY_UP	57	38	1.1749496978160554e-10	8.14599422725528e-09
Immune::GSE17974_IL4_AND_ANTI_IL12_VS_UNTREATED_24H_ACT_CD4_TCELL_DN	73	45	1.205480027508628e-10	8.289157336696622e-09
Immune::GSE24634_IL4_VS_CTRL_TREATED_NAIVE_CD4_TCELL_DAY5_DN	144	73	1.341205183316891e-10	9.091241085748073e-09
GO_BP::GOBP_POSITIVE_REGULATION_OF_CELL_POPULATION_PROLIFERATION	448	176	1.3438000889650267e-10	9.091241085748073e-09
Immune::KAECH_NAIVE_VS_DAY15_EFF_CD8_TCELL_DN	123	65	1.417912160905931e-10	9.440369141142742e-09
Immune::GAUCHER_PBMC_YF_VAX_STAMARIL_UNKNOWN_AGE_10DY_UP	123	65	1.417912160905931e-10	9.440369141142742e-09
Immune::GSE22886_DAY0_VS_DAY1_MONOCYTE_IN_CULTURE_UP	131	68	1.5107148134479354e-10	9.979044543318685e-09
Immune::GSE18791_CTRL_VS_NEWCASTLE_VIRUS_DC_8H_DN	113	61	1.6684442225202254e-10	1.0934827017751697e-08
Reactome::REACTOME_HEMOSTASIS	240	107	1.8049541581523883e-10	1.1737798785070066e-08
Immune::GSE7219_WT_VS_NIK_NFKB2_KO_DC_UP	121	64	1.8718392523893286e-10	1.2079122683303137e-08
GO_BP::GOBP_LEUKOCYTE_CELL_CELL_ADHESION	203	94	1.979660550494712e-10	1.2677383479465756e-08
GO_BP::GOBP_INNATE_IMMUNE_RESPONSE	428	169	2.0243983961166973e-10	1.2865665261381042e-08
GO_BP::GOBP_REGULATION_OF_CELL_CELL_ADHESION	212	97	2.3064180549052091e-10	1.4547775235037444e-08
GO_BP::GOBP_REGULATION_OF_CELL_ADHESION	312	131	2.3821115870842716e-10	1.4913085152276086e-08
GO_BP::GOBP_NEGATIVE_REGULATION_OF_MULTICELLULAR_ORGANISMAL_PROCESS	367	149	2.527273056505025e-10	1.5704661978533818e-08
Immune::GSE18791_CTRL_VS_NEWCASTLE_VIRUS_DC_6H_DN	135	69	2.7102598939760295e-10	1.6717919301885965e-08
Immune::GOLDRATH_NAIVE_VS_MEMORY_CD8_TCELL_DN	109	59	2.888100132918704e-10	1.768487008398176e-08
Immune::GSE1460_DP_VS_CD4_THYMOCYTE_DN	122	64	2.953893118928287e-10	1.7956673459919854e-08
Immune::GSE9988_ANTI_TREM1_VS_CTRL_TREATED_MONOCYTES_UP	94	53	3.160380962703304e-10	1.907369488929354e-08
Immune::QUEREC_PBMC_YF_17D_VACCINE_AGE_18_45YO_3DY_UP	35	27	3.2604430592410627e-10	1.939848001700232e-08
Immune::QUEREC_PBMC_YF_17D_VACCINE_AGE_18_45YO_7DY_UP	35	27	3.2604430592410627e-10	1.939848001700232e-08
Immune::GSE22886_NAIVE_CD8_TCELL_VS_MONOCYTE_UP	160	78	3.542832648771445e-10	2.078379237100955e-08
Immune::GSE37533_PPARG1_FOXP3_VS_FOXP3_TRANSDUCED_CD4_TCELL_DN	160	78	3.542832648771445e-10	2.078379237100955e-08
Immune::GSE21546_ELK1_KO_VS_SAP1A_KO_AND_ELK1_KO_DP_THYMOCYTES_UP	133	68	3.5880647119211876e-10	2.090296865854642e-08
Immune::GSE22886_NAIVE_BCELL_VS_BLOOD_PLASMA_CELL_UP	102	56	3.991049731492505e-10	2.3090287032752156e-08
Immune::GAUCHER_PBMC_YF_VAX_STAMARIL_UNKNOWN_AGE_3DY_UP	131	67	4.749777880557225e-10	2.7291703178078468e-08
Immune::GSE15330_LYMPHOID_MULTIPOTENT_VS_MEGAKARYOCYTE_ERYTHROID_PROGENITOR_IKAROS_KO_DN	118	62	5.154607521659885e-10	2.941632823075155e-08
GO_BP::GOBP_CELL_MOTILITY	528	199	5.392790465543193e-10	3.048668989302797e-08
Immune::GSE18791_UNSTIM_VS_NEWCATSLE_VIRUS_DC_6H_DN	126	65	5.414848961808521e-10	3.048668989302797e-08
Immune::GSE7852_LN_VS_FAT_TCONV_DN	113	60	5.675505143164783e-10	3.174120843067291e-08
Immune::GSE22886_NAIVE_TCELL_VS_MONOCYTE_UP	178	84	5.821791885216946e-10	3.234371663912912e-08
Immune::SCHERER_PBMC_APSV_WETVAX_AGE_18_32YO_5_TO_7DY_DN	137	69	6.237763487350283e-10	3.442670914169837e-08
Immune::GSE34205_HEALTHY_VS_RSV_INF_INFANT_PBMC_UP	129	66	6.287109682757363e-10	3.447226348277877e-08
GO_BP::GOBP_REGULATION_OF_PROGRAMMED_CELL_DEATH	722	258	6.575339808391479e-10	3.581852315103644e-08
Immune::GSE39110_UNTREATED_VS_IL2_TREATED_CD8_TCELL_DAY6_POST_IMMUNIZATION_UP	98	54	6.860294738388984e-10	3.7129685522803344e-08
Immune::GSE13547_WT_VS_ZFX_KO_BCELL_UP	88	50	6.968829088916213e-10	3.720892840436017e-08
Immune::GSE9988_ANTI_TREM1_VS_ANTI_TREM1_AND_LPS_MONOCYTE_DN	88	50	6.968829088916213e-10	3.720892840436017e-08
Immune::GSE360_CTRL_VS_M_TUBERCULOSIS_DC_DN	93	52	7.007999389544532e-10	3.720892840436017e-08
Immune::PATEL_SKIN_OF_BODY_ZOSTAVAX_AGE_70_93YO_VZV_CHALLENGE_6HR_UP	162	78	7.458346357037518e-10	3.9006072354362337e-08
Immune::GSE18791_UNSTIM_VS_NEWCATSLE_VIRUS_DC_10H_DN	111	59	7.485966919838284e-10	3.9006072354362337e-08
Immune::GSE360_HIGH_DOSE_B_MALAYI_VS_M_TUBERCULOSIS_DC_DN	111	59	7.485966919838284e-10	3.9006072354362337e-08
GO_BP::GOBP_REGULATION_OF_CELL_DEVELOPMENT	323	133	8.186979973185252e-10	4.239541666361177e-08
Immune::NAKAYA_PBMC_FLUARIX_FLUVIRIN_AGE_18_50YO_7DY_DN	196	90	8.306755921109499e-10	4.2751764062691776e-08
Immune::GSE2124_CTRL_VS_LYMPHOTOXIN_BETA_TREATED_MLN_UP	69	42	8.851935016856969e-10	4.527980661976409e-08
Immune::GSE14415_FOXP3_KO_NATURAL_TREG_VS_TCONV_UP	99	54	1.1326467978232867e-09	5.739006364789483e-08
GO_BP::GOBP_POSITIVE_REGULATION_OF_CYTOKINE_PRODUCTION	220	98	1.1356240988855097e-09	5.739006364789483e-08
Immune::GSE21360_SECONDARY_VS_QUATERNARY_MEMORY_CD8_TCELL_UP	84	48	1.1758209892753e-09	5.906564238940415e-08
Immune::NAKAYA_PBMC_FLUMIST_AGE_18_50YO_3DY_DN	536	200	1.3005913615215878e-09	6.397017225948437e-08
Immune::GSE18791_CTRL_VS_NEWCASTLE_VIRUS_DC_4H_DN	107	57	1.3016574386496864e-09	6.397017225948437e-08
Immune::GSE41087_WT_VS_FOXP3_MUT_ANTI_CD3_CD28_STIM_CD4_TCELL_UP	107	57	1.3016574386496864e-09	6.397017225948437e-08
Immune::GAUCHER_PBMC_YF_VAX_STAMARIL_UNKNOWN_AGE_3DY_DN	72	43	1.3039574986734804e-09	6.397017225948437e-08
GO_BP::GOBP_RESPONSE_TO_BACTERIUM	244	106	1.3551554771663938e-09	6.573463064783938e-08
Reactome::REACTOME_ACTIVATION_OF_THE_MRNA_UPON_BINDING_OF_THE_CAP_BINDING_COMPLEX_AND_EIFS_AND_SUBSEQUENT_BINDING_TO_43S	58	37	1.3634313663993386e-09	6.573463064783938e-08
Reactome::REACTOME_INTERFERON_ALPHA_BETA_SIGNALING	58	37	1.3634313663993386e-09	6.573463064783938e-08
Immune::GSE37301_HEMATOPOIETIC_STEM_CELL_VS_RAG2_KO_NK_CELL_DN	115	60	1.4103916835501396e-09	6.761014761886927e-08
GO_BP::GOBP_T_CELL_DIFFERENTIATION	175	82	1.4344304689951995e-09	6.837180229773141e-08
Immune::GSE25123_WT_VS_PPARG_KO_MACROPHAGE_IL4_STIM_DN	92	51	1.5409217770229463e-09	7.303272761268642e-08
Immune::GSE17974_0H_VS_24H_IN_VITRO_ACT_CD4_TCELL_UP	118	61	1.6576139224247744e-09	7.812204042259232e-08
GO_BP::GOBP_ALPHA_BETA_T_CELL_DIFFERENTIATION	75	44	1.8548131219308134e-09	8.644459599931996e-08
Immune::GSE9988_ANTI_TREM1_AND_LPS_VS_VEHICLE_TREATED_MONOCYTES_UP	75	44	1.8548131219308134e-09	8.644459599931996e-08
GO_BP::GOBP_REGULATION_OF_T_CELL_ACTIVATION	196	89	2.074713749922546e-09	9.615897043149301e-08
Immune::OSMAN_BLOOD_CHAD63_KH_AGE_18_50YO_HIGH_DOSE_SUBJECTS_24HR_UP	997	337	2.1038635533297412e-09	9.697423818067693e-08
GO_BP::GOBP_REGULATION_OF_RESPONSE_TO_EXTERNAL_STIMULUS	440	169	2.4181236493470723e-09	1.1085048794739121e-07
Immune::GSE22886_NAIVE_BCELL_VS_NEUTROPHIL_UP	146	71	2.5250054215044476e-09	1.1512103522283049e-07
GO_BP::GOBP_MULTICELLULAR_ORGANISMAL_LEVEL_HOMEOSTASIS	325	132	2.72675927075613e-09	1.231248659124911e-07
Immune::GSE27241_CTRL_VS_DIGOXIN_TREATED_CD4_TCELL_IN_TH17_POLARIZING_CONDITIONS_UP	106	56	2.729911200348473e-09	1.231248659124911e-07
Immune::KAZMIN_PBMC_P_FALCIPARUM_RTSS_AS01_AGE_UNKNOWN_CORRELATED_WITH_PROTECTION_56DY_NEGATIVE	31	24	2.868485491674931e-09	1.2868302026556683e-07
Immune::ZAK_PBMC_MRKAD5_HIV_1_GAG_POL_NEF_AGE_20_50YO_AD5_NAB_TITERS_GTE_200_VS_LTE_200_1DY_UP	114	59	2.8987401514930803e-09	1.2934856984508218e-07
Immune::GSE21546_WT_VS_SAP1A_KO_DP_THYMOCYTES_UP	141	69	3.0300049336081117e-09	1.3378269151599184e-07
Immune::GSE42021_TREG_PLN_VS_TREG_PRECURSORS_THYMUS_DN	141	69	3.0300049336081117e-09	1.3378269151599184e-07
GO_BP::GOBP_CD4_POSITIVE_ALPHA_BETA_T_CELL_ACTIVATION	71	42	3.0562559384411464e-09	1.3423524119153287e-07
GO_BP::GOBP_LEUKOCYTE_PROLIFERATION	155	74	3.2794133893190115e-09	1.4328645272394368e-07
Immune::GSE22140_GERMFREE_VS_SPF_MOUSE_CD4_TCELL_UP	120	61	3.8942976516913905e-09	1.6891536298609055e-07
Immune::GSE2706_R848_VS_R848_AND_LPS_2H_STIM_DC_DN	69	41	3.912892830543108e-09	1.6891536298609055e-07
Immune::GSE7218_UNSTIM_VS_ANTIGEN_STIM_THROUGH_IGG_BCELL_DN	99	53	3.926391200654149e-09	1.6891536298609055e-07
GO_BP::GOBP_NEGATIVE_REGULATION_OF_DEVELOPMENTAL_PROCESS	290	120	4.006746874966438e-09	1.7149285476578289e-07
Immune::GSE42021_CD24INT_VS_CD24LOW_TREG_THYMUS_DN	102	54	4.753019907342972e-09	2.02401441638072e-07
Immune::GSE37533_PPARG1_FOXP3_VS_PPARG2_FOXP3_TRANSDUCED_CD4_TCELL_PIOGLITAZONE_TREATED_DN	134	66	4.7859385738792866e-09	2.027739328094613e-07
Immune::NAKAYA_PBMC_FLUARIX_FLUVIRIN_AGE_18_50YO_CORRELATED_WITH_HAI_28DY_RESPONSE_AT_3DY_NEGATIVE	306	125	4.832141888220828e-09	2.0328896812833857e-07
Immune::GSE6269_FLU_VS_STREP_PNEUMO_INF_PBMC_UP	145	70	4.846560212858233e-09	2.0328896812833857e-07
GO_BP::GOBP_RESPONSE_TO_VIRUS	258	109	5.367017932106588e-09	2.2319749922778452e-07
Immune::NAKAYA_PBMC_FLUMIST_AGE_18_50YO_7DY_DN	626	225	5.3744063468843096e-09	2.2319749922778452e-07
Immune::GSE36527_CD69_NEG_VS_POS_TREG_CD62L_LOS_KLRG1_NEG_UP	129	64	5.674494399137019e-09	2.344991798736968e-07
Immune::GSE22886_NAIVE_CD4_TCELL_VS_DC_UP	165	77	5.7369181225603055e-09	2.3591669671646276e-07
Immune::GSE22886_NAIVE_CD8_TCELL_VS_DC_UP	168	78	6.090488234919071e-09	2.492346624523711e-07
Immune::GSE9988_ANTI_TREM1_VS_LOW_LPS_MONOCYTE_DN	100	53	6.270233602921702e-09	2.553446101694668e-07
GO_BP::GOBP_T_CELL_ACTIVATION_INVOLVED_IN_IMMUNE_RESPONSE	58	36	6.752853141270942e-09	2.736699758556615e-07
GO_BP::GOBP_POSITIVE_REGULATION_OF_CELL_ACTIVATION	197	88	6.881553775227085e-09	2.7754497413644237e-07
Immune::GSE42021_CD24HI_VS_CD24INT_TREG_THYMUS_DN	146	70	6.984834362789349e-09	2.8036256205473615e-07
Immune::GSE29618_BCELL_VS_PDC_DAY7_FLU_VACCINE_UP	127	63	7.512320377026098e-09	2.981851302851142e-07
Reactome::REACTOME_SARS_COV_1_HOST_INTERACTIONS	85	47	7.557936734256344e-09	2.981851302851142e-07
Immune::GSE18791_UNSTIM_VS_NEWCATSLE_VIRUS_DC_18H_DN	85	47	7.557936734256344e-09	2.981851302851142e-07
GO_BP::GOBP_ADAPTIVE_IMMUNE_RESPONSE_BASED_ON_SOMATIC_RECOMBINATION_OF_IMMUNE_RECEPTORS_BUILT_FROM_IMMUNOGLOBULIN_SUPERFAMILY_DOMAINS	149	71	7.571037400253823e-09	2.981851302851142e-07
Immune::GSE37533_PPARG2_FOXP3_VS_FOXP3_TRANSDUCED_CD4_TCELL_DN	138	67	7.740695533458389e-09	3.034424992064599e-07
Immune::GSE5542_UNTREATED_VS_IFNG_TREATED_EPITHELIAL_CELLS_24H_UP	111	57	7.81710609436719e-09	3.050125722123086e-07
GO_BP::GOBP_CIRCULATORY_SYSTEM_DEVELOPMENT	339	135	7.985230428941621e-09	3.1013008364995953e-07
GO_BP::GOBP_CELL_ACTIVATION_INVOLVED_IN_IMMUNE_RESPONSE	152	72	8.166125659717471e-09	3.156941389832713e-07
Immune::GSE3565_CTRL_VS_LPS_INJECTED_SPLENOCYTES_DN	130	64	8.386079507447642e-09	3.212366255158825e-07
Immune::GSE369_PRE_VS_POST_IL6_INJECTION_SOCS3_KO_LIVER_UP	130	64	8.386079507447642e-09	3.212366255158825e-07
Immune::GSE12366_GC_VS_MEMORY_BCELL_DN	141	68	8.478113599748861e-09	3.232858863104236e-07
Immune::GSE11057_NAIVE_VS_EFF_MEMORY_CD4_TCELL_UP	106	55	8.856276809075654e-09	3.361778558883967e-07
Immune::GSE42021_TREG_PLN_VS_CD24INT_TREG_THYMUS_DN	144	69	9.233796723328164e-09	3.489293725765764e-07
Immune::GSE2405_S_AUREUS_VS_A_PHAGOCYTOPHILUM_NEUTROPHIL_UP	78	44	9.987547168431153e-09	3.757198798025513e-07
Immune::GSE42021_TREG_VS_TCONV_PLN_UP	136	66	1.0240496006265629e-08	3.835157187346534e-07
Immune::GSE2706_UNSTIM_VS_2H_LPS_DC_DN	96	51	1.0907206736271029e-08	4.066691436025674e-07
GO_BP::GOBP_POSITIVE_REGULATION_OF_CELL_CELL_ADHESION	153	72	1.1571747901954542e-08	4.295371378296312e-07
Immune::GSE29618_BCELL_VS_MONOCYTE_DAY7_FLU_VACCINE_UP	120	60	1.1707041593945898e-08	4.3264481027141913e-07
GO_BP::GOBP_LYMPHOCYTE_ACTIVATION_INVOLVED_IN_IMMUNE_RESPONSE	112	57	1.1946264405583929e-08	4.376297471547755e-07
Immune::GSE45739_UNSTIM_VS_ACD3_ACD28_STIM_WT_CD4_TCELL_UP	112	57	1.1946264405583929e-08	4.376297471547755e-07
Immune::GSE2405_0H_VS_12H_A_PHAGOCYTOPHILUM_STIM_NEUTROPHIL_UP	131	64	1.2302520255815355e-08	4.487210540262392e-07
GO_BP::GOBP_APOPTOTIC_PROCESS	946	318	1.3076369110800824e-08	4.748816470584767e-07
Immune::GSE28726_NAIVE_VS_ACTIVATED_CD4_TCELL_UP	134	65	1.3546550782300884e-08	4.898362694513884e-07
Immune::GSE17974_IL4_AND_ANTI_IL12_VS_UNTREATED_72H_ACT_CD4_TCELL_DN	115	58	1.3667864492713955e-08	4.92101782100332e-07
Immune::GSE46606_UNSTIM_VS_CD40L_IL2_IL5_1DAY_STIMULATED_IRF4HIGH_SORTED_BCELL_DN	118	59	1.5497429432411776e-08	5.55589467985053e-07
Immune::GSE3720_UNSTIM_VS_PMA_STIM_VD2_GAMMADELTA_TCELL_UP	140	67	1.6132127289323465e-08	5.75882620553764e-07
Immune::GSE3565_DUSP1_VS_WT_SPLENOCYTES_UP	79	44	1.6931462344834666e-08	6.018560915712627e-07
Immune::GSE36891_UNSTIM_VS_POLYIC_TLR3_STIM_PERITONEAL_MACROPHAGE_UP	39	27	1.7415500474580525e-08	6.164499303006584e-07
Immune::GSE22601_IMMATURE_CD4_SINGLE_POSITIVE_VS_CD8_SINGLE_POSITIVE_THYMOCYTE_DN	132	64	1.7918609771412365e-08	6.315933503041106e-07
Immune::GSE42021_CD24INT_VS_CD24LOW_TCONV_THYMUS_DN	105	54	1.809040469228755e-08	6.349807739062772e-07
Immune::GSE2405_0H_VS_9H_A_PHAGOCYTOPHILUM_STIM_NEUTROPHIL_DN	180	81	1.8350560333430876e-08	6.41428544321465e-07
Immune::GSE41978_KLRG1_HIGH_VS_LOW_EFFECTOR_CD8_TCELL_DN	146	69	1.8801564875265917e-08	6.544660902016838e-07
Immune::GSE43863_TFH_VS_LY6C_INT_CXCR5POS_MEMORY_CD4_TCELL_UP	92	49	1.8961372342444912e-08	6.573014569453321e-07
Immune::GSE42021_TREG_PLN_VS_CD24INT_TREG_THYMUS_UP	124	61	1.944334570373381e-08	6.712355025046211e-07
Immune::GSE3565_DUSP1_VS_WT_SPLENOCYTES_DN	135	65	1.9602020185281885e-08	6.739399480915152e-07
Immune::FLETCHER_PBMC_BCG_10W_INFANT_BCG_STIMULATED_VS_UNSTIMULATED_10W_UP	55	34	2.0648433265847663e-08	7.070192108865145e-07
Immune::GSE39110_DAY3_VS_DAY6_POST_IMMUNIZATION_CD8_TCELL_UP	127	62	2.1538598546861232e-08	7.345012325594263e-07
Immune::GSE29618_BCELL_VS_MDC_DAY7_FLU_VACCINE_UP	119	59	2.3065909911845023e-08	7.80241605848661e-07
Immune::GSE5679_PPARG_LIGAND_ROSIGLITAZONE_VS_RARA_AGONIST_AM580_TREATED_DC_DN	119	59	2.3065909911845023e-08	7.80241605848661e-07
GO_BP::GOBP_POSITIVE_REGULATION_OF_CELL_ADHESION	207	90	2.3169796203647373e-08	7.806081138650514e-07
GO_BP::GOBP_POSITIVE_REGULATION_OF_PROGRAMMED_CELL_DEATH	255	106	2.485376195100048e-08	8.339928360277721e-07
Immune::HOWARD_NEUTROPHIL_INACT_MONOV_INFLUENZA_A_INDONESIA_05_2005_H5N1_AGE_18_49YO_1DY_UP	234	99	2.5142894861081874e-08	8.403336453769555e-07
GO_BP::GOBP_REGULATION_OF_LEUKOCYTE_DIFFERENTIATION	161	74	2.5480899249749943e-08	8.482510468498107e-07
Immune::GSE29618_BCELL_VS_MDC_UP	122	60	2.5731659515391853e-08	8.532130105716295e-07
Immune::GSE17974_IL4_AND_ANTI_IL12_VS_UNTREATED_12H_ACT_CD4_TCELL_DN	53	33	2.5857223022439236e-08	8.540009603749714e-07
Immune::GSE22886_DAY0_VS_DAY7_MONOCYTE_IN_CULTURE_UP	147	69	2.6584113573818795e-08	8.745652108657485e-07
Immune::GSE14415_INDUCED_TREG_VS_FAILED_INDUCED_TREG_DN	114	57	2.7154766340136766e-08	8.863865168381608e-07
Immune::GSE29949_MICROGLIA_VS_DC_BRAIN_UP	114	57	2.7154766340136766e-08	8.863865168381608e-07
Immune::GSE17974_CTRL_VS_ACT_IL4_AND_ANTI_IL12_72H_CD4_TCELL_UP	136	65	2.8172429644944627e-08	9.160407453156608e-07
Immune::GSE40685_TREG_VS_FOXP3_KO_TREG_PRECURSOR_UP	125	61	2.8496556749046205e-08	9.230023728484502e-07
GO_BP::GOBP_CYTOKINE_MEDIATED_SIGNALING_PATHWAY	199	87	2.9142100230982264e-08	9.402810724527317e-07
GO_BP::GOBP_REGULATION_OF_HEMOPOIESIS	202	88	2.968807574938554e-08	9.54227078396917e-07
Immune::GSE14000_UNSTIM_VS_4H_LPS_DC_TRANSLATED_RNA_DN	93	49	3.009096452740433e-08	9.634851199251716e-07
GO_BP::GOBP_REGULATION_OF_LEUKOCYTE_PROLIFERATION	117	58	3.053028728915056e-08	9.701461366238032e-07
Immune::GSE29618_PDC_VS_MDC_DAY7_FLU_VACCINE_DN	117	58	3.053028728915056e-08	9.701461366238032e-07
Immune::GSE17974_CTRL_VS_ACT_IL4_AND_ANTI_IL12_4H_CD4_TCELL_UP	128	62	3.134466899367075e-08	9.922657667468073e-07
Immune::GSE2935_UV_INACTIVATED_VS_LIVE_SENDAI_VIRUS_INF_MACROPHAGE_DN	109	55	3.16926003821724e-08	9.995083631806176e-07
GO_BP::GOBP_CELLULAR_RESPONSE_TO_OXYGEN_CONTAINING_COMPOUND	483	178	3.285190857418196e-08	1.0321897416809457e-06
Immune::GSE23925_LIGHT_ZONE_VS_NAIVE_BCELL_UP	120	59	3.405235631768191e-08	1.0659149893620654e-06
Immune::OSMAN_BLOOD_CHAD63_KH_AGE_18_50YO_HIGH_DOSE_SUBJECTS_24HR_DN	899	302	3.558453616465398e-08	1.109734847157183e-06
Immune::GSE14000_UNSTIM_VS_16H_LPS_DC_TRANSLATED_RNA_DN	104	53	3.662532992702948e-08	1.1379625657698161e-06
Immune::GSE7548_NAIVE_VS_DAY7_PCC_IMMUNIZATION_CD4_TCELL_DN	134	64	3.7224186825981726e-08	1.1523014881297443e-06
GO_BP::GOBP_REGULATION_OF_DEFENSE_RESPONSE	362	140	3.751539710614516e-08	1.1570465673656314e-06
Immune::GSE5542_UNTREATED_VS_IFNA_TREATED_EPITHELIAL_CELLS_24H_UP	123	60	3.77003033953782e-08	1.1584902753986363e-06
GO_BP::GOBP_CD4_POSITIVE_ALPHA_BETA_T_CELL_DIFFERENTIATION	56	34	3.952807113714127e-08	1.2102225867499203e-06
Immune::GSE21360_PRIMARY_VS_TERTIARY_MEMORY_CD8_TCELL_DN	115	57	4.040913539708681e-08	1.2282327421962363e-06
Immune::GSE3565_CTRL_VS_LPS_INJECTED_DUSP1_KO_SPLENOCYTES_DN	115	57	4.040913539708681e-08	1.2282327421962363e-06
Immune::GSE18791_CTRL_VS_NEWCASTLE_VIRUS_DC_16H_DN	86	46	4.340699922739318e-08	1.3145895903198604e-06
GO_BP::GOBP_REGULATION_OF_VIRAL_GENOME_REPLICATION	61	36	4.489597984920103e-08	1.3547927156652788e-06
Immune::MATSUMIYA_PBMC_MODIFIED_VACCINIA_ANKARA_VACCINE_AGE_18_55YO_2DY_UP	38	26	4.711624802093024e-08	1.4166960740056767e-06
Reactome::REACTOME_SARS_COV_1_INFECTION	121	59	4.9874252261979914e-08	1.487859132665069e-06
Immune::GSE17974_0H_VS_48H_IN_VITRO_ACT_CD4_TCELL_UP	121	59	4.9874252261979914e-08	1.487859132665069e-06
Reactome::REACTOME_IMMUNOREGULATORY_INTERACTIONS_BETWEEN_A_LYMPHOID_AND_A_NON_LYMPHOID_CELL	54	33	5.0015052498694656e-08	1.487859132665069e-06
Immune::SCHERER_PBMC_YF_VAX_AGE_18_40YO_4_TO_7DY_UP	201	87	5.117320511066768e-08	1.5169329246409581e-06
GO_BP::GOBP_REGULATION_OF_LYMPHOCYTE_DIFFERENTIATION	113	56	5.348336331080022e-08	1.5742874905765017e-06
Immune::GSE11057_EFF_MEM_VS_CENT_MEM_CD4_TCELL_DN	113	56	5.348336331080022e-08	1.5742874905765017e-06
GO_BP::GOBP_NEGATIVE_REGULATION_OF_CELL_DIFFERENTIATION	219	93	5.407233021592626e-08	1.5860586649699492e-06
Immune::GSE17974_CTRL_VS_ACT_IL4_AND_ANTI_IL12_12H_CD4_TCELL_UP	124	60	5.481620123129474e-08	1.5967121948935125e-06
Immune::GSE27241_CTRL_VS_DIGOXIN_TREATED_CD4_TCELL_IN_TH17_POLARIZING_CONDITIONS_DN	124	60	5.481620123129474e-08	1.5967121948935125e-06
Immune::GSE34392_ST2_KO_VS_WT_DAY8_LCMV_EFFECTOR_CD8_TCELL_DN	97	50	5.5343967360240454e-08	1.6065070663842809e-06
GO_BP::GOBP_ANATOMICAL_STRUCTURE_FORMATION_INVOLVED_IN_MORPHOGENESIS	339	132	5.843997987483689e-08	1.6905275557586436e-06
Reactome::REACTOME_RRNA_PROCESSING	181	80	5.925651609859733e-08	1.7082574348836186e-06
Immune::GSE21546_UNSTIM_VS_ANTI_CD3_STIM_SAP1A_KO_AND_ELK1_KO_DP_THYMOCYTES_UP	79	43	6.107271249624968e-08	1.7545855655172552e-06
Immune::GSE360_L_MAJOR_VS_B_MALAYI_HIGH_DOSE_MAC_UP	74	41	6.35719054339979e-08	1.8201526098491756e-06
GO_BP::GOBP_RESPONSE_TO_LIPID	346	134	6.749840165634825e-08	1.926000311207842e-06
Immune::GSE22886_CD8_TCELL_VS_BCELL_NAIVE_UP	167	75	6.860354180538154e-08	1.95089868544185e-06
Immune::GSE21546_UNSTIM_VS_ANTI_CD3_STIM_ELK1_KO_DP_THYMOCYTES_UP	87	46	6.917703509133067e-08	1.9539600921925017e-06
Immune::GSE22886_IGM_MEMORY_BCELL_VS_BLOOD_PLASMA_CELL_UP	87	46	6.917703509133067e-08	1.9539600921925017e-06
Immune::GSE4984_LPS_VS_VEHICLE_CTRL_TREATED_DC_DN	111	55	7.078652135121952e-08	1.992711837635505e-06
GO_BP::GOBP_MYELOID_LEUKOCYTE_ACTIVATION	95	49	7.318860025975245e-08	2.0343206166420175e-06
Immune::HOWARD_T_CELL_INACT_MONOV_INFLUENZA_A_INDONESIA_05_2005_H5N1_AGE_18_49YO_1DY_UP	30	22	7.323208353885253e-08	2.0343206166420175e-06
Immune::GSE14699_NAIVE_VS_DELETIONAL_TOLERANCE_CD8_TCELL_DN	103	52	7.347707078823832e-08	2.0343206166420175e-06
Immune::GSE33162_UNTREATED_VS_4H_LPS_STIM_HDAC3_HET_MACROPHAGE_UP	103	52	7.347707078823832e-08	2.0343206166420175e-06
Immune::GSE9988_ANTI_TREM1_VS_LPS_MONOCYTE_DN	103	52	7.347707078823832e-08	2.0343206166420175e-06
Immune::NAKAYA_PBMC_FLUARIX_FLUVIRIN_AGE_18_50YO_3DY_DN	353	136	7.74783347443524e-08	2.138045230823593e-06
GO_BP::GOBP_POSITIVE_REGULATION_OF_LYMPHOCYTE_ACTIVATION	182	80	7.931637964945843e-08	2.18159052091576e-06
GO_BP::GOBP_POSITIVE_REGULATION_OF_LEUKOCYTE_CELL_CELL_ADHESION	145	67	9.051801221102383e-08	2.4781558004338736e-06
GO_BP::GOBP_VASCULATURE_DEVELOPMENT	215	91	9.068945413436634e-08	2.4781558004338736e-06
Immune::GSE2770_TGFB_AND_IL4_VS_IL12_TREATED_ACT_CD4_TCELL_6H_UP	148	68	9.543488960848536e-08	2.5993613276804665e-06
Immune::GSE18791_CTRL_VS_NEWCASTLE_VIRUS_DC_10H_DN	120	58	9.584085211662951e-08	2.601970577367007e-06
Immune::GSE29618_MONOCYTE_VS_PDC_UP	101	51	9.724793755123744e-08	2.631654671346229e-06
Immune::GSE32034_LY6C_HIGH_VS_LOW_ROSIGLIZATONE_TREATED_MONOCYTE_DN	112	55	1.044066804518296e-07	2.7932213617244996e-06
Immune::GSE18281_CORTICAL_VS_MEDULLARY_THYMOCYTE_UP	123	59	1.0455018566950685e-07	2.7932213617244996e-06
Immune::GSE19888_ADENOSINE_A3R_INH_PRETREAT_AND_ACT_BY_A3R_VS_TCELL_MEMBRANES_ACT_MAST_CELL_UP	123	59	1.0455018566950685e-07	2.7932213617244996e-06
Immune::GSE3982_CTRL_VS_LPS_4H_MAC_DN	123	59	1.0455018566950685e-07	2.7932213617244996e-06
Immune::GSE34156_UNTREATED_VS_6H_NOD2_AND_TLR1_TLR2_LIGAND_TREATED_MONOCYTE_DN	104	52	1.1032881164944729e-07	2.938248891832423e-06
GO_BP::GOBP_LOCOMOTION	406	152	1.1317690499366874e-07	3.004560303771794e-06
Immune::GSE19888_ADENOSINE_A3R_INH_PRETREAT_AND_ACT_BY_A3R_VS_A3R_INH_AND_TCELL_MEMBRANES_ACT_MAST_CELL_UP	143	66	1.191476107582524e-07	3.153089295428957e-06
Immune::GSE5455_EX_VIVO_VS_POST_24H_INCUBATION_MONOCYTES_FROM_TUMOR_BEARING_MOUSE_DN	107	53	1.2399434892534793e-07	3.2710333117444775e-06
Immune::GSE5542_UNTREATED_VS_IFNG_TREATED_EPITHELIAL_CELLS_6H_DN	118	57	1.2671740482833535e-07	3.3323896837144367e-06
GO_BP::GOBP_G_PROTEIN_COUPLED_RECEPTOR_SIGNALING_PATHWAY	152	69	1.3771998662902148e-07	3.6042381266122915e-06
Immune::GSE39916_B_CELL_SPLEEN_VS_PLASMA_CELL_BONE_MARROW_DN	110	54	1.3814964311127777e-07	3.6042381266122915e-06
Immune::GSE30971_CTRL_VS_LPS_STIM_MACROPHAGE_WBP7_KO_2H_UP	73	40	1.3834362579200834e-07	3.6042381266122915e-06
Immune::GSE24081_CONTROLLER_VS_PROGRESSOR_HIV_SPECIFIC_CD8_TCELL_DN	102	51	1.4603468947680933e-07	3.792832848362085e-06
Immune::GSE22886_DC_VS_MONOCYTE_DN	138	64	1.4834419341606206e-07	3.8409241931090884e-06
Immune::GSE1460_INTRATHYMIC_T_PROGENITOR_VS_DP_THYMOCYTE_DN	113	55	1.5269603291315048e-07	3.941436984948983e-06
Immune::HOWARD_NEUTROPHIL_INACT_MONOV_INFLUENZA_A_INDONESIA_05_2005_H5N1_AGE_18_49YO_3DY_UP	81	43	1.5887877301480534e-07	4.088447935034362e-06
Immune::GSE22886_NAIVE_CD4_TCELL_VS_MONOCYTE_UP	167	74	1.63965781481261e-07	4.206449360386235e-06
Immune::GSE3565_CTRL_VS_LPS_INJECTED_SPLENOCYTES_UP	97	49	1.7035298270339594e-07	4.356985280179233e-06
Immune::HOFT_PBMC_TICE_BCG_RBCG_AG85A_AG85B_AGE_18_40YO_CORRELATED_WITH_WHOLE_BLOOD_BACTERICIDAL_ACTIVITY_NEGATIVE	19	16	1.7135399438059138e-07	4.369266440300246e-06
Immune::GSE36476_CTRL_VS_TSST_ACT_16H_MEMORY_CD4_TCELL_OLD_UP	130	61	1.7275066721471234e-07	4.386139776474207e-06
Immune::GSE38681_WT_VS_LYL1_KO_LYMPHOID_PRIMED_MULTIPOTENT_PROGENITOR_DN	147	67	1.7306142162509984e-07	4.386139776474207e-06
GO_BP::GOBP_B_CELL_ACTIVATION	150	68	1.8079175460793956e-07	4.5682591247168824e-06
Immune::GSE19888_CTRL_VS_TCELL_MEMBRANES_ACT_MAST_CELL_PRETREAT_A3R_INH_DN	108	53	1.8279579894908395e-07	4.605026899050647e-06
Immune::GSE18791_CTRL_VS_NEWCASTLE_VIRUS_DC_2H_DN	61	35	1.8337262795094606e-07	4.6057274726960675e-06
Immune::GSE360_CTRL_VS_T_GONDII_DC_DN	84	44	1.9000321232047747e-07	4.758020740765628e-06
Immune::GSE29617_CTRL_VS_DAY7_TIV_FLU_VACCINE_PBMC_2008_UP	100	50	1.9329875968577052e-07	4.826140758940264e-06
Immune::GSE5099_CLASSICAL_M1_VS_ALTERNATIVE_M2_MACROPHAGE_UP	156	70	1.9529790752393828e-07	4.848350783958724e-06
Immune::GSE1432_CTRL_VS_IFNG_24H_MICROGLIA_DN	136	63	1.9534420848468815e-07	4.848350783958724e-06
Immune::GSE37533_PPARG1_FOXP3_VS_FOXP3_TRANSDUCED_CD4_TCELL_PIOGLITAZONE_TREATED_UP	139	64	2.063126236221849e-07	5.105476694886457e-06
Immune::GSE16385_ROSIGLITAZONE_IL4_VS_IFNG_TNF_STIM_MACROPHAGE_UP	162	72	2.0836763347971155e-07	5.141164933121472e-06
Immune::GSE30962_PRIMARY_VS_SECONDARY_CHRONIC_LCMV_INF_CD8_TCELL_DN	79	42	2.0957341718530746e-07	5.155751896679016e-06
Immune::GSE17974_CTRL_VS_ACT_IL4_AND_ANTI_IL12_48H_CD4_TCELL_UP	103	51	2.1719696934444614e-07	5.327676537516254e-06
Immune::GSE2770_IL12_AND_TGFB_ACT_VS_ACT_CD4_TCELL_6H_UP	95	48	2.2547402231574527e-07	5.5145818460839275e-06
Immune::GSE15330_MEGAKARYOCYTE_ERYTHROID_VS_GRANULOCYTE_MONOCYTE_PROGENITOR_UP	128	60	2.2780290455086498e-07	5.555344669410483e-06
GO_BP::GOBP_BLOOD_VESSEL_MORPHOGENESIS	174	76	2.2966432074134683e-07	5.584504309272923e-06
Immune::GSE24634_TEFF_VS_TCONV_DAY5_IN_CULTURE_DN	148	67	2.372710221820528e-07	5.752793656315725e-06
Immune::GSE3039_CD4_TCELL_VS_ALPHABETA_CD8_TCELL_UP	82	43	2.5099775537104164e-07	6.068069653624404e-06
Immune::GSE8921_UNSTIM_VS_TLR1_2_STIM_MONOCYTE_24H_UP	98	49	2.5586514134423803e-07	6.167967444646014e-06
Immune::GSE24634_TEFF_VS_TCONV_DAY7_IN_CULTURE_DN	90	46	2.600412967414998e-07	6.2346802495016515e-06
Immune::ZAK_PBMC_MRKAD5_HIV_1_GAG_POL_NEF_AGE_20_50YO_1DY_UP	512	183	2.601189757212514e-07	6.2346802495016515e-06
GO_BP::GOBP_NEGATIVE_REGULATION_OF_VIRAL_GENOME_REPLICATION	38	25	2.77684279099732e-07	6.617879026612647e-06
Immune::GSE45365_CD8A_DC_VS_CD11B_DC_IFNAR_KO_MCMV_INFECTION_DN	38	25	2.77684279099732e-07	6.617879026612647e-06
Immune::NAKAYA_PBMC_FLUAD_MALE_AGE_14_27YO_1D_POSTBOOST_VS_0D_PREIMM_MF59_ADJUVANTED_1DY_GENES_IN_BTM_M40_AND_M53_DN	52	31	2.83441167449851e-07	6.73594321171898e-06
Immune::GSE29618_MONOCYTE_VS_MDC_UP	101	50	2.87466232366685e-07	6.812300065887346e-06
Immune::GSE17974_0H_VS_12H_IN_VITRO_ACT_CD4_TCELL_UP	126	59	3.003585526733648e-07	7.0977687278221325e-06
GO_BP::GOBP_REGULATION_OF_ALPHA_BETA_T_CELL_ACTIVATION	67	37	3.1228085618080884e-07	7.3176650907843725e-06
Immune::GSE18791_CTRL_VS_NEWCASTLE_VIRUS_DC_14H_DN	67	37	3.1228085618080884e-07	7.3176650907843725e-06
Immune::GSE37301_HEMATOPOIETIC_STEM_CELL_VS_CD4_TCELL_UP	67	37	3.1228085618080884e-07	7.3176650907843725e-06
Immune::GSE25123_CTRL_VS_IL4_STIM_MACROPHAGE_DN	115	55	3.186916798104663e-07	7.447087749108639e-06
Immune::GSE3982_CTRL_VS_LPS_48H_DC_DN	104	51	3.200323663717092e-07	7.4576431152563005e-06
GO_BP::GOBP_MYELOID_CELL_DIFFERENTIATION	208	87	3.268991966544657e-07	7.596557785967626e-06
Immune::GSE34205_HEALTHY_VS_FLU_INF_INFANT_PBMC_UP	132	61	3.385505327816712e-07	7.827246666777615e-06
Immune::GSE7348_UNSTIM_VS_LPS_STIM_MACROPHAGE_DN	96	48	3.386923995756675e-07	7.827246666777615e-06
Immune::GSE6269_HEALTHY_VS_STAPH_AUREUS_INF_PBMC_UP	135	62	3.569533474684256e-07	8.226597889869843e-06
Immune::GSE19888_ADENOSINE_A3R_INH_VS_ACT_WITH_INHIBITOR_PRETREATMENT_IN_MAST_CELL_UP	91	46	3.950304487598563e-07	9.075925892380229e-06
Immune::GSE43863_DAY6_EFF_VS_DAY150_MEM_TFH_CD4_TCELL_UP	124	58	3.95969588343207e-07	9.075925892380229e-06
GO_BP::GOBP_HUMORAL_IMMUNE_RESPONSE	55	32	3.98192837142537e-07	9.10201556073227e-06
GO_BP::GOBP_NEGATIVE_REGULATION_OF_GENE_EXPRESSION	558	196	4.007703739571241e-07	9.136039856321506e-06
GO_BP::GOBP_LEUKOCYTE_MEDIATED_IMMUNITY	185	79	4.150778084401464e-07	9.436552127383165e-06
Immune::GSE14769_UNSTIM_VS_20MIN_LPS_BMDM_DN	102	50	4.234581005300271e-07	9.601054068503775e-06
Immune::GSE42724_NAIVE_BCELL_VS_PLASMABLAST_UP	130	60	4.455685906779787e-07	1.0075134520748147e-05
Immune::GSE24634_IL4_VS_CTRL_TREATED_NAIVE_CD4_TCELL_DAY3_DN	133	61	4.6937282114915534e-07	1.058486181887168e-05
Immune::GSE29618_BCELL_VS_MONOCYTE_UP	119	56	4.886916152504043e-07	1.0990975764974911e-05
Immune::GSE40274_CTRL_VS_XBP1_TRANSDUCED_ACTIVATED_CD4_TCELL_UP	89	45	5.229076403393939e-07	1.172907003959138e-05
Immune::FULLER_PBMC_F_TULARENSIS_VACCINE_LVS_AGE_22_54YO_18HR_TO_48HR_EARLY_DN	30	21	5.275543565413932e-07	1.1801742658735328e-05
Immune::GSE22601_IMMATURE_CD4_SINGLE_POSITIVE_VS_CD8_SINGLE_POSITIVE_THYMOCYTE_UP	142	64	5.354600865385035e-07	1.194674113290294e-05
Immune::GSE34006_A2AR_KO_VS_A2AR_AGONIST_TREATED_TREG_UP	145	65	5.554154993443447e-07	1.231123270852983e-05
Immune::GSE13484_3H_UNSTIM_VS_YF17D_VACCINE_STIM_PBMC_DN	111	53	5.561994512495894e-07	1.231123270852983e-05
Immune::GSE13485_DAY7_VS_DAY21_YF17D_VACCINE_PBMC_UP	111	53	5.561994512495894e-07	1.231123270852983e-05
Immune::GSE45739_UNSTIM_VS_ACD3_ACD28_STIM_NRAS_KO_CD4_TCELL_DN	76	40	5.784835181702777e-07	1.277078482613279e-05
Immune::GSE26488_CTRL_VS_PEPTIDE_INJECTION_OT2_THYMOCYTE_DN	128	59	5.863054752456279e-07	1.2776027094340351e-05
GO_BP::GOBP_T_CELL_DIFFERENTIATION_INVOLVED_IN_IMMUNE_RESPONSE	46	28	5.86335729088215e-07	1.2776027094340351e-05
Reactome::REACTOME_SARS_COV_2_MODULATES_HOST_TRANSLATION_MACHINERY	46	28	5.86335729088215e-07	1.2776027094340351e-05
Immune::SCHERER_PBMC_APSV_WETVAX_AGE_18_40YO_JOINT_TO_VACCINIA_AND_YELLOW_FEVER_UP	46	28	5.86335729088215e-07	1.2776027094340351e-05
Immune::SCHERER_PBMC_YF_VAX_AGE_18_40YO_JOINT_TO_VACCINIA_AND_YELLOW_FEVER_UP	46	28	5.86335729088215e-07	1.2776027094340351e-05
GO_BP::GOBP_RESPONSE_TO_ENDOGENOUS_STIMULUS	638	219	5.928223224569057e-07	1.2866018367000829e-05
Immune::GSE16266_CTRL_VS_LPS_STIM_MEF_UP	92	46	5.935330919095626e-07	1.2866018367000829e-05
Immune::GSE13547_2H_VS_12_H_ANTI_IGM_STIM_ZFX_KO_BCELL_UP	114	54	6.006206055023298e-07	1.2952715320203201e-05
Immune::GSE42021_CD24HI_TREG_VS_CD24HI_TCONV_THYMUS_DN	114	54	6.006206055023298e-07	1.2952715320203201e-05
GO_BP::GOBP_REGULATION_OF_IMMUNE_RESPONSE	445	161	6.051875687018595e-07	1.3017739779076665e-05
Immune::GSE21927_SPLEEN_C57BL6_VS_4T1_TUMOR_BALBC_MONOCYTES_DN	169	73	6.704356957327602e-07	1.4384360745529733e-05
Immune::SOBOLEV_PBMC_PANDEMRIX_AGE_18_64YO_7DY_DN	24	18	6.820237732619188e-07	1.4595656719117951e-05
Immune::GSE37301_PRO_BCELL_VS_RAG2_KO_NK_CELL_DN	87	44	6.922178313879992e-07	1.4739744098910329e-05
Immune::SCHERER_PBMC_YF_VAX_AGE_18_40YO_4_TO_7DY_DN	178	76	6.92270732503358e-07	1.4739744098910329e-05
Reactome::REACTOME_INTERFERON_GAMMA_SIGNALING	61	34	7.018056989968701e-07	1.4904931668062643e-05
GO_BP::GOBP_LEUKOCYTE_MIGRATION	143	64	7.27409405581036e-07	1.540969066520028e-05
Immune::GSE40274_FOXP3_VS_FOXP3_AND_PBX1_TRANSDUCED_ACTIVATED_CD4_TCELL_UP	109	52	7.347240321850756e-07	1.552544056927103e-05
GO_BP::GOBP_TUBE_MORPHOGENESIS	245	98	7.411877346291896e-07	1.5622673130161488e-05
GO_BP::GOBP_REGULATION_OF_LOCOMOTION	349	131	7.485088302352302e-07	1.573744505474523e-05
Immune::GSE22886_NAIVE_CD4_TCELL_VS_48H_ACT_TH2_UP	126	58	7.713482032493015e-07	1.6177100192645973e-05
Reactome::REACTOME_INFECTIOUS_DISEASE	640	219	7.736988480696135e-07	1.6185934255501214e-05
Immune::GSE360_T_GONDII_VS_B_MALAYI_LOW_DOSE_DC_UP	90	45	7.857739839372884e-07	1.6397656595149035e-05
Immune::GSE22601_DOUBLE_POSITIVE_VS_CD8_SINGLE_POSITIVE_THYMOCYTE_UP	152	67	7.941642430483525e-07	1.6531622419187667e-05
Immune::GSE1460_NAIVE_CD4_TCELL_ADULT_BLOOD_VS_THYMIC_STROMAL_CELL_UP	129	59	8.110557338933034e-07	1.6841223542693024e-05
Immune::GSE22886_NAIVE_CD4_TCELL_VS_48H_ACT_TH1_UP	155	68	8.130522749780277e-07	1.6841223542693024e-05
Immune::GSE41978_ID2_KO_VS_ID2_KO_AND_BIM_KO_KLRG1_LOW_EFFECTOR_CD8_TCELL_DN	158	69	8.302141237872996e-07	1.7154350454314425e-05
Immune::GSE25677_MPL_VS_R848_STIM_BCELL_DN	132	60	8.491620624304295e-07	1.748113455259846e-05
Immune::GSE42021_TCONV_PLN_VS_TREG_PRECURSORS_THYMUS_DN	115	54	8.501970315246362e-07	1.748113455259846e-05
GO_BP::GOBP_VIRAL_GENOME_REPLICATION	93	46	8.823485452658984e-07	1.8097853169280246e-05
Immune::GSE24634_NAIVE_CD4_TCELL_VS_DAY5_IL4_CONV_TREG_UP	135	61	8.85503962329879e-07	1.8118274975574034e-05
Immune::GSE36476_CTRL_VS_TSST_ACT_72H_MEMORY_CD4_TCELL_OLD_UP	104	50	8.939808390641182e-07	1.8202925385701182e-05
Immune::GSE45365_NK_CELL_VS_CD11B_DC_DN	104	50	8.939808390641182e-07	1.8202925385701182e-05
Immune::ERWIN_COHEN_PBMC_TC_83_AGE_18_45YO_RESPONDERS_PREVIOUSLY_IMMUNIZED_24HR_DEG_CANONICAL_PATHWAY_MEMBERS_UP	13	12	9.051101463061975e-07	1.8384912874970198e-05
Immune::HARALAMBIEVA_PBMC_M_M_R_II_AGE_11_22YO_VACCINATED_VS_UNVACCINATED_7YR_DN	194	81	9.07727921372897e-07	1.8393549595162398e-05
GO_BP::GOBP_B_CELL_PROLIFERATION	42	26	9.353580024364126e-07	1.890775489744353e-05
Immune::GSE21670_TGFB_VS_IL6_TREATED_STAT3_KO_CD4_TCELL_DN	107	51	9.70500245065224e-07	1.9524044498446436e-05
Immune::GSE7852_TREG_VS_TCONV_THYMUS_UP	107	51	9.70500245065224e-07	1.9524044498446436e-05
Immune::GSE22886_NAIVE_BCELL_VS_DC_UP	96	47	9.810830869648617e-07	1.9689727312316328e-05
Immune::GSE360_T_GONDII_VS_B_MALAYI_HIGH_DOSE_DC_UP	88	44	1.0403459131985227e-06	2.0829264596234862e-05
Immune::GSE43863_TFH_VS_LY6C_INT_CXCR5POS_EFFECTOR_CD4_TCELL_DN	80	41	1.0552862579943348e-06	2.1028019995996377e-05
Immune::GSE46606_IRF4MID_VS_WT_CD40L_IL2_IL5_DAY1_STIMULATED_BCELL_DN	80	41	1.0552862579943348e-06	2.1028019995996377e-05
Immune::GSE40666_WT_VS_STAT1_KO_CD8_TCELL_UP	113	53	1.1212208518735676e-06	2.228891404352455e-05
Immune::GSE22886_NAIVE_CD8_TCELL_VS_MEMORY_TCELL_DN	168	72	1.144116775049431e-06	2.2690296987918858e-05
Immune::GSE15330_HSC_VS_LYMPHOID_PRIMED_MULTIPOTENT_PROGENITOR_UP	116	54	1.1944163255474888e-06	2.3576373070630313e-05
Immune::GSE360_L_DONOVANI_VS_M_TUBERCULOSIS_DC_DN	116	54	1.1944163255474888e-06	2.3576373070630313e-05
Immune::GSE37301_MULTIPOTENT_PROGENITOR_VS_LYMPHOID_PRIMED_MPP_DN	83	42	1.2132921430693587e-06	2.3892741286875237e-05
Immune::GSE7509_DC_VS_MONOCYTE_WITH_FCGRIIB_STIM_DN	119	55	1.2655696263978481e-06	2.4863849170612525e-05
GO_BP::GOBP_REGULATION_OF_VIRAL_PROCESS	105	50	1.2818766369961877e-06	2.5125381092899578e-05
Immune::GSE14415_INDUCED_TREG_VS_FOXP3_KO_INDUCED_TREG_IL2_CULTURE_UP	94	46	1.298265471497178e-06	2.5387293800442484e-05
Immune::GSE42088_UNINF_VS_LEISHMANIA_INF_DC_24H_UP	148	65	1.3526743081705384e-06	2.638973202614569e-05
Immune::GSE21678_WT_VS_FOXO1_FOXO3_KO_TREG_UP	108	51	1.3810484371045908e-06	2.688077804842323e-05
Immune::GSE22886_IGG_IGA_MEMORY_BCELL_VS_BLOOD_PLASMA_CELL_UP	97	47	1.429920649656073e-06	2.776760261565925e-05
Immune::ERWIN_COHEN_PBMC_TC_83_AGE_18_45YO_NAIVE_NOT_PREVIOUSLY_IMMUNIZED_24HR_DEG_CANONICAL_PATHWAY_MEMBERS_UP	15	13	1.434303969995799e-06	2.778839723855602e-05
Immune::GSE45739_UNSTIM_VS_ACD3_ACD28_STIM_WT_CD4_TCELL_DN	128	58	1.4630860929154412e-06	2.8280712519510685e-05
Immune::GSE5542_UNTREATED_VS_IFNA_TREATED_EPITHELIAL_CELLS_6H_UP	111	52	1.4784814030214817e-06	2.8512598827464853e-05
Immune::GSE11057_PBMC_VS_MEM_CD4_TCELL_DN	169	72	1.495715101964898e-06	2.8778793555925525e-05
Immune::GSE2405_0H_VS_24H_A_PHAGOCYTOPHILUM_STIM_NEUTROPHIL_UP	184	77	1.51484384217058e-06	2.9080148723041182e-05
Immune::HARALAMBIEVA_PBMC_FLUARIX_AGE_50_74YO_CORR_WITH_28D_MEM_B_CELL_RESPONSE_AT_28DY_POSITIVE	534	186	1.5418811625274619e-06	2.95316006220157e-05
Immune::GSE360_DC_VS_MAC_M_TUBERCULOSIS_UP	100	48	1.5618769910462356e-06	2.977860472247016e-05
Immune::GSE39820_CTRL_VS_IL1B_IL6_CD4_TCELL_DN	100	48	1.5618769910462356e-06	2.977860472247016e-05
Immune::GSE10239_NAIVE_VS_KLRG1HIGH_EFF_CD8_TCELL_UP	134	60	1.5785934532113937e-06	3.002907138093057e-05
GO_BP::GOBP_NEGATIVE_REGULATION_OF_CELL_ACTIVATION	81	41	1.606494850647829e-06	3.0490690728698276e-05
Immune::GSE14415_INDUCED_TREG_VS_FOXP3_KO_INDUCED_TREG_UP	103	49	1.693080134965655e-06	3.1989300117628105e-05
Immune::GSE32986_CURDLAN_LOWDOSE_VS_CURDLAN_HIGHDOSE_STIM_DC_DN	103	49	1.693080134965655e-06	3.1989300117628105e-05
Immune::GSE21360_TERTIARY_VS_QUATERNARY_MEMORY_CD8_TCELL_DN	92	45	1.7180667138780654e-06	3.238845317465863e-05
Immune::GSE25123_WT_VS_PPARG_KO_MACROPHAGE_IL4_AND_ROSIGLITAZONE_STIM_DN	120	55	1.7543634179052523e-06	3.299855316772906e-05
GO_BP::GOBP_POSITIVE_REGULATION_OF_CELL_DIFFERENTIATION	293	112	1.7604201370177936e-06	3.303839939472544e-05
Immune::GSE24574_NAIVE_VS_TCONV_CD4_TCELL_UP	106	50	1.8225456466976965e-06	3.405197200478168e-05
Immune::GSE37301_MULTIPOTENT_PROGENITOR_VS_CD4_TCELL_UP	106	50	1.8225456466976965e-06	3.405197200478168e-05
Immune::GSE17974_0H_VS_6H_IN_VITRO_ACT_CD4_TCELL_UP	123	56	1.839175593880372e-06	3.4286320126805425e-05
GO_BP::GOBP_POSITIVE_REGULATION_OF_TRANSCRIPTION_BY_RNA_POLYMERASE_II	569	196	1.8788112970160554e-06	3.4947556475981576e-05
Immune::GSE18791_CTRL_VS_NEWCASTLE_VIRUS_DC_12H_DN	95	46	1.891276967294404e-06	3.510159840405477e-05
Immune::GSE21063_CTRL_VS_ANTI_IGM_STIM_BCELL_8H_UP	63	34	1.9119014232237082e-06	3.540605085965494e-05
Immune::GSE45739_UNSTIM_VS_ACD3_ACD28_STIM_NRAS_KO_CD4_TCELL_UP	167	71	1.9371984488397977e-06	3.5795501734178556e-05
GO_BP::GOBP_NEGATIVE_REGULATION_OF_VIRAL_PROCESS	58	32	2.016123800970991e-06	3.7172005640320096e-05
Immune::GSE13484_12H_VS_3H_YF17D_VACCINE_STIM_PBMC_DN	132	59	2.0669063977109896e-06	3.7952966455470196e-05
Immune::LI_PBMC_MENOMUNE_A_C_Y_W_135_AGE_18_45YO_CORRELATED_WITH_ANTIBODY_RESPONSE_3DY_POSITIVE	21	16	2.067529582804849e-06	3.7952966455470196e-05
Immune::GSE12366_GC_VS_NAIVE_BCELL_DN	135	60	2.1330650459166054e-06	3.8985365294541185e-05
Immune::GSE1460_DP_THYMOCYTE_VS_NAIVE_CD4_TCELL_ADULT_BLOOD_DN	135	60	2.1330650459166054e-06	3.8985365294541185e-05
Immune::GSE17974_1H_VS_72H_UNTREATED_IN_VITRO_CD4_TCELL_UP	141	62	2.249797194463713e-06	4.102945361816541e-05
Immune::GSE19941_LPS_VS_LPS_AND_IL10_STIM_IL10_KO_NFKBP50_KO_MACROPHAGE_DN	90	44	2.2737314110049908e-06	4.137599307358106e-05
GO_BP::GOBP_LYMPHOCYTE_MEDIATED_IMMUNITY	144	63	2.300221368558363e-06	4.176743952561928e-05
Immune::GSE9960_HEALTHY_VS_GRAM_POS_SEPSIS_PBMC_DN	104	49	2.4050049622233857e-06	4.3559493742241266e-05
Immune::GSE15330_LYMPHOID_MULTIPOTENT_VS_MEGAKARYOCYTE_ERYTHROID_PROGENITOR_IKAROS_KO_UP	82	41	2.4156177008538482e-06	4.3559493742241266e-05
Immune::GSE25123_CTRL_VS_ROSIGLITAZONE_STIM_PPARG_KO_MACROPHAGE_UP	82	41	2.4156177008538482e-06	4.3559493742241266e-05
GO_BP::GOBP_REGULATION_OF_INFLAMMATORY_RESPONSE	153	66	2.4196834049212574e-06	4.3559493742241266e-05
GO_BP::GOBP_HOMEOSTASIS_OF_NUMBER_OF_CELLS	177	74	2.522323133866907e-06	4.530999736618733e-05
Immune::GSE14769_UNSTIM_VS_120MIN_LPS_BMDM_DN	107	50	2.569953893743721e-06	4.606697268080358e-05
GO_BP::GOBP_RESPONSE_TO_MOLECULE_OF_BACTERIAL_ORIGIN	130	58	2.705393002421951e-06	4.807442473021346e-05
Immune::GSE17974_CTRL_VS_ACT_IL4_AND_ANTI_IL12_24H_CD4_TCELL_UP	130	58	2.705393002421951e-06	4.807442473021346e-05
Immune::GSE40666_WT_VS_STAT4_KO_CD8_TCELL_WITH_IFNA_STIM_90MIN_UP	130	58	2.705393002421951e-06	4.807442473021346e-05
Immune::GSE30971_WBP7_HET_VS_KO_MACROPHAGE_DN	85	42	2.7105975560127503e-06	4.807442473021346e-05
Immune::GSE360_L_DONOVANI_VS_B_MALAYI_HIGH_DOSE_DC_UP	85	42	2.7105975560127503e-06	4.807442473021346e-05
Immune::GSE13946_CTRL_VS_DSS_COLITIS_GD_TCELL_FROM_COLON_DN	96	46	2.728655337197585e-06	4.8292594142933634e-05
Immune::GSE12003_MIR223_KO_VS_WT_BM_PROGENITOR_4D_CULTURE_UP	133	59	2.788929896029696e-06	4.9151959869313276e-05
Immune::GSE22886_NAIVE_BCELL_VS_BM_PLASMA_CELL_UP	133	59	2.788929896029696e-06	4.9151959869313276e-05
Reactome::REACTOME_ANTI_INFLAMMATORY_RESPONSE_FAVOURING_LEISHMANIA_PARASITE_INFECTION	39	24	2.8717260016334766e-06	5.050505121111789e-05
Immune::GSE21670_STAT3_KO_VS_WT_CD4_TCELL_TGFB_IL6_TREATED_DN	113	52	2.8838479508806664e-06	5.061213485342659e-05
Immune::GSE23502_BM_VS_COLON_TUMOR_MYELOID_DERIVED_SUPPRESSOR_CELL_UP	99	47	2.953170661398973e-06	5.1720560915398716e-05
Immune::GSE37301_HEMATOPOIETIC_STEM_CELL_VS_GRAN_MONO_PROGENITOR_DN	88	43	3.0092965177313724e-06	5.2593726015101e-05
Immune::GSE17721_LPS_VS_CPG_1H_BMDC_DN	102	48	3.173382805163169e-06	5.51764379017467e-05
Immune::GSE7219_UNSTIM_VS_LPS_AND_ANTI_CD40_STIM_DC_UP	102	48	3.173382805163169e-06	5.51764379017467e-05
GO_BP::GOBP_POSITIVE_REGULATION_OF_IMMUNE_RESPONSE	354	130	3.1768052815047865e-06	5.51764379017467e-05
GO_BP::GOBP_NEGATIVE_REGULATION_OF_CYTOKINE_PRODUCTION	125	56	3.425615881340071e-06	5.9374982703640194e-05
Immune::GSE22886_DAY1_VS_DAY7_MONOCYTE_IN_CULTURE_UP	128	57	3.5399336859159576e-06	6.122990451783293e-05
Immune::GSE11057_EFF_MEM_VS_CENT_MEM_CD4_TCELL_UP	75	38	3.731586749355962e-06	6.441210131758676e-05
Immune::GSE37416_0H_VS_24H_F_TULARENSIS_LVS_NEUTROPHIL_UP	134	59	3.741061231046763e-06	6.444304449127575e-05
Immune::GSE27859_MACROPHAGE_VS_CD11C_INT_F480_HI_MACROPHAGE_UP	111	51	3.7935715699713817e-06	6.521367192723344e-05
GO_BP::GOBP_DEFENSE_RESPONSE_TO_SYMBIONT	200	81	3.843696046385511e-06	6.594021704116166e-05
Immune::GSE8835_CD4_VS_CD8_TCELL_CLL_PATIENT_UP	97	46	3.900063094587963e-06	6.677067204183352e-05
Immune::GSE43863_NAIVE_VS_MEMORY_TFH_CD4_TCELL_D150_LCMV_UP	114	52	3.982811165859885e-06	6.804847835111726e-05
Immune::GSE23568_ID3_TRANSDUCED_VS_ID3_KO_CD8_TCELL_UP	146	63	4.031399036152643e-06	6.873863112659457e-05
Immune::GSE20366_EX_VIVO_VS_DEC205_CONVERSION_DN	117	53	4.1617306617347745e-06	7.053082529554145e-05
Immune::GSE27896_HDAC6_KO_VS_WT_TREG_UP	117	53	4.1617306617347745e-06	7.053082529554145e-05
Immune::GSE30083_SP1_VS_SP4_THYMOCYTE_DN	117	53	4.1617306617347745e-06	7.053082529554145e-05
Immune::GSE29164_UNTREATED_VS_CD8_TCELL_TREATED_MELANOMA_DAY3_DN	106	49	4.733262131093243e-06	8.00551129389944e-05
GO_BP::GOBP_POSITIVE_REGULATION_OF_LOCOMOTION	204	82	4.749990120612694e-06	8.017639259923518e-05
Immune::GSE31082_DN_VS_CD8_SP_THYMOCYTE_DN	129	57	4.762427786453104e-06	8.022491305332348e-05
GO_BP::GOBP_CELLULAR_RESPONSE_TO_NITROGEN_COMPOUND	276	105	4.77538132711731e-06	8.02819117298339e-05
GO_BP::GOBP_RESPONSE_TO_INTERFERON_ALPHA	14	12	4.8268902659718255e-06	8.09855648824753e-05
Immune::GSE25087_TREG_VS_TCONV_ADULT_UP	109	50	4.98936749116978e-06	8.321244330170175e-05
Immune::GSE25146_UNSTIM_VS_HELIOBACTER_PYLORI_LPS_STIM_AGS_CELL_DN	135	59	4.989374058976753e-06	8.321244330170175e-05
Immune::GSE30962_ACUTE_VS_CHRONIC_LCMV_PRIMARY_INF_CD8_TCELL_UP	135	59	4.989374058976753e-06	8.321244330170175e-05
Immune::GSE40274_XBP1_VS_FOXP3_AND_XBP1_TRANSDUCED_ACTIVATED_CD4_TCELL_UP	138	60	5.084210754273506e-06	8.462588098730248e-05
Immune::GSE25123_IL4_VS_IL4_AND_ROSIGLITAZONE_STIM_PPARG_KO_MACROPHAGE_DAY10_DN	95	45	5.1504135486720455e-06	8.555805794021741e-05
Immune::GSE24634_NAIVE_CD4_TCELL_VS_DAY3_IL4_CONV_TREG_UP	144	62	5.237262897211901e-06	8.682885068124631e-05
Immune::GSE26495_NAIVE_VS_PD1HIGH_CD8_TCELL_UP	84	41	5.2724717462845655e-06	8.70684359834276e-05
Immune::GSE3982_EFF_MEMORY_VS_CENT_MEMORY_CD4_TCELL_UP	84	41	5.2724717462845655e-06	8.70684359834276e-05
Immune::GSE13522_WT_VS_IFNAR_KO_SKIN_DN	98	46	5.5238986840126806e-06	9.104122998071194e-05
GO_BP::GOBP_POSITIVE_REGULATION_OF_LEUKOCYTE_PROLIFERATION	76	38	5.614401486090961e-06	9.235140013101386e-05
Immune::GSE26495_PD1HIGH_VS_PD1LOW_CD8_TCELL_UP	68	35	5.681006883437178e-06	9.326412278895203e-05
Immune::LI_PBMC_MENACTRA_AGE_18_45YO_CORRELATED_WITH_ANTI_POLYSACCHARIDE_ANTIBODY_3DY_POSITIVE	22	16	5.749474722450298e-06	9.420379579421006e-05
Immune::GSE10325_CD4_TCELL_VS_LUPUS_CD4_TCELL_DN	121	54	5.872637550177041e-06	9.549067695782401e-05
Immune::GSE17974_CTRL_VS_ACT_IL4_AND_ANTI_IL12_6H_CD4_TCELL_UP	121	54	5.872637550177041e-06	9.549067695782401e-05
Immune::GSE4748_LPS_VS_LPS_AND_CYANOBACTERIUM_LPSLIKE_STIM_DC_3H_UP	121	54	5.872637550177041e-06	9.549067695782401e-05
Immune::GSE13522_CTRL_VS_T_CRUZI_Y_STRAIN_INF_SKIN_IFNAR_KO_UP	101	47	5.884930264297892e-06	9.549067695782401e-05
Immune::GSE35825_IFNA_VS_IFNG_STIM_MACROPHAGE_UP	101	47	5.884930264297892e-06	9.549067695782401e-05
GO_BP::GOBP_POSITIVE_REGULATION_OF_RNA_METABOLIC_PROCESS	927	297	5.942908584050322e-06	9.624528979073003e-05
Immune::GSE29618_PDC_VS_MDC_DN	124	55	6.054435193395173e-06	9.786253725894433e-05
GO_BP::GOBP_ANTIMICROBIAL_HUMORAL_RESPONSE	20	15	6.139265388187505e-06	9.885277800672741e-05
Reactome::REACTOME_KINESINS	20	15	6.139265388187505e-06	9.885277800672741e-05
GO_BP::GOBP_TYPE_2_IMMUNE_RESPONSE	18	14	6.214665980223804e-06	9.987515882777297e-05
Immune::GSE20715_0H_VS_48H_OZONE_TLR4_KO_LUNG_UP	90	43	6.301063490972792e-06	0.00010087714050719609
Immune::GSE21379_WT_VS_SAP_KO_TFH_CD4_TCELL_DN	90	43	6.301063490972792e-06	0.00010087714050719609
Immune::GSE32986_GMCSF_VS_GMCSF_AND_CURDLAN_LOWDOSE_STIM_DC_DN	130	57	6.3686056315185325e-06	0.00010157078449203227
Immune::GSE34006_WT_VS_A2AR_KO_TREG_DN	130	57	6.3686056315185325e-06	0.00010157078449203227
Immune::GSE9960_GRAM_NEG_VS_GRAM_NEG_AND_POS_SEPSIS_PBMC_UP	63	33	6.4105126589743274e-06	0.00010204514363593099
GO_BP::GOBP_VIRAL_LIFE_CYCLE	187	76	6.543175746403379e-06	0.00010395966162230673
Immune::GSE3982_CENT_MEMORY_CD4_TCELL_VS_NKCELL_UP	107	49	6.560884607474736e-06	0.00010404397159188196
Immune::GSE10239_NAIVE_VS_KLRG1INT_EFF_CD8_TCELL_UP	136	59	6.616728150949042e-06	0.00010473157067605947
Immune::GSE10239_NAIVE_VS_DAY4.5_EFF_CD8_TCELL_UP	139	60	6.716427768562925e-06	0.00010610943983140185
Immune::GSE25123_WT_VS_PPARG_KO_MACROPHAGE_UP	93	44	6.801454314312885e-06	0.00010725075233603531
Immune::GSE360_LOW_DOSE_B_MALAYI_VS_M_TUBERCULOSIS_DC_DN	110	50	6.872272489424033e-06	0.00010816415368438689
Immune::GSE2770_TGFB_AND_IL4_ACT_VS_ACT_CD4_TCELL_2H_DN	148	63	6.922344536948444e-06	0.00010874821782857771
Immune::GSE17186_MEMORY_VS_CD21HIGH_TRANSITIONAL_BCELL_DN	151	64	6.961528675599098e-06	0.00010903932671079562
Immune::GSE17721_CTRL_VS_CPG_2H_BMDC_DN	82	40	6.979868690391853e-06	0.00010903932671079562
Immune::GSE24142_DN2_VS_DN3_THYMOCYTE_UP	82	40	6.979868690391853e-06	0.00010903932671079562
Immune::GSE43863_DAY6_EFF_VS_DAY150_MEM_LY6C_INT_CXCR5POS_CD4_TCELL_UP	113	51	7.164109502911053e-06	0.00011129576781466821
Immune::GSE5142_CTRL_VS_HTERT_TRANSDUCED_CD8_TCELL_EARLY_PASSAGE_CLONE_UP	113	51	7.164109502911053e-06	0.00011129576781466821
Immune::GSE7460_TCONV_VS_TREG_THYMUS_DN	113	51	7.164109502911053e-06	0.00011129576781466821
Immune::GSE15330_HSC_VS_MEGAKARYOCYTE_ERYTHROID_PROGENITOR_DN	96	45	7.287259029384803e-06	0.00011258345487570739
Immune::GSE16451_CTRL_VS_WEST_EQUINE_ENC_VIRUS_MATURE_NEURON_CELL_LINE_DN	96	45	7.287259029384803e-06	0.00011258345487570739
Immune::GSE36527_CD62L_HIGH_CD69_NEG_VS_CD62L_LOW_CD69_POS_TREG_KLRG1_NEG_DN	96	45	7.287259029384803e-06	0.00011258345487570739
GO_BP::GOBP_RESPONSE_TO_TUMOR_NECROSIS_FACTOR	116	52	7.435398443000972e-06	0.00011450682172944915
Immune::GSE13547_CTRL_VS_ANTI_IGM_STIM_ZFX_KO_BCELL_12H_DN	74	37	7.439053265293812e-06	0.00011450682172944915
Immune::GSE24574_BCL6_HIGH_TFH_VS_TCONV_CD4_TCELL_UP	66	34	7.524041117007012e-06	0.00011560289547723778
GO_BP::GOBP_POST_EMBRYONIC_DEVELOPMENT	43	25	7.6220946134809005e-06	0.00011683089863518068
Immune::GSE14699_NAIVE_VS_DELETIONAL_TOLERANCE_CD8_TCELL_UP	85	41	7.65967269631057e-06	0.00011683089863518068
Immune::GSE21360_PRIMARY_VS_QUATERNARY_MEMORY_CD8_TCELL_UP	85	41	7.65967269631057e-06	0.00011683089863518068
Immune::GSE2706_2H_VS_8H_R848_STIM_DC_DN	85	41	7.65967269631057e-06	0.00011683089863518068
GO_BP::GOBP_VIRAL_PROCESS	269	102	7.71416149603272e-06	0.00011744845878442557
Immune::GSE7348_UNSTIM_VS_TOLERIZED_AND_LPS_STIM_MACROPHAGE_DN	99	46	7.755096590432123e-06	0.00011785779945133165
Immune::GSE40666_STAT1_KO_VS_STAT4_KO_CD8_TCELL_WITH_IFNA_STIM_90MIN_DN	48	27	7.796926680548487e-06	0.00011827923675067134
Immune::GSE40068_CXCR5POS_BCL6POS_TFH_VS_CXCR5NEG_BCL6NEG_CD4_TCELL_UP	122	54	7.913676962264991e-06	0.00011983363905494766
GO_BP::GOBP_NEGATIVE_REGULATION_OF_IMMUNE_SYSTEM_PROCESS	225	88	7.962643318583425e-06	0.00012035786450377723
Reactome::REACTOME_SARS_COV_INFECTIONS	298	111	8.023691760880141e-06	0.00012106250032738042
Immune::GSE5589_LPS_AND_IL10_VS_LPS_AND_IL6_STIM_IL6_KO_MACROPHAGE_45MIN_UP	125	55	8.119936081438466e-06	0.00012229469261613519
Immune::GSE16385_ROSIGLITAZONE_IFNG_TNF_VS_IL4_STIM_MACROPHAGE_UP	102	47	8.202070820285744e-06	0.00012308975332983384
Immune::GSE39556_UNTREATED_VS_3H_POLYIC_INJ_MOUSE_NK_CELL_DN	102	47	8.202070820285744e-06	0.00012308975332983384
Immune::GSE18281_SUBCAPSULAR_VS_CENTRAL_CORTICAL_REGION_OF_THYMUS_DN	128	56	8.304139090066911e-06	0.00012439896933316306
Reactome::REACTOME_METABOLISM_OF_AMINO_ACIDS_AND_DERIVATIVES	216	85	8.583541698758211e-06	0.00012835531427964818
Immune::GSE29949_MICROGLIA_BRAIN_VS_MONOCYTE_BONE_MARROW_UP	69	35	8.67846707678638e-06	0.00012954387955010845
Immune::GSE24026_PD1_LIGATION_VS_CTRL_IN_ACT_TCELL_LINE_UP	137	59	8.726435218276757e-06	0.00013002853471780413
Immune::GSE19825_NAIVE_VS_IL2RAHIGH_DAY3_EFF_CD8_TCELL_UP	36	22	8.812610208477458e-06	0.00013107976425339964
Immune::GSE30962_PRIMARY_VS_SECONDARY_ACUTE_LCMV_INF_CD8_TCELL_DN	91	43	8.981576788254798e-06	0.0001331209322909355
Immune::GSE40274_CTRL_VS_IRF4_TRANSDUCED_ACTIVATED_CD4_TCELL_DN	91	43	8.981576788254798e-06	0.0001331209322909355
Immune::GSE42724_MEMORY_VS_B1_BCELL_DN	108	49	9.024182889081296e-06	0.0001332814617191954
Immune::GSE7219_WT_VS_NIK_NFKB2_KO_DC_DN	108	49	9.024182889081296e-06	0.0001332814617191954
GO_BP::GOBP_REGULATION_OF_INTRACELLULAR_SIGNAL_TRANSDUCTION	767	250	9.150437169453148e-06	0.00013490864220481978
Immune::GSE29618_MONOCYTE_VS_PDC_DAY7_FLU_VACCINE_UP	94	44	9.612915541998455e-06	0.00014123073289286348
Immune::GSE8515_CTRL_VS_IL1_4H_STIM_MAC_DN	94	44	9.612915541998455e-06	0.00014123073289286348
GO_BP::GOBP_TUBE_DEVELOPMENT	312	115	9.726415408617442e-06	0.00014234183729552134
Immune::GSE13485_CTRL_VS_DAY3_YF17D_VACCINE_PBMC_DN	114	51	9.739446251952467e-06	0.00014234183729552134
Immune::GSE21670_IL6_VS_TGFB_AND_IL6_TREATED_STAT3_KO_CD4_TCELL_DN	114	51	9.739446251952467e-06	0.00014234183729552134
Immune::GSE11057_NAIVE_VS_MEMORY_CD4_TCELL_UP	72	36	9.858359842725785e-06	0.00014382918386195932
Reactome::REACTOME_CELL_CELL_COMMUNICATION	51	28	9.959140453767542e-06	0.00014504727303238875
Immune::GSE13946_CTRL_VS_DSS_COLITIS_GD_TCELL_FROM_COLON_UP	117	52	1.0054332668013937e-05	0.00014592698399994622
Immune::GSE3982_DC_VS_CENT_MEMORY_CD4_TCELL_DN	117	52	1.0054332668013937e-05	0.00014592698399994622
Immune::GSE3920_UNTREATED_VS_IFNA_TREATED_FIBROBLAST_UP	97	45	1.021848628065131e-05	0.0001480533357657752
GO_BP::GOBP_ADENYLATE_CYCLASE_ACTIVATING_G_PROTEIN_COUPLED_RECEPTOR_SIGNALING_PATHWAY	27	18	1.030944664121764e-05	0.0001491137032296117
Immune::GSE22140_HEALTHY_VS_ARTHRITIC_GERMFREE_MOUSE_CD4_TCELL_DN	120	53	1.0339988153591837e-05	0.00014929803893370383
Immune::GSE30962_ACUTE_VS_CHRONIC_LCMV_SECONDARY_INF_CD8_TCELL_UP	123	54	1.0596236287433267e-05	0.00015247311529207146
Immune::GSE45365_NK_CELL_VS_BCELL_MCMV_INFECTION_DN	123	54	1.0596236287433267e-05	0.00015247311529207146
Immune::GSE23114_PERITONEAL_CAVITY_B1A_BCELL_VS_SPLEEN_BCELL_IN_SLE2C1_MOUSE_UP	100	46	1.079462087403806e-05	0.00015506177142518026
Immune::GSE43863_DAY6_EFF_VS_DAY150_MEM_LY6C_INT_CXCR5POS_CD4_TCELL_DN	126	55	1.0823159778504461e-05	0.0001552059613365366
Immune::GSE36888_UNTREATED_VS_IL2_TREATED_TCELL_6H_UP	86	41	1.1009433898735823e-05	0.00015760774910664646
GO_BP::GOBP_REGULATION_OF_EPITHELIAL_CELL_APOPTOTIC_PROCESS	34	21	1.1165403607597468e-05	0.0001595682638230582
Immune::GSE40274_CTRL_VS_FOXP3_TRANSDUCED_ACTIVATED_CD4_TCELL_DN	132	57	1.1190467994275002e-05	0.0001596544829999541
Immune::GSE1460_INTRATHYMIC_T_PROGENITOR_VS_NAIVE_CD4_TCELL_ADULT_BLOOD_DN	135	58	1.1332032721251863e-05	0.00016121529737478328
Immune::GSE15330_HSC_VS_LYMPHOID_PRIMED_MULTIPOTENT_PROGENITOR_DN	103	47	1.1338303188833249e-05	0.00016121529737478328
GO_BP::GOBP_RESPONSE_TO_HORMONE	352	127	1.138710863273503e-05	0.0001616352864974859
GO_BP::GOBP_NEGATIVE_REGULATION_OF_PROGRAMMED_CELL_DEATH	428	150	1.1493544426831782e-05	0.0001628705138457632
GO_BP::GOBP_MYELOID_LEUKOCYTE_DIFFERENTIATION	106	48	1.184713281528718e-05	0.0001673158201808824
GO_BP::GOBP_T_CELL_PROLIFERATION	106	48	1.184713281528718e-05	0.0001673158201808824
Reactome::REACTOME_VIRAL_INFECTION_PATHWAYS	546	185	1.198789514851146e-05	0.00016901924773254223
Immune::GSE9601_NFKB_INHIBITOR_VS_PI3K_INHIBITOR_TREATED_HCMV_INF_MONOCYTE_DN	78	38	1.2236474035045554e-05	0.0001722345313422771
Immune::GSE9601_UNTREATED_VS_NFKB_INHIBITOR_TREATED_HCMV_INF_MONOCYTE_UP	54	29	1.2324941620765934e-05	0.00017318917128409617
GO_BP::GOBP_ADENYLATE_CYCLASE_MODULATING_G_PROTEIN_COUPLED_RECEPTOR_SIGNALING_PATHWAY	39	23	1.2749294094647738e-05	0.00017861216359859545
Immune::GSE23502_BM_VS_COLON_TUMOR_MYELOID_DERIVED_SUPPRESSOR_CELL_DN	112	50	1.2753449278288077e-05	0.00017861216359859545
GO_BP::GOBP_PRODUCTION_OF_MOLECULAR_MEDIATOR_OF_IMMUNE_RESPONSE	115	51	1.3148809115409865e-05	0.0001835363721616861
Immune::GSE24142_ADULT_VS_FETAL_DN3_THYMOCYTE_UP	115	51	1.3148809115409865e-05	0.0001835363721616861
Immune::GSE7219_UNSTIM_VS_LPS_AND_ANTI_CD40_STIM_NIK_NFKB2_KO_DC_UP	118	52	1.3504963733706892e-05	0.0001881945859835002
GO_BP::GOBP_REGULATION_OF_B_CELL_PROLIFERATION	32	20	1.4069600024870156e-05	0.00019573776883687521
Immune::GSE29164_CD8_TCELL_VS_CD8_TCELL_AND_IL12_TREATED_MELANOMA_DAY3_DN	124	54	1.4099911417119795e-05	0.00019583469681824165
GO_BP::GOBP_T_HELPER_1_TYPE_IMMUNE_RESPONSE	23	16	1.4332691796229359e-05	0.00019817963192688678
GO_BP::GOBP_OSSIFICATION	127	55	1.4339615756302334e-05	0.00019817963192688678
Immune::GSE34205_HEALTHY_VS_FLU_INF_INFANT_PBMC_DN	127	55	1.4339615756302334e-05	0.00019817963192688678
Immune::GSE3982_MAC_VS_BASOPHIL_DN	130	56	1.45418508762302e-05	0.00020047264130358637
Immune::GSE41867_NAIVE_VS_DAY30_LCMV_CLONE13_EXHAUSTED_CD8_TCELL_UP	84	40	1.4553324419344868e-05	0.00020047264130358637
Immune::GSE37534_UNTREATED_VS_PIOGLITAZONE_TREATED_CD4_TCELL_PPARG1_AND_FOXP3_TRASDUCED_DN	136	58	1.4838284837630911e-05	0.00020406290410309133
Immune::GSE7218_IGM_VS_IGG_SIGNAL_THGOUGH_ANTIGEN_BCELL_DN	101	46	1.4900907565820754e-05	0.00020458872924659623
Immune::GSE35685_CD34POS_CD38NEG_VS_CD34POS_CD10POS_BONE_MARROW_DN	142	60	1.4999468722688307e-05	0.00020527005402060718
Immune::GSE7831_UNSTIM_VS_CPG_STIM_PDC_4H_UP	142	60	1.4999468722688307e-05	0.00020527005402060718
Immune::GSE16450_IMMATURE_VS_MATURE_NEURON_CELL_LINE_UP	145	61	1.5033051570001011e-05	0.0002053945759295415
GO_BP::GOBP_CELL_KILLING	87	41	1.5661578371863282e-05	0.00021363411538465214
Immune::GSE40274_FOXP3_VS_FOXP3_AND_GATA1_TRANSDUCED_ACTIVATED_CD4_TCELL_UP	47	26	1.722205401088414e-05	0.0002341585269000114
Immune::GSE6259_DEC205_POS_DC_VS_CD8_TCELL_DN	47	26	1.722205401088414e-05	0.0002341585269000114
Immune::SCHERER_PBMC_APSV_WETVAX_AGE_18_32YO_5_TO_7DY_UP	179	72	1.7371893568465325e-05	0.0002358136167408667
Immune::THAKAR_PBMC_INACTIVATED_INFLUENZA_AGE_21_30YO_RESPONDERS_7DY_DN	431	150	1.7572239396446843e-05	0.00023814784539061805
Immune::GSE14415_NATURAL_TREG_VS_TCONV_UP	93	43	1.773555314104507e-05	0.0002395870455720243
Immune::GSE1791_CTRL_VS_NEUROMEDINU_IN_T_CELL_LINE_3H_UP	93	43	1.773555314104507e-05	0.0002395870455720243
Immune::GSE22886_CD4_TCELL_VS_BCELL_NAIVE_UP	173	70	1.7925688787457045e-05	0.00024176624314787323
Immune::GSE14000_UNSTIM_VS_16H_LPS_DC_DN	119	52	1.8021629622379423e-05	0.00024267006565351684
Immune::GSE7852_LN_VS_FAT_TREG_DN	96	44	1.8688474227562463e-05	0.00025124617034458577
GO_BP::GOBP_NEGATIVE_REGULATION_OF_RESPONSE_TO_STIMULUS	687	225	1.8880492864021993e-05	0.00025310246458772767
Immune::GSE41978_ID2_KO_VS_BIM_KO_KLRG1_LOW_EFFECTOR_CD8_TCELL_UP	128	55	1.8886892696616703e-05	0.00025310246458772767
GO_BP::GOBP_NEGATIVE_REGULATION_OF_LYMPHOCYTE_ACTIVATION	71	35	1.9403519837898e-05	0.0002592307762608624
Reactome::REACTOME_SIGNALING_BY_GPCR	143	60	1.9405999224200928e-05	0.0002592307762608624
Immune::GSE30971_2H_VS_4H_LPS_STIM_MACROPHAGE_WBP7_KO_UP	99	45	1.9578923790853205e-05	0.00026029729268061417
Immune::GSE37301_CD4_TCELL_VS_GRANULOCYTE_MONOCYTE_PROGENITOR_DN	99	45	1.9578923790853205e-05	0.00026029729268061417
Immune::GSE7768_OVA_ALONE_VS_OVA_WITH_LPS_IMMUNIZED_MOUSE_WHOLE_SPLEEN_6H_DN	99	45	1.9578923790853205e-05	0.00026029729268061417
Immune::GSE2706_R848_VS_LPS_2H_STIM_DC_DN	55	29	1.9657343567545194e-05	0.00026051414721664555
Immune::GSE43863_TH1_VS_LY6C_INT_CXCR5POS_MEMORY_CD4_TCELL_DN	55	29	1.9657343567545194e-05	0.00026051414721664555
Immune::GSE30083_SP2_VS_SP4_THYMOCYTE_DN	102	46	2.0403523463938802e-05	0.0002697350910957837
GO_BP::GOBP_REGULATION_OF_NITRIC_OXIDE_SYNTHASE_ACTIVITY	8	8	2.0417425538898872e-05	0.0002697350910957837
Immune::GSE22886_TCELL_VS_BCELL_NAIVE_UP	186	74	2.089791617926552e-05	0.0002756487717419158
GO_BP::GOBP_REGULATION_OF_B_CELL_ACTIVATION	74	36	2.146326368595001e-05	0.0002824848225153699
GO_BP::GOBP_EPITHELIAL_CELL_APOPTOTIC_PROCESS	50	27	2.148352804443986e-05	0.0002824848225153699
Immune::GSE16450_IMMATURE_VS_MATURE_NEURON_CELL_LINE_12H_IFNA_STIM_UP	111	49	2.246327472830053e-05	0.0002949051826223993
GO_BP::GOBP_REGULATION_OF_CD4_POSITIVE_ALPHA_BETA_T_CELL_ACTIVATION	45	25	2.263231524547993e-05	0.0002966601446786424
Immune::GSE43863_DAY6_EFF_VS_DAY150_MEM_TFH_CD4_TCELL_DN	58	30	2.3191139019428153e-05	0.0003035108661996611
Immune::GSE3982_DC_VS_NKCELL_DN	91	42	2.336161339430696e-05	0.00030526569278012633
Immune::FOURATI_BLOOD_TWINRIX_AGE_25_83YO_RESPONDERS_VS_POOR_RESPONDERS_0DY_DN	237	90	2.4596517288337748e-05	0.0003209023072035231
Immune::GSE411_UNSTIM_VS_100MIN_IL6_STIM_SOCS3_KO_MACROPHAGE_DN	129	55	2.4733113525044524e-05	0.00032218336857391073
Immune::GSE34156_NOD2_LIGAND_VS_TLR1_TLR2_LIGAND_6H_TREATED_MONOCYTE_UP	132	56	2.4890175268557026e-05	0.0003237266361673254
Immune::GSE15930_STIM_VS_STIM_AND_TRICHOSTATINA_48H_CD8_T_CELL_DN	144	60	2.49828353014194e-05	0.0003240900270102119
Immune::GOLDRATH_EFF_VS_MEMORY_CD8_TCELL_DN	141	59	2.503401329152668e-05	0.0003240900270102119
Immune::NAKAYA_PLASMACYTOID_DENDRITIC_CELL_FLUARIX_FLUVIRIN_AGE_18_50YO_7DY_UP	141	59	2.503401329152668e-05	0.0003240900270102119
GO_BP::GOBP_POSITIVE_REGULATION_OF_T_CELL_PROLIFERATION	53	28	2.6020519969635286e-05	0.00033634228355203455
GO_BP::GOBP_RESPONSE_TO_NITROGEN_COMPOUND	471	161	2.657803697085851e-05	0.0003430202340746647
GO_BP::GOBP_REGULATION_OF_RESPONSE_TO_BIOTIC_STIMULUS	263	98	2.6673245195757707e-05	0.0003433343290267723
Immune::GOLDRATH_NAIVE_VS_EFF_CD8_TCELL_DN	100	45	2.6766080722792834e-05	0.0003433343290267723
Immune::GSE24634_TREG_VS_TCONV_POST_DAY5_IL4_CONVERSION_DN	100	45	2.6766080722792834e-05	0.0003433343290267723
Immune::GSE29617_CTRL_VS_TIV_FLU_VACCINE_PBMC_2008_UP	100	45	2.6766080722792834e-05	0.0003433343290267723
Immune::SCHERER_PBMC_APSV_WETVAX_AGE_18_32YO_2_TO_4DY_UP	33	20	2.7028382398077117e-05	0.0003461696182251434
Immune::GSE360_CTRL_VS_L_DONOVANI_DC_DN	83	39	2.7309116199418552e-05	0.00034923197530018635
GO_BP::GOBP_REGULATION_OF_ADAPTIVE_IMMUNE_RESPONSE	103	46	2.7719315264901228e-05	0.00035232929660190365
Immune::GSE1432_6H_VS_24H_IFNG_MICROGLIA_UP	103	46	2.7719315264901228e-05	0.00035232929660190365
Immune::GSE26343_WT_VS_NFAT5_KO_MACROPHAGE_DN	103	46	2.7719315264901228e-05	0.00035232929660190365
Immune::GSE7596_AKT_TRANSD_VS_CTRL_CD4_TCONV_WITH_TGFB_UP	103	46	2.7719315264901228e-05	0.00035232929660190365
Immune::GSE2706_UNSTIM_VS_8H_LPS_DC_DN	106	47	2.857859216406855e-05	0.00036270167876606814
GO_BP::GOBP_MACROPHAGE_ACTIVATION	38	22	2.9500518696038637e-05	0.0003738366334457222
Immune::GSE21360_NAIVE_VS_SECONDARY_MEMORY_CD8_TCELL_DN	112	49	3.0015361189421267e-05	0.00037978712672406486
GO_BP::GOBP_INTRINSIC_APOPTOTIC_SIGNALING_PATHWAY_BY_P53_CLASS_MEDIATOR	56	29	3.074490187320464e-05	0.0003875688640890676
Immune::GSE21546_WT_VS_SAP1A_KO_AND_ELK1_KO_DP_THYMOCYTES_DN	89	41	3.0768966918979495e-05	0.0003875688640890676
Immune::GSE36078_WT_VS_IL1R_KO_LUNG_DC_AFTER_AD5_INF_UP	89	41	3.0768966918979495e-05	0.0003875688640890676
Immune::GSE42088_2H_VS_24H_LEISHMANIA_INF_DC_UP	157	64	3.088241993651406e-05	0.00038841472390917014
Immune::GSE2770_UNTREATED_VS_TGFB_AND_IL4_TREATED_ACT_CD4_TCELL_48H_DN	121	52	3.1487774995830665e-05	0.0003954355455688974
Immune::GSE22886_IGM_MEMORY_BCELL_VS_BM_PLASMA_CELL_UP	148	61	3.179336502492236e-05	0.00039824747735092394
Immune::GSE6269_HEALTHY_VS_FLU_INF_PBMC_UP	124	53	3.1806628897975804e-05	0.00039824747735092394
GO_BP::GOBP_GENERATION_OF_NEURONS	432	149	3.191063664046894e-05	0.00039895429325915635
Immune::GSE3039_NKT_CELL_VS_ALPHAALPHA_CD8_TCELL_DN	130	55	3.2206706134175e-05	0.0004012593582487306
Immune::GSE33424_CD161_INT_VS_NEG_CD8_TCELL_UP	139	58	3.2271617308152786e-05	0.0004012593582487306
Immune::GSE7764_IL15_NK_CELL_24H_VS_SPLENOCYTE_DN	139	58	3.2271617308152786e-05	0.0004012593582487306
Immune::GSE3982_MAST_CELL_VS_BASOPHIL_DN	136	57	3.231588843455969e-05	0.0004012593582487306
Immune::GSE30971_WBP7_HET_VS_KO_MACROPHAGE_2H_LPS_STIM_DN	92	42	3.2334166906203586e-05	0.0004012593582487306
GO_BP::GOBP_MONONUCLEAR_CELL_MIGRATION	78	37	3.362658574243654e-05	0.00041545423828173803
Immune::GSE24142_EARLY_THYMIC_PROGENITOR_VS_DN3_THYMOCYTE_UP	78	37	3.362658574243654e-05	0.00041545423828173803
Immune::GSE30971_CTRL_VS_LPS_STIM_MACROPHAGE_WBP7_KO_4H_UP	78	37	3.362658574243654e-05	0.00041545423828173803
Immune::GSE7852_TREG_VS_TCONV_LN_UP	95	43	3.378037405938628e-05	0.0004167405264473405
Immune::GSE35825_UNTREATED_VS_IFNG_STIM_MACROPHAGE_UP	98	44	3.510332974046719e-05	0.00043179154427093735
Immune::GSE360_L_DONOVANI_VS_B_MALAYI_LOW_DOSE_DC_UP	98	44	3.510332974046719e-05	0.00043179154427093735
GO_BP::GOBP_POSITIVE_REGULATION_OF_DEVELOPMENTAL_PROCESS	443	152	3.606751256724274e-05	0.0004430019955001455
Immune::GSE36826_WT_VS_IL1R_KO_SKIN_UP	101	45	3.630059486678826e-05	0.0004452129975694251
Immune::GSE39110_UNTREATED_VS_IL2_TREATED_CD8_TCELL_DAY3_POST_IMMUNIZATION_UP	104	46	3.737132216713173e-05	0.00045767594402929646
Immune::GSE6269_FLU_VS_E_COLI_INF_PBMC_DN	46	25	3.743614718813036e-05	0.00045780151422919186
Immune::GSE40666_UNTREATED_VS_IFNA_STIM_STAT1_KO_CD8_TCELL_90MIN_UP	70	34	3.76720941828196e-05	0.0004593476716565023
Immune::GSE6259_33D1_POS_VS_DEC205_POS_FLT3L_INDUCED_SPLENIC_DC_UP	70	34	3.76720941828196e-05	0.0004593476716565023
GO_BP::GOBP_CELL_MORPHOGENESIS	278	102	3.8344855596374766e-05	0.0004657550430403591
GO_BP::GOBP_NEGATIVE_REGULATION_OF_CELL_DEVELOPMENT	84	39	3.836413574214902e-05	0.0004657550430403591
Immune::GSE17301_IFNA2_VS_IFNA2_AND_ACD3_ACD28_STIM_CD8_TCELL_DN	84	39	3.836413574214902e-05	0.0004657550430403591
GO_BP::GOBP_REGULATION_OF_T_HELPER_CELL_DIFFERENTIATION	22	15	3.8966740999916665e-05	0.00047233803489858016
Immune::GSE29949_CD8_POS_DC_SPLEEN_VS_DC_BRAIN_DN	41	23	3.90189841679242e-05	0.00047233803489858016
Immune::GSE3982_CENT_MEMORY_CD4_TCELL_VS_TH2_UP	113	49	3.983521228565009e-05	0.0004808310731860699
Immune::GSE43955_TGFB_IL6_VS_TGFB_IL6_IL23_TH17_ACT_CD4_TCELL_52H_DN	113	49	3.983521228565009e-05	0.0004808310731860699
Immune::GSE22886_IGG_IGA_MEMORY_BCELL_VS_BM_PLASMA_CELL_UP	152	62	3.999200097066533e-05	0.0004820300231938383
Immune::GSE3982_MAST_CELL_VS_CENT_MEMORY_CD4_TCELL_DN	116	50	4.0415839753997966e-05	0.00048582837299183506
Reactome::REACTOME_FACTORS_INVOLVED_IN_MEGAKARYOCYTE_DEVELOPMENT_AND_PLATELET_PRODUCTION	62	31	4.042295915464309e-05	0.00048582837299183506
Immune::GSE12845_IGD_POS_BLOOD_VS_NAIVE_TONSIL_BCELL_DN	140	58	4.13861850449773e-05	0.0004966934282436546
Immune::GSE1432_CTRL_VS_IFNG_6H_MICROGLIA_DN	137	57	4.15715647249688e-05	0.0004974948023933856
Immune::GSE21670_UNTREATED_VS_TGFB_TREATED_STAT3_KO_CD4_TCELL_DN	137	57	4.15715647249688e-05	0.0004974948023933856
Immune::GSE13547_WT_VS_ZFX_KO_BCELL_ANTI_IGM_STIM_12H_DN	90	41	4.252031453866439e-05	0.0005074010222828671
Immune::GSE28130_ACTIVATED_VS_INDUCEED_TREG_UP	90	41	4.252031453866439e-05	0.0005074010222828671
GO_BP::GOBP_MUSCLE_STRUCTURE_DEVELOPMENT	221	84	4.3856930757534476e-05	0.0005226076592684044
GO_BP::GOBP_PEPTIDE_METABOLIC_PROCESS	581	192	4.5177874982306374e-05	0.0005375846712433591
Immune::GSE22886_NEUTROPHIL_VS_DC_UP	49	26	4.561328377608284e-05	0.0005419969371070239
Immune::GSE12845_IGD_POS_VS_NEG_BLOOD_BCELL_UP	96	43	4.60247456210547e-05	0.0005461125756931087
GO_BP::GOBP_REGULATION_OF_RESPONSE_TO_STRESS	706	228	4.696655121644312e-05	0.0005565005623654538
GO_BP::GOBP_CELLULAR_RESPONSE_TO_SALT	57	29	4.720517083273095e-05	0.000557752363543352
Immune::GSE22886_NAIVE_BCELL_VS_MONOCYTE_UP	57	29	4.720517083273095e-05	0.000557752363543352
Immune::GSE18893_TCONV_VS_TREG_24H_CULTURE_DN	79	37	4.7619727925698504e-05	0.0005618592089573625
GO_BP::GOBP_NEGATIVE_REGULATION_OF_IMMUNE_RESPONSE	102	45	4.885091439535357e-05	0.000575576293346378
Reactome::REACTOME_GPCR_LIGAND_BINDING	44	24	4.9409570371705217e-05	0.0005813420558881278
Immune::GSE23321_CENTRAL_VS_EFFECTOR_MEMORY_CD8_TCELL_UP	105	46	5.001071561244697e-05	0.0005875908869367194
Immune::GSE37301_COMMON_LYMPHOID_PROGENITOR_VS_GRAN_MONO_PROGENITOR_DN	82	38	5.059039837449015e-05	0.0005927414133569803
Immune::GSE9509_10MIN_VS_30MIN_LPS_STIM_IL10_KO_MACROPHAGE_DN	82	38	5.059039837449015e-05	0.0005927414133569803
Immune::GSE21927_SPLEEN_C57BL6_VS_4T1_TUMOR_BALBC_MONOCYTES_UP	150	61	5.117296650128067e-05	0.0005984475229206453
GO_BP::GOBP_ACTIVATION_OF_IMMUNE_RESPONSE	270	99	5.1220088384434775e-05	0.0005984475229206453
Immune::GSE17186_NAIVE_VS_CD21LOW_TRANSITIONAL_BCELL_CORD_BLOOD_UP	141	58	5.281300386064161e-05	0.0006156177737179671
Reactome::REACTOME_COMPLEMENT_CASCADE	12	10	5.283642830813403e-05	0.0006156177737179671
Immune::GSE9960_GRAM_NEG_VS_GRAM_POS_SEPSIS_PBMC_UP	117	50	5.304942889468645e-05	0.0006172422454889385
Immune::GSE24634_NAIVE_CD4_TCELL_VS_DAY7_IL4_CONV_TREG_UP	138	57	5.320653514337886e-05	0.0006182127746784007
Immune::GSE10325_BCELL_VS_MYELOID_UP	120	51	5.343781725743471e-05	0.0006191823650663306
Immune::GSE37416_12H_VS_48H_F_TULARENSIS_LVS_NEUTROPHIL_UP	135	56	5.35114095450101e-05	0.0006191823650663306
Immune::GSE43863_TH1_VS_TFH_MEMORY_CD4_TCELL_DN	135	56	5.35114095450101e-05	0.0006191823650663306
Immune::GSE13485_DAY1_VS_DAY7_YF17D_VACCINE_PBMC_DN	129	54	5.3824821651541644e-05	0.0006210955004604991
Immune::GSE17580_TREG_VS_TEFF_S_MANSONI_INF_DN	129	54	5.3824821651541644e-05	0.0006210955004604991
Immune::GSE41867_DAY6_VS_DAY15_LCMV_ARMSTRONG_EFFECTOR_CD8_TCELL_UP	52	27	5.4078322554737836e-05	0.0006231635273512304
Reactome::REACTOME_CELLULAR_RESPONSES_TO_STIMULI	545	181	5.529305709251165e-05	0.0006362873195460635
GO_BP::GOBP_HOMEOSTATIC_PROCESS	659	214	5.6036387193053725e-05	0.0006439578796746955
GO_BP::GOBP_REGULATION_OF_TYPE_2_IMMUNE_RESPONSE	14	11	5.729343348579213e-05	0.0006566046632681833
Reactome::REACTOME_BINDING_AND_UPTAKE_OF_LIGANDS_BY_SCAVENGER_RECEPTORS	14	11	5.729343348579213e-05	0.0006566046632681833
GO_BP::GOBP_DEFENSE_RESPONSE_TO_BACTERIUM	91	41	5.823044947703744e-05	0.0006664327976301052
Immune::GSE3982_BCELL_VS_NKCELL_DN	63	31	5.9997120276393244e-05	0.0006857164059927288
Immune::GSE3039_ALPHAALPHA_VS_ALPHABETA_CD8_TCELL_DN	94	42	6.03266534544454e-05	0.0006876090975942153
Immune::GSE3920_UNTREATED_VS_IFNA_TREATED_ENDOTHELIAL_CELL_DN	94	42	6.03266534544454e-05	0.0006876090975942153
Immune::GSE36392_TYPE_2_MYELOID_VS_EOSINOPHIL_IL25_TREATED_LUNG_DN	97	43	6.219321009003199e-05	0.0007079224415811104
Immune::GSE7460_CD8_TCELL_VS_TREG_ACT_UP	100	44	6.383174818237415e-05	0.0007255888014931392
Immune::GSE43700_UNTREATED_VS_IL10_TREATED_PBMC_UP	103	45	6.524612061725641e-05	0.0007406626601598971
Immune::GSE30083_SP3_VS_SP4_THYMOCYTE_DN	106	46	6.644201025620375e-05	0.0007511887116432523
Immune::GSE3982_DC_VS_NEUTROPHIL_DN	106	46	6.644201025620375e-05	0.0007511887116432523
Immune::GSE40277_EOS_AND_LEF1_TRANSDUCED_VS_CTRL_CD4_TCELL_UP	106	46	6.644201025620375e-05	0.0007511887116432523
Immune::GSE19888_CTRL_VS_A3R_INHIBITOR_TREATED_MAST_CELL_DN	136	56	6.834827432232532e-05	0.0007717007715881388
Immune::GSE557_WT_VS_CIITA_KO_DC_DN	115	49	6.879591975174203e-05	0.0007757109822545214
Immune::KAECH_NAIVE_VS_DAY8_EFF_CD8_TCELL_UP	130	54	6.918506162440745e-05	0.000778172727571678
Immune::GSE17974_0H_VS_72H_IN_VITRO_ACT_CD4_TCELL_UP	118	50	6.919976812116722e-05	0.000778172727571678
Immune::GSE22196_HEALTHY_VS_OBESE_MOUSE_SKIN_GAMMADELTA_TCELL_DN	127	53	6.941195496210659e-05	0.0007794273466836759
Immune::GSE39556_CD8A_DC_VS_NK_CELL_MOUSE_3H_POST_POLYIC_INJ_DN	124	52	6.949715762538914e-05	0.0007794273466836759
GO_BP::GOBP_REGULATION_OF_VASCULATURE_DEVELOPMENT	83	38	7.025014776677283e-05	0.0007868204133717721
GO_BP::GOBP_IMMUNE_RESPONSE_REGULATING_CELL_SURFACE_RECEPTOR_SIGNALING_PATHWAY	170	67	7.155032573895025e-05	0.0008003142434987382
GO_BP::GOBP_CELL_FATE_COMMITMENT	69	33	7.210973005085997e-05	0.000805497370701284
GO_BP::GOBP_POSITIVE_REGULATION_OF_RESPONSE_TO_EXTERNAL_STIMULUS	266	97	7.756195208480796e-05	0.0008652489574992739
Immune::GSE37301_COMMON_LYMPHOID_PROGENITOR_VS_RAG2_KO_NK_CELL_DN	95	42	8.136332769203946e-05	0.0009064501407815658
GO_BP::GOBP_POSITIVE_REGULATION_OF_SIGNALING	701	225	8.16818370183808e-05	0.0009087916853411094
Immune::GSE12366_PLASMA_CELL_VS_MEMORY_BCELL_DN	149	60	8.22733315508119e-05	0.0009141602362645841
Immune::ERWIN_COHEN_BLOOD_LIVE_VACCINE_TC_83_AGE_23_48YO_VACCINATED_VS_CONTROL_14DY_UP	583	191	8.281223902376846e-05	0.0009179639382318135
GO_BP::GOBP_POSITIVE_REGULATION_OF_SMOOTH_MUSCLE_CELL_PROLIFERATION	30	18	8.283450962468505e-05	0.0009179639382318135
Immune::GSE11864_CSF1_PAM3CYS_VS_CSF1_IFNG_PAM3CYS_IN_MAC_DN	101	44	8.508386653124757e-05	0.0009399607736073026
Immune::GSE3982_DC_VS_BCELL_DN	101	44	8.508386653124757e-05	0.0009399607736073026
Reactome::REACTOME_FCGR3A_MEDIATED_IL10_SYNTHESIS	23	15	8.515558325683036e-05	0.0009399607736073026
GO_BP::GOBP_REGULATION_OF_MIRNA_METABOLIC_PROCESS	40	22	8.602702614563098e-05	0.0009483320924253592
GO_BP::GOBP_PEPTIDE_BIOSYNTHETIC_PROCESS	518	172	8.623418270594823e-05	0.00094936818729685
GO_BP::GOBP_POSITIVE_REGULATION_OF_HEMOPOIESIS	104	45	8.650656011311416e-05	0.0009498737340169041
Immune::GSE5455_HEALTHY_VS_TUMOR_BEARING_MOUSE_SPLEEN_MONOCYTE_DN	104	45	8.650656011311416e-05	0.0009498737340169041
Immune::GSE45365_NK_CELL_VS_CD8_TCELL_MCMV_INFECTION_DN	107	46	8.76517592815135e-05	0.0009596101524384844
GO_BP::GOBP_NEUROGENESIS	525	174	8.767095153717161e-05	0.0009596101524384844
Immune::GSE37605_NOD_VS_C57BL6_IRES_GFP_TREG_UP	64	31	8.773643901779921e-05	0.0009596101524384844
Immune::GSE43863_DAY6_EFF_VS_DAY150_MEM_TH1_CD4_TCELL_DN	110	47	8.853191508057156e-05	0.000967049785951712
Immune::GSE5679_CTRL_VS_PPARG_LIGAND_ROSIGLITAZONE_TREATED_DC_DN	113	48	8.916046055683978e-05	0.000969919192827169
Immune::GSE12392_IFNAR_KO_VS_IFNB_KO_CD8_NEG_SPLEEN_DC_UP	125	52	8.94454697033614e-05	0.000969919192827169
Immune::GSE20727_H2O2_VS_ROS_INHIBITOR_TREATED_DC_DN	125	52	8.94454697033614e-05	0.000969919192827169
Immune::GSE21670_UNTREATED_VS_IL6_TREATED_STAT3_KO_CD4_TCELL_UP	116	49	8.955150064561451e-05	0.000969919192827169
Immune::GSE39382_IL3_VS_IL3_IL33_TREATED_MAST_CELL_DN	116	49	8.955150064561451e-05	0.000969919192827169
Immune::GSE19888_ADENOSINE_A3R_INH_VS_TCELL_MEMBRANES_ACT_MAST_CELL_UP	119	50	8.971954865107679e-05	0.000969919192827169
Immune::GSE27291_0H_VS_7D_STIM_GAMMADELTA_TCELL_DN	119	50	8.971954865107679e-05	0.000969919192827169
Immune::GSE29949_MICROGLIA_BRAIN_VS_CD8_POS_DC_SPLEEN_UP	119	50	8.971954865107679e-05	0.000969919192827169
GO_BP::GOBP_REGULATION_OF_HYDROLASE_ACTIVITY	323	114	9.390903301518088e-05	0.0010139033178434393
Immune::GSE7568_IL4_VS_IL4_AND_DEXAMETHASONE_TREATED_MACROPHAGE_DN	87	39	0.00010028020645123212	0.0010812990384567948
GO_BP::GOBP_PROTEIN_PHOSPHORYLATION	540	178	0.00010111573180362908	0.0010889086958929966
Immune::GSE39820_IL1B_IL6_VS_IL1B_IL6_IL23A_TREATED_CD4_TCELL_UP	70	33	0.00010282437825749065	0.0011058893707719091
GO_BP::GOBP_GLIAL_CELL_ACTIVATION	21	14	0.0001039347326171667	0.0011149724704928535
Immune::SCHERER_PBMC_YF_VAX_OR_APSV_WETVAX_AGE_18_40YO_JOINT_TO_VACCINIA_AND_YELLOW_FEVER_DN	21	14	0.0001039347326171667	0.0011149724704928535
GO_BP::GOBP_POSITIVE_REGULATION_OF_CELL_DEVELOPMENT	175	68	0.00010576633887827775	0.001133172179884894
GO_BP::GOBP_POSITIVE_REGULATION_OF_MIRNA_METABOLIC_PROCESS	28	17	0.00010637474564386854	0.0011341961224724667
Immune::GSE14415_ACT_TCONV_VS_ACT_NATURAL_TREG_DN	93	41	0.00010640271169219589	0.0011341961224724667
Immune::GSE21546_SAP1A_KO_VS_SAP1A_KO_AND_ELK1_KO_DP_THYMOCYTES_DN	93	41	0.00010640271169219589	0.0011341961224724667
Immune::GSE3982_EFF_MEMORY_CD4_TCELL_VS_NKCELL_UP	93	41	0.00010640271169219589	0.0011341961224724667
Immune::GSE22886_NAIVE_CD4_TCELL_VS_12H_ACT_TH2_UP	141	57	0.00010830188303228139	0.0011529752496926503
Immune::GSE7852_THYMUS_VS_FAT_TREG_DN	96	42	0.0001088488915250275	0.0011573299759232644
Immune::GSE12366_PLASMA_CELL_VS_NAIVE_BCELL_DN	138	56	0.00010984380890288418	0.0011664300163117664
GO_BP::GOBP_CYTOKINE_PRODUCTION_INVOLVED_IN_IMMUNE_RESPONSE	51	26	0.00011055145642283581	0.0011709800100141031
GO_BP::GOBP_NEGATIVE_REGULATION_OF_IMMUNE_EFFECTOR_PROCESS	51	26	0.00011055145642283581	0.0011709800100141031
Immune::GSE33292_WT_VS_TCF1_KO_DN3_THYMOCYTE_UP	99	43	0.00011090003204397605	0.001173190881231923
GO_BP::GOBP_REGULATION_OF_IMMUNE_EFFECTOR_PROCESS	169	66	0.00011155758849276678	0.0011786607177151393
Immune::GSE14699_DELETIONAL_TOLERANCE_VS_ACTIVATED_CD8_TCELL_UP	105	45	0.00011387844348861459	0.001201668254623884
GO_BP::GOBP_REGULATION_OF_CD4_POSITIVE_ALPHA_BETA_T_CELL_DIFFERENTIATION	33	19	0.00011477981407166877	0.0012081403516276403
Reactome::REACTOME_G_ALPHA_S_SIGNALLING_EVENTS	33	19	0.00011477981407166877	0.0012081403516276403
Immune::GSE45365_NK_CELL_VS_BCELL_UP	123	51	0.00011517069991020504	0.0012088347008029764
Immune::GSE16755_CTRL_VS_IFNA_TREATED_MAC_DN	111	47	0.00011547768138606037	0.0012088347008029764
Immune::GSE22886_NAIVE_BCELL_VS_NEUTROPHIL_DN	111	47	0.00011547768138606037	0.0012088347008029764
Immune::GSE23925_DARK_ZONE_VS_NAIVE_BCELL_DN	111	47	0.00011547768138606037	0.0012088347008029764
Immune::GSE43863_DAY6_EFF_VS_DAY150_MEM_TH1_CD4_TCELL_UP	114	48	0.00011580877135563147	0.0012088347008029764
Immune::GSE39556_UNTREATED_VS_3H_POLYIC_INJ_MOUSE_CD8A_DC_DN	117	49	0.00011585446411319502	0.0012088347008029764
Immune::GSE3982_BASOPHIL_VS_TH1_UP	117	49	0.00011585446411319502	0.0012088347008029764
GO_BP::GOBP_NEURON_DEVELOPMENT	328	115	0.00011991375704026643	0.0012496354134295593
Immune::GSE2935_UV_INACTIVATED_VS_LIVE_SENDAI_VIRUS_INF_MACROPHAGE_UP	79	36	0.00012173407112998861	0.0012670311696147327
GO_BP::GOBP_RESPONSE_TO_COLD	19	13	0.0001245828010980871	0.0012950744961732995
Immune::GSE3720_UNSTIM_VS_LPS_STIM_VD1_GAMMADELTA_TCELL_DN	65	31	0.00012649459770766995	0.0013133207675366872
GO_BP::GOBP_CELLULAR_COMPONENT_MORPHOGENESIS	211	79	0.0001317024832141239	0.0013657010280386718
Immune::GSE1112_HY_CD8AB_VS_HY_CD8AA_THYMOCYTE_RTOC_CULTURE_UP	88	39	0.00013559874877997461	0.0014043677821175397
GO_BP::GOBP_INTRINSIC_APOPTOTIC_SIGNALING_PATHWAY_IN_RESPONSE_TO_DNA_DAMAGE	68	32	0.0001360069739616361	0.0014068588219040262
Immune::GSE21670_UNTREATED_VS_TGFB_IL6_TREATED_STAT3_KO_CD4_TCELL_DN	170	66	0.00013694681293268884	0.0014148359774536043
GO_BP::GOBP_CELLULAR_RESPONSE_TO_PEPTIDE_HORMONE_STIMULUS	139	56	0.00013823847586932685	0.0014246714669137383
Immune::GSE6092_UNSTIM_VS_IFNG_STIM_ENDOTHELIAL_CELL_DN	139	56	0.00013823847586932685	0.0014246714669137383
Reactome::REACTOME_CELL_SURFACE_INTERACTIONS_AT_THE_VASCULAR_WALL	57	28	0.00014032652036433674	0.0014444161709649336
GO_BP::GOBP_T_HELPER_2_CELL_DIFFERENTIATION	9	8	0.00014147875118742195	0.0014509355057595143
Reactome::REACTOME_INITIAL_TRIGGERING_OF_COMPLEMENT	9	8	0.00014147875118742195	0.0014509355057595143
Immune::CAO_BLOOD_FLUMIST_AGE_05_14YO_CORRELATED_WITH_H3N2_VN_TITER_7DY_POSITIVE	9	8	0.00014147875118742195	0.0014509355057595143
GO_BP::GOBP_NERVOUS_SYSTEM_PROCESS	234	86	0.00014314942142036897	0.0014662765522533276
GO_BP::GOBP_POSITIVE_REGULATION_OF_INTRACELLULAR_SIGNAL_TRANSDUCTION	420	142	0.00014363701512161631	0.0014694767315307795
Reactome::REACTOME_SIGNALING_BY_INTERLEUKINS	247	90	0.00014391146193832276	0.0014704911744221555
Immune::GSE40273_GATA1_KO_VS_WT_TREG_DN	130	53	0.00014414664737236163	0.0014711024632685424
Immune::GSE40274_CTRL_VS_FOXP3_AND_LEF1_TRANSDUCED_ACTIVATED_CD4_TCELL_UP	71	33	0.00014482551512816732	0.0014744432602065481
Immune::GSE6092_CTRL_VS_BORRELIA_BIRGDOFERI_INF_ENDOTHELIAL_CELL_DN	71	33	0.00014482551512816732	0.0014744432602065481
Immune::GSE3565_DUSP1_VS_WT_SPLENOCYTES_POST_LPS_INJECTION_UP	127	52	0.00014572899543553364	0.0014818430820711416
Immune::GSE17721_LPS_VS_POLYIC_1H_BMDC_UP	100	43	0.00014640768478167582	0.001485143975373009
Immune::GSE17974_IL4_AND_ANTI_IL12_VS_UNTREATED_6H_ACT_CD4_TCELL_DN	100	43	0.00014640768478167582	0.001485143975373009
Immune::GSE41176_WT_VS_TAK1_KO_ANTI_IGM_STIM_BCELL_6H_UP	103	44	0.00014786401458863428	0.0014944954438362084
Immune::GSE411_WT_VS_SOCS3_KO_MACROPHAGE_IL6_STIM_400MIN_UP	103	44	0.00014786401458863428	0.0014944954438362084
Immune::GSE5542_UNTREATED_VS_IFNA_AND_IFNG_TREATED_EPITHELIAL_CELLS_6H_DN	103	44	0.00014786401458863428	0.0014944954438362084
Immune::GSE20366_TREG_VS_NAIVE_CD4_TCELL_HOMEOSTATIC_CONVERSION_DN	106	45	0.00014887253357809803	0.0014979160498551762
Immune::GSE40274_HELIOS_VS_FOXP3_AND_HELIOS_TRANSDUCED_ACTIVATED_CD4_TCELL_UP	106	45	0.00014887253357809803	0.0014979160498551762
Immune::GSE23502_WT_VS_HDC_KO_MYELOID_DERIVED_SUPPRESSOR_CELL_BM_UP	118	49	0.0001489860598176787	0.0014979160498551762
Immune::GSE9316_IL6_KO_VS_IFNG_KO_INVIVO_EXPANDED_CD4_TCELL_DN	118	49	0.0001489860598176787	0.0014979160498551762
Immune::FOURATI_BLOOD_TWINRIX_AGE_25_83YO_RESPONDERS_VS_POOR_RESPONDERS_0DY_UP	257	93	0.0001494401603428694	0.0014979160498551762
Immune::GSE4590_LARGE_PRE_BCELL_VS_VPREB_POS_LARGE_PRE_BCELL_DN	109	46	0.00014946088854632253	0.0014979160498551762
Immune::GSE7509_UNSTIM_VS_FCGRIIB_STIM_DC_DN	115	48	0.0001494896202658805	0.0014979160498551762
GO_BP::GOBP_CELLULAR_RESPONSE_TO_VIRUS	36	20	0.00014963090353780397	0.0014979160498551762
Reactome::REACTOME_CELL_JUNCTION_ORGANIZATION	31	18	0.0001498174637348752	0.00149799607064585
GO_BP::GOBP_INTRINSIC_APOPTOTIC_SIGNALING_PATHWAY	199	75	0.00015184228448458662	0.0015164344339776157
GO_BP::GOBP_T_CELL_MEDIATED_IMMUNITY	60	29	0.00015435321425190664	0.00153967790054607
GO_BP::GOBP_CELL_CELL_SIGNALING	455	152	0.00016192029851170073	0.0016132415489485243
Immune::GSE5099_DAY3_VS_DAY7_MCSF_TREATED_MACROPHAGE_UP	149	59	0.00016297512030204276	0.0016218247736818942
Immune::HOEK_NEUTROPHIL_2011_2012_TIV_ADULT_1DY_UP	15	11	0.00016425797808456168	0.0016307221043211691
Immune::LI_PBMC_MENACTRA_AGE_18_45YO_CORRELATED_WITH_ANTI_DT_ANTIBODY_3DY_NEGATIVE	15	11	0.00016425797808456168	0.0016307221043211691
Immune::GSE17721_CTRL_VS_PAM3CSK4_1H_BMDC_DN	80	36	0.00016675406125714676	0.0016535458863903122
GO_BP::GOBP_POSITIVE_REGULATION_OF_DEFENSE_RESPONSE	222	82	0.00016752314048714618	0.0016592108920267642
GO_BP::GOBP_REGULATION_OF_ALPHA_BETA_T_CELL_DIFFERENTIATION	44	23	0.00016798101297124882	0.001659826522751244
GO_BP::GOBP_REGULATION_OF_RECEPTOR_SIGNALING_PATHWAY_VIA_STAT	44	23	0.00016798101297124882	0.001659826522751244
GO_BP::GOBP_REGULATION_OF_T_HELPER_1_TYPE_IMMUNE_RESPONSE	11	9	0.0001712063902004527	0.0016897063616371738
Immune::GSE32164_ALTERNATIVELY_ACT_M2_VS_CMYC_INHIBITED_MACROPHAGE_UP	140	56	0.0001731506541331888	0.0017068870006149482
Immune::QI_PBMC_ZOSTAVAX_AGE_50_75YO_CORRELATED_WITH_EXPANSION_OF_VZV_SPECIFIC_T_CELLS_TO_PEAK_AT_1DY_POSITIVE	187	71	0.0001739914626012537	0.001713162417560936
GO_BP::GOBP_POSITIVE_REGULATION_OF_NEURAL_PRECURSOR_CELL_PROLIFERATION	13	10	0.0001753921194821364	0.0017188837503921053
GO_BP::GOBP_REGULATION_OF_MONOOXYGENASE_ACTIVITY	13	10	0.0001753921194821364	0.0017188837503921053
Immune::FULLER_PBMC_F_TULARENSIS_VACCINE_LVS_AGE_22_54YO_336HR_DN	13	10	0.0001753921194821364	0.0017188837503921053
Immune::HOWARD_NK_CELL_INACT_MONOV_INFLUENZA_A_INDONESIA_05_2005_H5N1_AGE_18_49YO_1DY_UP	13	10	0.0001753921194821364	0.0017188837503921053
Immune::GSE13738_TCR_VS_BYSTANDER_ACTIVATED_CD4_TCELL_DN	137	55	0.0001762766026596467	0.0017255360790102406
Immune::GSE26495_NAIVE_VS_PD1LOW_CD8_TCELL_UP	86	38	0.0001775063861000981	0.0017355490361232202
GO_BP::GOBP_POSITIVE_REGULATION_OF_CYTOKINE_PRODUCTION_INVOLVED_IN_IMMUNE_RESPONSE	39	21	0.00018615249281790473	0.0018179665451098985
Immune::GSE360_CTRL_VS_L_MAJOR_DC_DN	95	41	0.00018812068103824008	0.0018350516200346465
Immune::GSE26030_TH1_VS_TH17_DAY5_POST_POLARIZATION_UP	122	50	0.00018879507901014517	0.0018394911937469312
Immune::GSE26030_UNSTIM_VS_RESTIM_TH17_DAY5_POST_POLARIZATION_UP	98	42	0.00019030508795034182	0.0018451210038500482
Immune::GSE360_L_DONOVANI_VS_M_TUBERCULOSIS_MAC_DN	98	42	0.00019030508795034182	0.0018451210038500482
Immune::GSE3982_EOSINOPHIL_VS_MAST_CELL_UP	98	42	0.00019030508795034182	0.0018451210038500482
Immune::GSE12392_WT_VS_IFNB_KO_CD8A_NEG_SPLEEN_DC_DN	119	49	0.0001904726176342999	0.0018451210038500482
Immune::GSE40685_TREG_VS_FOXP3_KO_TREG_PRECURSOR_DN	119	49	0.0001904726176342999	0.0018451210038500482
GO_BP::GOBP_RECEPTOR_SIGNALING_PATHWAY_VIA_STAT	69	32	0.00019126945518176683	0.0018507029521566804
Immune::GSE339_CD8POS_VS_CD4CD8DN_DC_DN	116	48	0.00019179888117430341	0.0018528049732778346
Immune::GSE21360_NAIVE_VS_QUATERNARY_MEMORY_CD8_TCELL_DN	156	61	0.00019212149385252123	0.0018528049732778346
Immune::GSE15750_DAY6_VS_DAY10_TRAF6KO_EFF_CD8_TCELL_DN	113	47	0.00019273820109633172	0.0018528049732778346
Immune::GSE17721_CTRL_VS_POLYIC_4H_BMDC_DN	104	44	0.00019285948120401585	0.0018528049732778346
GO_BP::GOBP_SIGNAL_TRANSDUCTION_BY_P53_CLASS_MEDIATOR	110	46	0.00019325358822483077	0.0018528049732778346
Reactome::REACTOME_ANTIVIRAL_MECHANISM_BY_IFN_STIMULATED_GENES	110	46	0.00019325358822483077	0.0018528049732778346
Immune::GSE15330_WT_VS_IKAROS_KO_GRANULOCYTE_MONOCYTE_PROGENITOR_DN	110	46	0.00019325358822483077	0.0018528049732778346
Immune::GSE6269_HEALTHY_VS_FLU_INF_PBMC_DN	110	46	0.00019325358822483077	0.0018528049732778346
Immune::GSE36826_NORMAL_VS_STAPH_AUREUS_INF_IL1R_KO_SKIN_DN	147	58	0.00020662819177296542	0.0019787715762367656
GO_BP::GOBP_CELLULAR_RESPONSE_TO_HORMONE_STIMULUS	269	96	0.0002102437074353829	0.002010538236374122
GO_BP::GOBP_NEGATIVE_REGULATION_OF_RESPONSE_TO_EXTERNAL_STIMULUS	169	65	0.00021042467177690777	0.002010538236374122
Immune::GSE41176_UNSTIM_VS_ANTI_IGM_STIM_BCELL_1H_UP	75	34	0.00021084101093479053	0.0020122243921865276
Immune::THAKAR_PBMC_INACTIVATED_INFLUENZA_AGE_21_30YO_RESPONDERS_28DY_DN	599	193	0.00021451661684116725	0.0020449771575915365
GO_BP::GOBP_CELLULAR_RESPONSE_TO_PEPTIDE	166	64	0.00021677538295603	0.002064164231121607
GO_BP::GOBP_RESPONSE_TO_INTERFERON_BETA	22	14	0.0002176287179473543	0.002067596053069485
Immune::NAKAYA_PBMC_FLUMIST_AGE_18_50YO_3DY_IFN_SUBSET_UP	22	14	0.0002176287179473543	0.002067596053069485
Immune::GSE24142_EARLY_THYMIC_PROGENITOR_VS_DN2_THYMOCYTE_UP	78	35	0.00021903304808532418	0.002076235299873203
Immune::GSE36888_UNTREATED_VS_IL2_TREATED_STAT5_AB_KNOCKIN_TCELL_6H_UP	78	35	0.00021903304808532418	0.002076235299873203
GO_BP::GOBP_POSITIVE_REGULATION_OF_INFLAMMATORY_RESPONSE	61	29	0.00022208599868638057	0.002098305772229062
Immune::GSE9509_LPS_VS_LPS_AND_IL10_STIM_IL10_KO_MACROPHAGE_10MIN_UP	61	29	0.00022208599868638057	0.002098305772229062
Immune::GSE22501_PERIPHERAL_BLOOD_VS_CORD_BLOOD_TREG_UP	50	25	0.0002221117565549418	0.002098305772229062
GO_BP::GOBP_RESPONSE_TO_CORTICOSTEROID	42	22	0.00022323764295548865	0.002106569838867935
Immune::GSE6269_FLU_VS_E_COLI_INF_PBMC_UP	132	53	0.0002286057894603092	0.002154802210991611
Immune::GSE1448_CTRL_VS_ANTI_VBETA5_DP_THYMOCYTE_DN	126	51	0.0002359776118586372	0.00222179145441314
GO_BP::GOBP_NEGATIVE_REGULATION_OF_RNA_BIOSYNTHETIC_PROCESS	593	191	0.000236445003495212	0.002223696338925262
Immune::GSE37416_CTRL_VS_48H_F_TULARENSIS_LVS_NEUTROPHIL_UP	87	38	0.0002373960764400351	0.002230140744966914
Immune::GSE39110_DAY3_VS_DAY6_POST_IMMUNIZATION_CD8_TCELL_WITH_IL2_TREATMENT_DN	123	50	0.00023922273592791223	0.0022447869482094584
Immune::GSE15330_HSC_VS_MEGAKARYOCYTE_ERYTHROID_PROGENITOR_UP	90	39	0.00024155753208045312	0.0022591149795127326
Immune::GSE24142_EARLY_THYMIC_PROGENITOR_VS_DN3_THYMOCYTE_ADULT_UP	90	39	0.00024155753208045312	0.0022591149795127326
Immune::GSE40068_CXCR5POS_BCL6POS_TFH_VS_CXCR5NEG_BCL6NEG_CD4_TCELL_DN	90	39	0.00024155753208045312	0.0022591149795127326
Immune::GSE25088_IL4_VS_IL4_AND_ROSIGLITAZONE_STIM_STAT6_KO_MACROPHAGE_DAY10_DN	120	49	0.00024212106525965844	0.002261863715437945
GO_BP::GOBP_AXON_DEVELOPMENT	117	48	0.0002446297799994227	0.0022793982414891015
Immune::GSE6092_IFNG_VS_IFNG_AND_B_BURGDORFERI_INF_ENDOTHELIAL_CELL_DN	117	48	0.0002446297799994227	0.0022793982414891015
Immune::GSE3982_EOSINOPHIL_VS_TH2_UP	93	40	0.0002448131857887329	0.0022793982414891015
Reactome::REACTOME_EXTRACELLULAR_MATRIX_ORGANIZATION	53	26	0.0002477298603406864	0.0023026659326082894
Immune::GSE15271_CXCR4_POS_VS_NEG_GC_BCELL_DN	111	46	0.0002482949992184221	0.0023026659326082894
Immune::GSE22140_GERMFREE_VS_SPF_ARTHRITIC_MOUSE_CD4_TCELL_UP	111	46	0.0002482949992184221	0.0023026659326082894
Immune::GSE2706_UNSTIM_VS_8H_LPS_AND_R848_DC_DN	99	42	0.00024881407651292683	0.0023026659326082894
Immune::GSE7460_CD8_TCELL_VS_CD4_TCELL_ACT_UP	99	42	0.00024881407651292683	0.0023026659326082894
Immune::KAECH_DAY15_EFF_VS_MEMORY_CD8_TCELL_DN	151	59	0.0002489591132287184	0.0023026659326082894
Immune::GSE2770_TGFB_AND_IL4_VS_IL12_TREATED_ACT_CD4_TCELL_2H_DN	108	45	0.0002493541542716065	0.002303097715265856
Immune::GSE44649_WT_VS_MIR155_KO_NAIVE_CD8_TCELL_DN	102	43	0.00024966751065012534	0.002303097715265856
Immune::GSE7852_LN_VS_THYMUS_TREG_UP	105	44	0.00024982941004791145	0.002303097715265856
GO_BP::GOBP_NEUROINFLAMMATORY_RESPONSE	27	16	0.0002535946070249279	0.0023301261317985977
GO_BP::GOBP_REGULATION_OF_NEURAL_PRECURSOR_CELL_PROLIFERATION	27	16	0.0002535946070249279	0.0023301261317985977
GO_BP::GOBP_T_HELPER_17_TYPE_IMMUNE_RESPONSE	27	16	0.0002535946070249279	0.0023301261317985977
Immune::GSE22886_UNSTIM_VS_STIM_MEMORY_TCELL_UP	148	58	0.00025535387147158044	0.0023437238815920006
Immune::GSE22601_DOUBLE_NEGATIVE_VS_CD4_SINGLE_POSITIVE_THYMOCYTE_DN	145	57	0.00026168218484732945	0.002399182348288794
GO_BP::GOBP_HEAD_DEVELOPMENT	264	94	0.00026746913600722246	0.0024495617707037004
Immune::GSE34205_RSV_VS_FLU_INF_INFANT_PBMC_DN	142	56	0.00026791684595904423	0.0024509862821705804
GO_BP::GOBP_T_CELL_DIFFERENTIATION_IN_THYMUS	56	27	0.00027190086560910723	0.0024847237054409594
Immune::GSE19888_ADENOSINE_A3R_INH_VS_ACT_IN_MAST_CELL_DN	73	33	0.00027741977352993346	0.0025296461740680564
Immune::GSE3920_UNTREATED_VS_IFNG_TREATED_FIBROBLAST_DN	73	33	0.00027741977352993346	0.0025296461740680564
Immune::GSE22601_DOUBLE_NEGATIVE_VS_CD4_SINGLE_POSITIVE_THYMOCYTE_UP	133	53	0.00028574621724922693	0.002602741603152839
Immune::GSE13411_NAIVE_VS_IGM_MEMORY_BCELL_UP	76	34	0.0002876371646187229	0.0026142883791836036
Immune::GSE40274_CTRL_VS_EOS_TRANSDUCED_ACTIVATED_CD4_TCELL_DN	76	34	0.0002876371646187229	0.0026142883791836036
Immune::GSE3982_MEMORY_CD4_TCELL_VS_TH2_UP	130	52	0.00029127893742131436	0.002644522733795894
GO_BP::GOBP_NEGATIVE_REGULATION_OF_NUCLEOBASE_CONTAINING_COMPOUND_METABOLIC_PROCESS	725	228	0.00029245148372198347	0.0026522978345337508
Immune::GSE3982_BCELL_VS_CENT_MEMORY_CD4_TCELL_DN	59	28	0.00029438009842151265	0.0026669056648575265
Immune::GSE11057_NAIVE_VS_CENT_MEMORY_CD4_TCELL_UP	79	35	0.0002964299615725226	0.002677421353759278
GO_BP::GOBP_ANTIGEN_PROCESSING_AND_PRESENTATION_OF_PEPTIDE_ANTIGEN	40	21	0.0002968174822977862	0.002677421353759278
GO_BP::GOBP_REGULATION_OF_G_PROTEIN_COUPLED_RECEPTOR_SIGNALING_PATHWAY	40	21	0.0002968174822977862	0.002677421353759278
Immune::GSE37319_WT_VS_RC3H1_KO_CD44LOW_CD8_TCELL_DN	40	21	0.0002968174822977862	0.002677421353759278
GO_BP::GOBP_SUPRAMOLECULAR_FIBER_ORGANIZATION	328	113	0.00030256338086772256	0.0027254519173306323
Immune::GSE32901_NAIVE_VS_TH17_ENRICHED_CD4_TCELL_UP	82	36	0.000303842567600065	0.0027254519173306323
Immune::GSE40274_FOXP3_VS_FOXP3_AND_LEF1_TRANSDUCED_ACTIVATED_CD4_TCELL_DN	82	36	0.000303842567600065	0.0027254519173306323
GO_BP::GOBP_REGULATION_OF_CATALYTIC_ACTIVITY	641	204	0.0003042973208272758	0.0027254519173306323
GO_BP::GOBP_CELL_PROLIFERATION_INVOLVED_IN_KIDNEY_DEVELOPMENT	6	6	0.00030441631261637886	0.0027254519173306323
Reactome::REACTOME_CREATION_OF_C4_AND_C2_ACTIVATORS	6	6	0.00030441631261637886	0.0027254519173306323
Immune::CAO_BLOOD_FLUZONE_AGE_05_14YO_CORRELATED_WITH_H3N1_HI_TITER_1DY_POSITIVE	6	6	0.00030441631261637886	0.0027254519173306323
Immune::GSE25088_ROSIGLITAZONE_VS_IL4_AND_ROSIGLITAZONE_STIM_STAT6_KO_MACROPHAGE_DAY10_UP	121	49	0.00030605735777760056	0.002737223000422485
Immune::GSE3982_BCELL_VS_TH2_UP	85	37	0.0003099315030276318	0.0027684953465362343
Immune::GSE41867_DAY15_EFFECTOR_VS_DAY30_EXHAUSTED_CD8_TCELL_LCMV_CLONE13_UP	118	48	0.00031021404526690433	0.0027684953465362343
GO_BP::GOBP_SENSORY_SYSTEM_DEVELOPMENT	88	38	0.000314762045461681	0.0027971809315445358
Immune::GSE1432_1H_VS_24H_IFNG_MICROGLIA_UP	88	38	0.000314762045461681	0.0027971809315445358
Immune::GSE22025_TGFB1_VS_TGFB1_AND_PROGESTERONE_TREATED_CD4_TCELL_UP	88	38	0.000314762045461681	0.0027971809315445358
Immune::GSE35825_UNTREATED_VS_IFNA_STIM_MACROPHAGE_DN	88	38	0.000314762045461681	0.0027971809315445358
Immune::FLETCHER_PBMC_BCG_10W_INFANT_BCG_STIMULATED_VS_UNSTIMULATED_10W_DN	91	39	0.000318405452318714	0.0028265643804250705
Immune::GSE8685_IL2_ACT_IL2_STARVED_VS_IL21_ACT_IL2_STARVED_CD4_TCELL_UP	94	40	0.0003209366901824253	0.0028370669425182965
Immune::GSE12392_WT_VS_IFNAR_KO_CD8A_NEG_SPLEEN_DC_UP	97	41	0.0003224325994847584	0.0028370669425182965
Immune::GSE3982_EOSINOPHIL_VS_NKCELL_UP	97	41	0.0003224325994847584	0.0028370669425182965
Immune::GSE14415_INDUCED_TREG_VS_TCONV_DN	103	43	0.00032262668282752755	0.0028370669425182965
Immune::GSE25087_FETAL_VS_ADULT_TREG_DN	103	43	0.00032262668282752755	0.0028370669425182965
Immune::GSE3982_DC_VS_EFF_MEMORY_CD4_TCELL_DN	103	43	0.00032262668282752755	0.0028370669425182965
Immune::GSE4984_UNTREATED_VS_GALECTIN1_TREATED_DC_DN	103	43	0.00032262668282752755	0.0028370669425182965
Immune::GSE17974_0.5H_VS_72H_IL4_AND_ANTI_IL12_ACT_CD4_TCELL_UP	146	57	0.00032265536251117855	0.0028370669425182965
Immune::GSE17974_2.5H_VS_72H_IL4_AND_ANTI_IL12_ACT_CD4_TCELL_UP	146	57	0.00032265536251117855	0.0028370669425182965
Immune::GSE4984_UNTREATED_VS_GALECTIN1_TREATED_DC_UP	100	42	0.00032297042914590214	0.0028370669425182965
GO_BP::GOBP_CELLULAR_RESPONSE_TO_LIPID	239	86	0.0003246745407719122	0.002849053057045577
GO_BP::GOBP_ANTIGEN_PROCESSING_AND_PRESENTATION_OF_EXOGENOUS_PEPTIDE_ANTIGEN	25	15	0.00032847154098473926	0.002873355325673595
GO_BP::GOBP_CELLULAR_DEFENSE_RESPONSE	25	15	0.00032847154098473926	0.002873355325673595
GO_BP::GOBP_NEGATIVE_REGULATION_OF_LYMPHOCYTE_APOPTOTIC_PROCESS	25	15	0.00032847154098473926	0.002873355325673595
Immune::GSE40274_CTRL_VS_EOS_TRANSDUCED_ACTIVATED_CD4_TCELL_UP	51	25	0.0003293812759127367	0.002878312003783279
GO_BP::GOBP_RESPONSE_TO_TYPE_II_INTERFERON	65	30	0.0003336638418723094	0.0029127013209852273
GO_BP::GOBP_RESPONSE_TO_PEPTIDE_HORMONE	181	68	0.0003373133103004582	0.0029414982953332057
Immune::GSE21360_NAIVE_VS_QUATERNARY_MEMORY_CD8_TCELL_UP	162	62	0.0003414891804481923	0.002974821116074647
GO_BP::GOBP_MESODERM_DEVELOPMENT	30	17	0.00034205144852614733	0.0029766282175164418
Immune::GSE37416_CTRL_VS_12H_F_TULARENSIS_LVS_NEUTROPHIL_UP	137	54	0.00034745462783119515	0.0030205148941719133
Immune::GOLDRATH_NAIVE_VS_MEMORY_CD8_TCELL_UP	134	53	0.0003554413059856297	0.0030867464968048113
Immune::GSE4590_PRE_BCELL_VS_LARGE_PRE_BCELL_UP	71	32	0.0003649692162324637	0.0031662117424758407
Immune::GSE13411_NAIVE_BCELL_VS_PLASMA_CELL_UP	128	51	0.0003707328670119625	0.003206266001405519
Immune::GSE22140_GERMFREE_VS_SPF_MOUSE_CD4_TCELL_DN	128	51	0.0003707328670119625	0.003206266001405519
Immune::GSE3720_UNSTIM_VS_LPS_STIM_VD1_GAMMADELTA_TCELL_UP	128	51	0.0003707328670119625	0.003206266001405519
Immune::GSE17186_BLOOD_VS_CORD_BLOOD_CD21LOW_TRANSITIONAL_BCELL_UP	153	59	0.00037405638589655256	0.0032316776738271673
GO_BP::GOBP_NEGATIVE_REGULATION_OF_MOLECULAR_FUNCTION	333	114	0.00037607875605944526	0.003245807288665315
GO_BP::GOBP_B_CELL_DIFFERENTIATION	74	33	0.0003776389771852441	0.0032559233089486253
Immune::GSE17721_LPS_VS_POLYIC_8H_BMDC_DN	122	49	0.00038476765448452284	0.003309241270496411
Immune::GSE22025_UNTREATED_VS_PROGESTERONE_TREATED_CD4_TCELL_DN	122	49	0.00038476765448452284	0.003309241270496411
GO_BP::GOBP_NEGATIVE_REGULATION_OF_SIGNALING	570	183	0.0003850064942191557	0.003309241270496411
GO_BP::GOBP_RESPONSE_TO_PEPTIDE	214	78	0.0003865297308918391	0.0033189333801961498
GO_BP::GOBP_POSITIVE_REGULATION_OF_ALPHA_BETA_T_CELL_ACTIVATION	46	23	0.00039343823251436857	0.0033713517186547888
Immune::GSE13522_CTRL_VS_T_CRUZI_Y_STRAIN_INF_SKIN_BALBC_MOUSE_DN	46	23	0.00039343823251436857	0.0033713517186547888
Reactome::REACTOME_SARS_COV_2_HOST_INTERACTIONS	147	57	0.00039613923731204626	0.0033910327161334247
Immune::GSE19941_IL10_KO_VS_IL10_KO_AND_NFKBP50_KO_UNSTIM_MACROPHAGE_DN	80	35	0.000397288995151149	0.0033939484524674025
Immune::GSE30971_CTRL_VS_LPS_STIM_MACROPHAGE_WBP7_HET_2H_UP	80	35	0.000397288995151149	0.0033939484524674025
GO_BP::GOBP_MONOCYTE_DIFFERENTIATION	16	11	0.00040214245105100186	0.00342494723032168
GO_BP::GOBP_NEGATIVE_REGULATION_OF_T_CELL_APOPTOTIC_PROCESS	16	11	0.00040214245105100186	0.00342494723032168
Immune::FULLER_PBMC_F_TULARENSIS_VACCINE_LVS_AGE_22_54YO_192HR_DN	16	11	0.00040214245105100186	0.00342494723032168
GO_BP::GOBP_ERYTHROCYTE_HOMEOSTASIS	83	36	0.00040443547641517687	0.003440982973272737
Immune::GSE1791_CTRL_VS_NEUROMEDINU_IN_T_CELL_LINE_6H_UP	110	45	0.0004070563887799883	0.0034505420680097086
Immune::GSE29618_MONOCYTE_VS_MDC_DN	110	45	0.0004070563887799883	0.0034505420680097086
Immune::GSE36826_WT_VS_IL1R_KO_SKIN_STAPH_AUREUS_INF_DN	110	45	0.0004070563887799883	0.0034505420680097086
Immune::GSE1460_CD4_THYMOCYTE_VS_NAIVE_CD4_TCELL_ADULT_BLOOD_DN	144	56	0.0004072042731350115	0.0034505420680097086
GO_BP::GOBP_REGULATION_OF_PRODUCTION_OF_MOLECULAR_MEDIATOR_OF_IMMUNE_RESPONSE	86	37	0.0004099259790749531	0.0034666018532860704
Immune::GSE24634_NAIVE_CD4_TCELL_VS_DAY10_IL4_CONV_TREG_UP	86	37	0.0004099259790749531	0.0034666018532860704
Immune::GSE26030_UNSTIM_VS_RESTIM_TH1_DAY5_POST_POLARIZATION_UP	104	43	0.0004141019233162325	0.003495669101708275
GO_BP::GOBP_CELLULAR_RESPONSE_TO_BIOTIC_STIMULUS	101	42	0.0004162948094822498	0.003495669101708275
GO_BP::GOBP_NEGATIVE_REGULATION_OF_CELL_ADHESION	101	42	0.0004162948094822498	0.003495669101708275
GO_BP::GOBP_TELENCEPHALON_DEVELOPMENT	92	39	0.0004163643669656683	0.003495669101708275
Immune::GSE14415_NATURAL_TREG_VS_FOXP3_KO_NATURAL_TREG_DN	92	39	0.0004163643669656683	0.003495669101708275
Immune::GSE3982_EOSINOPHIL_VS_TH1_UP	92	39	0.0004163643669656683	0.003495669101708275
Immune::GSE18791_CTRL_VS_NEWCASTLE_VIRUS_DC_1H_DN	60	28	0.0004169036220699177	0.003495669101708275
Immune::GSE24142_ADULT_VS_FETAL_DN2_THYMOCYTE_UP	98	41	0.0004174716867288123	0.003495669101708275
Immune::GSE1460_NAIVE_CD4_TCELL_CORD_BLOOD_VS_THYMIC_STROMAL_CELL_UP	95	40	0.00041753015137819665	0.003495669101708275
Immune::GSE17721_POLYIC_VS_CPG_1H_BMDC_DN	95	40	0.00041753015137819665	0.003495669101708275
Reactome::REACTOME_TRANSLATION	254	90	0.0004318841532064561	0.0036122394429201994
GO_BP::GOBP_CHEMOKINE_PRODUCTION	33	18	0.0004338786125322135	0.0036253064547138833
Immune::GSE37416_0H_VS_48H_F_TULARENSIS_LVS_NEUTROPHIL_UP	135	53	0.00044004032465895905	0.0036694813951928503
Immune::GSE9650_NAIVE_VS_EFF_CD8_TCELL_UP	135	53	0.00044004032465895905	0.0036694813951928503
Immune::GSE37301_PRO_BCELL_VS_GRANULOCYTE_MONOCYTE_PROGENITOR_UP	63	29	0.0004407352428855113	0.0036716265666003516
GO_BP::GOBP_CELL_JUNCTION_ORGANIZATION	189	70	0.000448146298512994	0.0037259656077557055
GO_BP::GOBP_CELL_PART_MORPHOGENESIS	189	70	0.000448146298512994	0.0037259656077557055
GO_BP::GOBP_REGULATION_OF_NERVOUS_SYSTEM_DEVELOPMENT	132	52	0.0004507142695515219	0.0037399030734596612
Immune::GSE22025_PROGESTERONE_VS_TGFB1_AND_PROGESTERONE_TREATED_CD4_TCELL_UP	132	52	0.0004507142695515219	0.0037399030734596612
Immune::GSE22886_NAIVE_VS_MEMORY_TCELL_DN	154	59	0.0004557457711830685	0.0037779162791054957
GO_BP::GOBP_REGULATION_OF_SYSTEM_PROCESS	129	51	0.00046116426606480557	0.0038190592576679704
Immune::GSE23568_ID3_TRANSDUCED_VS_ID3_KO_CD8_TCELL_DN	151	58	0.00046997100850009957	0.0038860129747972164
GO_BP::GOBP_MYELOID_DENDRITIC_CELL_ACTIVATION	14	10	0.000470638834472997	0.0038860129747972164
GO_BP::GOBP_T_HELPER_1_CELL_DIFFERENTIATION	14	10	0.000470638834472997	0.0038860129747972164
GO_BP::GOBP_CD4_POSITIVE_ALPHA_BETA_T_CELL_CYTOKINE_PRODUCTION	8	7	0.00048789758720023006	0.004008788304625592
GO_BP::GOBP_HOMOPHILIC_CELL_ADHESION_VIA_PLASMA_MEMBRANE_ADHESION_MOLECULES	8	7	0.00048789758720023006	0.004008788304625592
GO_BP::GOBP_LEUKOTRIENE_METABOLIC_PROCESS	8	7	0.00048789758720023006	0.004008788304625592
GO_BP::GOBP_MAINTENANCE_OF_BLOOD_BRAIN_BARRIER	8	7	0.00048789758720023006	0.004008788304625592
Immune::FULLER_PBMC_F_TULARENSIS_VACCINE_LVS_AGE_22_54YO_48HR_DN	8	7	0.00048789758720023006	0.004008788304625592
Immune::GSE41867_DAY6_EFFECTOR_VS_DAY30_MEMORY_CD8_TCELL_LCMV_ARMSTRONG_DN	145	56	0.0004987687331811936	0.004094100687531343
Immune::GSE10325_CD4_TCELL_VS_LUPUS_CD4_TCELL_UP	114	46	0.0005077003016514096	0.004151167476173173
Immune::GSE17580_UNINFECTED_VS_S_MANSONI_INF_TEFF_DN	114	46	0.0005077003016514096	0.004151167476173173
Immune::GSE20727_CTRL_VS_H2O2_TREATED_DC_UP	114	46	0.0005077003016514096	0.004151167476173173
Immune::GSE40068_CXCR5NEG_BCL6NEG_CD4_TCELL_VS_CXCR5POS_BCL6NEG_TFH_DN	114	46	0.0005077003016514096	0.004151167476173173
Immune::GSE17721_PAM3CSK4_VS_GADIQUIMOD_1H_BMDC_UP	75	33	0.0005086945220963144	0.004155246685361228
Immune::GSE24671_CTRL_VS_BAKIMULC_INFECTED_MOUSE_SPLENOCYTES_UP	142	55	0.0005132677518813934	0.0041803914277019506
Immune::GSE36527_CD62L_HIGH_VS_CD62L_LOW_TREG_CD69_NEG_KLRG1_NEG_UP	142	55	0.0005132677518813934	0.0041803914277019506
Immune::GSE37416_0H_VS_6H_F_TULARENSIS_LVS_NEUTROPHIL_DN	142	55	0.0005132677518813934	0.0041803914277019506
Immune::GSE29618_MONOCYTE_VS_MDC_DAY7_FLU_VACCINE_UP	111	45	0.0005153027907537832	0.00419289535560959
Immune::GSE43863_NAIVE_VS_MEMORY_TH1_CD4_TCELL_D150_LCMV_UP	55	26	0.0005176815139994693	0.00420816881874181
GO_BP::GOBP_OSTEOBLAST_DIFFERENTIATION	78	34	0.0005192511875834812	0.004212764228856696
Immune::GSE22589_SIV_VS_HIV_AND_SIV_INFECTED_DC_UP	78	34	0.0005192511875834812	0.004212764228856696
Immune::GSE8515_IL1_VS_IL6_4H_STIM_MAC_UP	108	44	0.000522116776413546	0.004231920422544191
Reactome::REACTOME_NEPHRIN_FAMILY_INTERACTIONS	12	9	0.0005263162758774086	0.00425080405558751
Immune::PATEL_SKIN_OF_BODY_ZOSTAVAX_AGE_70_93YO_VZV_CHALLENGED_POST_VACCINATION_VS_UNCHALLENGED_72HR_TOP_30_DEG_UP	12	9	0.0005263162758774086	0.00425080405558751
Immune::GSE17974_0H_VS_0.5H_IN_VITRO_ACT_CD4_TCELL_DN	81	35	0.000527486830595613	0.00425080405558751
Immune::GSE25123_IL4_VS_IL4_AND_ROSIGLITAZONE_STIM_MACROPHAGE_DAY10_UP	81	35	0.000527486830595613	0.00425080405558751
Immune::GSE36392_TYPE_2_MYELOID_VS_NEUTROPHIL_IL25_TREATED_LUNG_UP	81	35	0.000527486830595613	0.00425080405558751
Immune::GSE41176_UNSTIM_VS_ANTI_IGM_STIM_BCELL_3H_UP	81	35	0.000527486830595613	0.00425080405558751
Immune::GSE17721_LPS_VS_GARDIQUIMOD_2H_BMDC_UP	105	43	0.0005280328599378093	0.004251120596946528
Immune::GSE17721_CTRL_VS_GARDIQUIMOD_1H_BMDC_DN	102	42	0.0005329339186647371	0.004286464663162493
Immune::GSE11386_NAIVE_VS_MEMORY_BCELL_DN	99	41	0.0005366951698124543	0.004307459904327586
Immune::GSE1460_CD4_THYMOCYTE_VS_NAIVE_CD4_TCELL_CORD_BLOOD_DN	99	41	0.0005366951698124543	0.004307459904327586
Immune::GSE14415_ACT_TCONV_VS_ACT_NATURAL_TREG_UP	87	37	0.0005375981070247924	0.004307459904327586
Immune::GSE27859_MACROPHAGE_VS_DC_UP	87	37	0.0005375981070247924	0.004307459904327586
Immune::GSE7764_NKCELL_VS_SPLENOCYTE_UP	90	38	0.0005397838647481981	0.004316439645828725
GO_BP::GOBP_COGNITION	93	39	0.0005402624422601217	0.004316439645828725
Immune::GSE21063_CTRL_VS_ANTI_IGM_STIM_BCELL_3H_UP	93	39	0.0005402624422601217	0.004316439645828725
GO_BP::GOBP_REGULATION_OF_TRANSLATION_IN_RESPONSE_TO_ENDOPLASMIC_RETICULUM_STRESS	10	8	0.0005452288916397768	0.004347837615937346
Reactome::REACTOME_FCGR_ACTIVATION	10	8	0.0005452288916397768	0.004347837615937346
GO_BP::GOBP_CIRCULATORY_SYSTEM_PROCESS	130	51	0.0005708370731637673	0.004539101617792269
Immune::GSE13485_PRE_VS_POST_YF17D_VACCINATION_PBMC_DN	130	51	0.0005708370731637673	0.004539101617792269
Immune::GSE17974_0.5H_VS_72H_UNTREATED_IN_VITRO_CD4_TCELL_UP	130	51	0.0005708370731637673	0.004539101617792269
Reactome::REACTOME_TRANSCRIPTIONAL_REGULATION_BY_MECP2	31	17	0.0005754784300584061	0.004571674763030274
Immune::GSE42021_CD24HI_VS_CD24LOW_TCONV_THYMUS_DN	127	50	0.000584829204269567	0.004641563098029704
Reactome::REACTOME_FCERI_MEDIATED_MAPK_ACTIVATION	26	15	0.0005910012683395705	0.004686114971739751
Immune::GSE33425_CD8_ALPHAALPHA_VS_ALPHABETA_CD161_HIGH_TCELL_DN	124	49	0.0005985201137089243	0.00473231407531024
Immune::GSE339_CD4POS_VS_CD8POS_DC_UP	124	49	0.0005985201137089243	0.00473231407531024
Immune::GSE43863_TFH_VS_LY6C_LOW_CXCR5NEG_EFFECTOR_CD4_TCELL_UP	124	49	0.0005985201137089243	0.00473231407531024
Immune::GSE21927_SPLEEN_C57BL6_VS_EL4_TUMOR_BALBC_MONOCYTES_UP	165	62	0.0006023662442636974	0.0047582395698005245
GO_BP::GOBP_IMMUNE_RESPONSE_REGULATING_SIGNALING_PATHWAY	253	89	0.0006067658061018709	0.004788483863959168
Immune::GSE32901_NAIVE_VS_TH17_NEG_CD4_TCELL_UP	64	29	0.0006086767080868831	0.004794543571963252
Immune::GSE3565_DUSP1_VS_WT_SPLENOCYTES_POST_LPS_INJECTION_DN	64	29	0.0006086767080868831	0.004794543571963252
GO_BP::GOBP_MUSCLE_CELL_DIFFERENTIATION	118	47	0.000624654137872755	0.004906576369489271
GO_BP::GOBP_MUSCLE_TISSUE_DEVELOPMENT	118	47	0.000624654137872755	0.004906576369489271
GO_BP::GOBP_RHYTHMIC_PROCESS	118	47	0.000624654137872755	0.004906576369489271
GO_BP::GOBP_CENTRAL_NERVOUS_SYSTEM_DEVELOPMENT	337	114	0.0006269059746872442	0.004919657831292135
GO_BP::GOBP_REGULATION_OF_LEUKOCYTE_MEDIATED_IMMUNITY	115	46	0.0006369034010581046	0.004984125589063842
Immune::GSE11961_MARGINAL_ZONE_BCELL_VS_GERMINAL_CENTER_BCELL_DAY40_UP	115	46	0.0006369034010581046	0.004984125589063842
Immune::GSE40277_GATA1_AND_SATB1_TRANSDUCED_VS_CTRL_CD4_TCELL_UP	115	46	0.0006369034010581046	0.004984125589063842
Immune::GSE21774_CD62L_POS_CD56_BRIGHT_VS_CD62L_NEG_CD56_DIM_NK_CELL_UP	50	24	0.0006376182854843748	0.0049850697082277915
Immune::GSE7831_UNSTIM_VS_CPG_STIM_PDC_1H_UP	140	54	0.0006461212518200171	0.005046844675528979
GO_BP::GOBP_REGULATION_OF_EPITHELIAL_CELL_PROLIFERATION	112	45	0.000648462646926174	0.005055718536304529
Immune::GSE14699_NAIVE_VS_ACT_CD8_TCELL_DN	112	45	0.000648462646926174	0.005055718536304529
GO_BP::GOBP_LEUKOCYTE_APOPTOTIC_PROCESS	70	31	0.0006504337055076871	0.0050616775097439585
GO_BP::GOBP_MUSCLE_CELL_PROLIFERATION	70	31	0.0006504337055076871	0.0050616775097439585
Reactome::REACTOME_ADAPTIVE_IMMUNE_SYSTEM	471	153	0.0006560205535362702	0.005100423006131391
Immune::GSE29949_MICROGLIA_BRAIN_VS_MONOCYTE_BONE_MARROW_DN	137	53	0.0006651494372597475	0.005163838945650506
Immune::GSE21360_NAIVE_VS_PRIMARY_MEMORY_CD8_TCELL_UP	73	32	0.0006660238096547678	0.005163838945650506
Immune::GSE3920_IFNA_VS_IFNB_TREATED_ENDOTHELIAL_CELL_UP	73	32	0.0006660238096547678	0.005163838945650506
GO_BP::GOBP_REGULATION_OF_CELL_CYCLE_G1_S_PHASE_TRANSITION	103	42	0.0006777356220280617	0.005244812014666413
GO_BP::GOBP_NEGATIVE_REGULATION_OF_CELL_CELL_ADHESION	76	33	0.0006783431917884203	0.005244812014666413
Immune::GSE28726_NAIVE_VS_ACTIVATED_VA24NEG_NKTCELL_DN	76	33	0.0006783431917884203	0.005244812014666413
Immune::GSE6674_PL2_3_VS_ANTI_IGM_AND_CPG_STIM_BCELL_DN	134	52	0.0006841962194133006	0.005277509943659732
Immune::GSE360_HIGH_DOSE_B_MALAYI_VS_M_TUBERCULOSIS_MAC_DN	100	41	0.0006852157523095515	0.005277509943659732
GO_BP::GOBP_MIRNA_METABOLIC_PROCESS	53	25	0.0006868380404101201	0.005277509943659732
GO_BP::GOBP_NEURAL_PRECURSOR_CELL_PROLIFERATION	53	25	0.0006868380404101201	0.005277509943659732
Immune::GSE16385_UNTREATED_VS_12H_ROSIGLITAZONE_IFNG_TNF_TREATED_MACROPHAGE_UP	79	34	0.0006876050027917615	0.005277509943659732
Immune::GSE23502_WT_VS_HDC_KO_MYELOID_DERIVED_SUPPRESSOR_CELL_COLON_TUMOR_UP	79	34	0.0006876050027917615	0.005277509943659732
Immune::GSE46606_IRF4_KO_VS_WT_UNSTIM_BCELL_DN	79	34	0.0006876050027917615	0.005277509943659732
Immune::GSE9988_ANTI_TREM1_VS_VEHICLE_TREATED_MONOCYTES_UP	79	34	0.0006876050027917615	0.005277509943659732
Immune::GSE12392_IFNAR_KO_VS_IFNB_KO_CD8_NEG_SPLEEN_DC_DN	97	40	0.0006912909345181857	0.005283448982471421
Immune::GSE21360_SECONDARY_VS_QUATERNARY_MEMORY_CD8_TCELL_DN	97	40	0.0006912909345181857	0.005283448982471421
Immune::GSE36888_UNTREATED_VS_IL2_TREATED_STAT5_AB_KNOCKIN_TCELL_2H_DN	97	40	0.0006912909345181857	0.005283448982471421
Immune::GSE21670_UNTREATED_VS_IL6_TREATED_STAT3_KO_CD4_TCELL_DN	153	58	0.0006916859164313035	0.005283448982471421
Immune::GSE32164_RESTING_DIFFERENTIATED_VS_CMYC_INHIBITED_MACROPHAGE_DN	153	58	0.0006916859164313035	0.005283448982471421
GO_BP::GOBP_T_CELL_CYTOKINE_PRODUCTION	19	12	0.000692157638781272	0.005283448982471421
Immune::GSE1460_DP_THYMOCYTE_VS_NAIVE_CD4_TCELL_CORD_BLOOD_DN	82	35	0.0006940304306986811	0.005292928439210215
Immune::GSE13547_CTRL_VS_ANTI_IGM_STIM_BCELL_2H_UP	85	36	0.0006978428640279068	0.005317169651525986
Immune::GSE40274_CTRL_VS_GATA1_TRANSDUCED_ACTIVATED_CD4_TCELL_DN	91	38	0.0006985080095089603	0.005317408068757411
Reactome::REACTOME_LEISHMANIA_INFECTION	88	37	0.0006992634850215584	0.005318333069669858
GO_BP::GOBP_NEGATIVE_REGULATION_OF_LEUKOCYTE_MEDIATED_IMMUNITY	34	18	0.0007001114632032197	0.005319959297836784
Immune::GSE41867_NAIVE_VS_DAY15_LCMV_EFFECTOR_CD8_TCELL_DN	128	50	0.0007220704461013652	0.005476041214717183
Immune::KAECH_NAIVE_VS_DAY8_EFF_CD8_TCELL_DN	128	50	0.0007220704461013652	0.005476041214717183
Immune::GSE9006_HEALTHY_VS_TYPE_1_DIABETES_PBMC_4MONTH_POST_DX_UP	166	62	0.0007226102783039602	0.005476041214717183
GO_BP::GOBP_FOREBRAIN_DEVELOPMENT	125	49	0.0007407390054042794	0.005603299834388187
Immune::GSE41176_UNSTIM_VS_ANTI_IGM_STIM_BCELL_24H_DN	125	49	0.0007407390054042794	0.005603299834388187
Immune::GSE22886_UNSTIM_VS_IL2_STIM_NKCELL_UP	122	48	0.0007591069118803675	0.005731906286016564
Immune::GSE39820_CTRL_VS_IL1B_IL6_IL23A_CD4_TCELL_DN	122	48	0.0007591069118803675	0.005731906286016564
GO_BP::GOBP_RESPONSE_TO_WOUNDING	176	65	0.0007699086492737983	0.0058082407003218475
GO_BP::GOBP_NEGATIVE_REGULATION_OF_LYMPHOCYTE_DIFFERENTIATION	24	14	0.000775110484387262	0.00584222987738072
Immune::GSE19198_1H_VS_6H_IL21_TREATED_TCELL_DN	119	47	0.0007770700080383586	0.005851741739168574
GO_BP::GOBP_RESPONSE_TO_ORGANIC_CYCLIC_COMPOUND	332	112	0.0007811654718226577	0.00587730685481639
Immune::GSE37605_FOXP3_FUSION_GFP_VS_IRES_GFP_TREG_C57BL6_UP	62	28	0.0008022522407454632	0.006030550221876068
Immune::GSE12845_IGD_POS_BLOOD_VS_NAIVE_TONSIL_BCELL_UP	113	45	0.0008113075847773599	0.006087709596330298
Immune::GSE22886_NAIVE_TCELL_VS_NKCELL_DN	113	45	0.0008113075847773599	0.006087709596330298
GO_BP::GOBP_HOMOTYPIC_CELL_CELL_ADHESION	37	19	0.0008199500547219071	0.006147060776641714
Immune::GSE26669_CTRL_VS_COSTIM_BLOCK_MLR_CD8_TCELL_DN	110	44	0.0008273136365248754	0.006191199015885085
Immune::GSE7852_TREG_VS_TCONV_UP	110	44	0.0008273136365248754	0.006191199015885085
Immune::GSE360_DC_VS_MAC_B_MALAYI_HIGH_DOSE_DN	107	43	0.0008423763020988531	0.0062983019592756494
GO_BP::GOBP_POSITIVE_REGULATION_OF_ADAPTIVE_IMMUNE_RESPONSE	68	30	0.0008532604041457336	0.006368328763681992
Immune::GSE16266_LPS_VS_HEATSHOCK_AND_LPS_STIM_MEF_UP	68	30	0.0008532604041457336	0.006368328763681992
Immune::GSE21546_ELK1_KO_VS_SAP1A_KO_AND_ELK1_KO_ANTI_CD3_STIM_DP_THYMOCYTES_DN	104	42	0.0008563261921231718	0.006374197360888455
Immune::GSE34156_UNTREATED_VS_6H_NOD2_LIGAND_TREATED_MONOCYTE_DN	104	42	0.0008563261921231718	0.006374197360888455
Immune::GSE5503_MLN_DC_VS_SPLEEN_DC_ACTIVATED_ALLOGENIC_TCELL_UP	104	42	0.0008563261921231718	0.006374197360888455
GO_BP::GOBP_SKELETAL_SYSTEM_DEVELOPMENT	132	51	0.0008621641475244921	0.0064062843521549735
Immune::GSE6674_ANTI_IGM_VS_CPG_STIM_BCELL_UP	132	51	0.0008621641475244921	0.0064062843521549735
Immune::GSE22886_NAIVE_TCELL_VS_NKCELL_UP	167	62	0.0008638361359191251	0.006413027738252691
GO_BP::GOBP_MYELOID_CELL_HOMEOSTASIS	101	41	0.0008689783965748735	0.006439805449528811
Immune::GSE40274_FOXP3_VS_FOXP3_AND_IRF4_TRANSDUCED_ACTIVATED_CD4_TCELL_DN	101	41	0.0008689783965748735	0.006439805449528811
GO_BP::GOBP_ANTIGEN_PROCESSING_AND_PRESENTATION_OF_ENDOGENOUS_ANTIGEN	17	11	0.0008723830377439413	0.006453634306555488
GO_BP::GOBP_NEGATIVE_REGULATION_OF_B_CELL_ACTIVATION	17	11	0.0008723830377439413	0.006453634306555488
GO_BP::GOBP_NEGATIVE_REGULATION_OF_PROTEOLYSIS	98	40	0.0008801317950625821	0.0064994943915316905
Immune::GSE3982_EOSINOPHIL_VS_DC_UP	98	40	0.0008801317950625821	0.0064994943915316905
GO_BP::GOBP_POSITIVE_REGULATION_OF_LYMPHOCYTE_DIFFERENTIATION	74	32	0.0008857455867744055	0.006535197649472724
GO_BP::GOBP_CELL_JUNCTION_ASSEMBLY	95	39	0.0008895685056983015	0.00655763637460725
GO_BP::GOBP_CELLULAR_RESPONSE_TO_ORGANIC_CYCLIC_COMPOUND	216	77	0.000894183654593211	0.0065838863616352735
Immune::GSE3920_IFNB_VS_IFNG_TREATED_ENDOTHELIAL_CELL_UP	77	33	0.0008958104328549832	0.0065838863616352735
Immune::GSE9509_LPS_VS_LPS_AND_IL10_STIM_IL10_KO_MACROPHAGE_30MIN_DN	77	33	0.0008958104328549832	0.0065838863616352735
Immune::GSE11961_GERMINAL_CENTER_BCELL_DAY7_VS_GERMINAL_CENTER_BCELL_DAY40_DN	92	38	0.0008970535357431301	0.0065838863616352735
Immune::GSE17721_PAM3CSK4_VS_CPG_2H_BMDC_DN	92	38	0.0008970535357431301	0.0065838863616352735
Immune::GSE3920_IFNA_VS_IFNB_TREATED_ENDOTHELIAL_CELL_DN	80	34	0.0009021863997435189	0.006615770723294039
Immune::GSE28726_NAIVE_CD4_TCELL_VS_NAIVE_VA24NEG_NKTCELL_DN	86	36	0.0009051430211940331	0.006626236985388508
Immune::GSE14386_UNTREATED_VS_IFNA_TREATED_ACT_PBMC_MS_PATIENT_DN	83	35	0.0009051934181970711	0.006626236985388508
Reactome::REACTOME_SARS_COV_2_INFECTION	203	73	0.0009106743284300351	0.0066483853498217034
GO_BP::GOBP_REGULATION_OF_LEUKOCYTE_APOPTOTIC_PROCESS	51	24	0.0009116067384369418	0.0066483853498217034
Immune::GSE17721_LPS_VS_GARDIQUIMOD_6H_BMDC_UP	126	49	0.0009121816113535321	0.0066483853498217034
Immune::GSE20727_CTRL_VS_H2O2_TREATED_DC_DN	126	49	0.0009121816113535321	0.0066483853498217034
Immune::GSE31082_DP_VS_CD8_SP_THYMOCYTE_DN	126	49	0.0009121816113535321	0.0066483853498217034
Immune::GSE17974_1.5H_VS_72H_IL4_AND_ANTI_IL12_ACT_CD4_TCELL_UP	145	55	0.000924644164532809	0.006727528097368373
Immune::GSE41867_NAIVE_VS_DAY8_LCMV_EFFECTOR_CD8_TCELL_DN	145	55	0.000924644164532809	0.006727528097368373
GO_BP::GOBP_EMBRYONIC_PLACENTA_DEVELOPMENT	32	17	0.0009332192986667303	0.006766444854377875
GO_BP::GOBP_INTRINSIC_APOPTOTIC_SIGNALING_PATHWAY_IN_RESPONSE_TO_DNA_DAMAGE_BY_P53_CLASS_MEDIATOR	32	17	0.0009332192986667303	0.006766444854377875
GO_BP::GOBP_NEGATIVE_REGULATION_OF_LEUKOCYTE_APOPTOTIC_PROCESS	32	17	0.0009332192986667303	0.006766444854377875
Reactome::REACTOME_CLASS_A_1_RHODOPSIN_LIKE_RECEPTORS	32	17	0.0009332192986667303	0.006766444854377875
GO_BP::GOBP_ANTIGEN_RECEPTOR_MEDIATED_SIGNALING_PATHWAY	123	48	0.0009370044603172841	0.006776319325518704
Immune::GSE22601_IMMATURE_CD4_SINGLE_POSITIVE_VS_DOUBLE_POSITIVE_THYMOCYTE_DN	123	48	0.0009370044603172841	0.006776319325518704
Immune::GSE40068_BCL6_POS_VS_NEG_CXCR5_POS_TFH_DN	123	48	0.0009370044603172841	0.006776319325518704
GO_BP::GOBP_CELL_CYCLE_G1_S_PHASE_TRANSITION	142	54	0.0009558859554290029	0.006889112783585829
GO_BP::GOBP_NEGATIVE_REGULATION_OF_DEFENSE_RESPONSE	142	54	0.0009558859554290029	0.006889112783585829
Immune::GSE23568_CTRL_TRANSDUCED_VS_WT_CD8_TCELL_DN	142	54	0.0009558859554290029	0.006889112783585829
Immune::GSE31082_DP_VS_CD4_SP_THYMOCYTE_DN	142	54	0.0009558859554290029	0.006889112783585829
GO_BP::GOBP_POSITIVE_REGULATION_OF_IMMUNE_EFFECTOR_PROCESS	120	47	0.0009615551319074753	0.00692402231894576
Immune::NAKAYA_MONOCYTE_FLUARIX_FLUVIRIN_AGE_18_50YO_7DY_DN	54	25	0.0009676643049590538	0.0069620376108932265
Immune::GSE2197_IMMUNOSUPPRESSIVE_DNA_VS_UNTREATED_IN_DC_UP	117	46	0.0009857054752315483	0.007079694547703303
Immune::GSE7460_CTRL_VS_TGFB_TREATED_ACT_FOXP3_HET_TCONV_DN	117	46	0.0009857054752315483	0.007079694547703303
GO_BP::GOBP_AMIDE_BIOSYNTHETIC_PROCESS	587	185	0.0009923141311595043	0.0071210635126578966
Immune::GSE16450_CTRL_VS_IFNA_6H_STIM_MATURE_NEURON_CELL_LINE_DN	155	58	0.0010023334472656464	0.007180679153809998
Immune::GSE32986_UNSTIM_VS_GMCSF_AND_CURDLAN_LOWDOSE_STIM_DC_DN	155	58	0.0010023334472656464	0.007180679153809998
Immune::GSE15735_CTRL_VS_HDAC_INHIBITOR_TREATED_CD4_TCELL_12H_DN	114	45	0.0010093123346421107	0.007217240050978391
Immune::GSE40443_INDUCED_VS_TOTAL_TREG_DN	114	45	0.0010093123346421107	0.007217240050978391
GO_BP::GOBP_ANTIVIRAL_INNATE_IMMUNE_RESPONSE	27	15	0.0010127595949828748	0.007217240050978391
GO_BP::GOBP_POSITIVE_REGULATION_OF_CHEMOKINE_PRODUCTION	27	15	0.0010127595949828748	0.007217240050978391
GO_BP::GOBP_REGULATION_OF_DEFENSE_RESPONSE_TO_VIRUS_BY_HOST	27	15	0.0010127595949828748	0.007217240050978391
Immune::FLETCHER_PBMC_BCG_10W_INFANT_PPD_STIMULATED_VS_UNSTIMULATED_10W_UP	27	15	0.0010127595949828748	0.007217240050978391
GO_BP::GOBP_PYROPTOSIS	22	13	0.001014319468363753	0.007217240050978391
Immune::GSE19825_NAIVE_VS_IL2RALOW_DAY3_EFF_CD8_TCELL_UP	22	13	0.001014319468363753	0.007217240050978391
Immune::GSE13547_2H_VS_12_H_ANTI_IGM_STIM_BCELL_UP	57	26	0.0010161660691577153	0.007218134762204974
Immune::GSE19923_WT_VS_HEB_KO_DP_THYMOCYTE_UP	57	26	0.0010161660691577153	0.007218134762204974
Immune::GSE17721_PAM3CSK4_VS_GADIQUIMOD_8H_BMDC_DN	136	52	0.001019728252651121	0.007225084722542445
Immune::GSE2770_TGFB_AND_IL4_ACT_VS_ACT_CD4_TCELL_2H_UP	136	52	0.001019728252651121	0.007225084722542445
Immune::GSE37416_12H_VS_24H_F_TULARENSIS_LVS_NEUTROPHIL_UP	136	52	0.001019728252651121	0.007225084722542445
Immune::GSE21927_C26GM_VS_4T1_TUMOR_MONOCYTE_BALBC_DN	168	62	0.0010291224058221692	0.007285491867039811
Immune::GSE7852_LN_VS_THYMUS_TCONV_UP	111	44	0.0010322162815088758	0.0073012330401163224
Reactome::REACTOME_SIGNALING_BY_ALK_IN_CANCER	43	21	0.0010354178711163542	0.007317708947594857
Immune::GSE18893_TCONV_VS_TREG_2H_TNF_STIM_DN	133	51	0.0010521978980816524	0.007430040544618672
Immune::GSE13484_UNSTIM_VS_12H_YF17D_VACCINE_STIM_PBMC_DN	108	43	0.0010542402960137481	0.007438201718468742
Immune::NAKAYA_B_CELL_FLUMIST_AGE_18_50YO_7DY_DN	267	92	0.0010634361435422634	0.0074967779900639055
Immune::GSE12845_IGD_POS_BLOOD_VS_DARKZONE_GC_TONSIL_BCELL_UP	105	42	0.0010751884135800805	0.007554234172130063
Immune::GSE21379_TFH_VS_NON_TFH_CD4_TCELL_UP	105	42	0.0010751884135800805	0.007554234172130063
Immune::GSE41867_MEMORY_VS_EXHAUSTED_CD8_TCELL_DAY30_LCMV_UP	105	42	0.0010751884135800805	0.007554234172130063
Immune::GSE42724_NAIVE_VS_B1_BCELL_UP	105	42	0.0010751884135800805	0.007554234172130063
Immune::GSE41867_DAY6_EFFECTOR_VS_DAY30_MEMORY_CD8_TCELL_LCMV_ARMSTRONG_UP	149	56	0.0010771138764729311	0.007561429547892401
GO_BP::GOBP_NEGATIVE_REGULATION_OF_PROTEIN_METABOLIC_PROCESS	462	149	0.0010826821707346625	0.007584553318480377
GO_BP::GOBP_ANTIGEN_PROCESSING_AND_PRESENTATION_OF_ENDOGENOUS_PEPTIDE_ANTIGEN	15	10	0.0010834005472498676	0.007584553318480377
GO_BP::GOBP_RIBOSOMAL_SMALL_SUBUNIT_ASSEMBLY	15	10	0.0010834005472498676	0.007584553318480377
Immune::GSE25085_FETAL_BM_VS_ADULT_BM_SP4_THYMIC_IMPLANT_UP	130	50	0.001084928356440154	0.007584553318480377
Immune::GSE2770_IL4_ACT_VS_ACT_CD4_TCELL_2H_DN	130	50	0.001084928356440154	0.007584553318480377
GO_BP::GOBP_B_CELL_MEDIATED_IMMUNITY	63	28	0.0010914658390334243	0.007617559836648416
Immune::GSE3720_LPS_VS_PMA_STIM_VD2_GAMMADELTA_TCELL_UP	63	28	0.0010914658390334243	0.007617559836648416
Immune::GSE19198_1H_VS_24H_IL21_TREATED_TCELL_DN	102	41	0.0010948443571374244	0.0076221156116397125
Immune::GSE32255_UNSTIM_VS_4H_LPS_STIM_DC_UP	102	41	0.0010948443571374244	0.0076221156116397125
Immune::GSE5589_LPS_VS_LPS_AND_IL10_STIM_IL10_KO_MACROPHAGE_45MIN_DN	102	41	0.0010948443571374244	0.0076221156116397125
Immune::GSE37301_PRO_BCELL_VS_GRANULOCYTE_MONOCYTE_PROGENITOR_DN	99	40	0.0011129701850626675	0.00772906198881682
Immune::GSE40666_NAIVE_VS_EFFECTOR_CD8_TCELL_DN	99	40	0.0011129701850626675	0.00772906198881682
Immune::GSE7768_OVA_WITH_LPS_VS_OVA_WITH_MPL_IMMUNIZED_MOUSE_WHOLE_SPLEEN_6H_DN	99	40	0.0011129701850626675	0.00772906198881682
Immune::GSE33374_CD8_ALPHAALPHA_VS_ALPHABETA_CD161_HIGH_TCELL_DN	146	55	0.0011158107339500048	0.007742379029864839
Immune::GSE411_UNSTIM_VS_100MIN_IL6_STIM_MACROPHAGE_DN	127	49	0.001117826072213969	0.007748576324953151
GO_BP::GOBP_POSITIVE_REGULATION_OF_PRODUCTION_OF_MOLECULAR_MEDIATOR_OF_IMMUNE_RESPONSE	66	29	0.0011189857817014918	0.007748576324953151
GO_BP::GOBP_RESPONSE_TO_GROWTH_FACTOR	244	85	0.0011194748487117915	0.007748576324953151
GO_BP::GOBP_NEGATIVE_REGULATION_OF_PEPTIDASE_ACTIVITY	46	22	0.0011282787172139928	0.007778111338882469
Immune::GSE22103_UNSTIM_VS_LPS_STIM_NEUTROPHIL_DN	96	39	0.0011293049959183272	0.007778111338882469
Immune::GSE24081_CONTROLLER_VS_PROGRESSOR_HIV_SPECIFIC_CD8_TCELL_UP	96	39	0.0011293049959183272	0.007778111338882469
Immune::GSE2585_THYMIC_DC_VS_MTEC_DN	96	39	0.0011293049959183272	0.007778111338882469
Immune::GSE369_PRE_VS_POST_IL6_INJECTION_IFNG_KO_LIVER_DN	96	39	0.0011293049959183272	0.007778111338882469
Immune::GSE40277_EOS_AND_LEF1_TRANSDUCED_VS_GATA1_AND_SATB1_TRANSDUCED_CD4_TCELL_UP	96	39	0.0011293049959183272	0.007778111338882469
GO_BP::GOBP_NEGATIVE_REGULATION_OF_CELL_POPULATION_PROLIFERATION	291	99	0.0011316317116736453	0.007787742763929624
Immune::GSE24574_BCL6_HIGH_TFH_VS_TFH_CD4_TCELL_UP	69	30	0.0011403272025703305	0.007841151559313527
Immune::GSE37301_RAG2_KO_VS_RAG2_AND_ETS1_KO_NK_CELL_UP	93	38	0.001143563745785935	0.00785696663668977
Immune::GSE11961_FOLLICULAR_BCELL_VS_PLASMA_CELL_DAY7_DN	124	48	0.0011507840476488794	0.007880813497441972
Immune::GSE37416_0H_VS_12H_F_TULARENSIS_LVS_NEUTROPHIL_UP	124	48	0.0011507840476488794	0.007880813497441972
Immune::GSE16385_IFNG_TNF_VS_UNSTIM_MACROPHAGE_ROSIGLITAZONE_TREATED_DN	159	59	0.0011552272712655623	0.007880813497441972
Immune::GSE21670_UNTREATED_VS_IL6_TREATED_CD4_TCELL_DN	143	54	0.0011553310919345094	0.007880813497441972
Immune::GSE27786_LIN_NEG_VS_CD4_TCELL_DN	143	54	0.0011553310919345094	0.007880813497441972
Immune::GSE18791_CTRL_VS_NEWCASTLE_VIRUS_DC_18H_DN	90	37	0.0011554362530357403	0.007880813497441972
Immune::GSE27241_CTRL_VS_DIGOXIN_TREATED_RORGT_KO_CD4_TCELL_IN_TH17_POLARIZING_CONDITIONS_DN	90	37	0.0011554362530357403	0.007880813497441972
Immune::GSE40274_FOXP3_VS_FOXP3_AND_GATA1_TRANSDUCED_ACTIVATED_CD4_TCELL_DN	90	37	0.0011554362530357403	0.007880813497441972
Immune::QI_PBMC_ZOSTAVAX_AGE_50_75YO_CORRELATED_WITH_CONTRACTION_OF_VZV_SPECIFIC_T_CELLS_PEAK_TO_28DY_AT_1DYPOSITIVE	221	78	0.001155489403010326	0.007880813497441972
Immune::GSE17721_LPS_VS_PAM3CSK4_1H_BMDC_DN	87	36	0.0011645864900193792	0.007903201986482745
Immune::GSE14415_NATURAL_TREG_VS_FOXP3_KO_NATURAL_TREG_UP	75	32	0.0011663417279301927	0.007903201986482745
Immune::GSE24634_TREG_VS_TCONV_POST_DAY7_IL4_CONVERSION_DN	75	32	0.0011663417279301927	0.007903201986482745
Immune::GSE3039_CD4_TCELL_VS_B2_BCELL_UP	75	32	0.0011663417279301927	0.007903201986482745
Immune::GSE4590_SMALL_VS_LARGE_PRE_BCELL_UP	75	32	0.0011663417279301927	0.007903201986482745
Immune::GSE36888_UNTREATED_VS_IL2_TREATED_TCELL_17H_DN	78	33	0.0011719538793874178	0.007903201986482745
Immune::GSE7460_CTRL_VS_TGFB_TREATED_ACT_TREG_DN	78	33	0.0011719538793874178	0.007903201986482745
Immune::GSE9006_HEALTHY_VS_TYPE_1_DIABETES_PBMC_AT_DX_DN	81	34	0.0011732456625313656	0.007903201986482745
GO_BP::GOBP_DETECTION_OF_EXTERNAL_BIOTIC_STIMULUS	5	5	0.0011747875643275698	0.007903201986482745
GO_BP::GOBP_POSITIVE_REGULATION_OF_NITRIC_OXIDE_SYNTHASE_ACTIVITY	5	5	0.0011747875643275698	0.007903201986482745
GO_BP::GOBP_POSITIVE_REGULATION_OF_TRANSLATION_IN_RESPONSE_TO_ENDOPLASMIC_RETICULUM_STRESS	5	5	0.0011747875643275698	0.007903201986482745
GO_BP::GOBP_REGULATION_OF_CELL_PROLIFERATION_INVOLVED_IN_KIDNEY_DEVELOPMENT	5	5	0.0011747875643275698	0.007903201986482745
GO_BP::GOBP_RENAL_SYSTEM_VASCULATURE_DEVELOPMENT	5	5	0.0011747875643275698	0.007903201986482745
Reactome::REACTOME_SYNTHESIS_OF_LEUKOTRIENES_LT_AND_EOXINS_EX	5	5	0.0011747875643275698	0.007903201986482745
Immune::BUCASAS_PBMC_FLUARIX_FLUVIRIN_CAUCASIAN_MALE_AGE_18_40YO_HIGH_RESPONDERS_1DY_3DY_POSITIVE_PREDICTIVE_OF_TITER	5	5	0.0011747875643275698	0.007903201986482745
Immune::LI_PBMC_MENACTRA_AGE_18_45YO_ANTI_POLYSACCHARIDE_ANTIBODY_CORRELATION_PROFILE_3DY_UP	5	5	0.0011747875643275698	0.007903201986482745
Immune::THAKAR_PBMC_INACTIVATED_INFLUENZA_AGE_70PLS_VS_21_30YO_0DY_UP	5	5	0.0011747875643275698	0.007903201986482745
Immune::GSE17721_0.5H_VS_4H_GARDIQUIMOD_BMDC_DN	121	47	0.0011836804595902913	0.007950276521619658
Immune::GSE17721_LPS_VS_PAM3CSK4_12H_BMDC_UP	121	47	0.0011836804595902913	0.007950276521619658
Immune::GSE10325_BCELL_VS_LUPUS_BCELL_UP	49	23	0.0012104246153809028	0.008123401678744315
Immune::GSE32901_TH1_VS_TH17_ENRICHED_CD4_TCELL_UP	118	46	0.0012163771629885535	0.008150309920376178
Immune::GSE43863_NAIVE_VS_MEMORY_LY6C_INT_CXCR5POS_CD4_TCELL_D150_LCMV_UP	118	46	0.0012163771629885535	0.008150309920376178
GO_BP::GOBP_INFLAMMATORY_RESPONSE_TO_ANTIGENIC_STIMULUS	30	16	0.001244933835763322	0.008322397342940477
GO_BP::GOBP_REGULATION_OF_MIRNA_TRANSCRIPTION	30	16	0.001244933835763322	0.008322397342940477
GO_BP::GOBP_REGULATION_OF_LYMPHOCYTE_APOPTOTIC_PROCESS	38	19	0.0012450361980439024	0.008322397342940477
Reactome::REACTOME_PLATELET_ACTIVATION_SIGNALING_AND_AGGREGATION	115	45	0.001248718077660399	0.008340363020297044
Immune::GSE3720_UNSTIM_VS_LPS_STIM_VD2_GAMMADELTA_TCELL_UP	134	51	0.001278319411480277	0.008531282054819445
Immune::GSE19198_CTRL_VS_IL21_TREATED_TCELL_24H_DN	112	44	0.0012805274568270966	0.008532442283814546
Immune::GSE37534_UNTREATED_VS_ROSIGLITAZONE_TREATED_CD4_TCELL_PPARG1_AND_FOXP3_TRASDUCED_DN	112	44	0.0012805274568270966	0.008532442283814546
GO_BP::GOBP_LYMPHOCYTE_HOMEOSTASIS	52	24	0.0012818026224880037	0.008534160476231636
Immune::GSE10325_MYELOID_VS_LUPUS_MYELOID_DN	150	56	0.0012927684401697634	0.008600344523857372
Immune::GSE21033_CTRL_VS_POLYIC_STIM_DC_12H_UP	109	43	0.001311608038729408	0.008718763737639464
GO_BP::GOBP_RESPONSE_TO_PROSTAGLANDIN	13	9	0.0013158956277667714	0.008719627505004301
Reactome::REACTOME_ROLE_OF_LAT2_NTAL_LAB_ON_CALCIUM_MOBILIZATION	13	9	0.0013158956277667714	0.008719627505004301
Immune::HOWARD_NK_CELL_INACT_MONOV_INFLUENZA_A_INDONESIA_05_2005_H5N1_AGE_18_49YO_28DY_DN	13	9	0.0013158956277667714	0.008719627505004301
Immune::SCHERER_PBMC_APSV_WETVAX_AGE_18_40YO_5_TO_7DY_UP	13	9	0.0013158956277667714	0.008719627505004301
Immune::GSE3982_DC_VS_BASOPHIL_DN	131	50	0.0013205663070269883	0.008720372816215896
GO_BP::GOBP_LEUKOCYTE_ACTIVATION_INVOLVED_IN_INFLAMMATORY_RESPONSE	20	12	0.0013232846102089447	0.008720372816215896
GO_BP::GOBP_NEGATIVE_REGULATION_OF_G_PROTEIN_COUPLED_RECEPTOR_SIGNALING_PATHWAY	20	12	0.0013232846102089447	0.008720372816215896
GO_BP::GOBP_POSITIVE_REGULATION_OF_DEFENSE_RESPONSE_TO_VIRUS_BY_HOST	20	12	0.0013232846102089447	0.008720372816215896
GO_BP::GOBP_POSITIVE_REGULATION_OF_SIGNAL_TRANSDUCTION_BY_P53_CLASS_MEDIATOR	20	12	0.0013232846102089447	0.008720372816215896
GO_BP::GOBP_REGULATION_OF_MACROPHAGE_ACTIVATION	20	12	0.0013232846102089447	0.008720372816215896
GO_BP::GOBP_T_HELPER_17_CELL_DIFFERENTIATION	20	12	0.0013232846102089447	0.008720372816215896
Immune::GSE9006_TYPE_1_DIABETES_AT_DX_VS_4MONTH_POST_DX_PBMC_UP	147	55	0.0013411127768533703	0.008819346829963354
GO_BP::GOBP_REGULATION_OF_CYSTEINE_TYPE_ENDOPEPTIDASE_ACTIVITY	106	42	0.0013417390865305386	0.008819346829963354
GO_BP::GOBP_CELLULAR_RESPONSE_TO_TYPE_II_INTERFERON	55	25	0.0013426499640920395	0.008819346829963354
GO_BP::GOBP_CELL_CELL_ADHESION_VIA_PLASMA_MEMBRANE_ADHESION_MOLECULES	25	14	0.0013435600487177453	0.008819346829963354
GO_BP::GOBP_ROOF_OF_MOUTH_DEVELOPMENT	25	14	0.0013435600487177453	0.008819346829963354
Immune::GSE1740_UNSTIM_VS_IFNA_STIMULATED_MCSF_DERIVED_MACROPHAGE_DN	103	41	0.0013706743271291002	0.008983271039285954
Immune::GSE21546_WT_VS_SAP1A_KO_AND_ELK1_KO_DP_THYMOCYTES_UP	103	41	0.0013706743271291002	0.008983271039285954
GO_BP::GOBP_NEGATIVE_REGULATION_OF_HEMOPOIESIS	41	20	0.0013811668216576652	0.009044971480785443
GO_BP::GOBP_NEGATIVE_REGULATION_OF_LEUKOCYTE_CELL_CELL_ADHESION	58	26	0.0013934029410339044	0.009110878622239615
Immune::GSE13306_TREG_VS_TCONV_UP	58	26	0.0013934029410339044	0.009110878622239615
Immune::GSE43955_TH0_VS_TGFB_IL6_TH17_ACT_CD4_TCELL_52H_UP	100	40	0.0013981398068980795	0.009127622443632676
Immune::GSE7460_TREG_VS_TCONV_ACT_UP	100	40	0.0013981398068980795	0.009127622443632676
GO_BP::GOBP_CELL_PROJECTION_ORGANIZATION	517	164	0.0014012658090492237	0.009140916696822658
Immune::GSE3982_MAST_CELL_VS_NKCELL_DN	97	39	0.0014238316923770426	0.009280904481236217
Immune::GSE30083_SP1_VS_SP2_THYMOCYTE_DN	61	27	0.0014346277057658296	0.009344015391047783
GO_BP::GOBP_REGULATION_OF_PEPTIDASE_ACTIVITY	141	53	0.001441393333629711	0.009373526105286545
Immune::GSE18893_TCONV_VS_TREG_2H_CULTURE_DN	141	53	0.001441393333629711	0.009373526105286545
Immune::GSE24634_TEFF_VS_TCONV_DAY3_IN_CULTURE_DN	94	38	0.0014474140574060005	0.009383583097047092
Immune::GSE30083_SP1_VS_SP3_THYMOCYTE_DN	94	38	0.0014474140574060005	0.009383583097047092
Immune::GSE360_L_DONOVANI_VS_L_MAJOR_DC_DN	94	38	0.0014474140574060005	0.009383583097047092
Immune::GSE7460_CTRL_VS_TGFB_TREATED_ACT_FOXP3_MUT_TCONV_UP	94	38	0.0014474140574060005	0.009383583097047092
Immune::GSE15767_MED_VS_SCS_MAC_LN_DN	122	47	0.001449746549488509	0.00939144695263251
Immune::GSE3982_BCELL_VS_BASOPHIL_DN	91	37	0.0014685167161929758	0.00950569963899913
GO_BP::GOBP_NEGATIVE_REGULATION_OF_GROWTH	88	36	0.0014867331857871023	0.009592728323913335
Immune::GSE21546_WT_VS_SAP1A_KO_AND_ELK1_KO_ANTI_CD3_STIM_DP_THYMOCYTES_DN	88	36	0.0014867331857871023	0.009592728323913335
Immune::GSE2770_IL12_AND_TGFB_VS_IL4_TREATED_ACT_CD4_TCELL_48H_DN	88	36	0.0014867331857871023	0.009592728323913335
GO_BP::GOBP_NEGATIVE_REGULATION_OF_BINDING	67	29	0.0014911095165553688	0.009592728323913335
GO_BP::GOBP_NEGATIVE_REGULATION_OF_INFLAMMATORY_RESPONSE	67	29	0.0014911095165553688	0.009592728323913335
GO_BP::GOBP_TEMPERATURE_HOMEOSTASIS	67	29	0.0014911095165553688	0.009592728323913335
Immune::GSE33292_DN3_THYMOCYTE_VS_TCELL_LYMPHOMA_FROM_TCF1_KO_DN	67	29	0.0014911095165553688	0.009592728323913335
Immune::GSE3920_UNTREATED_VS_IFNG_TREATED_ENDOTHELIAL_CELL_UP	67	29	0.0014911095165553688	0.009592728323913335
Immune::GSE28408_LY6G_POS_VS_NEG_DC_UP	138	52	0.001493245854805036	0.009599110709547469
GO_BP::GOBP_FAT_CELL_DIFFERENTIATION	85	35	0.0015016188932638972	0.009645544330467715
Immune::GSE43955_1H_VS_20H_ACT_CD4_TCELL_WITH_TGFB_IL6_DN	70	30	0.001507747325367315	0.009677499856546598
Immune::GSE36392_EOSINOPHIL_VS_NEUTROPHIL_IL25_TREATED_LUNG_UP	82	34	0.0015126897850795168	0.009701800158281397
Immune::GSE15215_CD2_POS_VS_NEG_PDC_UP	73	31	0.0015175712353530672	0.009718248162883115
Immune::GSE28783_ANTI_MIR33_VS_UNTREATED_ATHEROSCLEROSIS_MACROPHAGE_DN	73	31	0.0015175712353530672	0.009718248162883115
GO_BP::GOBP_TISSUE_HOMEOSTASIS	79	33	0.0015194215517277793	0.009722675360369443
Immune::GSE17301_CTRL_VS_48H_ACD3_ACD28_STIM_CD8_TCELL_UP	116	45	0.0015365946650839654	0.00982507061386386
GO_BP::GOBP_ANTIMICROBIAL_HUMORAL_IMMUNE_RESPONSE_MEDIATED_BY_ANTIMICROBIAL_PEPTIDE	11	8	0.0015426222288113071	0.009826163916095716
GO_BP::GOBP_REGULATION_OF_MONOCYTE_DIFFERENTIATION	11	8	0.0015426222288113071	0.009826163916095716
GO_BP::GOBP_REGULATION_OF_NEUROINFLAMMATORY_RESPONSE	11	8	0.0015426222288113071	0.009826163916095716
GO_BP::GOBP_RESPONSE_TO_PROSTAGLANDIN_E	11	8	0.0015426222288113071	0.009826163916095716
Reactome::REACTOME_ARACHIDONIC_ACID_METABOLISM	11	8	0.0015426222288113071	0.009826163916095716
Immune::GSE14350_IL2RB_KO_VS_WT_TEFF_UP	113	44	0.00157974012885881	0.010047338848367367
Immune::GSE37301_MULTIPOTENT_PROGENITOR_VS_GRAN_MONO_PROGENITOR_DN	113	44	0.00157974012885881	0.010047338848367367
Immune::GSE46606_UNSTIM_VS_CD40L_IL2_IL5_3DAY_STIMULATED_IRF4MID_SORTED_BCELL_DN	132	50	0.0016000798189187554	0.01016899212190109
GO_BP::GOBP_PLATELET_ACTIVATION	47	22	0.0016079113469766712	0.010203304303923823
Immune::GSE43863_NAIVE_VS_TFH_CD4_EFF_TCELL_D6_LCMV_DN	47	22	0.0016079113469766712	0.010203304303923823
Immune::GSE43955_TH0_VS_TGFB_IL6_TH17_ACT_CD4_TCELL_20H_UP	110	43	0.001622423849099483	0.01028761426311078
Immune::GSE40274_CTRL_VS_FOXP3_AND_HELIOS_TRANSDUCED_ACTIVATED_CD4_TCELL_UP	129	49	0.0016549022114940492	0.010440900992165167
Immune::GSE42724_MEMORY_BCELL_VS_PLASMABLAST_UP	129	49	0.0016549022114940492	0.010440900992165167
GO_BP::GOBP_G_PROTEIN_COUPLED_ACETYLCHOLINE_RECEPTOR_SIGNALING_PATHWAY	7	6	0.0016577995138352607	0.010440900992165167
GO_BP::GOBP_INTERLEUKIN_27_MEDIATED_SIGNALING_PATHWAY	7	6	0.0016577995138352607	0.010440900992165167
GO_BP::GOBP_POSITIVE_REGULATION_OF_TRANSLATION_IN_RESPONSE_TO_STRESS	7	6	0.0016577995138352607	0.010440900992165167
GO_BP::GOBP_PROTEIN_NITROSYLATION	7	6	0.0016577995138352607	0.010440900992165167
GO_BP::GOBP_REGULATION_OF_TRANSLATION_INITIATION_IN_RESPONSE_TO_ENDOPLASMIC_RETICULUM_STRESS	7	6	0.0016577995138352607	0.010440900992165167
Reactome::REACTOME_SCAVENGING_OF_HEME_FROM_PLASMA	7	6	0.0016577995138352607	0.010440900992165167
Immune::RECHTIEN_PBMC_RVSV_ZEBOV_AGE_18_55YO_1DY_UP	7	6	0.0016577995138352607	0.010440900992165167
GO_BP::GOBP_ALPHA_BETA_T_CELL_PROLIFERATION	28	15	0.0016622271020404135	0.010458941890405027
GO_BP::GOBP_T_CELL_SELECTION	36	18	0.0016643547477175856	0.010458941890405027
Immune::GSE15750_DAY6_VS_DAY10_EFF_CD8_TCELL_DN	107	42	0.0016644042703171666	0.010458941890405027
GO_BP::GOBP_GRANULOCYTE_MIGRATION	50	23	0.0016983707482557207	0.010645036949711048
GO_BP::GOBP_CELLULAR_RESPONSE_TO_PROSTAGLANDIN_STIMULUS	9	7	0.0017003635132450594	0.010645036949711048
GO_BP::GOBP_LEUKOCYTE_AGGREGATION	9	7	0.0017003635132450594	0.010645036949711048
Reactome::REACTOME_ENDOSOMAL_VACUOLAR_PATHWAY	9	7	0.0017003635132450594	0.010645036949711048
Immune::FULLER_PBMC_F_TULARENSIS_VACCINE_LVS_AGE_22_54YO_18HR_DN	9	7	0.0017003635132450594	0.010645036949711048
Immune::GSE17301_CTRL_VS_48H_ACD3_ACD28_IFNA5_STIM_CD8_TCELL_UP	126	48	0.001710528806230789	0.010700690645391564
GO_BP::GOBP_POSITIVE_REGULATION_OF_ALPHA_BETA_T_CELL_PROLIFERATION	18	11	0.0017189017366715967	0.010737056343215206
GO_BP::GOBP_REGULATION_OF_T_HELPER_17_TYPE_IMMUNE_RESPONSE	18	11	0.0017189017366715967	0.010737056343215206
Immune::GSE11057_NAIVE_CD4_VS_PBMC_CD4_TCELL_UP	142	53	0.0017305157049177708	0.010793528809334707
Immune::GSE36888_STAT5_AB_KNOCKIN_VS_WT_TCELL_IL2_TREATED_17H_UP	142	53	0.0017305157049177708	0.010793528809334707
Immune::GSE17721_CTRL_VS_CPG_4H_BMDC_DN	101	40	0.0017451308956346054	0.010860462228099929
Immune::GSE39110_UNTREATED_VS_IL2_TREATED_CD8_TCELL_DAY6_POST_IMMUNIZATION_DN	101	40	0.0017451308956346054	0.010860462228099929
Immune::GSE7831_1H_VS_4H_CPG_STIM_PDC_DN	101	40	0.0017451308956346054	0.010860462228099929
Immune::GSE2770_IL12_AND_TGFB_VS_IL4_TREATED_ACT_CD4_TCELL_48H_UP	123	47	0.0017668370520022964	0.010987395129167727
Immune::GSE13411_PLASMA_CELL_VS_MEMORY_BCELL_DN	155	57	0.0017695748326186484	0.010996269089509512
GO_BP::GOBP_RIBOSOME_ASSEMBLY	53	24	0.0017741871042076334	0.011008621018637452
Immune::GSE9509_LPS_VS_LPS_AND_IL10_STIM_IL10_KO_MACROPHAGE_20MIN_UP	53	24	0.0017741871042076334	0.011008621018637452
GO_BP::GOBP_REGULATION_OF_INNATE_IMMUNE_RESPONSE	224	78	0.0017810077939191757	0.011032070384955494
Immune::GSE14415_INDUCED_VS_NATURAL_TREG_UP	98	39	0.001783226539754399	0.011032070384955494
Immune::GSE17974_IL4_AND_ANTI_IL12_VS_UNTREATED_2H_ACT_CD4_TCELL_UP	98	39	0.001783226539754399	0.011032070384955494
Immune::GSE5503_MLN_DC_VS_PLN_DC_ACTIVATED_ALLOGENIC_TCELL_DN	98	39	0.001783226539754399	0.011032070384955494
GO_BP::GOBP_EPITHELIAL_CELL_PROLIFERATION	139	52	0.0017954704805163912	0.011099632911607963
GO_BP::GOBP_POSITIVE_REGULATION_OF_TRANSLATION	95	38	0.0018193110918778006	0.011238733983625087
Immune::GSE14415_INDUCED_TREG_VS_FOXP3_KO_INDUCED_TREG_DN	120	46	0.0018236833228729178	0.011249176026162433
Immune::GSE42724_NAIVE_VS_MEMORY_BCELL_DN	120	46	0.0018236833228729178	0.011249176026162433
Immune::GSE24634_TREG_VS_TCONV_POST_DAY10_IL4_CONVERSION_DN	56	25	0.0018361649276573007	0.011317845391709843
GO_BP::GOBP_T_CELL_APOPTOTIC_PROCESS	39	19	0.0018439884517736903	0.011357723290697128
Immune::GSE17721_CTRL_VS_POLYIC_2H_BMDC_DN	92	37	0.001852955583041058	0.011371210231259279
Immune::GSE20500_CTRL_VS_RETINOIC_ACID_TREATED_CD4_TCELL_DN	92	37	0.001852955583041058	0.011371210231259279
Immune::GSE24142_ADULT_VS_FETAL_EARLY_THYMIC_PROGENITOR_UP	92	37	0.001852955583041058	0.011371210231259279
Immune::GSE24634_IL4_VS_CTRL_TREATED_NAIVE_CD4_TCELL_DAY10_UP	92	37	0.001852955583041058	0.011371210231259279
Immune::GSE39556_UNTREATED_VS_3H_POLYIC_INJ_MOUSE_CD8A_DC_UP	92	37	0.001852955583041058	0.011371210231259279
Immune::GSE3982_EOSINOPHIL_VS_CENT_MEMORY_CD4_TCELL_UP	117	45	0.0018809004087417304	0.011534264275536825
Immune::GSE26488_WT_VS_VP16_TRANSGENIC_HDAC7_KO_DOUBLE_POSITIVE_THYMOCYTE_DN	89	36	0.0018836830900456807	0.011534465286418405
Immune::GSE43863_LY6C_INT_CXCR5POS_VS_LY6C_LOW_CXCR5NEG_EFFECTOR_CD4_TCELL_DN	89	36	0.0018836830900456807	0.011534465286418405
Immune::GSE7764_IL15_TREATED_VS_CTRL_NK_CELL_24H_DN	86	35	0.001910965079978508	0.011692987641093874
GO_BP::GOBP_CANONICAL_NF_KAPPAB_SIGNAL_TRANSDUCTION	175	63	0.0019212038635421412	0.011737640960323169
Immune::GSE3400_UNTREATED_VS_IFNB_TREATED_MEF_DN	62	27	0.0019224602073529664	0.011737640960323169
Immune::FLETCHER_PBMC_BCG_10W_INFANT_PPD_STIMULATED_VS_UNSTIMULATED_10W_DN	62	27	0.0019224602073529664	0.011737640960323169
Immune::GSE46606_UNSTIM_VS_CD40L_IL2_IL5_1DAY_STIMULATED_IRF4MID_SORTED_BCELL_UP	133	50	0.001930129168820625	0.01177589352526271
Immune::GSE3920_IFNA_VS_IFNG_TREATED_FIBROBLAST_UP	83	34	0.0019342178763857014	0.011791410147724564
Immune::GSE22886_NAIVE_CD8_TCELL_VS_NKCELL_DN	114	44	0.0019382947423664527	0.011791410147724564
Immune::GSE33162_UNTREATED_VS_4H_LPS_STIM_HDAC3_HET_MACROPHAGE_DN	114	44	0.0019382947423664527	0.011791410147724564
Immune::GSE35435_RESTING_VS_IL4_TREATED_MACROPHAGE_UP	114	44	0.0019382947423664527	0.011791410147724564
GO_BP::GOBP_CELL_CELL_JUNCTION_ASSEMBLY	31	16	0.001959019601848563	0.011900228414125703
GO_BP::GOBP_POSITIVE_REGULATION_OF_CELL_KILLING	31	16	0.001959019601848563	0.011900228414125703
GO_BP::GOBP_MYELOID_LEUKOCYTE_MIGRATION	77	32	0.001966006604960104	0.011925400874194008
Immune::GSE369_PRE_VS_POST_IL6_INJECTION_IFNG_WT_LIVER_UP	77	32	0.001966006604960104	0.011925400874194008
Immune::GSE1740_UNSTIM_VS_IFNA_STIMULATED_MCSF_IFNG_DERIVED_MACROPHAGE_UP	74	31	0.0019730734471190797	0.011942950345097585
Immune::GSE3203_UNTREATED_VS_IFNB_TREATED_LN_BCELL_DN	71	30	0.001973170720980481	0.011942950345097585
Immune::GSE33513_TCF7_KO_VS_HET_EARLY_THYMIC_PROGENITOR_UP	71	30	0.001973170720980481	0.011942950345097585
GO_BP::GOBP_ENZYME_LINKED_RECEPTOR_PROTEIN_SIGNALING_PATHWAY	316	105	0.0019906446294841048	0.012040027250715325
Immune::GSE360_L_MAJOR_VS_B_MALAYI_LOW_DOSE_DC_UP	111	43	0.0019956433403700105	0.01206156482879252
Immune::GSE32986_UNSTIM_VS_GMCSF_STIM_DC_UP	130	49	0.0019997012102303587	0.012068700325627683
Immune::GSE7852_TREG_VS_TCONV_FAT_DN	130	49	0.0019997012102303587	0.012068700325627683
GO_BP::GOBP_NEGATIVE_REGULATION_OF_CELL_CYCLE_G1_S_PHASE_TRANSITION	42	20	0.0020015425555922634	0.012071129043036304
GO_BP::GOBP_CYTOSKELETON_ORGANIZATION	574	179	0.0020361018400374535	0.012270731563271695
GO_BP::GOBP_ANIMAL_ORGAN_MORPHOGENESIS	235	81	0.0020403461941356058	0.012287483289736969
GO_BP::GOBP_POSITIVE_REGULATION_OF_HYDROLASE_ACTIVITY	215	75	0.0020459163857768047	0.012312189784993986
Immune::GSE19401_UNSTIM_VS_RETINOIC_ACID_AND_PAM2CSK4_STIM_FOLLICULAR_DC_DN	108	42	0.00205269043578298	0.012335257926778953
Immune::GSE29618_PRE_VS_DAY7_FLU_VACCINE_MDC_DN	108	42	0.00205269043578298	0.012335257926778953
Immune::GSE41867_DAY8_VS_DAY15_LCMV_CLONE13_EFFECTOR_CD8_TCELL_UP	143	53	0.002069235532563467	0.01240764250989292
Immune::GSE21063_CTRL_VS_ANTI_IGM_STIM_BCELL_NFATC1_KO_8H_UP	127	48	0.002070651986392906	0.01240764250989292
Immune::GSE32255_WT_UNSTIM_VS_JMJD2D_KNOCKDOWN_4H_LPS_STIM_DC_UP	127	48	0.002070651986392906	0.01240764250989292
Immune::KANNAN_BLOOD_2012_2013_TIV_AGE_65PLS_REVACCINATED_IN_6_9_MO_VS_REVACCINATED_IN_12_13_MO_UP	127	48	0.002070651986392906	0.01240764250989292
Immune::GSE3982_NEUTROPHIL_VS_TH2_UP	105	41	0.0021091437804767288	0.012629269931776786
GO_BP::GOBP_MITOTIC_CELL_CYCLE_PROCESS	420	135	0.002112708579405001	0.012641592205869153
GO_BP::GOBP_REGULATION_OF_T_CELL_MEDIATED_IMMUNITY	45	21	0.002136975105025852	0.012777679369965695
GO_BP::GOBP_SENSORY_ORGAN_DEVELOPMENT	124	47	0.0021428694053089235	0.012803797322746837
Immune::GSE17721_LPS_VS_PAM3CSK4_2H_BMDC_UP	102	40	0.0021646705978908523	0.012915662621412773
Immune::GSE21063_3H_VS_16H_ANTI_IGM_STIM_BCELL_UP	102	40	0.0021646705978908523	0.012915662621412773
Immune::GSE40274_FOXP3_VS_FOXP3_AND_EOS_TRANSDUCED_ACTIVATED_CD4_TCELL_UP	121	46	0.002216218412352929	0.013168342133320174
GO_BP::GOBP_CELLULAR_RESPONSE_TO_INTERFERON_BETA	16	10	0.00221883070758131	0.013168342133320174
GO_BP::GOBP_POSITIVE_REGULATION_OF_T_CELL_CYTOKINE_PRODUCTION	16	10	0.00221883070758131	0.013168342133320174
Reactome::REACTOME_GLUCAGON_LIKE_PEPTIDE_1_GLP1_REGULATES_INSULIN_SECRETION	16	10	0.00221883070758131	0.013168342133320174
Immune::WEINBERGER_BLOOD_TWINRIX_AGE_20_40_AND_60_84YO_CORRELATED_WITH_ANTI_HBS_CONC_PRIMARY_VACC_1DY_SIGNIFICANT	16	10	0.00221883070758131	0.013168342133320174
GO_BP::GOBP_LYMPHOCYTE_COSTIMULATION	26	14	0.002221545292492281	0.013168342133320174
GO_BP::GOBP_REGULATION_OF_T_CELL_APOPTOTIC_PROCESS	26	14	0.002221545292492281	0.013168342133320174
Immune::GSE40666_WT_VS_STAT4_KO_CD8_TCELL_UP	26	14	0.002221545292492281	0.013168342133320174
GO_BP::GOBP_NEGATIVE_REGULATION_OF_CYSTEINE_TYPE_ENDOPEPTIDASE_ACTIVITY	34	17	0.0022274260921660897	0.013168342133320174
GO_BP::GOBP_NEGATIVE_REGULATION_OF_LEUKOCYTE_PROLIFERATION	34	17	0.0022274260921660897	0.013168342133320174
GO_BP::GOBP_POSITIVE_REGULATION_OF_TYPE_II_INTERFERON_PRODUCTION	34	17	0.0022274260921660897	0.013168342133320174
GO_BP::GOBP_POSITIVE_REGULATION_OF_T_CELL_MEDIATED_IMMUNITY	34	17	0.0022274260921660897	0.013168342133320174
GO_BP::GOBP_RETINA_DEVELOPMENT_IN_CAMERA_TYPE_EYE	34	17	0.0022274260921660897	0.013168342133320174
Immune::GSE2770_IL12_AND_TGFB_ACT_VS_ACT_CD4_TCELL_6H_DN	137	51	0.0022328928758618928	0.013191365025074238
GO_BP::GOBP_TRANSMEMBRANE_RECEPTOR_PROTEIN_TYROSINE_KINASE_SIGNALING_PATHWAY	209	73	0.002243624662815819	0.01323612327451611
Immune::HARALAMBIEVA_PBMC_FLUARIX_AGE_50_74YO_CORR_WITH_28D_MEM_B_CELL_RESPONSE_AT_3DY_POSITIVE	209	73	0.002243624662815819	0.01323612327451611
Immune::GSE15735_CTRL_VS_HDAC_INHIBITOR_TREATED_CD4_TCELL_2H_UP	96	38	0.0022713840512995223	0.01338106798198855
Immune::GSE2128_CTRL_VS_MIMETOPE_NEGATIVE_SELECTION_DP_THYMOCYTE_NOD_UP	96	38	0.0022713840512995223	0.01338106798198855
Immune::GSE21360_PRIMARY_VS_QUATERNARY_MEMORY_CD8_TCELL_DN	163	59	0.0022778694042069336	0.013409857145187344
Immune::GSE2770_UNTREATED_VS_IL12_TREATED_ACT_CD4_TCELL_48H_UP	118	45	0.002290538025986839	0.013465538542399152
Immune::GSE29949_CD8_POS_DC_SPLEEN_VS_MONOCYTE_BONE_MARROW_DN	118	45	0.002290538025986839	0.013465538542399152
GO_BP::GOBP_RESPONSE_TO_ALCOHOL	93	37	0.0023216609040846202	0.013629400506904043
Immune::GSE22935_WT_VS_MYD88_KO_MACROPHAGE_12H_MBOVIS_BCG_STIM_UP	93	37	0.0023216609040846202	0.013629400506904043
GO_BP::GOBP_CELL_CELL_JUNCTION_ORGANIZATION	51	23	0.0023446411848925728	0.013745069811365333
GO_BP::GOBP_SMOOTH_MUSCLE_CELL_PROLIFERATION	51	23	0.0023446411848925728	0.013745069811365333
GO_BP::GOBP_ANTIGEN_PROCESSING_AND_PRESENTATION_OF_PEPTIDE_OR_POLYSACCHARIDE_ANTIGEN_VIA_MHC_CLASS_II	21	12	0.0023629338754215124	0.01380212448114177
GO_BP::GOBP_MEMBRANE_PROTEIN_ECTODOMAIN_PROTEOLYSIS	21	12	0.0023629338754215124	0.01380212448114177
GO_BP::GOBP_REGULATION_OF_LIPID_CATABOLIC_PROCESS	21	12	0.0023629338754215124	0.01380212448114177
Immune::GOLDRATH_NAIVE_VS_EFF_CD8_TCELL_UP	147	54	0.0023681219963260806	0.01380212448114177
Immune::GSE1432_1H_VS_24H_IFNG_MICROGLIA_DN	147	54	0.0023681219963260806	0.01380212448114177
Immune::GSE2770_TGFB_AND_IL4_VS_IL12_TREATED_ACT_CD4_TCELL_48H_DN	147	54	0.0023681219963260806	0.01380212448114177
Immune::GSE1460_INTRATHYMIC_T_PROGENITOR_VS_NAIVE_CD4_TCELL_CORD_BLOOD_DN	90	36	0.002369180981385642	0.01380212448114177
Immune::GSE22611_MUTANT_NOD2_VS_CTRL_TRANSDUCED_HEK293T_CELL_UP	90	36	0.002369180981385642	0.01380212448114177
Immune::GSE43955_TH0_VS_TGFB_IL6_TH17_ACT_CD4_TCELL_30H_UP	90	36	0.002369180981385642	0.01380212448114177
GO_BP::GOBP_EMBRYONIC_MORPHOGENESIS	160	58	0.0023758876134532137	0.01383158999948578
Immune::GSE33425_CD161_HIGH_VS_INT_CD8_TCELL_DN	131	49	0.002405525725559198	0.013994421159303824
GO_BP::GOBP_ENDOTHELIAL_CELL_MIGRATION	87	35	0.0024133352847586914	0.014010705677398382
Immune::GSE24142_DN2_VS_DN3_THYMOCYTE_FETAL_UP	87	35	0.0024133352847586914	0.014010705677398382
Immune::GSE3039_B2_VS_B1_BCELL_UP	87	35	0.0024133352847586914	0.014010705677398382
GO_BP::GOBP_LYMPHOCYTE_APOPTOTIC_PROCESS	54	24	0.0024194053436064973	0.014036231969235757
GO_BP::GOBP_RESPONSE_TO_SALT	112	43	0.0024412952677953068	0.014133903382701745
Immune::GSE17186_NAIVE_VS_CD21HIGH_TRANSITIONAL_BCELL_CORD_BLOOD_DN	112	43	0.0024412952677953068	0.014133903382701745
Immune::GSE3982_BASOPHIL_VS_TH2_UP	112	43	0.0024412952677953068	0.014133903382701745
Immune::GSE24142_EARLY_THYMIC_PROGENITOR_VS_DN2_THYMOCYTE_ADULT_UP	84	34	0.0024534424730946066	0.014184651210744765
Immune::GSE40666_WT_VS_STAT1_KO_CD8_TCELL_WITH_IFNA_STIM_90MIN_DN	84	34	0.0024534424730946066	0.014184651210744765
GO_BP::GOBP_POSITIVE_REGULATION_OF_NON_CANONICAL_NF_KAPPAB_SIGNAL_TRANSDUCTION	37	18	0.0024643170884503345	0.014228656205428226
Immune::GSE15930_STIM_VS_STIM_AND_IL12_48H_CD8_T_CELL_UP	144	53	0.0024644459967203733	0.014228656205428226
Immune::GSE12845_IGD_NEG_BLOOD_VS_NAIVE_TONSIL_BCELL_DN	128	48	0.002495066327207731	0.014375763337187953
Immune::GSE1460_CD4_THYMOCYTE_VS_THYMIC_STROMAL_CELL_UP	128	48	0.002495066327207731	0.014375763337187953
Immune::GSE45382_UNTREATED_VS_TGFB_TREATED_MACROPHAGES_UP	128	48	0.002495066327207731	0.014375763337187953
Immune::GSE27786_CD4_VS_CD8_TCELL_UP	109	42	0.002517249550353876	0.01449362146734294
Immune::GSE360_DC_VS_MAC_T_GONDII_DN	75	31	0.0025414526129112483	0.014622939622573706
GO_BP::GOBP_ACTIN_FILAMENT_BASED_PROCESS	284	95	0.0025451934357249096	0.01463442613591245
Immune::GSE21546_UNSTIM_VS_ANTI_CD3_STIM_DP_THYMOCYTES_UP	72	30	0.002556896089350818	0.014681588838852847
Immune::GSE3982_NKCELL_VS_TH2_UP	72	30	0.002556896089350818	0.014681588838852847
GO_BP::GOBP_NEGATIVE_REGULATION_OF_CELL_GROWTH	69	29	0.002563590844150732	0.01469160650025513
GO_BP::GOBP_WOUND_HEALING	141	52	0.0025638946139436773	0.01469160650025513
Immune::GSE22886_NAIVE_CD4_TCELL_VS_12H_ACT_TH1_UP	141	52	0.0025638946139436773	0.01469160650025513
Immune::GSE10325_BCELL_VS_LUPUS_BCELL_DN	154	56	0.00258321430812133	0.014792208075651766
GO_BP::GOBP_ANTIGEN_PROCESSING_AND_PRESENTATION_OF_EXOGENOUS_ANTIGEN	29	15	0.0026252598229013968	0.014971655101509055
GO_BP::GOBP_DISRUPTION_OF_ANATOMICAL_STRUCTURE_IN_ANOTHER_ORGANISM	29	15	0.0026252598229013968	0.014971655101509055
GO_BP::GOBP_ICOSANOID_METABOLIC_PROCESS	29	15	0.0026252598229013968	0.014971655101509055
GO_BP::GOBP_INTEGRATED_STRESS_RESPONSE_SIGNALING	29	15	0.0026252598229013968	0.014971655101509055
GO_BP::GOBP_NEGATIVE_REGULATION_OF_CANONICAL_NF_KAPPAB_SIGNAL_TRANSDUCTION	29	15	0.0026252598229013968	0.014971655101509055
GO_BP::GOBP_POSITIVE_T_CELL_SELECTION	29	15	0.0026252598229013968	0.014971655101509055
Immune::GSE13306_TREG_VS_TCONV_SPLEEN_DN	103	40	0.002668795214247518	0.01516866980174348
Immune::GSE18281_MEDULLARY_THYMOCYTE_VS_WHOLE_MEDULLA_THYMUS_UP	103	40	0.002668795214247518	0.01516866980174348
Immune::GSE27786_BCELL_VS_CD8_TCELL_DN	103	40	0.002668795214247518	0.01516866980174348
Immune::GSE6259_BCELL_VS_CD8_TCELL_DN	103	40	0.002668795214247518	0.01516866980174348
Immune::GSE36392_EOSINOPHIL_VS_MAC_IL25_TREATED_LUNG_UP	40	19	0.002668846898006124	0.01516866980174348
GO_BP::GOBP_NEGATIVE_REGULATION_OF_TRANSCRIPTION_BY_RNA_POLYMERASE_II	433	138	0.0027084620252117984	0.01538340414996735
GO_BP::GOBP_REGULATION_OF_ANATOMICAL_STRUCTURE_MORPHOGENESIS	254	86	0.0027126691408112663	0.015396875116553256
Immune::GSE19198_CTRL_VS_IL21_TREATED_TCELL_1H_DN	100	39	0.0027436371239570054	0.015562117534060392
GO_BP::GOBP_REGULATION_OF_NEUROGENESIS	119	45	0.0027754052278014373	0.015699847913706176
Immune::GSE21380_NON_TFH_VS_TFH_CD4_TCELL_DN	119	45	0.0027754052278014373	0.015699847913706176
Immune::GSE29949_CD8_NEG_DC_SPLEEN_VS_DC_BRAIN_DN	119	45	0.0027754052278014373	0.015699847913706176
Immune::GSE37532_WT_VS_PPARG_KO_LN_TCONV_UP	119	45	0.0027754052278014373	0.015699847913706176
Immune::GSE22601_CD4_SINGLE_POSITIVE_VS_CD8_SINGLE_POSITIVE_THYMOCYTE_DN	148	54	0.0028061794707895365	0.01586323421863438
GO_BP::GOBP_DEFENSE_RESPONSE_TO_FUNGUS	14	9	0.0028373578556955673	0.015945558558535074
GO_BP::GOBP_NEGATIVE_REGULATION_OF_INTERLEUKIN_2_PRODUCTION	14	9	0.0028373578556955673	0.015945558558535074
GO_BP::GOBP_NEGATIVE_REGULATION_OF_STEM_CELL_DIFFERENTIATION	14	9	0.0028373578556955673	0.015945558558535074
GO_BP::GOBP_POSITIVE_REGULATION_OF_EPITHELIAL_CELL_APOPTOTIC_PROCESS	14	9	0.0028373578556955673	0.015945558558535074
GO_BP::GOBP_POSITIVE_REGULATION_OF_FATTY_ACID_METABOLIC_PROCESS	14	9	0.0028373578556955673	0.015945558558535074
GO_BP::GOBP_POSTSYNAPTIC_SIGNAL_TRANSDUCTION	14	9	0.0028373578556955673	0.015945558558535074
GO_BP::GOBP_RESPONSE_TO_PROTOZOAN	14	9	0.0028373578556955673	0.015945558558535074
Reactome::REACTOME_ADHERENS_JUNCTIONS_INTERACTIONS	14	9	0.0028373578556955673	0.015945558558535074
GO_BP::GOBP_NEGATIVE_REGULATION_OF_PROTEIN_BINDING	43	20	0.002841650976875663	0.015945558558535074
Reactome::REACTOME_MUSCLE_CONTRACTION	43	20	0.002841650976875663	0.015945558558535074
Immune::GSE3720_UNSTIM_VS_LPS_STIM_VD2_GAMMADELTA_TCELL_DN	43	20	0.002841650976875663	0.015945558558535074
Immune::GSE25088_WT_VS_STAT6_KO_MACROPHAGE_IL4_STIM_UP	116	44	0.0028722756379239976	0.016106631234321135
Immune::GSE20366_TREG_VS_NAIVE_CD4_TCELL_DEC205_CONVERSION_UP	94	37	0.0028891544712268836	0.016179650773779926
Immune::GSE40274_FOXP3_VS_FOXP3_AND_PBX1_TRANSDUCED_ACTIVATED_CD4_TCELL_DN	94	37	0.0028891544712268836	0.016179650773779926
Immune::GSE10239_MEMORY_VS_KLRG1INT_EFF_CD8_TCELL_UP	91	36	0.0029587066822390233	0.016558098970849342
Immune::GSE23984_CTRL_VS_HYPOCALEMIC_VITAMIND_ANALOG_TCELL_DN	113	43	0.0029705362817134344	0.016560617846097882
GO_BP::GOBP_ENERGY_HOMEOSTASIS	24	13	0.0029722381411855063	0.016560617846097882
GO_BP::GOBP_REGULATION_OF_NERVOUS_SYSTEM_PROCESS	24	13	0.0029722381411855063	0.016560617846097882
Reactome::REACTOME_ANTIGEN_ACTIVATES_B_CELL_RECEPTOR_BCR_LEADING_TO_GENERATION_OF_SECOND_MESSENGERS	24	13	0.0029722381411855063	0.016560617846097882
Reactome::REACTOME_NR1H2_AND_NR1H3_MEDIATED_SIGNALING	24	13	0.0029722381411855063	0.016560617846097882
Reactome::REACTOME_REGULATION_OF_MECP2_EXPRESSION_AND_ACTIVITY	24	13	0.0029722381411855063	0.016560617846097882
Immune::NAKAYA_MONOCYTE_FLUMIST_AGE_18_50YO_7DY_UP	323	106	0.0029813417885473097	0.016560617846097882
GO_BP::GOBP_NATURAL_KILLER_CELL_ACTIVATION	46	21	0.002984280070787814	0.016560617846097882
GO_BP::GOBP_REGULATION_OF_CELL_KILLING	46	21	0.002984280070787814	0.016560617846097882
Immune::GSE26495_PD1HIGH_VS_PD1LOW_CD8_TCELL_DN	46	21	0.002984280070787814	0.016560617846097882
GO_BP::GOBP_PLATELET_AGGREGATION	32	16	0.002984819905030397	0.016560617846097882
GO_BP::GOBP_RESPONSE_TO_FIBROBLAST_GROWTH_FACTOR	32	16	0.002984819905030397	0.016560617846097882
GO_BP::GOBP_T_CELL_HOMEOSTASIS	32	16	0.002984819905030397	0.016560617846097882
GO_BP::GOBP_REGULATION_OF_CYSTEINE_TYPE_ENDOPEPTIDASE_ACTIVITY_INVOLVED_IN_APOPTOTIC_PROCESS	88	35	0.003025242331249361	0.016729570149539148
GO_BP::GOBP_REGULATION_OF_LYMPHOCYTE_MEDIATED_IMMUNITY	88	35	0.003025242331249361	0.016729570149539148
Immune::GSE21033_1H_VS_12H_POLYIC_STIM_DC_UP	88	35	0.003025242331249361	0.016729570149539148
Immune::GSE28737_WT_VS_BCL6_HET_MARGINAL_ZONE_BCELL_DN	88	35	0.003025242331249361	0.016729570149539148
Immune::GSE29618_BCELL_VS_MONOCYTE_DAY7_FLU_VACCINE_DN	88	35	0.003025242331249361	0.016729570149539148
Immune::GSE17721_LPS_VS_POLYIC_16H_BMDC_DN	110	42	0.0030699360128933527	0.0169655423005022
Immune::GSE41176_UNSTIM_VS_ANTI_IGM_STIM_TAK1_KO_BCELL_24H_DN	85	34	0.0030879915263150766	0.017054088817812493
GO_BP::GOBP_REGULATION_OF_NEURON_DIFFERENTIATION	49	22	0.003098810685733145	0.017091336517169858
GO_BP::GOBP_TYPE_II_INTERFERON_PRODUCTION	49	22	0.003098810685733145	0.017091336517169858
Immune::GSE22886_NAIVE_CD4_TCELL_VS_NKCELL_UP	126	47	0.0031078731274128313	0.01711881002354973
Immune::GSE9650_NAIVE_VS_EFF_CD8_TCELL_DN	126	47	0.0031078731274128313	0.01711881002354973
GO_BP::GOBP_RESPONSE_TO_INORGANIC_SUBSTANCE	208	72	0.003111844197214068	0.017129436332302374
GO_BP::GOBP_POST_TRANSCRIPTIONAL_REGULATION_OF_GENE_EXPRESSION	351	114	0.0031201036693625987	0.017163639135923173
GO_BP::GOBP_ANTIGEN_PROCESSING_AND_PRESENTATION_OF_EXOGENOUS_PEPTIDE_ANTIGEN_VIA_MHC_CLASS_II	19	11	0.0031306748712707924	0.017187978727153587
GO_BP::GOBP_NEGATIVE_REGULATION_OF_NEURON_DIFFERENTIATION	19	11	0.0031306748712707924	0.017187978727153587
GO_BP::GOBP_REGULATION_OF_INFLAMMATORY_RESPONSE_TO_ANTIGENIC_STIMULUS	19	11	0.0031306748712707924	0.017187978727153587
GO_BP::GOBP_STRIATED_MUSCLE_CELL_DIFFERENTIATION	82	33	0.0031460843513915386	0.017250001061322625
Immune::GSE21360_NAIVE_VS_SECONDARY_MEMORY_CD8_TCELL_UP	82	33	0.0031460843513915386	0.017250001061322625
Immune::GSE14415_FOXP3_KO_NATURAL_TREG_VS_TCONV_DN	107	41	0.003170177623580961	0.01733677971591961
Immune::GSE16697_CD4_TCELL_VS_TFH_CD4_TCELL_DN	107	41	0.003170177623580961	0.01733677971591961
Immune::GSE25088_WT_VS_STAT6_KO_MACROPHAGE_ROSIGLITAZONE_STIM_DN	107	41	0.003170177623580961	0.01733677971591961
Immune::GSE40274_LEF1_VS_FOXP3_AND_LEF1_TRANSDUCED_ACTIVATED_CD4_TCELL_DN	107	41	0.003170177623580961	0.01733677971591961
GO_BP::GOBP_LYMPHOCYTE_MIGRATION	52	23	0.003187582113696198	0.01742060348651297
Immune::GSE21033_1H_VS_24H_POLYIC_STIM_DC_UP	79	32	0.0031985405959895855	0.017469112669112392
Immune::GSE29618_MONOCYTE_VS_MDC_DAY7_FLU_VACCINE_DN	123	46	0.003225742512809647	0.01759476849152154
Immune::GSE7852_TREG_VS_TCONV_DN	123	46	0.003225742512809647	0.01759476849152154
GO_BP::GOBP_EPITHELIAL_CELL_DEVELOPMENT	76	31	0.003244259026679692	0.017672785048581777
Immune::GSE20366_EX_VIVO_VS_DEC205_CONVERSION_NAIVE_CD4_TCELL_DN	76	31	0.003244259026679692	0.017672785048581777
GO_BP::GOBP_POSITIVE_REGULATION_OF_MYELOID_CELL_DIFFERENTIATION	55	24	0.003253022411617691	0.017697538917678862
Reactome::REACTOME_RESPONSE_TO_ELEVATED_PLATELET_CYTOSOLIC_CA2	55	24	0.003253022411617691	0.017697538917678862
GO_BP::GOBP_RESPONSE_TO_ABIOTIC_STIMULUS	463	146	0.003255652686129567	0.01770036965906736
GO_BP::GOBP_DEVELOPMENTAL_GROWTH	205	71	0.0032609506184643504	0.017717690892679685
Immune::GSE30962_ACUTE_VS_CHRONIC_LCMV_PRIMARY_INF_CD8_TCELL_DN	104	40	0.003270911705846897	0.017760309579514317
Immune::GSE21063_WT_VS_NFATC1_KO_3H_ANTI_IGM_STIM_BCELL_UP	73	30	0.0032820064526050663	0.017809024664232793
Reactome::REACTOME_RHOC_GTPASE_CYCLE	35	17	0.0032969556518756453	0.017870174517614648
GO_BP::GOBP_REGULATION_OF_MYELOID_LEUKOCYTE_DIFFERENTIATION	58	25	0.0032975360773950975	0.017870174517614648
Immune::GSE29949_DC_BRAIN_VS_MONOCYTE_BONE_MARROW_DN	70	29	0.0033104069915829	0.01792834361032211
Immune::GSE32986_UNSTIM_VS_CURDLAN_HIGHDOSE_STIM_DC_DN	149	54	0.003312866885318977	0.017930090516736063
GO_BP::GOBP_POSITIVE_REGULATION_OF_EPITHELIAL_CELL_PROLIFERATION	61	26	0.003323434093623222	0.01797568575848176
GO_BP::GOBP_LEUKOCYTE_MEDIATED_CYTOTOXICITY	67	28	0.003327932167940133	0.01797683384214409
Immune::GSE7219_WT_VS_NIK_NFKB2_KO_LPS_AND_ANTI_CD40_STIM_DC_UP	67	28	0.003327932167940133	0.01797683384214409
GO_BP::GOBP_LEUKOCYTE_HOMEOSTASIS	64	27	0.00333289279854454	0.017980474396778228
Immune::GSE46606_IRF4HIGH_VS_IRF4MID_CD40L_IL2_IL5_DAY1_STIMULATED_BCELL_DN	64	27	0.00333289279854454	0.017980474396778228
Immune::GSE36392_MAC_VS_NEUTROPHIL_IL25_TREATED_LUNG_UP	120	45	0.003346438370758554	0.018041948259828734
Immune::GSE25085_FETAL_LIVER_VS_FETAL_BM_SP4_THYMIC_IMPLANT_DN	101	39	0.0033717297514501243	0.01815496847555526
Immune::KAECH_DAY8_EFF_VS_DAY15_EFF_CD8_TCELL_DN	101	39	0.0033717297514501243	0.01815496847555526
GO_BP::GOBP_HEART_DEVELOPMENT	182	64	0.003390453164367489	0.018244074147452768
Immune::GSE36888_STAT5_AB_KNOCKIN_VS_WT_TCELL_IL2_TREATED_6H_UP	117	44	0.0034698168719516707	0.01862398981197727
Immune::GSE5542_IFNG_VS_IFNA_AND_IFNG_TREATED_EPITHELIAL_CELLS_6H_DN	117	44	0.0034698168719516707	0.01862398981197727
Immune::GSE17974_CTRL_VS_ACT_IL4_AND_ANTI_IL12_0.5H_CD4_TCELL_DN	98	38	0.0034721564031389264	0.01862398981197727
Immune::GSE26727_WT_VS_KLF2_KO_LPS_STIM_MACROPHAGE_UP	98	38	0.0034721564031389264	0.01862398981197727
Immune::GSE360_T_GONDII_VS_B_MALAYI_LOW_DOSE_DC_DN	98	38	0.0034721564031389264	0.01862398981197727
GO_BP::GOBP_POSITIVE_REGULATION_OF_CD4_POSITIVE_ALPHA_BETA_T_CELL_ACTIVATION	27	14	0.0035233145051947225	0.01887425631167211
Reactome::REACTOME_FCERI_MEDIATED_CA_2_MOBILIZATION	27	14	0.0035233145051947225	0.01887425631167211
Immune::GSE15733_BM_VS_SPLEEN_MEMORY_CD4_TCELL_UP	38	18	0.0035616698898161265	0.019067548631568274
Immune::GSE3982_MAC_VS_EFF_MEMORY_CD4_TCELL_DN	95	37	0.003571640764949577	0.019103591818995548
Reactome::REACTOME_REGULATION_OF_HOMOTYPIC_CELL_CELL_ADHESION	12	8	0.0035752341346791047	0.019103591818995548
Immune::NAKAYA_PBMC_FLUAD_IMUVAC_MALE_AGE_14_27YO_CORRELATED_WITH_HAI_RESPONSE_MF59_ADJUVANTED_AND_NON_1DY_GENES_IN_BTM_M75_POSITIVE	12	8	0.0035752341346791047	0.019103591818995548
Immune::GSE32986_GMCSF_VS_GMCSF_AND_CURDLAN_LOWDOSE_STIM_DC_UP	114	43	0.0035956966506137233	0.01918848549745453
Immune::GSE41867_DAY6_EFFECTOR_VS_DAY30_EXHAUSTED_CD8_TCELL_LCMV_CLONE13_UP	114	43	0.0035956966506137233	0.01918848549745453
GO_BP::GOBP_PHOSPHORYLATION	663	202	0.0036085463699497443	0.019244815955186526
GO_BP::GOBP_REGULATION_OF_TRANSPORT	638	195	0.0036194382850982957	0.01929064026282694
Immune::GSE13484_12H_UNSTIM_VS_YF17D_VACCINE_STIM_PBMC_DN	92	36	0.0036695466745805673	0.019532885185949478
Immune::GSE7460_TCONV_VS_TREG_LN_DN	92	36	0.0036695466745805673	0.019532885185949478
Immune::GSE26030_UNSTIM_VS_RESTIM_TH1_DAY15_POST_POLARIZATION_UP	127	47	0.003717240547762036	0.019759269617383335
Immune::GSE17186_MEMORY_VS_NAIVE_BCELL_UP	111	42	0.0037238532918206046	0.019759269617383335
Immune::GSE41867_NAIVE_VS_DAY6_LCMV_ARMSTRONG_EFFECTOR_CD8_TCELL_DN	111	42	0.0037238532918206046	0.019759269617383335
Immune::GSE5542_UNTREATED_VS_IFNA_AND_IFNG_TREATED_EPITHELIAL_CELLS_6H_UP	111	42	0.0037238532918206046	0.019759269617383335
Immune::GSE5679_CTRL_VS_RARA_AGONIST_AM580_TREATED_DC_DN	111	42	0.0037238532918206046	0.019759269617383335
Immune::GSE10325_LUPUS_BCELL_VS_LUPUS_MYELOID_UP	140	51	0.0037565335880168386	0.019920076023940116
Immune::GSE28783_CTRL_ANTI_MIR_VS_UNTREATED_ATHEROSCLEROSIS_MACROPHAGE_DN	89	35	0.0037651418394369324	0.019953111112467736
GO_BP::GOBP_POSITIVE_REGULATION_OF_INTRINSIC_APOPTOTIC_SIGNALING_PATHWAY	41	19	0.003780934236670705	0.02002415234307484
Immune::GSE26030_TH1_VS_TH17_DAY15_POST_POLARIZATION_UP	108	41	0.003854013066860324	0.02038544490409285
Immune::GSE36888_UNTREATED_VS_IL2_TREATED_TCELL_2H_UP	108	41	0.003854013066860324	0.02038544490409285
Immune::GSE26727_WT_VS_KLF2_KO_LPS_STIM_MACROPHAGE_DN	150	54	0.0038967233910908753	0.02059836958277338
Immune::GSE369_PRE_VS_POST_IL6_INJECTION_IFNG_WT_LIVER_DN	137	50	0.0039154296246104925	0.020671201460577358
Immune::GARCIA_PINERES_PBMC_HPV_16_L1_VLP_AGE_18_25YO_2MO_UP	137	50	0.0039154296246104925	0.020671201460577358
GO_BP::GOBP_GROWTH	329	107	0.0039273596626359635	0.020721144786071132
Immune::GSE42021_TCONV_PLN_VS_CD24HI_TCONV_THYMUS_DN	83	33	0.003945916224895399	0.02080596556294626
GO_BP::GOBP_NEGATIVE_REGULATION_OF_NERVOUS_SYSTEM_DEVELOPMENT	44	20	0.003957824917812296	0.020829481327181525
Reactome::REACTOME_PKR_MEDIATED_SIGNALING	44	20	0.003957824917812296	0.020829481327181525
Immune::GSE22886_NAIVE_CD4_TCELL_VS_NEUTROPHIL_DN	44	20	0.003957824917812296	0.020829481327181525
GO_BP::GOBP_NEUROBLAST_PROLIFERATION	22	12	0.003981271163890821	0.02090042790605763
GO_BP::GOBP_POSITIVE_REGULATION_OF_B_CELL_PROLIFERATION	22	12	0.003981271163890821	0.02090042790605763
GO_BP::GOBP_POSITIVE_REGULATION_OF_MIRNA_TRANSCRIPTION	22	12	0.003981271163890821	0.02090042790605763
GO_BP::GOBP_SKELETAL_MUSCLE_CELL_DIFFERENTIATION	22	12	0.003981271163890821	0.02090042790605763
Immune::GSE15735_2H_VS_12H_HDAC_INHIBITOR_TREATED_CD4_TCELL_UP	105	40	0.003985845813767	0.020911357430701293
Immune::GSE557_CIITA_KO_VS_I_AB_KO_DC_UP	121	45	0.004015647556656611	0.021054542095495194
Immune::GSE14350_IL2RB_KO_VS_WT_TREG_DN	77	31	0.004105690006534203	0.021503937444797633
GO_BP::GOBP_POSITIVE_REGULATION_OF_RESPONSE_TO_BIOTIC_STIMULUS	180	63	0.004106485610509692	0.021503937444797633
Immune::GSE7852_TREG_VS_TCONV_FAT_UP	102	39	0.0041189568465106316	0.021555788512400306
GO_BP::GOBP_LABYRINTHINE_LAYER_DEVELOPMENT	17	10	0.0041423273787775505	0.021637599240700415
Reactome::REACTOME_CELL_CELL_JUNCTION_ORGANIZATION	17	10	0.0041423273787775505	0.021637599240700415
Reactome::REACTOME_SIGNALING_BY_ALK	17	10	0.0041423273787775505	0.021637599240700415
GO_BP::GOBP_TISSUE_MIGRATION	118	44	0.0041710096992821095	0.021746799482459674
Immune::GSE14769_UNSTIM_VS_240MIN_LPS_BMDM_DN	118	44	0.0041710096992821095	0.021746799482459674
Immune::GSE9988_LPS_VS_LPS_AND_ANTI_TREM1_MONOCYTE_UP	118	44	0.0041710096992821095	0.021746799482459674
Immune::GSE6269_HEALTHY_VS_E_COLI_INF_PBMC_DN	50	22	0.00419915635089398	0.021879951942639503
Immune::GSE360_DC_VS_MAC_L_DONOVANI_DN	131	48	0.00425029692530748	0.02211865563517179
GO_BP::GOBP_REGULATION_OF_MYELOID_CELL_DIFFERENTIATION	99	38	0.004252877761298379	0.02211865563517179
Immune::GSE1432_CTRL_VS_IFNG_1H_MICROGLIA_DN	99	38	0.004252877761298379	0.02211865563517179
GO_BP::GOBP_VASCULAR_PROCESS_IN_CIRCULATORY_SYSTEM	53	23	0.004271184954304096	0.022186359493286106
Immune::GSE3982_BCELL_VS_EFF_MEMORY_CD4_TCELL_DN	53	23	0.004271184954304096	0.022186359493286106
Reactome::REACTOME_G_ALPHA_I_SIGNALLING_EVENTS	68	28	0.004281699383347527	0.022213466992518496
Immune::GSE32255_WT_VS_JMJD2D_KNOCKDOWN_4H_LPS_STIM_DC_UP	68	28	0.004281699383347527	0.022213466992518496
Immune::GSE24574_BCL6_LOW_TFH_VS_NAIVE_CD4_TCELL_UP	115	43	0.0043303149949515665	0.022439574585424376
Immune::GSE2706_R848_VS_R848_AND_LPS_8H_STIM_DC_UP	62	26	0.00433524856704063	0.022439574585424376
Immune::GSE34156_TLR1_TLR2_LIGAND_VS_NOD2_AND_TLR1_TLR2_LIGAND_24H_TREATED_MONOCYTE_UP	59	25	0.0043359816906631205	0.022439574585424376
Immune::GSE40274_CTRL_VS_FOXP3_AND_GATA1_TRANSDUCED_ACTIVATED_CD4_TCELL_UP	59	25	0.0043359816906631205	0.022439574585424376
GO_BP::GOBP_ADRENERGIC_RECEPTOR_SIGNALING_PATHWAY	10	7	0.004395677630324052	0.022692516702023678
GO_BP::GOBP_NEGATIVE_REGULATION_OF_T_HELPER_CELL_DIFFERENTIATION	10	7	0.004395677630324052	0.022692516702023678
GO_BP::GOBP_RESPONSE_TO_ACETYLCHOLINE	10	7	0.004395677630324052	0.022692516702023678
Immune::SOBOLEV_PBMC_PANDEMRIX_AGE_18_64YO_1DY_UP	10	7	0.004395677630324052	0.022692516702023678
GO_BP::GOBP_AMIDE_METABOLIC_PROCESS	716	216	0.0044082818683334885	0.022743497910408954
GO_BP::GOBP_POSITIVE_REGULATION_OF_CYTOSOLIC_CALCIUM_ION_CONCENTRATION	33	16	0.004416397436649921	0.022743497910408954
GO_BP::GOBP_POSITIVE_REGULATION_OF_MYELOID_LEUKOCYTE_DIFFERENTIATION	33	16	0.004416397436649921	0.022743497910408954
Immune::GSE20727_ROS_INH_VS_ROS_INH_AND_DNFB_ALLERGEN_TREATED_DC_DN	33	16	0.004416397436649921	0.022743497910408954
Immune::GSE17721_PAM3CSK4_VS_CPG_8H_BMDC_DN	128	47	0.0044264033670960165	0.022767074093542908
Immune::GSE37533_UNTREATED_VS_PIOGLIZATONE_TREATED_CD4_TCELL_PPARG1_AND_FOXP3_TRASDUCED_DN	128	47	0.0044264033670960165	0.022767074093542908
Immune::GSE40655_FOXO1_KO_VS_WT_NTREG_UP	141	51	0.004432362339991629	0.022783754699871185
Immune::GSE19401_UNSTIM_VS_RETINOIC_ACID_STIM_FOLLICULAR_DC_DN	112	42	0.004493388106235788	0.023069175534401482
Immune::GSE25677_R848_VS_MPL_AND_R848_STIM_BCELL_DN	112	42	0.004493388106235788	0.023069175534401482
Immune::GSE25087_TREG_VS_TCONV_FETUS_UP	93	36	0.004520842950683274	0.02319593364726727
GO_BP::GOBP_MITOTIC_CELL_CYCLE_PHASE_TRANSITION	248	83	0.004535045810045722	0.02325458392449484
Immune::GSE33162_HDAC3_KO_VS_HDAC3_KO_MACROPHAGE_DN	151	54	0.0045670040270826325	0.02340415197507404
Immune::GSE12845_PRE_GC_VS_DARKZONE_GC_TONSIL_BCELL_UP	125	46	0.004608347956873369	0.023601606233339862
GO_BP::GOBP_CELL_MORPHOGENESIS_INVOLVED_IN_NEURON_DIFFERENTIATION	138	50	0.004625060626878178	0.023658313170049412
Immune::GSE41867_LCMV_ARMSTRONG_VS_CLONE13_DAY8_EFFECTOR_CD8_TCELL_UP	138	50	0.004625060626878178	0.023658313170049412
GO_BP::GOBP_CIRCADIAN_RHYTHM	90	35	0.004653480567287753	0.023750160252622058
Immune::GSE17721_CTRL_VS_LPS_1H_BMDC_DN	90	35	0.004653480567287753	0.023750160252622058
GO_BP::GOBP_POSITIVE_REGULATION_OF_AMIDE_METABOLIC_PROCESS	109	41	0.004660002834165682	0.023750160252622058
Immune::GSE13522_WT_VS_IFNAR_KO_SKIN_UP	109	41	0.004660002834165682	0.023750160252622058
Immune::GSE13547_WT_VS_ZFX_KO_BCELL_ANTI_IGM_STIM_2H_DN	109	41	0.004660002834165682	0.023750160252622058
Immune::GSE43955_TH0_VS_TGFB_IL6_TH17_ACT_CD4_TCELL_4H_UP	109	41	0.004660002834165682	0.023750160252622058
GO_BP::GOBP_EMBRYO_DEVELOPMENT	369	118	0.004732735423141333	0.024053067792933747
GO_BP::GOBP_B_CELL_HOMEOSTASIS	25	13	0.004736639408025575	0.024053067792933747
GO_BP::GOBP_INTERLEUKIN_10_PRODUCTION	25	13	0.004736639408025575	0.024053067792933747
GO_BP::GOBP_POSITIVE_REGULATION_OF_VIRAL_GENOME_REPLICATION	25	13	0.004736639408025575	0.024053067792933747
GO_BP::GOBP_RESPONSE_TO_ESTROGEN	25	13	0.004736639408025575	0.024053067792933747
Reactome::REACTOME_REGULATION_OF_INSULIN_SECRETION	25	13	0.004736639408025575	0.024053067792933747
Immune::GSE6269_FLU_VS_STAPH_AUREUS_INF_PBMC_DN	87	34	0.004784086034056468	0.02427930897743479
Immune::GSE8685_IL2_ACT_IL2_STARVED_VS_IL15_ACT_IL2_STARVED_CD4_TCELL_UP	122	45	0.004796141561678699	0.024325774825225275
Immune::GSE43956_WT_VS_SGK1_KO_TH17_DIFFERENTIATED_CD4_TCELL_DN	135	49	0.0048251308198861784	0.02445801960605749
Immune::GSE5589_LPS_VS_LPS_AND_IL10_STIM_MACROPHAGE_45MIN_UP	106	40	0.004829874156070721	0.024467279163814783
Immune::GSE4984_LPS_VS_VEHICLE_CTRL_TREATED_DC_UP	84	33	0.004911634534884145	0.024866446658505185
Immune::GSE21670_TGFB_VS_TGFB_AND_IL6_TREATED_CD4_TCELL_DN	145	52	0.004986681429200586	0.025216345121613495
Immune::GSE29949_CD8_NEG_DC_SPLEEN_VS_MONOCYTE_BONE_MARROW_UP	119	44	0.004989764322550769	0.025216345121613495
Immune::GSE37532_TREG_VS_TCONV_PPARG_KO_CD4_TCELL_FROM_VISCERAL_ADIPOSE_TISSUE_DN	119	44	0.004989764322550769	0.025216345121613495
Immune::GSE36888_UNTREATED_VS_IL2_TREATED_STAT5_AB_KNOCKIN_TCELL_17H_DN	103	39	0.005002649091170963	0.025251036838648138
Immune::GSE41176_WT_VS_TAK1_KO_UNSTIM_BCELL_UP	103	39	0.005002649091170963	0.025251036838648138
GO_BP::GOBP_NEGATIVE_REGULATION_OF_PROTEIN_SERINE_THREONINE_KINASE_ACTIVITY	39	18	0.005033968265281069	0.025393842319568784
GO_BP::GOBP_LEUKOCYTE_CHEMOTAXIS	78	31	0.005152631832101522	0.025773009458494554
GO_BP::GOBP_NON_CANONICAL_NF_KAPPAB_SIGNAL_TRANSDUCTION	78	31	0.005152631832101522	0.025773009458494554
Immune::GSE17721_POLYIC_VS_PAM3CSK4_2H_BMDC_DN	78	31	0.005152631832101522	0.025773009458494554
Immune::GSE3982_CTRL_VS_PMA_STIM_EOSINOPHIL_DN	78	31	0.005152631832101522	0.025773009458494554
Immune::GSE4590_SMALL_VS_LARGE_PRE_BCELL_DN	78	31	0.005152631832101522	0.025773009458494554
GO_BP::GOBP_ADENYLATE_CYCLASE_ACTIVATING_ADRENERGIC_RECEPTOR_SIGNALING_PATHWAY	8	6	0.005167505293740355	0.025773009458494554
GO_BP::GOBP_ANGIOGENESIS_INVOLVED_IN_WOUND_HEALING	8	6	0.005167505293740355	0.025773009458494554
GO_BP::GOBP_ANTIBACTERIAL_HUMORAL_RESPONSE	8	6	0.005167505293740355	0.025773009458494554
GO_BP::GOBP_CELLULAR_RESPONSE_TO_PROSTAGLANDIN_E_STIMULUS	8	6	0.005167505293740355	0.025773009458494554
GO_BP::GOBP_MEMBRANE_DISASSEMBLY	8	6	0.005167505293740355	0.025773009458494554
GO_BP::GOBP_NEGATIVE_REGULATION_OF_B_CELL_PROLIFERATION	8	6	0.005167505293740355	0.025773009458494554
GO_BP::GOBP_POSITIVE_REGULATION_OF_TYPE_2_IMMUNE_RESPONSE	8	6	0.005167505293740355	0.025773009458494554
GO_BP::GOBP_REGULATION_OF_AMINO_ACID_TRANSMEMBRANE_TRANSPORT	8	6	0.005167505293740355	0.025773009458494554
GO_BP::GOBP_REGULATION_OF_MEMBRANE_PROTEIN_ECTODOMAIN_PROTEOLYSIS	8	6	0.005167505293740355	0.025773009458494554
GO_BP::GOBP_REGULATION_OF_MICROGLIAL_CELL_ACTIVATION	8	6	0.005167505293740355	0.025773009458494554
GO_BP::GOBP_REGULATION_OF_PROTEIN_LOCALIZATION_TO_ENDOSOME	8	6	0.005167505293740355	0.025773009458494554
GO_BP::GOBP_REGULATION_OF_TRANSLATIONAL_INITIATION_BY_EIF2_ALPHA_PHOSPHORYLATION	8	6	0.005167505293740355	0.025773009458494554
Reactome::REACTOME_OAS_ANTIVIRAL_RESPONSE	8	6	0.005167505293740355	0.025773009458494554
Immune::GARCIA_PINERES_PBMC_HPV_16_L1_VLP_AGE_18_25YO_12MO_CORRELATED_WITH_ANTIBODY_RESPONSE_NEGATIVE	8	6	0.005167505293740355	0.025773009458494554
Immune::GSE21774_CD62L_POS_CD56_DIM_VS_CD62L_NEG_CD56_DIM_NK_CELL_UP	100	38	0.005177896216443089	0.025794163515285674
Immune::GSE40274_FOXP3_VS_FOXP3_AND_XBP1_TRANSDUCED_ACTIVATED_CD4_TCELL_DN	100	38	0.005177896216443089	0.025794163515285674
Immune::GSE34515_CD16_NEG_MONOCYTE_VS_DC_UP	116	43	0.0051891600956664365	0.025819610938639225
Immune::GSE4748_CTRL_VS_CYANOBACTERIUM_LPSLIKE_STIM_DC_3H_UP	116	43	0.0051891600956664365	0.025819610938639225
Immune::GSE339_CD4POS_VS_CD8POS_DC_IN_CULTURE_UP	129	47	0.005248021835299067	0.026049390317066705
Immune::GSE43955_TH0_VS_TGFB_IL6_IL23_TH17_ACT_CD4_TCELL_60H_DN	129	47	0.005248021835299067	0.026049390317066705
GO_BP::GOBP_CIRCADIAN_REGULATION_OF_GENE_EXPRESSION	42	19	0.00525086649495289	0.026049390317066705
GO_BP::GOBP_INTEGRIN_MEDIATED_SIGNALING_PATHWAY	42	19	0.00525086649495289	0.026049390317066705
GO_BP::GOBP_INTERLEUKIN_1_PRODUCTION	42	19	0.00525086649495289	0.026049390317066705
Immune::GSE22601_DOUBLE_NEGATIVE_VS_DOUBLE_POSITIVE_THYMOCYTE_DN	152	54	0.0053336919392068475	0.026444646381800378
Reactome::REACTOME_NGF_STIMULATED_TRANSCRIPTION	20	11	0.005339707412568605	0.02645883371768342
Immune::GSE360_L_MAJOR_VS_B_MALAYI_HIGH_DOSE_DC_UP	97	37	0.005355093627814855	0.026488137054091282
Immune::GSE7768_OVA_ALONE_VS_OVA_WITH_MPL_IMMUNIZED_MOUSE_WHOLE_SPLEEN_6H_DN	97	37	0.005355093627814855	0.026488137054091282
Immune::GSE7831_UNSTIM_VS_INFLUENZA_STIM_PDC_4H_UP	97	37	0.005355093627814855	0.026488137054091282
GO_BP::GOBP_HEMOSTASIS	72	29	0.005364629368070457	0.026488449540166607
Immune::GSE13547_CTRL_VS_ANTI_IGM_STIM_BCELL_2H_DN	72	29	0.005364629368070457	0.026488449540166607
Immune::GSE6259_33D1_POS_DC_VS_CD4_TCELL_DN	72	29	0.005364629368070457	0.026488449540166607
GO_BP::GOBP_NEGATIVE_REGULATION_OF_ADAPTIVE_IMMUNE_RESPONSE	28	14	0.005384401908349027	0.026539217161656862
Reactome::REACTOME_RHOB_GTPASE_CYCLE	28	14	0.005384401908349027	0.026539217161656862
Immune::NAKAYA_PBMC_FLUMIST_AGE_18_50YO_7DY_IFN_SUBSET_UP	28	14	0.005384401908349027	0.026539217161656862
GO_BP::GOBP_CELL_SUBSTRATE_ADHESION	113	42	0.0053942300306011135	0.02655645289126335
Immune::GSE36009_WT_VS_NLRP10_KO_DC_UP	113	42	0.0053942300306011135	0.02655645289126335
GO_BP::GOBP_APOPTOTIC_SIGNALING_PATHWAY	353	113	0.005437109956538996	0.026740493756158702
GO_BP::GOBP_PALLIUM_DEVELOPMENT	69	28	0.005455041800359974	0.026740493756158702
GO_BP::GOBP_SKIN_DEVELOPMENT	69	28	0.005455041800359974	0.026740493756158702
GO_BP::GOBP_FC_RECEPTOR_MEDIATED_STIMULATORY_SIGNALING_PATHWAY	15	9	0.005468293818364113	0.026740493756158702
GO_BP::GOBP_KERATINOCYTE_PROLIFERATION	15	9	0.005468293818364113	0.026740493756158702
GO_BP::GOBP_MONOCYTE_CHEMOTAXIS	15	9	0.005468293818364113	0.026740493756158702
GO_BP::GOBP_NEGATIVE_REGULATION_OF_ALPHA_BETA_T_CELL_DIFFERENTIATION	15	9	0.005468293818364113	0.026740493756158702
GO_BP::GOBP_POSITIVE_REGULATION_OF_VASCULAR_ASSOCIATED_SMOOTH_MUSCLE_CELL_PROLIFERATION	15	9	0.005468293818364113	0.026740493756158702
GO_BP::GOBP_REGULATION_OF_B_CELL_DIFFERENTIATION	15	9	0.005468293818364113	0.026740493756158702
Reactome::REACTOME_RHO_GTPASES_ACTIVATE_IQGAPS	15	9	0.005468293818364113	0.026740493756158702
Immune::GSE1925_CTRL_VS_24H_IFNG_STIM_MACROPHAGE_UP	126	46	0.005471120983813185	0.026740493756158702
GO_BP::GOBP_ADHERENS_JUNCTION_ASSEMBLY	6	5	0.005526643822883522	0.026740493756158702
GO_BP::GOBP_CELLULAR_RESPONSE_TO_COLD	6	5	0.005526643822883522	0.026740493756158702
GO_BP::GOBP_CELL_DIFFERENTIATION_INVOLVED_IN_EMBRYONIC_PLACENTA_DEVELOPMENT	6	5	0.005526643822883522	0.026740493756158702
GO_BP::GOBP_NEGATIVE_REGULATION_OF_OXIDOREDUCTASE_ACTIVITY	6	5	0.005526643822883522	0.026740493756158702
GO_BP::GOBP_NEGATIVE_REGULATION_OF_PERK_MEDIATED_UNFOLDED_PROTEIN_RESPONSE	6	5	0.005526643822883522	0.026740493756158702
GO_BP::GOBP_NEGATIVE_REGULATION_OF_TYPE_2_IMMUNE_RESPONSE	6	5	0.005526643822883522	0.026740493756158702
GO_BP::GOBP_POSITIVE_REGULATION_OF_INTRINSIC_APOPTOTIC_SIGNALING_PATHWAY_BY_P53_CLASS_MEDIATOR	6	5	0.005526643822883522	0.026740493756158702
GO_BP::GOBP_REGULATION_OF_ADENYLATE_CYCLASE_ACTIVATING_G_PROTEIN_COUPLED_RECEPTOR_SIGNALING_PATHWAY	6	5	0.005526643822883522	0.026740493756158702
GO_BP::GOBP_REGULATION_OF_PIGMENTATION	6	5	0.005526643822883522	0.026740493756158702
GO_BP::GOBP_REGULATION_OF_RECEPTOR_CATABOLIC_PROCESS	6	5	0.005526643822883522	0.026740493756158702
GO_BP::GOBP_T_HELPER_2_CELL_CYTOKINE_PRODUCTION	6	5	0.005526643822883522	0.026740493756158702
GO_BP::GOBP_ZYMOGEN_INHIBITION	6	5	0.005526643822883522	0.026740493756158702
Reactome::REACTOME_ALK_MUTANTS_BIND_TKIS	6	5	0.005526643822883522	0.026740493756158702
Reactome::REACTOME_GAP_JUNCTION_ASSEMBLY	6	5	0.005526643822883522	0.026740493756158702
Reactome::REACTOME_TRANSPORT_OF_CONNEXONS_TO_THE_PLASMA_MEMBRANE	6	5	0.005526643822883522	0.026740493756158702
Immune::HOEK_NEUTROPHIL_2011_2012_TIV_ADULT_7DY_UP	6	5	0.005526643822883522	0.026740493756158702
GO_BP::GOBP_MYOBLAST_DIFFERENTIATION	48	21	0.005530961430497799	0.026740493756158702
Reactome::REACTOME_CIRCADIAN_CLOCK	48	21	0.005530961430497799	0.026740493756158702
Immune::GSE30971_2H_VS_4H_LPS_STIM_MACROPHAGE_WBP7_HET_DN	48	21	0.005530961430497799	0.026740493756158702
Immune::GSE22886_UNSTIM_VS_IL15_STIM_NKCELL_UP	94	36	0.00553361511034587	0.026740493756158702
Immune::GSE2706_2H_VS_8H_R848_AND_LPS_STIM_DC_DN	94	36	0.00553361511034587	0.026740493756158702
Immune::GSE22886_NAIVE_CD8_TCELL_VS_NKCELL_UP	149	53	0.005578422047674771	0.026941498306242748
GO_BP::GOBP_TUMOR_NECROSIS_FACTOR_MEDIATED_SIGNALING_PATHWAY	63	26	0.005592764977031121	0.02699522749845459
Immune::GSE29618_BCELL_VS_MDC_DAY7_FLU_VACCINE_DN	110	41	0.005604825148255043	0.027022343775121582
Immune::GSE46606_DAY1_VS_DAY3_CD40L_IL2_IL5_STIMULATED_IRF4HIGH_BCELL_DN	110	41	0.005604825148255043	0.027022343775121582
GO_BP::GOBP_INTERLEUKIN_6_PRODUCTION	60	25	0.005634276415531113	0.027133148593507753
Immune::GSE22045_TREG_VS_TCONV_UP	60	25	0.005634276415531113	0.027133148593507753
Immune::GSE2585_CD80_HIGH_VS_LOW_AIRE_KO_MTEC_UP	54	23	0.005645085955789414	0.02716960762083614
Immune::GSE33425_CD161_HIGH_VS_NEG_CD8_TCELL_DN	123	45	0.005702141012949308	0.027412756995777506
Immune::GSE339_EX_VIVO_VS_IN_CULTURE_CD8POS_DC_DN	123	45	0.005702141012949308	0.027412756995777506
Immune::GSE24142_DN2_VS_DN3_THYMOCYTE_FETAL_DN	91	35	0.005712714245443204	0.027416452977701965
Immune::GSE39556_CD8A_DC_VS_NK_CELL_DN	91	35	0.005712714245443204	0.027416452977701965
Immune::GSE7460_TCONV_VS_TREG_LN_UP	91	35	0.005712714245443204	0.027416452977701965
GO_BP::GOBP_MUSCLE_SYSTEM_PROCESS	107	40	0.005820737757557148	0.02790295374179824
Immune::GSE17721_0.5H_VS_8H_LPS_BMDC_DN	107	40	0.005820737757557148	0.02790295374179824
Immune::GSE21774_CD62L_POS_CD56_BRIGHT_VS_CD62L_NEG_CD56_DIM_NK_CELL_DN	88	34	0.00589150614323132	0.028177790784246034
Immune::GSE22501_PERIPHERAL_BLOOD_VS_CORD_BLOOD_TREG_DN	88	34	0.00589150614323132	0.028177790784246034
Immune::GSE37534_GW1929_VS_PIOGLITAZONE_TREATED_CD4_TCELL_PPARG1_FOXP3_TRANSDUCED_UP	88	34	0.00589150614323132	0.028177790784246034
Immune::GSE9988_LPS_VS_LPS_AND_ANTI_TREM1_MONOCYTE_DN	88	34	0.00589150614323132	0.028177790784246034
GO_BP::GOBP_NEGATIVE_REGULATION_OF_DEVELOPMENTAL_GROWTH	31	15	0.00592424163021845	0.02830208601133404
Reactome::REACTOME_GENERATION_OF_SECOND_MESSENGER_MOLECULES	31	15	0.00592424163021845	0.02830208601133404
Immune::GSE23321_CENTRAL_MEMORY_VS_NAIVE_CD8_TCELL_UP	104	39	0.006041691522365405	0.028830347088238558
Immune::GSE5679_CTRL_VS_PPARG_LIGAND_ROSIGLITAZONE_AND_RARA_AGONIST_AM580_TREATED_DC_UP	104	39	0.006041691522365405	0.028830347088238558
GO_BP::GOBP_RESPONSE_TO_EXTRACELLULAR_STIMULUS	230	77	0.006057679754731164	0.028878270970010333
GO_BP::GOBP_REGULATION_OF_RESPONSE_TO_CYTOKINE_STIMULUS	85	33	0.006068946444168341	0.028878270970010333
Immune::GSE18804_SPLEEN_MACROPHAGE_VS_BRAIN_TUMORAL_MACROPHAGE_UP	85	33	0.006068946444168341	0.028878270970010333
Immune::GSE3982_NEUTROPHIL_VS_BCELL_UP	85	33	0.006068946444168341	0.028878270970010333
Immune::GSE7852_TREG_VS_TCONV_LN_DN	85	33	0.006068946444168341	0.028878270970010333
Immune::GSE44649_WT_VS_MIR155_KO_ACTIVATED_CD8_TCELL_UP	117	43	0.006188237914852048	0.029395882144786997
Immune::GSE5679_RARA_AGONIST_AM580_VS_AM580_AND_ROSIGLITAZONE_TREATED_DC_DN	117	43	0.006188237914852048	0.029395882144786997
Immune::GSE8921_3H_VS_24H_TLR1_2_STIM_MONOCYTE_UP	117	43	0.006188237914852048	0.029395882144786997
Immune::NAKAYA_MONOCYTE_FLUMIST_AGE_18_50YO_7DY_DN	153	54	0.006207504174611727	0.029470714499613908
Immune::GSE20366_TREG_VS_NAIVE_CD4_TCELL_DN	82	32	0.0062438071866793305	0.029592824005114635
Immune::GSE37301_MULTIPOTENT_PROGENITOR_VS_PRO_BCELL_UP	82	32	0.0062438071866793305	0.029592824005114635
Immune::GSE37605_FOXP3_FUSION_GFP_VS_IRES_GFP_TREG_NOD_DN	82	32	0.0062438071866793305	0.029592824005114635
GO_BP::GOBP_REGULATION_OF_MITOTIC_CELL_CYCLE_PHASE_TRANSITION	183	63	0.006255436475289244	0.02963120078554572
Immune::GSE21927_SPLENIC_VS_TUMOR_MONOCYTES_FROM_C26GM_TUMOROUS_MICE_BALBC_DN	163	57	0.006264424057129989	0.02965405020373569
Immune::GSE46242_CTRL_VS_EGR2_DELETED_ANERGIC_TH1_CD4_TCELL_DN	101	38	0.006267329957232492	0.02965405020373569
GO_BP::GOBP_KERATINOCYTE_DIFFERENTIATION	34	16	0.006362149742857772	0.03003493201622614
GO_BP::GOBP_MEMORY	34	16	0.006362149742857772	0.03003493201622614
GO_BP::GOBP_NEGATIVE_REGULATION_OF_RESPONSE_TO_CYTOKINE_STIMULUS	34	16	0.006362149742857772	0.03003493201622614
Immune::GSE6566_STRONG_VS_WEAK_DC_STIMULATED_CD4_TCELL_UP	34	16	0.006362149742857772	0.03003493201622614
GO_BP::GOBP_POSITIVE_REGULATION_OF_SMALL_GTPASE_MEDIATED_SIGNAL_TRANSDUCTION	23	12	0.0063803371676774	0.030103851799575768
Immune::GSE32533_MIR17_KO_VS_MIR17_OVEREXPRESS_ACT_CD4_TCELL_DN	79	31	0.0064146490887571515	0.030231736632350417
Immune::GSE3982_EFF_MEMORY_CD4_TCELL_VS_TH2_UP	79	31	0.0064146490887571515	0.030231736632350417
Immune::GSE16697_CD4_TCELL_VS_TFH_CD4_TCELL_UP	114	42	0.00644337450226043	0.030316022826395263
Immune::GSE3982_DC_VS_TH1_DN	114	42	0.00644337450226043	0.030316022826395263
Immune::GSE46606_DAY1_VS_DAY3_CD40L_IL2_IL5_STIMULATED_BCELL_DN	114	42	0.00644337450226043	0.030316022826395263
Immune::GSE13738_RESTING_VS_BYSTANDER_ACTIVATED_CD4_TCELL_UP	98	37	0.006497203091962554	0.030517937703512802
Immune::GSE17721_0.5H_VS_24H_CPG_BMDC_DN	98	37	0.006497203091962554	0.030517937703512802
Immune::GSE360_L_MAJOR_VS_M_TUBERCULOSIS_DC_DN	98	37	0.006497203091962554	0.030517937703512802
Immune::GSE22886_NAIVE_VS_IGG_IGA_MEMORY_BCELL_UP	76	30	0.006579789744613788	0.030871284210047575
Immune::GSE6875_TCONV_VS_FOXP3_KO_TREG_UP	76	30	0.006579789744613788	0.030871284210047575
GO_BP::GOBP_MITOTIC_CELL_CYCLE	496	153	0.006611759366492923	0.031003940372000632
Immune::GSE17721_0.5H_VS_4H_POLYIC_BMDC_DN	137	49	0.0066677503802022794	0.03124902678185303
Immune::GSE30971_CTRL_VS_LPS_STIM_MACROPHAGE_WBP7_HET_4H_UP	111	41	0.006706537235595214	0.03138076719873425
GO_BP::GOBP_INTERLEUKIN_2_PRODUCTION	37	17	0.006707082558985636	0.03138076719873425
Immune::GSE10422_WT_VS_BAFF_TRANSGENIC_LN_BCELL_DN	37	17	0.006707082558985636	0.03138076719873425
Immune::GSE2706_2H_VS_8H_LPS_STIM_DC_DN	95	36	0.006730751999062249	0.03142141264336851
Immune::GSE360_CTRL_VS_B_MALAYI_LOW_DOSE_DC_UP	95	36	0.006730751999062249	0.03142141264336851
Immune::GSE3982_NEUTROPHIL_VS_BASOPHIL_UP	95	36	0.006730751999062249	0.03142141264336851
Immune::GSE8921_UNSTIM_0H_VS_TLR1_2_STIM_MONOCYTE_6H_DN	95	36	0.006730751999062249	0.03142141264336851
GO_BP::GOBP_POSITIVE_REGULATION_OF_LEUKOCYTE_MEDIATED_IMMUNITY	73	29	0.006737267198718103	0.031434335111260384
Immune::GSE36826_WT_VS_IL1R_KO_SKIN_DN	124	45	0.006748978306516929	0.0314539883407614
Immune::GSE45365_HEALTHY_VS_MCMV_INFECTION_CD8A_DC_IFNAR_KO_DN	124	45	0.006748978306516929	0.0314539883407614
GO_BP::GOBP_NEGATIVE_REGULATION_OF_PHOSPHORYLATION	147	52	0.006800127633469149	0.03167477552313864
GO_BP::GOBP_DEVELOPMENTAL_CELL_GROWTH	70	28	0.006884798339544694	0.03198038387067577
Immune::GSE13306_RA_VS_UNTREATED_TREG_DN	70	28	0.006884798339544694	0.03198038387067577
Immune::GSE14415_NATURAL_TREG_VS_TCONV_DN	70	28	0.006884798339544694	0.03198038387067577
Immune::GSE21063_CTRL_VS_ANTI_IGM_STIM_BCELL_16H_DN	70	28	0.006884798339544694	0.03198038387067577
Immune::GSE22025_TGFB1_VS_TGFB1_AND_PROGESTERONE_TREATED_CD4_TCELL_DN	70	28	0.006884798339544694	0.03198038387067577
Immune::GSE22886_TH1_VS_TH2_12H_ACT_UP	92	35	0.006967290824043062	0.03228535480437804
Immune::GSE5455_HEALTHY_VS_TUMOR_BEARING_MOUSE_SPLEEN_MONOCYTE_24H_INCUBATION_DN	92	35	0.006967290824043062	0.03228535480437804
GO_BP::GOBP_GRANULOCYTE_CHEMOTAXIS	40	18	0.006969067565778748	0.03228535480437804
Immune::GSE22886_NAIVE_CD8_TCELL_VS_NEUTROPHIL_DN	40	18	0.006969067565778748	0.03228535480437804
GO_BP::GOBP_RESPONSE_TO_XENOBIOTIC_STIMULUS	134	48	0.006969695738553896	0.03228535480437804
Immune::GSE1460_CD4_THYMOCYTE_VS_NAIVE_CD4_TCELL_ADULT_BLOOD_UP	108	40	0.006977634634437624	0.03230429191407132
GO_BP::GOBP_REGULATION_OF_SIGNAL_TRANSDUCTION_BY_P53_CLASS_MEDIATOR	67	27	0.007019731571927102	0.03248126208323026
Immune::GSE17721_0.5H_VS_12H_LPS_BMDC_DN	121	44	0.007041458415594482	0.032545892368276645
Immune::GSE32901_NAIVE_VS_TH17_ENRICHED_CD4_TCELL_DN	121	44	0.007041458415594482	0.032545892368276645
Immune::GSE37533_PPARG1_FOXP3_VS_PPARG2_FOXP3_TRANSDUCED_CD4_TCELL_DN	144	51	0.007116555277161357	0.032874880077151225
GO_BP::GOBP_POSITIVE_REGULATION_OF_LYMPHOCYTE_MEDIATED_IMMUNITY	64	26	0.007138993309679843	0.03290605212906824
Immune::GSE39110_DAY3_VS_DAY6_POST_IMMUNIZATION_CD8_TCELL_DN	64	26	0.007138993309679843	0.03290605212906824
Immune::GSE43863_TFH_VS_LY6C_LOW_CXCR5NEG_EFFECTOR_CD4_TCELL_DN	64	26	0.007138993309679843	0.03290605212906824
Immune::GSE9946_IMMATURE_VS_PROSTAGLANDINE2_TREATED_MATURE_DC_UP	64	26	0.007138993309679843	0.03290605212906824
Immune::GSE4590_PRE_BCELL_VS_SMALL_PRE_BCELL_DN	43	19	0.007158162113430704	0.03297628883556847
GO_BP::GOBP_CD4_POSITIVE_OR_CD8_POSITIVE_ALPHA_BETA_T_CELL_LINEAGE_COMMITMENT	18	10	0.007171609431409997	0.03300199205710283
Immune::SOBOLEV_PBMC_PANDEMRIX_AGE_18_64YO_CORRELATED_WITH_AGE_1DY_POSITIVE	18	10	0.007171609431409997	0.03300199205710283
GO_BP::GOBP_BRAIN_MORPHOGENESIS	13	8	0.0071901757457388405	0.03301498868692016
GO_BP::GOBP_PEPTIDE_ANTIGEN_ASSEMBLY_WITH_MHC_PROTEIN_COMPLEX	13	8	0.0071901757457388405	0.03301498868692016
GO_BP::GOBP_REGULATION_OF_T_HELPER_17_CELL_DIFFERENTIATION	13	8	0.0071901757457388405	0.03301498868692016
Immune::BUCASAS_PBMC_FLUARIX_FLUVIRIN_CAUCASIAN_MALE_AGE_18_40YO_HIGH_RESPONDERS_1DY_TOP_FUNCTIONAL_NETWORK_POSITIVE	13	8	0.0071901757457388405	0.03301498868692016
Immune::GSE21063_CTRL_VS_ANTI_IGM_STIM_BCELL_NFATC1_KO_16H_UP	89	34	0.007205985894667848	0.03303334189637627
Immune::GSE22886_NAIVE_CD8_TCELL_VS_MONOCYTE_DN	89	34	0.007205985894667848	0.03303334189637627
Immune::GSE4590_LARGE_PRE_BCELL_VS_VPREB_POS_LARGE_PRE_BCELL_UP	89	34	0.007205985894667848	0.03303334189637627
Reactome::REACTOME_SIGNALING_BY_VEGF	61	25	0.007239028027967151	0.03316668821770422
Immune::HOEK_NEUTROPHIL_2011_2012_TIV_ADULT_7DY_DN	26	13	0.00725173352355888	0.03320676448096913
Immune::GSE43863_LY6C_INT_CXCR5POS_VS_LY6C_LOW_CXCR5NEG_EFFECTOR_CD4_TCELL_UP	105	39	0.007256509441082641	0.033210506110879584
GO_BP::GOBP_REGULATION_OF_DEFENSE_RESPONSE_TO_VIRUS	58	24	0.007315732008087054	0.03342683867965267
Immune::GSE11057_CD4_CENT_MEM_VS_PBMC_DN	58	24	0.007315732008087054	0.03342683867965267
Immune::GSE4590_SMALL_VS_VPREB_POS_LARGE_PRE_BCELL_DN	58	24	0.007315732008087054	0.03342683867965267
Immune::GSE11961_FOLLICULAR_BCELL_VS_MEMORY_BCELL_DAY7_UP	118	43	0.007344782091778813	0.03354130482739927
GO_BP::GOBP_ENDOTHELIUM_DEVELOPMENT	49	21	0.007355074489071285	0.03355177807983633
GO_BP::GOBP_RESPONSE_TO_INTERLEUKIN_1	49	21	0.007355074489071285	0.03355177807983633
Immune::GSE28737_BCL6_HET_VS_BCL6_KO_MARGINAL_ZONE_BCELL_UP	55	23	0.007364381628162835	0.03357597689057501
Immune::GSE22229_RENAL_TRANSPLANT_VS_HEALTHY_PBMC_DN	86	33	0.007445831410150415	0.03389792540722678
Immune::GSE3982_BCELL_VS_TH1_UP	86	33	0.007445831410150415	0.03389792540722678
Immune::GSE31082_DN_VS_DP_THYMOCYTE_DN	141	50	0.007447118431936938	0.03389792540722678
GO_BP::GOBP_AMEBOIDAL_TYPE_CELL_MIGRATION	151	53	0.007541217586545482	0.03429680777185331
Immune::GSE46606_UNSTIM_VS_CD40L_IL2_IL5_DAY1_STIMULATED_BCELL_UP	102	38	0.007542926491723609	0.03429680777185331
Immune::GSE16385_IL4_VS_ROSIGLITAZONE_STIM_MACROPHAGE_UP	128	46	0.007611961972575188	0.034573226306406746
Immune::GSE8384_CTRL_VS_B_ABORTUS_4H_MAC_CELL_LINE_DN	128	46	0.007611961972575188	0.034573226306406746
Immune::GSE19772_CTRL_VS_HCMV_INF_MONOCYTES_UP	115	42	0.007659107369479222	0.034730946877060104
Immune::GSE20727_H2O2_VS_ROS_INHIBITOR_TREATED_DC_UP	115	42	0.007659107369479222	0.034730946877060104
Immune::GSE9960_HEALTHY_VS_GRAM_NEG_SEPSIS_PBMC_DN	115	42	0.007659107369479222	0.034730946877060104
Immune::GSE2706_R848_VS_LPS_8H_STIM_DC_DN	83	32	0.00768562112348494	0.03477598468442026
Immune::GSE27241_WT_CTRL_VS_DIGOXIN_TREATED_RORGT_KO_CD4_TCELL_IN_TH17_POLARIZING_CONDITIONS_UP	83	32	0.00768562112348494	0.03477598468442026
Immune::GSE29617_DAY3_VS_DAY7_TIV_FLU_VACCINE_PBMC_2008_UP	83	32	0.00768562112348494	0.03477598468442026
Immune::GSE45382_UNTREATED_VS_TGFB_TREATED_MACROPHAGES_DN	83	32	0.00768562112348494	0.03477598468442026
Immune::GSE37301_PRO_BCELL_VS_CD4_TCELL_UP	99	37	0.007836558531229882	0.03543983262452155
GO_BP::GOBP_CELLULAR_RESPONSE_TO_EXTERNAL_STIMULUS	178	61	0.007876096981788112	0.03559944912727396
GO_BP::GOBP_RESPONSE_TO_KETONE	80	31	0.00792391532813592	0.035777032124721324
Immune::GSE25088_CTRL_VS_IL4_STIM_MACROPHAGE_UP	80	31	0.00792391532813592	0.035777032124721324
Immune::GSE19923_E2A_KO_VS_HEB_AND_E2A_KO_DP_THYMOCYTE_UP	125	45	0.007953082878191423	0.03586095293607527
GO_BP::GOBP_CAMERA_TYPE_EYE_MORPHOGENESIS	29	14	0.007959601188100148	0.03586095293607527
GO_BP::GOBP_CELLULAR_COMPONENT_ASSEMBLY_INVOLVED_IN_MORPHOGENESIS	29	14	0.007959601188100148	0.03586095293607527
GO_BP::GOBP_TYROSINE_PHOSPHORYLATION_OF_STAT_PROTEIN	29	14	0.007959601188100148	0.03586095293607527
GO_BP::GOBP_REGULATION_OF_INTRINSIC_APOPTOTIC_SIGNALING_PATHWAY	112	41	0.007984552930014033	0.035954060402516225
Immune::GSE10240_CTRL_VS_IL22_STIM_PRIMARY_BRONCHIAL_EPITHELIAL_CELLS_UP	96	36	0.008136969603207297	0.03660109276209438
Immune::GSE39864_WT_VS_GATA3_KO_TREG_UP	96	36	0.008136969603207297	0.03660109276209438
Immune::GSE16385_UNTREATED_VS_12H_IL4_TREATED_MACROPHAGE_UP	77	30	0.008159002343388002	0.03662165364295449
Immune::GSE20715_WT_VS_TLR4_KO_24H_OZONE_LUNG_UP	77	30	0.008159002343388002	0.03662165364295449
Immune::GSE25123_WT_VS_PPARG_KO_MACROPHAGE_IL4_STIM_UP	77	30	0.008159002343388002	0.03662165364295449
Immune::GSE3920_IFNA_VS_IFNG_TREATED_FIBROBLAST_DN	77	30	0.008159002343388002	0.03662165364295449
GO_BP::GOBP_REGULATION_OF_DNA_BINDING_TRANSCRIPTION_FACTOR_ACTIVITY	185	63	0.008168062460238502	0.03664271442724107
GO_BP::GOBP_BIOLOGICAL_PROCESS_INVOLVED_IN_SYMBIOTIC_INTERACTION	165	57	0.008316493626075885	0.03726986494836439
Immune::GSE46606_IRF4_KO_VS_WT_UNSTIM_BCELL_UP	109	40	0.00832118930126195	0.03726986494836439
Immune::GSE8921_UNSTIM_VS_TLR1_2_STIM_MONOCYTE_6H_UP	109	40	0.00832118930126195	0.03726986494836439
Immune::GSE1460_CORD_VS_ADULT_BLOOD_NAIVE_CD4_TCELL_UP	93	35	0.008443595575208454	0.037757635010886845
Immune::GSE20152_HTNFA_OVERXPRESS_ANKLE_VS_CTRL_SPHK1_KO_ANKLE_UP	93	35	0.008443595575208454	0.037757635010886845
Immune::GSE9988_LOW_LPS_VS_ANTI_TREM1_AND_LPS_MONOCYTE_DN	93	35	0.008443595575208454	0.037757635010886845
Immune::GSE22886_CD8_TCELL_VS_BCELL_NAIVE_DN	32	15	0.008517849034796134	0.038069384950934884
GO_BP::GOBP_REGULATION_OF_RNA_SPLICING	132	47	0.00852928057161257	0.03807990139183494
Immune::GSE41867_NAIVE_VS_DAY6_LCMV_EFFECTOR_CD8_TCELL_DN	132	47	0.00852928057161257	0.03807990139183494
GO_BP::GOBP_IMMUNOGLOBULIN_PRODUCTION	71	28	0.008611070971590048	0.03831610498805819
Reactome::REACTOME_TRANSMISSION_ACROSS_CHEMICAL_SYNAPSES	71	28	0.008611070971590048	0.03831610498805819
Immune::GSE19888_CTRL_VS_T_CELL_MEMBRANES_ACT_MAST_CELL_DN	71	28	0.008611070971590048	0.03831610498805819
GO_BP::GOBP_T_CELL_LINEAGE_COMMITMENT	21	11	0.008614158303430415	0.03831610498805819
Reactome::REACTOME_DAG_AND_IP3_SIGNALING	21	11	0.008614158303430415	0.03831610498805819
Reactome::REACTOME_FORMATION_OF_THE_BETA_CATENIN_TCF_TRANSACTIVATING_COMPLEX	21	11	0.008614158303430415	0.03831610498805819
Reactome::REACTOME_NR1H3_NR1H2_REGULATE_GENE_EXPRESSION_LINKED_TO_CHOLESTEROL_TRANSPORT_AND_EFFLUX	21	11	0.008614158303430415	0.03831610498805819
Immune::GSE17301_CTRL_VS_48H_ACD3_ACD28_STIM_CD8_TCELL_DN	106	39	0.008669028487582121	0.03849458059230142
Immune::GSE29617_DAY3_VS_DAY7_TIV_FLU_VACCINE_PBMC_2008_DN	106	39	0.008669028487582121	0.03849458059230142
Immune::GSE3982_MAST_CELL_VS_NEUTROPHIL_DN	106	39	0.008669028487582121	0.03849458059230142
Immune::GSE17186_BLOOD_VS_CORD_BLOOD_CD21HIGH_TRANSITIONAL_BCELL_DN	119	43	0.00867722635594731	0.03849458059230142
Immune::GSE17721_LPS_VS_GARDIQUIMOD_16H_BMDC_DN	119	43	0.00867722635594731	0.03849458059230142
GO_BP::GOBP_RIBOSOMAL_SMALL_SUBUNIT_BIOGENESIS	90	34	0.00875572127200577	0.038719950316740324
Immune::GSE10211_UV_INACT_SENDAI_VS_LIVE_SENDAI_VIRUS_TRACHEAL_EPITHELIAL_CELLS_UP	90	34	0.00875572127200577	0.038719950316740324
Immune::GSE15624_3H_VS_6H_HALOFUGINONE_TREATED_CD4_TCELL_DN	90	34	0.00875572127200577	0.038719950316740324
Immune::GSE28726_NAIVE_VS_ACTIVATED_NKTCELL_UP	90	34	0.00875572127200577	0.038719950316740324
Immune::GSE360_T_GONDII_VS_M_TUBERCULOSIS_DC_DN	90	34	0.00875572127200577	0.038719950316740324
Immune::GSE5589_WT_VS_IL10_KO_LPS_AND_IL6_STIM_MACROPHAGE_45MIN_DN	90	34	0.00875572127200577	0.038719950316740324
Immune::GSE12366_NAIVE_VS_MEMORY_BCELL_UP	68	27	0.00882282594001608	0.038955098321470996
Immune::GSE19401_RETINOIC_ACID_VS_RETINOIC_ACID_AND_PAM2CSK4_STIM_FOLLICULAR_DC_UP	68	27	0.00882282594001608	0.038955098321470996
Immune::GSE2405_HEAT_KILLED_LYSATE_VS_LIVE_A_PHAGOCYTOPHILUM_STIM_NEUTROPHIL_9H_UP	68	27	0.00882282594001608	0.038955098321470996
Immune::GSE20754_WT_VS_TCF1_KO_MEMORY_CD8_TCELL_UP	129	46	0.008922097470342675	0.03933130618954529
Immune::GSE21670_IL6_VS_TGFB_AND_IL6_TREATED_CD4_TCELL_UP	129	46	0.008922097470342675	0.03933130618954529
Immune::GSE26030_UNSTIM_VS_RESTIM_TH17_DAY15_POST_POLARIZATION_DN	129	46	0.008922097470342675	0.03933130618954529
GO_BP::GOBP_REGULATION_OF_OSTEOBLAST_DIFFERENTIATION	35	16	0.008943365819474292	0.03936300937018355
Reactome::REACTOME_FORMATION_OF_WDR5_CONTAINING_HISTONE_MODIFYING_COMPLEXES	35	16	0.008943365819474292	0.03936300937018355
Immune::GSE12839_CTRL_VS_IL12_TREATED_PBMC_DN	35	16	0.008943365819474292	0.03936300937018355
Reactome::REACTOME_ISG15_ANTIVIRAL_MECHANISM	65	26	0.009020787855586701	0.039631601516261966
Immune::GSE32423_MEMORY_VS_NAIVE_CD8_TCELL_UP	65	26	0.009020787855586701	0.039631601516261966
GO_BP::GOBP_CELLULAR_RESPONSE_TO_INSULIN_STIMULUS	103	38	0.00902801174127746	0.039631601516261966
Immune::GOLDRATH_EFF_VS_MEMORY_CD8_TCELL_UP	103	38	0.00902801174127746	0.039631601516261966
Immune::GSE6259_33D1_POS_VS_DEC205_POS_SPLENIC_DC_UP	103	38	0.00902801174127746	0.039631601516261966
GO_BP::GOBP_NEGATIVE_REGULATION_OF_MITOTIC_CELL_CYCLE	116	42	0.009060969335697288	0.039713935087337796
GO_BP::GOBP_REGULATION_OF_METAL_ION_TRANSPORT	116	42	0.009060969335697288	0.039713935087337796
Immune::GSE15624_CTRL_VS_3H_HALOFUGINONE_TREATED_CD4_TCELL_UP	116	42	0.009060969335697288	0.039713935087337796
Immune::GSE21360_NAIVE_VS_PRIMARY_MEMORY_CD8_TCELL_DN	87	33	0.009072453584430044	0.03972276258861359
Immune::GSE43955_1H_VS_60H_ACT_CD4_TCELL_WITH_TGFB_IL6_DN	87	33	0.009072453584430044	0.03972276258861359
GO_BP::GOBP_POSITIVE_REGULATION_OF_PROTEIN_METABOLIC_PROCESS	640	192	0.00913740199022809	0.03998626254356988
Immune::GSE11057_CD4_CENT_MEM_VS_PBMC_UP	159	55	0.009144999577655591	0.03999864518089299
GO_BP::GOBP_HEMATOPOIETIC_PROGENITOR_CELL_DIFFERENTIATION	62	25	0.009201041177241822	0.040201840852021685
Immune::GSE37301_PRO_BCELL_VS_CD4_TCELL_DN	62	25	0.009201041177241822	0.040201840852021685
GO_BP::GOBP_BIOMINERAL_TISSUE_DEVELOPMENT	38	17	0.009253369005456195	0.0403674012411711
GO_BP::GOBP_INTERFERON_BETA_PRODUCTION	38	17	0.009253369005456195	0.0403674012411711
Immune::GSE21063_WT_VS_NFATC1_KO_16H_ANTI_IGM_STIM_BCELL_DN	38	17	0.009253369005456195	0.0403674012411711
GO_BP::GOBP_ANTIGEN_PROCESSING_AND_PRESENTATION	59	24	0.009358989368606326	0.04070200368380433
GO_BP::GOBP_NEGATIVE_REGULATION_OF_CATALYTIC_ACTIVITY	203	68	0.009366763130788939	0.04070200368380433
GO_BP::GOBP_LEUKOCYTE_TETHERING_OR_ROLLING	11	7	0.009388524582971352	0.04070200368380433
GO_BP::GOBP_NEGATIVE_REGULATION_OF_CYTOKINE_PRODUCTION_INVOLVED_IN_IMMUNE_RESPONSE	11	7	0.009388524582971352	0.04070200368380433
GO_BP::GOBP_RESPONSE_TO_ELECTRICAL_STIMULUS	11	7	0.009388524582971352	0.04070200368380433
Reactome::REACTOME_FOXO_MEDIATED_TRANSCRIPTION_OF_CELL_CYCLE_GENES	11	7	0.009388524582971352	0.04070200368380433
Reactome::REACTOME_GLUCAGON_SIGNALING_IN_METABOLIC_REGULATION	11	7	0.009388524582971352	0.04070200368380433
Reactome::REACTOME_LOSS_OF_FUNCTION_OF_MECP2_IN_RETT_SYNDROME	11	7	0.009388524582971352	0.04070200368380433
Reactome::REACTOME_POST_CHAPERONIN_TUBULIN_FOLDING_PATHWAY	11	7	0.009388524582971352	0.04070200368380433
Immune::HOEK_MYELOID_DENDRITIC_CELL_2011_2012_TIV_ADULT_7DY_UP	11	7	0.009388524582971352	0.04070200368380433
Immune::THAKAR_PBMC_INACTIVATED_INFLUENZA_AGE_21_30YO_VS_70PLS_0DY_UP	11	7	0.009388524582971352	0.04070200368380433
GO_BP::GOBP_CELL_CHEMOTAXIS	100	37	0.009397995128803075	0.04070200368380433
Immune::GSE11961_MEMORY_BCELL_DAY7_VS_PLASMA_CELL_DAY7_DN	100	37	0.009397995128803075	0.04070200368380433
Immune::GSE40273_XBP1_KO_VS_WT_TREG_DN	100	37	0.009397995128803075	0.04070200368380433
Immune::GSE17721_12H_VS_24H_POLYIC_BMDC_UP	113	41	0.009459597914401954	0.040903953331458104
Immune::GSE20715_0H_VS_48H_OZONE_LUNG_UP	113	41	0.009459597914401954	0.040903953331458104
GO_BP::GOBP_NATURAL_KILLER_CELL_MEDIATED_IMMUNITY	41	18	0.009464128432037212	0.040903953331458104
GO_BP::GOBP_REGULATION_OF_LEUKOCYTE_MEDIATED_CYTOTOXICITY	41	18	0.009464128432037212	0.040903953331458104
Immune::GSE11924_TFH_VS_TH1_CD4_TCELL_UP	136	48	0.009499936851150173	0.04099535506393971
Immune::GSE13547_CTRL_VS_ANTI_IGM_STIM_BCELL_12H_DN	136	48	0.009499936851150173	0.04099535506393971
Immune::GSE1925_CTRL_VS_IFNG_PRIMED_MACROPHAGE_3H_IFNG_STIM_UP	136	48	0.009499936851150173	0.04099535506393971
Immune::GSE13411_SWITCHED_MEMORY_BCELL_VS_PLASMA_CELL_DN	53	22	0.009585500708785466	0.04134332413676158
GO_BP::GOBP_NEURON_PROJECTION_EXTENSION	50	21	0.009640394520165197	0.041371043837496964
GO_BP::GOBP_POSITIVE_REGULATION_OF_B_CELL_ACTIVATION	50	21	0.009640394520165197	0.041371043837496964
Immune::GSE37301_CD4_TCELL_VS_RAG2_KO_NK_CELL_UP	50	21	0.009640394520165197	0.041371043837496964
GO_BP::GOBP_CEREBRAL_CORTEX_DEVELOPMENT	47	20	0.009645349773724665	0.041371043837496964
GO_BP::GOBP_POSITIVE_REGULATION_OF_VASCULATURE_DEVELOPMENT	47	20	0.009645349773724665	0.041371043837496964
GO_BP::GOBP_POSITIVE_REGULATION_OF_T_CELL_MEDIATED_CYTOTOXICITY	16	9	0.009646174960799149	0.041371043837496964
GO_BP::GOBP_THYMIC_T_CELL_SELECTION	16	9	0.009646174960799149	0.041371043837496964
Reactome::REACTOME_GROWTH_HORMONE_RECEPTOR_SIGNALING	16	9	0.009646174960799149	0.041371043837496964
Reactome::REACTOME_SMOOTH_MUSCLE_CONTRACTION	16	9	0.009646174960799149	0.041371043837496964
Immune::LI_PBMC_MENACTRA_AGE_18_45YO_CORRELATED_WITH_ANTI_DT_ANTIBODY_3DY_POSITIVE	16	9	0.009646174960799149	0.041371043837496964
Immune::NAKAYA_PBMC_FLUAD_MALE_AGE_14_27YO_1D_POSTBOOST_VS_0D_PREIMM_MF59_ADJUVANTED_1DY_ATIV_UP	16	9	0.009646174960799149	0.041371043837496964
GO_BP::GOBP_TUMOR_NECROSIS_FACTOR_SUPERFAMILY_CYTOKINE_PRODUCTION	81	31	0.009715080193547672	0.041624008040690205
Immune::GSE40274_CTRL_VS_LEF1_TRANSDUCED_ACTIVATED_CD4_TCELL_UP	81	31	0.009715080193547672	0.041624008040690205
GO_BP::GOBP_RESPONSE_TO_REACTIVE_OXYGEN_SPECIES	97	36	0.009778732473930692	0.041767645591498564
GO_BP::GOBP_T_CELL_RECEPTOR_SIGNALING_PATHWAY	97	36	0.009778732473930692	0.041767645591498564
Immune::GSE20727_CTRL_VS_DNFB_ALLERGEN_TREATED_DC_DN	97	36	0.009778732473930692	0.041767645591498564
Immune::GSE22589_HEALTHY_VS_HIV_INFECTED_DC_DN	97	36	0.009778732473930692	0.041767645591498564
Immune::GSE3982_EFF_MEMORY_VS_CENT_MEMORY_CD4_TCELL_DN	97	36	0.009778732473930692	0.041767645591498564
GO_BP::GOBP_DIGESTIVE_SYSTEM_DEVELOPMENT	24	12	0.009788436194169291	0.041767645591498564
GO_BP::GOBP_REGULATION_OF_OXIDOREDUCTASE_ACTIVITY	24	12	0.009788436194169291	0.041767645591498564
Reactome::REACTOME_INTERLEUKIN_2_FAMILY_SIGNALING	24	12	0.009788436194169291	0.041767645591498564
Immune::GSE360_DC_VS_MAC_L_DONOVANI_UP	110	40	0.009873397388694449	0.04208736315739722
Immune::GSE9988_LOW_LPS_VS_ANTI_TREM1_AND_LPS_MONOCYTE_UP	110	40	0.009873397388694449	0.04208736315739722
Immune::GSE22886_NAIVE_BCELL_VS_MONOCYTE_DN	143	50	0.010041035906861343	0.04275850265109635
Immune::GSE26890_CXCR1_NEG_VS_POS_EFFECTOR_CD8_TCELL_UP	143	50	0.010041035906861343	0.04275850265109635
Immune::GSE15330_HSC_VS_GRANULOCYTE_MONOCYTE_PROGENITOR_IKAROS_KO_UP	120	43	0.010205157528939284	0.04332543851734395
Immune::GSE17974_CTRL_VS_ACT_IL4_AND_ANTI_IL12_2H_CD4_TCELL_UP	120	43	0.010205157528939284	0.04332543851734395
Immune::GSE26030_UNSTIM_VS_RESTIM_TH1_DAY15_POST_POLARIZATION_DN	120	43	0.010205157528939284	0.04332543851734395
Immune::GSE26669_CD4_VS_CD8_TCELL_IN_MLR_UP	120	43	0.010205157528939284	0.04332543851734395
Immune::GSE36476_YOUNG_VS_OLD_DONOR_MEMORY_CD4_TCELL_72H_TSST_ACT_DN	120	43	0.010205157528939284	0.04332543851734395
Immune::GSE43863_TH1_VS_LY6C_INT_CXCR5POS_EFFECTOR_CD4_TCELL_DN	120	43	0.010205157528939284	0.04332543851734395
GO_BP::GOBP_POSITIVE_REGULATION_OF_PROTEIN_CONTAINING_COMPLEX_ASSEMBLY	107	39	0.010302606994508204	0.04367284996307697
Immune::GSE17721_PAM3CSK4_VS_CPG_4H_BMDC_DN	107	39	0.010302606994508204	0.04367284996307697
Immune::GSE22033_UNTREATED_VS_MRL24_TREATED_MEF_DN	107	39	0.010302606994508204	0.04367284996307697
Immune::GSE1112_HY_CD8AB_VS_HY_CD8AA_THYMOCYTE_RTOC_CULTURE_DN	75	29	0.01035941659754801	0.04389148779637892
Immune::GSE17974_0H_VS_2H_IN_VITRO_ACT_CD4_TCELL_UP	130	46	0.010415089833458634	0.044060609487082444
Immune::GSE3337_CTRL_VS_4H_IFNG_IN_CD8POS_DC_DN	130	46	0.010415089833458634	0.044060609487082444
Immune::GSE34392_ST2_KO_VS_WT_DAY8_LCMV_EFFECTOR_CD8_TCELL_UP	130	46	0.010415089833458634	0.044060609487082444
Immune::GSE14308_TH1_VS_INDUCED_TREG_UP	140	49	0.010522796288371534	0.04449381958828065
GO_BP::GOBP_CELLULAR_RESPONSE_TO_EXTRACELLULAR_STIMULUS	150	52	0.010545461655383241	0.0445622342410046
Immune::GSE20366_EX_VIVO_VS_DEC205_CONVERSION_NAIVE_CD4_TCELL_UP	91	34	0.010570848270306252	0.0445622342410046
Immune::GSE26928_NAIVE_VS_EFF_MEMORY_CD4_TCELL_DN	91	34	0.010570848270306252	0.0445622342410046
Immune::GSE28783_ANTI_MIR33_VS_UNTREATED_ATHEROSCLEROSIS_MACROPHAGE_UP	91	34	0.010570848270306252	0.0445622342410046
Immune::GSE36078_UNTREATED_VS_AD5_T425A_HEXON_INF_MOUSE_LUNG_DC_DN	91	34	0.010570848270306252	0.0445622342410046
Immune::GSE43955_10H_VS_60H_ACT_CD4_TCELL_WITH_TGFB_IL6_DN	91	34	0.010570848270306252	0.0445622342410046
Immune::GSE7460_FOXP3_MUT_VS_WT_ACT_WITH_TGFB_TCONV_DN	117	42	0.01066969893137064	0.04495635576859282
GO_BP::GOBP_CELL_MATRIX_ADHESION	72	28	0.010676988355647956	0.04496448560016601
GO_BP::GOBP_CELLULAR_EXTRAVASATION	27	13	0.010713836897754169	0.04502924736235457
GO_BP::GOBP_MATURATION_OF_SSU_RRNA_FROM_TRICISTRONIC_RRNA_TRANSCRIPT_SSU_RRNA_5_8S_RRNA_LSU_RRNA	27	13	0.010713836897754169	0.04502924736235457
GO_BP::GOBP_MEMBRANE_PROTEIN_PROTEOLYSIS	27	13	0.010713836897754169	0.04502924736235457
GO_BP::GOBP_MUSCLE_CELL_MIGRATION	27	13	0.010713836897754169	0.04502924736235457
Immune::GSE12845_IGD_NEG_BLOOD_VS_PRE_GC_TONSIL_BCELL_DN	104	38	0.010747408230954101	0.04512512895369067
Immune::GSE12845_NAIVE_VS_DARKZONE_GC_TONSIL_BCELL_UP	104	38	0.010747408230954101	0.04512512895369067
Immune::GSE17812_WT_VS_THPOK_KO_MEMORY_CD8_TCELL_UP	127	45	0.010904096251987664	0.04576011178485468
Immune::GSE19941_LPS_VS_LPS_AND_IL10_STIM_IL10_KO_NFKBP50_KO_MACROPHAGE_UP	88	33	0.010981022049149271	0.04603687854588368
Immune::GSE20715_0H_VS_24H_OZONE_TLR4_KO_LUNG_DN	88	33	0.010981022049149271	0.04603687854588368
GO_BP::GOBP_RESPONSE_TO_STEROID_HORMONE	137	48	0.011027408206268128	0.046169461702380885
Immune::GSE2770_UNTREATED_VS_IL12_TREATED_ACT_CD4_TCELL_2H_UP	137	48	0.011027408206268128	0.046169461702380885
GO_BP::GOBP_CELL_CYCLE_PHASE_TRANSITION	301	96	0.01102915737889752	0.046169461702380885
Immune::GSE40274_IRF4_VS_FOXP3_AND_IRF4_TRANSDUCED_ACTIVATED_CD4_TCELL_UP	147	51	0.01105852760440221	0.04626932073482801
Immune::GSE37301_COMMON_LYMPHOID_PROGENITOR_VS_CD4_TCELL_UP	114	41	0.011153641200673222	0.046597557785083496
Immune::GSE40666_WT_VS_STAT4_KO_CD8_TCELL_WITH_IFNA_STIM_90MIN_DN	114	41	0.011153641200673222	0.046597557785083496
Immune::GSE6259_FLT3L_INDUCED_DEC205_POS_DC_VS_CD8_TCELL_DN	114	41	0.011153641200673222	0.046597557785083496
Immune::GSE27786_BCELL_VS_CD4_TCELL_DN	101	37	0.011207910931117313	0.04675443301896725
Immune::GSE29618_LAIV_VS_TIV_FLU_VACCINE_DAY7_MDC_UP	101	37	0.011207910931117313	0.04675443301896725
Immune::GSE8678_IL7R_LOW_VS_HIGH_EFF_CD8_TCELL_UP	101	37	0.011207910931117313	0.04675443301896725
Immune::GSE21546_WT_VS_SAP1A_KO_AND_ELK1_KO_ANTI_CD3_STIM_DP_THYMOCYTES_UP	85	32	0.01139947823066091	0.047447771172711393
Immune::GSE3039_NKT_CELL_VS_B2_BCELL_DN	85	32	0.01139947823066091	0.047447771172711393
GO_BP::GOBP_RESPONSE_TO_INSULIN	124	44	0.011415191319447774	0.047447771172711393
Immune::GSE29618_PRE_VS_DAY7_POST_LAIV_FLU_VACCINE_MONOCYTE_DN	124	44	0.011415191319447774	0.047447771172711393
GO_BP::GOBP_AMINO_ACID_TRANSMEMBRANE_TRANSPORT	30	14	0.011419364643903243	0.047447771172711393
GO_BP::GOBP_REGULATION_OF_MUSCLE_HYPERTROPHY	30	14	0.011419364643903243	0.047447771172711393
Immune::GSE23114_WT_VS_SLE2C1_MOUSE_PERITONEAL_CAVITY_B1A_BCELL_DN	30	14	0.011419364643903243	0.047447771172711393
Immune::GSE40666_STAT1_KO_VS_STAT4_KO_CD8_TCELL_DN	30	14	0.011419364643903243	0.047447771172711393
GO_BP::GOBP_RESPONSE_TO_MECHANICAL_STIMULUS	63	25	0.011574907098433073	0.04807024537067082
Immune::GSE36009_UNSTIM_VS_LPS_STIM_DC_DN	144	50	0.01159661070989324	0.04813654984923028
Immune::GSE31622_WT_VS_KLF3_KO_BCELL_DN	111	40	0.011657543953820787	0.04821519544006157
Immune::GSE4984_GALECTIN1_VS_VEHICLE_CTRL_TREATED_DC_UP	111	40	0.011657543953820787	0.04821519544006157
GO_BP::GOBP_AMINE_TRANSPORT	19	10	0.011661536720453563	0.04821519544006157
GO_BP::GOBP_ENDOTHELIAL_CELL_APOPTOTIC_PROCESS	19	10	0.011661536720453563	0.04821519544006157
GO_BP::GOBP_HEART_VALVE_DEVELOPMENT	19	10	0.011661536720453563	0.04821519544006157
GO_BP::GOBP_INTERLEUKIN_4_PRODUCTION	19	10	0.011661536720453563	0.04821519544006157
GO_BP::GOBP_POSITIVE_REGULATION_OF_TYROSINE_PHOSPHORYLATION_OF_STAT_PROTEIN	19	10	0.011661536720453563	0.04821519544006157
Reactome::REACTOME_ROLE_OF_PHOSPHOLIPIDS_IN_PHAGOCYTOSIS	19	10	0.011661536720453563	0.04821519544006157
GO_BP::GOBP_RECEPTOR_MEDIATED_ENDOCYTOSIS	98	36	0.01168413663120251	0.04823731407438871
Immune::GSE369_SOCS3_KO_VS_WT_LIVER_POST_IL6_INJECTION_DN	98	36	0.01168413663120251	0.04823731407438871
Immune::GSE8621_UNSTIM_VS_LPS_PRIMED_AND_LPS_STIM_MACROPHAGE_DN	98	36	0.01168413663120251	0.04823731407438871
Immune::GSE28737_FOLLICULAR_VS_MARGINAL_ZONE_BCELL_BCL6_HET_DN	82	31	0.011825069668310791	0.04874717908966056
Immune::GSE32901_NAIVE_VS_TH1_CD4_TCELL_DN	82	31	0.011825069668310791	0.04874717908966056
Immune::GSE5589_IL6_KO_VS_IL10_KO_LPS_AND_IL10_STIM_MACROPHAGE_45MIN_UP	82	31	0.011825069668310791	0.04874717908966056
GO_BP::GOBP_RESPONSE_TO_ACID_CHEMICAL	60	24	0.011842131337323137	0.048769582616005794
Immune::GSE18281_PERIMEDULLARY_CORTICAL_REGION_VS_WHOLE_CORTEX_THYMUS_DN	60	24	0.011842131337323137	0.048769582616005794
Immune::GSE36078_UNTREATED_VS_AD5_INF_MOUSE_LUNG_DC_UP	33	15	0.011935725366584642	0.049130912708674465
Immune::GSE15930_STIM_VS_STIM_AND_IFNAB_48H_CD8_T_CELL_DN	121	43	0.011949248065783201	0.049162453175014845
Immune::GSE12003_MIR223_KO_VS_WT_BM_PROGENITOR_8D_CULTURE_UP	57	23	0.012084330391640708	0.04935435425490415
Immune::GSE13411_IGM_MEMORY_BCELL_VS_PLASMA_CELL_DN	57	23	0.012084330391640708	0.04935435425490415
GO_BP::GOBP_CHRONIC_INFLAMMATORY_RESPONSE	9	6	0.012101788854730938	0.04935435425490415
GO_BP::GOBP_COLLAGEN_FIBRIL_ORGANIZATION	9	6	0.012101788854730938	0.04935435425490415
GO_BP::GOBP_DEFINITIVE_HEMOPOIESIS	9	6	0.012101788854730938	0.04935435425490415
GO_BP::GOBP_MUSCLE_HYPERTROPHY_IN_RESPONSE_TO_STRESS	9	6	0.012101788854730938	0.04935435425490415
GO_BP::GOBP_NEGATIVE_REGULATION_OF_BLOOD_PRESSURE	9	6	0.012101788854730938	0.04935435425490415
GO_BP::GOBP_NEGATIVE_REGULATION_OF_LIPID_CATABOLIC_PROCESS	9	6	0.012101788854730938	0.04935435425490415
GO_BP::GOBP_PEPTIDE_ANTIGEN_ASSEMBLY_WITH_MHC_CLASS_II_PROTEIN_COMPLEX	9	6	0.012101788854730938	0.04935435425490415
GO_BP::GOBP_POSITIVE_REGULATION_OF_FATTY_ACID_BIOSYNTHETIC_PROCESS	9	6	0.012101788854730938	0.04935435425490415
GO_BP::GOBP_POSITIVE_REGULATION_OF_MONOOXYGENASE_ACTIVITY	9	6	0.012101788854730938	0.04935435425490415
GO_BP::GOBP_POSITIVE_REGULATION_OF_SMOOTH_MUSCLE_CELL_MIGRATION	9	6	0.012101788854730938	0.04935435425490415
GO_BP::GOBP_REGULATION_OF_PERK_MEDIATED_UNFOLDED_PROTEIN_RESPONSE	9	6	0.012101788854730938	0.04935435425490415
Reactome::REACTOME_CHEMOKINE_RECEPTORS_BIND_CHEMOKINES	9	6	0.012101788854730938	0.04935435425490415
Reactome::REACTOME_INTERLEUKIN_21_SIGNALING	9	6	0.012101788854730938	0.04935435425490415
Reactome::REACTOME_STAT3_NUCLEAR_EVENTS_DOWNSTREAM_OF_ALK_SIGNALING	9	6	0.012101788854730938	0.04935435425490415
Immune::HOEK_MYELOID_DENDRITIC_CELL_2011_2012_TIV_ADULT_1DY_UP	9	6	0.012101788854730938	0.04935435425490415
Immune::MATSUMIYA_PBMC_MODIFIED_VACCINIA_ANKARA_VACCINE_AGE_18_55YO_LOW_VS_HIGH_RESPONDERS_2DY_GO_T_CELL_ACTIV_AND_CO_STIM_UP	9	6	0.012101788854730938	0.04935435425490415
Immune::GSE3982_MAST_CELL_VS_MAC_UP	131	46	0.012109400432400086	0.04936139952740735
GO_BP::GOBP_REGULATION_OF_APOPTOTIC_SIGNALING_PATHWAY	212	70	0.012127501396589404	0.0494111749470561
GO_BP::GOBP_REGULATION_OF_MONOATOMIC_ION_TRANSPORT	141	49	0.012160929059733445	0.04949928863760498
Immune::GSE37416_0H_VS_3H_F_TULARENSIS_LVS_NEUTROPHIL_DN	141	49	0.012160929059733445	0.04949928863760498
Immune::GSE3039_NKT_CELL_VS_ALPHAALPHA_CD8_TCELL_UP	95	35	0.012175998691143478	0.049512580232672146
Immune::GSE3982_MAST_CELL_VS_EFF_MEMORY_CD4_TCELL_DN	95	35	0.012175998691143478	0.049512580232672146
Immune::GSE33424_CD161_HIGH_VS_INT_CD8_TCELL_UP	108	39	0.012181939198026357	0.04951273640128057
GO_BP::GOBP_CELLULAR_RESPONSE_TO_INORGANIC_SUBSTANCE	79	30	0.012256352172647082	0.04971882900209689
Immune::GSE22025_UNTREATED_VS_PROGESTERONE_TREATED_CD4_TCELL_UP	79	30	0.012256352172647082	0.04971882900209689
Immune::GSE24671_CTRL_VS_SENDAI_VIRUS_INFECTED_MOUSE_SPLENOCYTES_UP	79	30	0.012256352172647082	0.04971882900209689
Immune::GSE40274_CTRL_VS_FOXP3_AND_PBX1_TRANSDUCED_ACTIVATED_CD4_TCELL_UP	79	30	0.012256352172647082	0.04971882900209689
GO_BP::GOBP_B_CELL_RECEPTOR_SIGNALING_PATHWAY	36	16	0.012291895411629554	0.04977744269207719
GO_BP::GOBP_CELLULAR_RESPONSE_TO_ALCOHOL	36	16	0.012291895411629554	0.04977744269207719
Immune::GSE17974_IL4_AND_ANTI_IL12_VS_UNTREATED_6H_ACT_CD4_TCELL_UP	36	16	0.012291895411629554	0.04977744269207719
Immune::GSE32986_GMCSF_AND_CURDLAN_LOWDOSE_VS_GMCSF_AND_CURDLAN_HIGHDOSE_STIM_DC_DN	54	22	0.012294535851470252	0.04977744269207719
