term	set_size	overlap	pval	padj
Immune::ZAK_PBMC_MRKAD5_HIV_1_GAG_POL_NEF_AGE_20_50YO_1DY_DN	698	322	2.6513244624727513e-53	2.1687834103027107e-49
Reactome::REACTOME_EUKARYOTIC_TRANSLATION_ELONGATION	90	84	1.729269020575425e-49	7.072710294153489e-46
Reactome::REACTOME_EUKARYOTIC_TRANSLATION_INITIATION	116	94	2.723757801244439e-43	7.426779604726503e-40
Reactome::REACTOME_SELENOAMINO_ACID_METABOLISM	94	82	8.002539930675518e-43	1.6365194158231436e-39
Reactome::REACTOME_RESPONSE_OF_EIF2AK4_GCN2_TO_AMINO_ACID_DEFICIENCY	98	82	6.3928348444349726e-40	1.0458677805495615e-36
GO_BP::GOBP_CYTOPLASMIC_TRANSLATION	139	98	7.119305938445223e-36	9.70598709608032e-33
Reactome::REACTOME_NONSENSE_MEDIATED_DECAY_NMD	111	83	1.3263979975275681e-33	1.5499908028250726e-30
Reactome::REACTOME_SRP_DEPENDENT_COTRANSLATIONAL_PROTEIN_TARGETING_TO_MEMBRANE	109	81	1.7376067051518747e-32	1.7767028560177922e-29
Immune::GAUCHER_PBMC_YF_VAX_STAMARIL_UNKNOWN_AGE_7DY_DN	135	92	7.094940863997008e-32	6.448512918610614e-29
Immune::GSE42088_UNINF_VS_LEISHMANIA_INF_DC_2H_DN	159	99	2.43920385373138e-29	1.9952687523522686e-26
GO_BP::GOBP_CELL_ACTIVATION	554	228	6.803823921663926e-28	5.059570879928265e-25
GO_BP::GOBP_ADAPTIVE_IMMUNE_RESPONSE	300	148	7.974941197520004e-28	5.436251582976135e-25
Reactome::REACTOME_CELLULAR_RESPONSE_TO_STARVATION	137	88	1.2525175682117521e-27	7.881225929209333e-25
Reactome::REACTOME_INFLUENZA_INFECTION	148	92	2.9777862794052347e-27	1.739877983252487e-24
Immune::GSE42088_UNINF_VS_LEISHMANIA_INF_DC_4H_DN	152	91	3.0623374591847813e-25	1.6475076406147602e-22
GO_BP::GOBP_LYMPHOCYTE_ACTIVATION	457	193	3.2225088324983083e-25	1.6475076406147602e-22
GO_BP::GOBP_POSITIVE_REGULATION_OF_IMMUNE_SYSTEM_PROCESS	543	216	4.606291868911071e-24	2.2164392639819154e-21
Immune::GSE22886_NAIVE_TCELL_VS_DC_UP	189	101	1.3609659520481868e-22	5.965849791301061e-20
GO_BP::GOBP_T_CELL_ACTIVATION	320	145	1.3857108317202952e-22	5.965849791301061e-20
GO_BP::GOBP_MONONUCLEAR_CELL_DIFFERENTIATION	262	126	1.6065828026673131e-22	6.57092366290931e-20
GO_BP::GOBP_LEUKOCYTE_DIFFERENTIATION	322	145	2.9291150648845055e-22	1.140960058607393e-19
Reactome::REACTOME_REGULATION_OF_EXPRESSION_OF_SLITS_AND_ROBOS	151	85	3.7383311643073035e-21	1.3899794965469882e-18
Reactome::REACTOME_SARS_COV_1_MODULATES_HOST_TRANSLATION_MACHINERY	36	34	5.257887863074292e-21	1.8699792486933784e-18
GO_BP::GOBP_CELL_ADHESION	457	183	8.891617667639132e-21	3.030559688387004e-18
Reactome::REACTOME_NERVOUS_SYSTEM_DEVELOPMENT	289	131	1.7215566748251323e-20	5.573329258231012e-18
Reactome::REACTOME_SIGNALING_BY_ROBO_RECEPTORS	173	92	1.7714738473594902e-20	5.573329258231012e-18
GO_BP::GOBP_CELL_MOTILITY	553	210	1.8465096977953556e-20	5.5942404918392626e-18
Reactome::REACTOME_ACTIVATION_OF_THE_MRNA_UPON_BINDING_OF_THE_CAP_BINDING_COMPLEX_AND_EIFS_AND_SUBSEQUENT_BINDING_TO_43S	58	45	7.43338863302111e-20	2.1716113935040245e-17
GO_BP::GOBP_CELL_CELL_ADHESION	309	136	7.988314166856418e-20	2.2532555132719138e-17
GO_BP::GOBP_HEMOPOIESIS	479	186	2.2753406467070907e-19	6.204095496688e-17
GO_BP::GOBP_REGULATION_OF_IMMUNE_SYSTEM_PROCESS	742	259	2.863106074481669e-19	7.554905706212921e-17
Reactome::REACTOME_DEVELOPMENTAL_BIOLOGY	458	179	5.2945573542254495e-19	1.3534212236738805e-16
Immune::GAUCHER_PBMC_YF_VAX_STAMARIL_UNKNOWN_AGE_3DY_DN	73	51	6.437077467253163e-19	1.5956149600645722e-16
Immune::SCHERER_PBMC_APSV_WETVAX_AGE_18_32YO_5_TO_7DY_DN	146	79	2.4291950103162887e-18	5.844357407172718e-16
GO_BP::GOBP_REGULATION_OF_CELL_ACTIVATION	318	135	4.998692537378772e-18	1.1682658558788103e-15
GO_BP::GOBP_REGULATION_OF_CELL_ADHESION	323	136	8.732219099671388e-18	1.9841542287586656e-15
GO_BP::GOBP_DEFENSE_RESPONSE	773	262	1.4937146618242925e-17	3.226787642663172e-15
Immune::GSE2405_0H_VS_9H_A_PHAGOCYTOPHILUM_STIM_NEUTROPHIL_DN	181	90	1.4989967044156545e-17	3.226787642663172e-15
Immune::GSE22886_NAIVE_BCELL_VS_NEUTROPHIL_UP	148	78	3.0882715447178395e-17	6.477451598921007e-15
GO_BP::GOBP_POSITIVE_REGULATION_OF_MULTICELLULAR_ORGANISMAL_PROCESS	630	222	4.718176690546062e-17	9.648671332166696e-15
Immune::GSE2405_0H_VS_24H_A_PHAGOCYTOPHILUM_STIM_NEUTROPHIL_UP	187	91	5.836468431933332e-17	1.1644466286149917e-14
GO_BP::GOBP_T_CELL_DIFFERENTIATION	182	89	8.794139776287426e-17	1.7127634135721703e-14
GO_BP::GOBP_LEUKOCYTE_CELL_CELL_ADHESION	213	99	1.2502534904967808e-16	2.378389198200853e-14
GO_BP::GOBP_IMMUNE_EFFECTOR_PROCESS	313	129	5.06381861434388e-16	9.41409915121203e-14
GO_BP::GOBP_REGULATION_OF_LEUKOCYTE_DIFFERENTIATION	169	83	7.170541013777442e-16	1.3034450109488772e-13
Immune::GSE36476_CTRL_VS_TSST_ACT_40H_MEMORY_CD4_TCELL_YOUNG_UP	152	77	9.160763806251967e-16	1.6290227811987192e-13
GO_BP::GOBP_REGULATION_OF_CELL_DIFFERENTIATION	575	203	1.0184857143548148e-15	1.772598541153699e-13
Immune::GSE21927_SPLEEN_C57BL6_VS_4T1_TUMOR_BALBC_MONOCYTES_UP	150	76	1.3973263071356832e-15	2.38127691507706e-13
GO_BP::GOBP_REGULATION_OF_CELL_CELL_ADHESION	223	100	1.7144697017666385e-15	2.8621147266226737e-13
GO_BP::GOBP_REGULATION_OF_MULTICELLULAR_ORGANISMAL_DEVELOPMENT	498	181	1.8396937833102144e-15	3.0097390294955103e-13
GO_BP::GOBP_REGULATION_OF_HEMOPOIESIS	212	96	2.9864527616797457e-15	4.790035998145161e-13
Immune::GSE34205_HEALTHY_VS_RSV_INF_INFANT_PBMC_UP	143	73	3.0712610980898715e-15	4.831329958149067e-13
GO_BP::GOBP_POSITIVE_REGULATION_OF_IMMUNE_RESPONSE	391	150	3.299646108123601e-15	5.092661351783218e-13
Immune::GSE13485_CTRL_VS_DAY7_YF17D_VACCINE_PBMC_UP	81	50	3.5335410610023973e-15	5.352660347962891e-13
Immune::GSE36476_CTRL_VS_TSST_ACT_72H_MEMORY_CD4_TCELL_YOUNG_UP	158	78	3.796533358521245e-15	5.646480522309779e-13
GO_BP::GOBP_REGULATION_OF_IMMUNE_RESPONSE	487	177	3.917879517764355e-15	5.722902581305791e-13
GO_BP::GOBP_REGULATION_OF_LYMPHOCYTE_ACTIVATION	278	116	5.7192739572734455e-15	8.207659819385401e-13
GO_BP::GOBP_LOCOMOTION	422	158	7.059304275460384e-15	9.95605327125275e-13
Immune::GSE27241_WT_VS_RORGT_KO_TH17_POLARIZED_CD4_TCELL_TREATED_WITH_DIGOXIN_UP	124	65	2.006444510059691e-14	2.7818162868285206e-12
Immune::GSE32986_CURDLAN_HIGHDOSE_VS_GMCSF_AND_CURDLAN_HIGHDOSE_STIM_DC_DN	113	61	2.1996116413934903e-14	2.9988038710997916e-12
GO_BP::GOBP_REGULATION_OF_T_CELL_ACTIVATION	205	92	2.2669023431432367e-14	3.039878879821586e-12
GO_BP::GOBP_POSITIVE_REGULATION_OF_CELL_ADHESION	215	95	2.7659657479032406e-14	3.6492902932013725e-12
Reactome::REACTOME_TRANSLATION	255	107	4.36583314791852e-14	5.512709182613024e-12
Reactome::REACTOME_RRNA_PROCESSING	185	85	4.380514631660716e-14	5.512709182613024e-12
Immune::SCHERER_PBMC_YF_VAX_AGE_18_40YO_4_TO_7DY_DN	185	85	4.380514631660716e-14	5.512709182613024e-12
GO_BP::GOBP_POSITIVE_REGULATION_OF_CELL_ACTIVATION	207	92	4.666520909905246e-14	5.7836577337916535e-12
Immune::GSE7219_WT_VS_NIK_NFKB2_KO_DC_UP	126	65	5.4581470408267546e-14	6.663827282681023e-12
Immune::GSE22886_NAIVE_CD8_TCELL_VS_DC_UP	171	80	7.369234643539255e-14	8.864755791786928e-12
Immune::GSE36476_CTRL_VS_TSST_ACT_16H_MEMORY_CD4_TCELL_YOUNG_UP	163	77	1.1538590483785018e-13	1.3679082631501658e-11
Reactome::REACTOME_METABOLISM_OF_AMINO_ACIDS_AND_DERIVATIVES	216	94	1.1777273021228155e-13	1.3762584759092331e-11
GO_BP::GOBP_REGULATION_OF_LOCOMOTION	364	138	1.3550413437986162e-13	1.5611603087708e-11
GO_BP::GOBP_REGULATION_OF_CELL_DEVELOPMENT	337	130	1.6336740566934335e-13	1.8560352477433733e-11
Immune::GSE34205_HEALTHY_VS_FLU_INF_INFANT_PBMC_UP	140	69	1.6840474993497407e-13	1.887055965024778e-11
Immune::GSE18791_CTRL_VS_NEWCASTLE_VIRUS_DC_8H_DN	117	61	1.7739215800312984e-13	1.9609025033318948e-11
Immune::GSE13485_DAY3_VS_DAY7_YF17D_VACCINE_PBMC_DN	95	53	1.9192401796609244e-13	2.0932512892835148e-11
GO_BP::GOBP_BIOLOGICAL_PROCESS_INVOLVED_IN_INTERSPECIES_INTERACTION_BETWEEN_ORGANISMS	820	260	2.0628331405317034e-13	2.22025988020386e-11
Immune::GSE26156_DOUBLE_POSITIVE_VS_CD4_SINGLE_POSITIVE_THYMOCYTE_UP	153	73	2.7045234174947683e-13	2.8362822506547697e-11
Immune::KAECH_DAY8_EFF_VS_MEMORY_CD8_TCELL_DN	153	73	2.7045234174947683e-13	2.8362822506547697e-11
GO_BP::GOBP_REGULATION_OF_RESPONSE_TO_EXTERNAL_STIMULUS	469	166	4.425185219693784e-13	4.5820272274803984e-11
Immune::GSE26495_NAIVE_VS_PD1LOW_CD8_TCELL_DN	161	75	5.935950364291647e-13	6.06950924748821e-11
GO_BP::GOBP_POSITIVE_REGULATION_OF_CELL_DIFFERENTIATION	308	120	6.642613168879151e-13	6.708219224868081e-11
GO_BP::GOBP_RESPONSE_TO_CYTOKINE	424	153	6.77997254603036e-13	6.763436027625408e-11
Immune::ZAK_PBMC_MRKAD5_HIV_1_GAG_POL_NEF_AGE_20_50YO_AD5_NAB_TITERS_GTE_200_VS_LTE_200_1DY_UP	117	60	7.24268420816527e-13	7.096071340838771e-11
Immune::GSE24671_CTRL_VS_BAKIMULC_INFECTED_MOUSE_SPLENOCYTES_DN	76	45	7.286919225311207e-13	7.096071340838771e-11
Immune::GSE2124_CTRL_VS_LYMPHOTOXIN_BETA_TREATED_MLN_UP	71	43	7.955894760306881e-13	7.656378722271799e-11
GO_BP::GOBP_POSITIVE_REGULATION_OF_CELL_POPULATION_PROLIFERATION	465	164	8.770782713312935e-13	8.263528072500556e-11
GO_BP::GOBP_POSITIVE_REGULATION_OF_CELL_CELL_ADHESION	162	75	8.78883792552015e-13	8.263528072500556e-11
GO_BP::GOBP_POSITIVE_REGULATION_OF_LEUKOCYTE_CELL_CELL_ADHESION	153	72	9.328978432400688e-13	8.671709497390639e-11
Immune::ZAK_PBMC_MRKAD5_HIV_1_GAG_POL_NEF_AGE_20_50YO_3DY_UP	74	44	1.0709212233695646e-12	9.842848996812402e-11
Reactome::REACTOME_SARS_COV_2_MODULATES_HOST_TRANSLATION_MACHINERY	45	32	1.1120550668061245e-12	1.0107344940526776e-10
GO_BP::GOBP_POSITIVE_REGULATION_OF_SIGNALING	723	232	1.3270509963852155e-12	1.1928875989484685e-10
GO_BP::GOBP_ACTIVATION_OF_IMMUNE_RESPONSE	301	117	1.5766843034918963e-12	1.4018780002786643e-10
GO_BP::GOBP_ALPHA_BETA_T_CELL_ACTIVATION	113	58	1.6743124466589793e-12	1.472674818674242e-10
GO_BP::GOBP_INFLAMMATORY_RESPONSE	322	123	1.711963758588006e-12	1.4897727175797754e-10
Immune::HARALAMBIEVA_PBMC_M_M_R_II_AGE_11_22YO_VACCINATED_VS_UNVACCINATED_7YR_UP	298	116	1.7639224754919877e-12	1.5188300894236275e-10
Immune::GSE13485_CTRL_VS_DAY7_YF17D_VACCINE_PBMC_DN	122	61	1.9632317337540683e-12	1.6728370398029455e-10
Immune::GSE24574_BCL6_HIGH_TFH_VS_TFH_CD4_TCELL_DN	174	78	2.429925477589787e-12	2.0491536501736555e-10
Immune::GSE41978_ID2_KO_VS_ID2_KO_AND_BIM_KO_KLRG1_LOW_EFFECTOR_CD8_TCELL_DN	162	74	2.8680148743196807e-12	2.393914456319897e-10
Immune::GSE14699_NAIVE_VS_DELETIONAL_TOLERANCE_CD8_TCELL_UP	89	49	3.079227923372773e-12	2.5442509508272e-10
GO_BP::GOBP_T_CELL_ACTIVATION_INVOLVED_IN_IMMUNE_RESPONSE	63	39	3.490978178388967e-12	2.855620149922175e-10
GO_BP::GOBP_CIRCULATORY_SYSTEM_DEVELOPMENT	354	131	4.52258300315317e-12	3.6439091193031973e-10
GO_BP::GOBP_REGULATION_OF_LYMPHOCYTE_DIFFERENTIATION	118	59	4.5437497575663335e-12	3.6439091193031973e-10
GO_BP::GOBP_POSITIVE_REGULATION_OF_LYMPHOCYTE_ACTIVATION	189	82	5.52111539873095e-12	4.384730481710599e-10
Reactome::REACTOME_SARS_COV_1_HOST_INTERACTIONS	85	47	6.971682057556899e-12	5.483496079886099e-10
Immune::GSE6269_FLU_VS_E_COLI_INF_PBMC_DN	45	31	9.61380912223789e-12	7.489615106657708e-10
Immune::GSE41978_KLRG1_HIGH_VS_LOW_EFFECTOR_CD8_TCELL_DN	147	68	1.0881913733905284e-11	8.397552296542002e-10
Immune::GSE16450_IMMATURE_VS_MATURE_NEURON_CELL_LINE_UP	144	67	1.1142752028419319e-11	8.518477718922432e-10
GO_BP::GOBP_ALPHA_BETA_T_CELL_DIFFERENTIATION	78	44	1.3174532989325444e-11	9.978488875248345e-10
Immune::GSE22886_IGM_MEMORY_BCELL_VS_BLOOD_PLASMA_CELL_UP	89	48	1.3993927008972874e-11	1.050186448930258e-09
GO_BP::GOBP_LEUKOCYTE_MIGRATION	151	69	1.5494586495344577e-11	1.152233795744715e-09
Immune::ERWIN_COHEN_BLOOD_VACCINE_TC_83_AGE_23_48YO_VACCINATED_VS_CONTROL_7DY_UP	58	36	2.1405877304552484e-11	1.5774781653264803e-09
GO_BP::GOBP_DEFENSE_RESPONSE_TO_OTHER_ORGANISM	576	189	2.5404755186548873e-11	1.8554544413033016e-09
Immune::GSE14769_UNSTIM_VS_40MIN_LPS_BMDM_DN	116	57	2.589938398512774e-11	1.874840362817212e-09
GO_BP::GOBP_CELL_ACTIVATION_INVOLVED_IN_IMMUNE_RESPONSE	165	73	2.6852444022025023e-11	1.899501276565002e-09
Immune::GSE22886_NAIVE_CD4_TCELL_VS_DC_UP	165	73	2.6852444022025023e-11	1.899501276565002e-09
Immune::GSE7219_UNSTIM_VS_LPS_AND_ANTI_CD40_STIM_NIK_NFKB2_KO_DC_DN	125	60	2.6936692919503694e-11	1.899501276565002e-09
GO_BP::GOBP_ANATOMICAL_STRUCTURE_FORMATION_INVOLVED_IN_MORPHOGENESIS	348	127	2.950000574234123e-11	2.0624790339517203e-09
Immune::NAKAYA_PBMC_FLUARIX_FLUVIRIN_AGE_18_50YO_CORRELATED_WITH_HAI_28DY_RESPONSE_AT_7DY_NEGATIVE	395	140	3.15088271701109e-11	2.184255985182264e-09
GO_BP::GOBP_REGULATION_OF_INTRACELLULAR_SIGNAL_TRANSDUCTION	804	247	3.933057884286511e-11	2.7035641591145934e-09
Immune::FRANCO_BLOOD_SANOFI_PASTEUR_SA_INACTIVATED_INFLUENZA_VACCINE_CORRELATED_WITH_ANTIBODY_RESPONSE_AGE_18_40YO_1DY_POSITIVE	91	48	4.012639709790395e-11	2.735282735507119e-09
Immune::GSE26488_CTRL_VS_PEPTIDE_INJECTION_OT2_THYMOCYTE_DN	126	60	4.088370858207977e-11	2.7638738529042356e-09
Immune::ERWIN_COHEN_BLOOD_TC_83_AGE_23_48YO_VACCINATED_VS_CONTROL_2DY_UP	80	44	4.179608869057551e-11	2.8023934876139974e-09
GO_BP::GOBP_IMMUNE_RESPONSE_REGULATING_SIGNALING_PATHWAY	283	108	4.448655673603048e-11	2.958536862607556e-09
Immune::GSE3720_UNSTIM_VS_PMA_STIM_VD2_GAMMADELTA_TCELL_UP	139	64	5.697468934024736e-11	3.758491603251802e-09
Immune::GSE18791_CTRL_VS_NEWCASTLE_VIRUS_DC_4H_DN	109	54	5.822082307835038e-11	3.809970662247249e-09
GO_BP::GOBP_PEPTIDE_BIOSYNTHETIC_PROCESS	528	175	6.047774668496417e-11	3.9009672667615925e-09
Immune::GSE22886_NAIVE_TCELL_VS_NKCELL_UP	161	71	6.056513971622521e-11	3.9009672667615925e-09
Immune::GSE10325_LUPUS_CD4_TCELL_VS_LUPUS_MYELOID_UP	177	76	6.17278809802204e-11	3.94479739389221e-09
GO_BP::GOBP_POSITIVE_REGULATION_OF_DEVELOPMENTAL_PROCESS	454	155	7.007378401958886e-11	4.443438397521216e-09
Immune::GSE22886_NAIVE_BCELL_VS_DC_UP	98	50	7.719781204138985e-11	4.8575238653736074e-09
GO_BP::GOBP_POSITIVE_REGULATION_OF_HEMOPOIESIS	104	52	8.538234864445258e-11	5.331508487874978e-09
Immune::GSE21546_UNSTIM_VS_ANTI_CD3_STIM_ELK1_KO_DP_THYMOCYTES_UP	87	46	9.213597198976984e-11	5.709638264214525e-09
Immune::GSE32986_GMCSF_VS_GMCSF_AND_CURDLAN_LOWDOSE_STIM_DC_DN	116	56	9.377487143321222e-11	5.724466032266239e-09
Immune::GSE3565_CTRL_VS_LPS_INJECTED_DUSP1_KO_SPLENOCYTES_UP	116	56	9.377487143321222e-11	5.724466032266239e-09
GO_BP::GOBP_REGULATION_OF_DEFENSE_RESPONSE	386	136	9.884963782735904e-11	5.989555832798496e-09
GO_BP::GOBP_POSITIVE_REGULATION_OF_GENE_EXPRESSION	535	176	1.0564481367688112e-10	6.354224822624174e-09
Immune::NAKAYA_PBMC_FLUARIX_FLUVIRIN_AGE_18_50YO_7DY_DN	205	84	1.111966411593879e-10	6.639332296961992e-09
GO_BP::GOBP_VASCULATURE_DEVELOPMENT	222	89	1.2232766698829995e-10	7.251016782349954e-09
GO_BP::GOBP_POSITIVE_REGULATION_OF_LOCOMOTION	209	85	1.358326046764053e-10	7.96573409042502e-09
Immune::GSE9650_EFFECTOR_VS_MEMORY_CD8_TCELL_DN	157	69	1.3633285729333773e-10	7.96573409042502e-09
Immune::GSE21063_CTRL_VS_ANTI_IGM_STIM_BCELL_NFATC1_KO_3H_DN	123	58	1.4155934869636496e-10	8.163086231844775e-09
GO_BP::GOBP_LYMPHOCYTE_ACTIVATION_INVOLVED_IN_IMMUNE_RESPONSE	120	57	1.4270431921195635e-10	8.163086231844775e-09
Immune::GSE14769_UNSTIM_VS_60MIN_LPS_BMDM_DN	120	57	1.4270431921195635e-10	8.163086231844775e-09
GO_BP::GOBP_IMMUNE_RESPONSE_REGULATING_CELL_SURFACE_RECEPTOR_SIGNALING_PATHWAY	193	80	1.5922185684997128e-10	9.044686034949757e-09
GO_BP::GOBP_TUBE_MORPHOGENESIS	254	98	1.794694692262486e-10	1.0124553505315267e-08
Immune::GSE18791_CTRL_VS_NEWCASTLE_VIRUS_DC_6H_DN	139	63	1.831716783979845e-10	1.0262632392435022e-08
Immune::GSE10325_LUPUS_CD4_TCELL_VS_LUPUS_BCELL_UP	158	69	1.9241640966980907e-10	1.0707253272782572e-08
Immune::GSE360_CTRL_VS_M_TUBERCULOSIS_DC_DN	100	50	1.972337917026398e-10	1.0901164973835092e-08
GO_BP::GOBP_POSITIVE_REGULATION_OF_CYTOKINE_PRODUCTION	234	92	2.0468339740479122e-10	1.1236981146115384e-08
GO_BP::GOBP_POSITIVE_REGULATION_OF_CELL_DEVELOPMENT	181	76	2.2316814874316598e-10	1.209731201084851e-08
GO_BP::GOBP_TUBE_DEVELOPMENT	325	118	2.2331223883106662e-10	1.209731201084851e-08
GO_BP::GOBP_BLOOD_VESSEL_MORPHOGENESIS	178	75	2.419023741680273e-10	1.3018167241410944e-08
Immune::GSE13484_UNSTIM_VS_YF17D_VACCINE_STIM_PBMC_DN	137	62	2.7610913238479484e-10	1.476191309089949e-08
Immune::GSE13411_PLASMA_CELL_VS_MEMORY_BCELL_DN	163	70	3.524661966965418e-10	1.8634096970278406e-08
GO_BP::GOBP_MONONUCLEAR_CELL_MIGRATION	84	44	3.530910795101654e-10	1.8634096970278406e-08
Immune::GSE10325_CD4_TCELL_VS_BCELL_UP	170	72	4.205223888521053e-10	2.2050468851347573e-08
Immune::GSE3565_CTRL_VS_LPS_INJECTED_SPLENOCYTES_DN	129	59	4.4805886184008374e-10	2.3344722865298633e-08
Reactome::REACTOME_INFECTIOUS_DISEASE	657	205	5.429111723910245e-10	2.8107679684547973e-08
Immune::GAUCHER_PBMC_YF_VAX_STAMARIL_UNKNOWN_AGE_7DY_UP	181	75	6.1243896813461e-10	3.150786641095037e-08
GO_BP::GOBP_PEPTIDE_METABOLIC_PROCESS	592	188	6.397683741215257e-10	3.2708158126963e-08
Immune::GSE22886_CTRL_VS_LPS_24H_DC_DN	152	66	6.444570935956203e-10	3.2743223761566296e-08
GO_BP::GOBP_POSITIVE_REGULATION_OF_INTRACELLULAR_SIGNAL_TRANSDUCTION	440	148	6.532504861668066e-10	3.29851171410153e-08
Immune::GSE2706_UNSTIM_VS_8H_R848_DC_DN	100	49	7.358705796822828e-10	3.6928965287123144e-08
Immune::GSE19401_NAIVE_VS_IMMUNIZED_MOUSE_PLN_FOLLICULAR_DC_UP	143	63	7.727302216980453e-10	3.854227569201226e-08
GO_BP::GOBP_CYTOKINE_PRODUCTION	364	127	8.792642703771835e-10	4.359019231324461e-08
GO_BP::GOBP_POSITIVE_REGULATION_OF_RESPONSE_TO_EXTERNAL_STIMULUS	285	105	8.924295568213364e-10	4.397634804095501e-08
Immune::GSE18791_UNSTIM_VS_NEWCATSLE_VIRUS_DC_18H_DN	86	44	9.482582735333052e-10	4.6447620823367884e-08
Immune::GSE41867_NAIVE_VS_DAY30_LCMV_CLONE13_EXHAUSTED_CD8_TCELL_UP	89	45	1.0044763782750677e-09	4.890843318029794e-08
Reactome::REACTOME_SARS_COV_1_INFECTION	122	56	1.0538134792161023e-09	5.070702505875128e-08
Immune::GSE26343_UNSTIM_VS_LPS_STIM_NFAT5_KO_MACROPHAGE_DN	122	56	1.0538134792161023e-09	5.070702505875128e-08
Immune::GSE22886_IGG_IGA_MEMORY_BCELL_VS_BLOOD_PLASMA_CELL_UP	101	49	1.1366115042786572e-09	5.437124038011354e-08
Immune::OSMAN_BLOOD_CHAD63_KH_AGE_18_50YO_HIGH_DOSE_SUBJECTS_24HR_DN	918	269	1.1647767399878613e-09	5.539461472732968e-08
Immune::GSE12366_GC_VS_NAIVE_BCELL_DN	135	60	1.2910626018289407e-09	6.104561897665165e-08
Immune::GSE18791_CTRL_VS_NEWCASTLE_VIRUS_DC_16H_DN	90	45	1.5978674525578666e-09	7.511813656277788e-08
Immune::GSE10325_CD4_TCELL_VS_MYELOID_UP	181	74	1.6426342893431535e-09	7.678141992472568e-08
GO_BP::GOBP_T_CELL_DIFFERENTIATION_INVOLVED_IN_IMMUNE_RESPONSE	49	30	1.6529736991473731e-09	7.682570942628131e-08
Immune::GSE3982_CENT_MEMORY_CD4_TCELL_VS_NKCELL_UP	99	48	1.7254138947002961e-09	7.866730186958276e-08
Immune::GSE26495_NAIVE_VS_PD1HIGH_CD8_TCELL_DN	155	66	1.7356259154411745e-09	7.866730186958276e-08
Immune::GSE14699_NAIVE_VS_DELETIONAL_TOLERANCE_CD8_TCELL_DN	105	50	1.7406823518819657e-09	7.866730186958276e-08
Immune::GSE2706_UNSTIM_VS_2H_LPS_AND_R848_DC_DN	105	50	1.7406823518819657e-09	7.866730186958276e-08
Immune::GSE7219_UNSTIM_VS_LPS_AND_ANTI_CD40_STIM_DC_UP	105	50	1.7406823518819657e-09	7.866730186958276e-08
GO_BP::GOBP_RESPONSE_TO_ENDOGENOUS_STIMULUS	658	203	1.946561570678035e-09	8.748831674805674e-08
GO_BP::GOBP_CELL_MORPHOGENESIS	289	105	2.199061310275797e-09	9.829683889648098e-08
Immune::GSE22140_GERMFREE_VS_SPF_MOUSE_CD4_TCELL_UP	124	56	2.2301960866030874e-09	9.914676080659378e-08
GO_BP::GOBP_ANTIGEN_RECEPTOR_MEDIATED_SIGNALING_PATHWAY	140	61	2.4448538916644678e-09	1.0810218829089376e-07
Immune::SCHERER_PBMC_YF_VAX_OR_APSV_WETVAX_AGE_18_40YO_JOINT_TO_VACCINIA_AND_YELLOW_FEVER_DN	22	18	2.463015025823062e-09	1.0831969307114328e-07
Immune::GSE24142_EARLY_THYMIC_PROGENITOR_VS_DN2_THYMOCYTE_ADULT_UP	91	45	2.5142282507087103e-09	1.0998067962993182e-07
Immune::QUEREC_PBMC_YF_17D_VACCINE_AGE_18_45YO_3DY_UP	35	24	2.580644063805175e-09	1.1169136741759963e-07
Immune::QUEREC_PBMC_YF_17D_VACCINE_AGE_18_45YO_7DY_UP	35	24	2.580644063805175e-09	1.1169136741759963e-07
GO_BP::GOBP_RESPONSE_TO_BACTERIUM	258	96	2.650229427889151e-09	1.1409935115859608e-07
Immune::GSE22886_DAY0_VS_DAY1_MONOCYTE_IN_CULTURE_UP	134	59	2.753261345516586e-09	1.179145434886161e-07
Immune::GSE28726_ACT_CD4_TCELL_VS_ACT_VA24NEG_NKTCELL_DN	170	70	3.174940418354803e-09	1.3526569074032443e-07
GO_BP::GOBP_REGULATION_OF_IMMUNE_EFFECTOR_PROCESS	190	76	3.204970824291067e-09	1.3583762353731052e-07
GO_BP::GOBP_INNATE_IMMUNE_RESPONSE	468	153	3.2344038862787672e-09	1.363784731430944e-07
GO_BP::GOBP_ADAPTIVE_IMMUNE_RESPONSE_BASED_ON_SOMATIC_RECOMBINATION_OF_IMMUNE_RECEPTORS_BUILT_FROM_IMMUNOGLOBULIN_SUPERFAMILY_DOMAINS	157	66	3.28048029534504e-09	1.3761194264575606e-07
Immune::GSE42021_TREG_PLN_VS_CD24HI_TREG_THYMUS_UP	122	55	3.357286777892138e-09	1.40115335934478e-07
Immune::GAUCHER_PBMC_YF_VAX_STAMARIL_UNKNOWN_AGE_3DY_UP	141	61	3.425873855119963e-09	1.421267299390904e-07
Reactome::REACTOME_CYTOKINE_SIGNALING_IN_IMMUNE_SYSTEM	457	150	3.4402313603838508e-09	1.421267299390904e-07
GO_BP::GOBP_ENDOTHELIAL_CELL_MIGRATION	86	43	3.6885564590709962e-09	1.5162005947337062e-07
Immune::GSE37605_TREG_VS_TCONV_NOD_FOXP3_FUSION_GFP_UP	53	31	4.306811564668135e-09	1.7614859299492673e-07
GO_BP::GOBP_CELLULAR_RESPONSE_TO_SALT	61	34	4.357002690924419e-09	1.7731483587941166e-07
GO_BP::GOBP_B_CELL_ACTIVATION	158	66	4.478967274414603e-09	1.8137600150847255e-07
Immune::GSE3565_DUSP1_VS_WT_SPLENOCYTES_POST_LPS_INJECTION_UP	126	56	4.5975626365921314e-09	1.852613909720376e-07
Immune::GSE1460_DP_VS_CD4_THYMOCYTE_DN	123	55	4.8286138520365815e-09	1.9267346980321578e-07
Immune::GSE29618_BCELL_VS_MDC_DAY7_FLU_VACCINE_UP	123	55	4.8286138520365815e-09	1.9267346980321578e-07
GO_BP::GOBP_TAXIS	139	60	5.112717001507001e-09	2.0301953918605467e-07
Immune::GSE13485_DAY7_VS_DAY21_YF17D_VACCINE_PBMC_UP	117	53	5.264111678643499e-09	2.070213150543453e-07
Immune::HOWARD_PBMC_INACT_MONOV_INFLUENZA_A_INDONESIA_05_2005_H5N1_AGE_19_39YO_AS03_ADJUVANT_VS_BUFFER_1DY_UP	117	53	5.264111678643499e-09	2.070213150543453e-07
GO_BP::GOBP_B_CELL_DIFFERENTIATION	81	41	5.350809964493339e-09	2.0942404550026561e-07
Immune::GSE18791_UNSTIM_VS_NEWCATSLE_VIRUS_DC_10H_DN	111	51	5.63855993201468e-09	2.1963533449466707e-07
Immune::GSE35825_UNTREATED_VS_IFNG_STIM_MACROPHAGE_UP	108	50	5.79207851635304e-09	2.2440159623903295e-07
Immune::GSE28726_NAIVE_VS_ACTIVATED_CD4_TCELL_UP	133	58	5.815787090791563e-09	2.2440159623903295e-07
Immune::GSE24574_BCL6_HIGH_VS_LOW_TFH_CD4_TCELL_UP	140	60	7.113614333888893e-09	2.7318950822164855e-07
Reactome::REACTOME_VIRAL_INFECTION_PATHWAYS	558	175	7.662637921683245e-09	2.92898963548453e-07
GO_BP::GOBP_NEGATIVE_REGULATION_OF_GENE_EXPRESSION	574	179	8.158351782727882e-09	3.1039682596611196e-07
Immune::GSE39110_UNTREATED_VS_IL2_TREATED_CD8_TCELL_DAY6_POST_IMMUNIZATION_UP	109	50	8.509821012579694e-09	3.2227007353195325e-07
Immune::GSE11386_NAIVE_VS_MEMORY_BCELL_DN	100	47	9.095427693797415e-09	3.4241925635762453e-07
GO_BP::GOBP_REGULATION_OF_RESPONSE_TO_STRESS	745	222	9.17220941407699e-09	3.4241925635762453e-07
Immune::GSE9988_LOW_LPS_VS_CTRL_TREATED_MONOCYTE_UP	94	45	9.205952026368478e-09	3.4241925635762453e-07
GO_BP::GOBP_NEGATIVE_REGULATION_OF_RNA_BIOSYNTHETIC_PROCESS	614	189	9.209319853139046e-09	3.4241925635762453e-07
Immune::GSE42088_UNINF_VS_LEISHMANIA_INF_DC_24H_UP	154	64	9.793319342200344e-09	3.624857566479584e-07
GO_BP::GOBP_REGULATION_OF_CATALYTIC_ACTIVITY	654	199	9.948296383120618e-09	3.6656335321588584e-07
GO_BP::GOBP_LEUKOCYTE_PROLIFERATION	164	67	1.0132764804885234e-08	3.716861708697812e-07
GO_BP::GOBP_TISSUE_MIGRATION	119	53	1.0895229232964896e-08	3.9787042466809306e-07
GO_BP::GOBP_MULTICELLULAR_ORGANISMAL_LEVEL_HOMEOSTASIS	333	115	1.1164263107091927e-08	4.0588298762671985e-07
GO_BP::GOBP_POSITIVE_REGULATION_OF_LEUKOCYTE_PROLIFERATION	77	39	1.2350115065800462e-08	4.4700858954976895e-07
Immune::GSE41087_WT_VS_FOXP3_MUT_ANTI_CD3_CD28_STIM_CD4_TCELL_UP	110	50	1.2407401352676538e-08	4.4710371394226465e-07
Immune::GSE36891_POLYIC_TLR3_VS_PAM_TLR2_STIM_PERITONEAL_MACROPHAGE_UP	63	34	1.328540072319623e-08	4.766428855953735e-07
Immune::GSE22886_CD4_TCELL_VS_BCELL_NAIVE_UP	172	69	1.4882912327465798e-08	5.316254272431015e-07
Immune::GSE45739_UNSTIM_VS_ACD3_ACD28_STIM_NRAS_KO_CD4_TCELL_DN	117	52	1.635482067520421e-08	5.816627527094366e-07
Immune::GSE15330_LYMPHOID_MULTIPOTENT_VS_MEGAKARYOCYTE_ERYTHROID_PROGENITOR_IKAROS_KO_DN	133	57	1.6928223317322662e-08	5.994496395484821e-07
GO_BP::GOBP_CD4_POSITIVE_ALPHA_BETA_T_CELL_ACTIVATION	72	37	1.7663134292967273e-08	6.201048863367909e-07
Immune::GSE2706_R848_VS_R848_AND_LPS_2H_STIM_DC_DN	72	37	1.7663134292967273e-08	6.201048863367909e-07
GO_BP::GOBP_AMEBOIDAL_TYPE_CELL_MIGRATION	156	64	1.7878220693716917e-08	6.249736977547195e-07
GO_BP::GOBP_MYELOID_LEUKOCYTE_DIFFERENTIATION	111	50	1.7955632025350195e-08	6.250088083717642e-07
Immune::GSE19888_ADENOSINE_A3R_INH_PRETREAT_AND_ACT_BY_A3R_VS_TCELL_MEMBRANES_ACT_MAST_CELL_UP	127	55	1.9390562322148134e-08	6.692607586294167e-07
Immune::GSE27434_WT_VS_DNMT1_KO_TREG_DN	127	55	1.9390562322148134e-08	6.692607586294167e-07
Immune::GSE5099_CLASSICAL_M1_VS_ALTERNATIVE_M2_MACROPHAGE_UP	153	63	1.9547729566830984e-08	6.718505372129304e-07
Immune::HOWARD_DENDRITIC_CELL_INACT_MONOV_INFLUENZA_A_INDONESIA_05_2005_H5N1_AGE_18_49YO_1DY_UP	78	39	1.965674598559664e-08	6.727706366618431e-07
Immune::HOWARD_MONOCYTE_INACT_MONOV_INFLUENZA_A_INDONESIA_05_2005_H5N1_AGE_18_49YO_1DY_UP	99	46	2.0455238293708648e-08	6.971827051772364e-07
Immune::GSE19888_ADENOSINE_A3R_INH_VS_ACT_WITH_INHIBITOR_PRETREATMENT_IN_MAST_CELL_UP	96	45	2.0834184930942922e-08	7.071520030502618e-07
GO_BP::GOBP_REGULATION_OF_LEUKOCYTE_PROLIFERATION	121	53	2.1957518218361278e-08	7.422004091991539e-07
GO_BP::GOBP_MYELOID_CELL_DIFFERENTIATION	218	82	2.227950177672643e-08	7.499848746239597e-07
GO_BP::GOBP_AMIDE_BIOSYNTHETIC_PROCESS	593	182	2.285226407489824e-08	7.661127874289656e-07
GO_BP::GOBP_MUSCLE_STRUCTURE_DEVELOPMENT	229	85	2.513604205444061e-08	8.39236016348262e-07
Immune::GSE22886_DC_VS_MONOCYTE_DN	144	60	2.5308880305531524e-08	8.415717109725523e-07
Immune::HOEK_NK_CELL_2011_2012_TIV_3D_VS_0DY_ADULT_3D_DN	48	28	2.6453463261005825e-08	8.760701598179256e-07
Immune::GSE11057_EFF_MEM_VS_CENT_MEM_CD4_TCELL_DN	103	47	2.920081959958922e-08	9.631560658251606e-07
Immune::GSE17974_0H_VS_48H_IN_VITRO_ACT_CD4_TCELL_UP	122	53	3.087349253220538e-08	1.0142376261583935e-06
Immune::GSE22886_NAIVE_CD4_TCELL_VS_MONOCYTE_UP	168	67	3.1743494162169865e-08	1.038647128986198e-06
Immune::GSE42088_2H_VS_24H_LEISHMANIA_INF_DC_UP	158	64	3.206608125021647e-08	1.045022090146497e-06
GO_BP::GOBP_POSITIVE_REGULATION_OF_IMMUNE_EFFECTOR_PROCESS	135	57	3.223647131015361e-08	1.046406092528002e-06
GO_BP::GOBP_POSITIVE_REGULATION_OF_RNA_METABOLIC_PROCESS	956	271	3.52212826442669e-08	1.138775067312661e-06
GO_BP::GOBP_HOMEOSTASIS_OF_NUMBER_OF_CELLS	182	71	3.598343911253701e-08	1.1553625741677565e-06
Reactome::REACTOME_CELLULAR_RESPONSES_TO_STIMULI	557	172	3.601680396244229e-08	1.1553625741677565e-06
Immune::GSE3565_CTRL_VS_LPS_INJECTED_DUSP1_KO_SPLENOCYTES_DN	113	50	3.679957180149459e-08	1.1758613177196318e-06
Immune::GSE3565_CTRL_VS_LPS_INJECTED_SPLENOCYTES_UP	110	49	3.8736030872818205e-08	1.2329211382865871e-06
Immune::GSE41867_DAY6_VS_DAY15_LCMV_ARMSTRONG_EFFECTOR_CD8_TCELL_UP	54	30	3.9459782483759714e-08	1.2462587672477005e-06
Immune::NAKAYA_PBMC_FLUAD_MALE_AGE_14_27YO_1D_POSTBOOST_VS_0D_PREIMM_MF59_ADJUVANTED_1DY_GENES_IN_BTM_M40_AND_M53_DN	54	30	3.9459782483759714e-08	1.2462587672477005e-06
GO_BP::GOBP_CYTOKINE_MEDIATED_SIGNALING_PATHWAY	210	79	4.0188842432545096e-08	1.2618736544362187e-06
Immune::GSE36476_CTRL_VS_TSST_ACT_16H_MEMORY_CD4_TCELL_OLD_UP	126	54	4.02627168469258e-08	1.2618736544362187e-06
Immune::GSE3720_UNSTIM_VS_LPS_STIM_VD2_GAMMADELTA_TCELL_UP	136	57	4.412738902152735e-08	1.3777177183057015e-06
GO_BP::GOBP_LEUKOCYTE_MEDIATED_IMMUNITY	207	78	4.5130459573837484e-08	1.4036774118402687e-06
Immune::GSE14000_UNSTIM_VS_4H_LPS_DC_DN	120	52	4.609477036673928e-08	1.4282394757573007e-06
Immune::GSE2405_S_AUREUS_VS_A_PHAGOCYTOPHILUM_NEUTROPHIL_UP	77	38	4.6937795900118326e-08	1.4488723413696904e-06
GO_BP::GOBP_NEGATIVE_REGULATION_OF_RESPONSE_TO_STIMULUS	722	213	4.717097138023309e-08	1.450596037181604e-06
Immune::GSE13522_WT_VS_IFNAR_KO_SKING_T_CRUZI_Y_STRAIN_INF_UP	89	42	4.8350135198388715e-08	1.481288786227789e-06
Immune::GSE21546_WT_VS_SAP1A_KO_DP_THYMOCYTES_UP	143	59	5.061441507743894e-08	1.5448728184083975e-06
Immune::GSE11057_NAIVE_VS_MEMORY_CD4_TCELL_DN	163	65	5.1181750834713556e-08	1.5563818655314382e-06
GO_BP::GOBP_NEGATIVE_REGULATION_OF_NUCLEOBASE_CONTAINING_COMPOUND_METABOLIC_PROCESS	747	219	5.1971001507991625e-08	1.574528860501376e-06
Immune::GSE1460_INTRATHYMIC_T_PROGENITOR_VS_CD4_THYMOCYTE_DN	140	58	5.519695594387245e-08	1.6660926185272201e-06
Immune::GSE18791_UNSTIM_VS_NEWCATSLE_VIRUS_DC_6H_DN	127	54	5.5702392796761427e-08	1.6751675480790753e-06
Immune::GSE36476_CTRL_VS_TSST_ACT_40H_MEMORY_CD4_TCELL_OLD_UP	108	48	5.813925033746939e-08	1.7420478672545776e-06
Immune::GSE17974_CTRL_VS_ACT_IL4_AND_ANTI_IL12_6H_CD4_TCELL_UP	124	53	5.991845213223475e-08	1.768078468574716e-06
Immune::GSE20727_H2O2_VS_ROS_INHIBITOR_TREATED_DC_DN	124	53	5.991845213223475e-08	1.768078468574716e-06
Immune::GSE37301_HEMATOPOIETIC_STEM_CELL_VS_RAG2_KO_NK_CELL_DN	124	53	5.991845213223475e-08	1.768078468574716e-06
GO_BP::GOBP_OSSIFICATION	137	57	6.008873035009426e-08	1.768078468574716e-06
Immune::GSE19923_WT_VS_HEB_AND_E2A_KO_DP_THYMOCYTE_DN	137	57	6.008873035009426e-08	1.768078468574716e-06
Reactome::REACTOME_IMMUNOREGULATORY_INTERACTIONS_BETWEEN_A_LYMPHOID_AND_A_NON_LYMPHOID_CELL	66	34	6.188155300982564e-08	1.8143050308973969e-06
GO_BP::GOBP_MYELOID_LEUKOCYTE_ACTIVATION	102	46	6.377806357433806e-08	1.8632305715645905e-06
GO_BP::GOBP_RESPONSE_TO_WOUNDING	181	70	6.751214765276911e-08	1.965300241279898e-06
Immune::GSE22886_DAY0_VS_DAY7_MONOCYTE_IN_CULTURE_UP	154	62	6.876932412220959e-08	1.9947981252470725e-06
Immune::GSE25677_MPL_VS_R848_STIM_BCELL_DN	131	55	7.080507579709875e-08	2.046591943534515e-06
Immune::GSE24142_EARLY_THYMIC_PROGENITOR_VS_DN2_THYMOCYTE_UP	90	42	7.213643080799933e-08	2.0704421193313492e-06
Immune::GSE3565_DUSP1_VS_WT_SPLENOCYTES_UP	90	42	7.213643080799933e-08	2.0704421193313492e-06
Immune::GSE21546_UNSTIM_VS_ANTI_CD3_STIM_SAP1A_KO_AND_ELK1_KO_DP_THYMOCYTES_UP	78	38	7.285479331891394e-08	2.0837489837367696e-06
Immune::GSE21360_NAIVE_VS_SECONDARY_MEMORY_CD8_TCELL_DN	109	48	8.263611105352477e-08	2.3552731303757233e-06
Immune::GSE17974_0H_VS_6H_IN_VITRO_ACT_CD4_TCELL_UP	122	52	8.910526156748835e-08	2.5308369431321344e-06
Immune::GSE42021_CD24INT_VS_CD24LOW_TREG_THYMUS_DN	103	46	9.168250608027573e-08	2.5950273347289116e-06
Immune::GSE2405_0H_VS_12H_A_PHAGOCYTOPHILUM_STIM_NEUTROPHIL_UP	132	55	9.652407805512031e-08	2.722644684451325e-06
Immune::GARCIA_PINERES_PBMC_HPV_16_L1_VLP_AGE_18_25YO_STIMULATED_VS_UNSTIMULATED_0DY_VACCINATION_INDEPENDENT_UP	97	44	9.991820466422469e-08	2.8086972994960754e-06
Immune::GSE360_T_GONDII_VS_B_MALAYI_LOW_DOSE_DC_UP	91	42	1.0660328680532368e-07	2.986352349546396e-06
GO_BP::GOBP_RESPONSE_TO_GROWTH_FACTOR	257	91	1.0780767366139591e-07	3.0097841998300973e-06
GO_BP::GOBP_NEGATIVE_REGULATION_OF_MULTICELLULAR_ORGANISMAL_PROCESS	383	125	1.0867749657761443e-07	3.0237480340302246e-06
GO_BP::GOBP_REGULATION_OF_EPITHELIAL_CELL_PROLIFERATION	113	49	1.0953859903051808e-07	3.0373753900665694e-06
Immune::GSE6259_33D1_POS_VS_DEC205_POS_FLT3L_INDUCED_SPLENIC_DC_UP	76	37	1.1063117580580422e-07	3.0573074935522925e-06
Immune::GSE37301_HEMATOPOIETIC_STEM_CELL_VS_CD4_TCELL_UP	82	39	1.1178344388601405e-07	3.0787493972646294e-06
Immune::GSE6269_HEALTHY_VS_FLU_INF_PBMC_UP	126	53	1.1355855273639063e-07	3.1171441657170314e-06
GO_BP::GOBP_REGULATION_OF_ANATOMICAL_STRUCTURE_MORPHOGENESIS	261	92	1.1671029024083778e-07	3.1929437263212474e-06
GO_BP::GOBP_CD4_POSITIVE_ALPHA_BETA_T_CELL_DIFFERENTIATION	56	30	1.187162879768013e-07	3.236997452167449e-06
Immune::GSE11057_NAIVE_VS_CENT_MEMORY_CD4_TCELL_DN	156	62	1.2024621251775496e-07	3.2678206591203837e-06
Immune::GSE24574_NAIVE_VS_TCONV_CD4_TCELL_UP	107	47	1.2373429218828713e-07	3.3514785102655255e-06
GO_BP::GOBP_HUMORAL_IMMUNE_RESPONSE	59	31	1.3161704722798444e-07	3.553225895461758e-06
GO_BP::GOBP_POSITIVE_REGULATION_OF_DEFENSE_RESPONSE	240	86	1.3243084466059564e-07	3.563435228038396e-06
Immune::GSE24634_NAIVE_CD4_TCELL_VS_DAY3_IL4_CONV_TREG_UP	143	58	1.3407257257579118e-07	3.595782438262203e-06
GO_BP::GOBP_PROTEIN_PHOSPHORYLATION	559	170	1.3970518435574735e-07	3.734602640620959e-06
Immune::GSE5542_UNTREATED_VS_IFNA_TREATED_EPITHELIAL_CELLS_6H_UP	117	50	1.4244224447150323e-07	3.7803469470725096e-06
Immune::GSE37533_PPARG1_FOXP3_VS_FOXP3_TRANSDUCED_CD4_TCELL_DN	160	63	1.4248022500805286e-07	3.7803469470725096e-06
Immune::GSE21063_CTRL_VS_ANTI_IGM_STIM_BCELL_8H_UP	62	32	1.4280283699821583e-07	3.7803469470725096e-06
GO_BP::GOBP_NEGATIVE_REGULATION_OF_TRANSCRIPTION_BY_RNA_POLYMERASE_II	446	141	1.447747799819773e-07	3.820186129847014e-06
Immune::GSE6269_FLU_VS_STREP_PNEUMO_INF_PBMC_UP	150	60	1.4684637672603477e-07	3.862390230286059e-06
Immune::SCHERER_PBMC_YF_VAX_AGE_18_40YO_4_TO_7DY_UP	205	76	1.4734366111935402e-07	3.863048551142038e-06
Immune::GAUCHER_PBMC_YF_VAX_STAMARIL_UNKNOWN_AGE_10DY_DN	65	33	1.5208151165650045e-07	3.974526406869565e-06
Immune::GSE17974_0H_VS_12H_IN_VITRO_ACT_CD4_TCELL_UP	127	53	1.5499607269315204e-07	4.037795779076382e-06
Immune::GSE3920_IFNA_VS_IFNB_TREATED_ENDOTHELIAL_CELL_DN	89	41	1.609801281123485e-07	4.154228523368491e-06
Immune::GSE9988_ANTI_TREM1_AND_LPS_VS_CTRL_TREATED_MONOCYTES_UP	89	41	1.609801281123485e-07	4.154228523368491e-06
Immune::GSE22886_NAIVE_BCELL_VS_BM_PLASMA_CELL_UP	137	56	1.6132086745045581e-07	4.154228523368491e-06
GO_BP::GOBP_WOUND_HEALING	147	59	1.620047553734167e-07	4.154228523368491e-06
Immune::GOLDRATH_EFF_VS_MEMORY_CD8_TCELL_DN	147	59	1.620047553734167e-07	4.154228523368491e-06
Immune::GSE24671_CTRL_VS_SENDAI_VIRUS_INFECTED_MOUSE_SPLENOCYTES_UP	86	40	1.6495998875792519e-07	4.216789712624462e-06
Immune::GSE24634_NAIVE_CD4_TCELL_VS_DAY10_IL4_CONV_TREG_UP	83	39	1.6784190218004658e-07	4.263809813145283e-06
Immune::GSE45739_UNSTIM_VS_ACD3_ACD28_STIM_WT_CD4_TCELL_UP	83	39	1.6784190218004658e-07	4.263809813145283e-06
Immune::GSE45739_UNSTIM_VS_ACD3_ACD28_STIM_WT_CD4_TCELL_DN	171	66	1.7488298182674238e-07	4.419576651931894e-06
Immune::GSE22886_NAIVE_CD4_TCELL_VS_48H_ACT_TH1_UP	154	61	1.750541363356887e-07	4.419576651931894e-06
Immune::GSE3565_DUSP1_VS_WT_SPLENOCYTES_DN	134	55	1.765498291736306e-07	4.4436233927393796e-06
Immune::GSE42021_TREG_PLN_VS_TREG_PRECURSORS_THYMUS_DN	144	58	1.7851213160142855e-07	4.465532833332371e-06
Immune::GSE9650_NAIVE_VS_MEMORY_CD8_TCELL_DN	144	58	1.7851213160142855e-07	4.465532833332371e-06
Immune::GSE46606_UNSTIM_VS_CD40L_IL2_IL5_1DAY_STIMULATED_IRF4HIGH_SORTED_BCELL_DN	121	51	1.8204375456551895e-07	4.539993635201051e-06
Reactome::REACTOME_INTERFERON_SIGNALING	185	70	1.8428021591193192e-07	4.581799897141651e-06
Immune::THAKAR_PBMC_INACTIVATED_INFLUENZA_AGE_21_30YO_RESPONDERS_7DY_DN	444	140	1.9141311649213585e-07	4.744725130017185e-06
GO_BP::GOBP_GENERATION_OF_NEURONS	448	141	1.9528567582205575e-07	4.826093136629656e-06
Immune::GSE13547_2H_VS_12_H_ANTI_IGM_STIM_ZFX_KO_BCELL_UP	118	50	1.9660798197177524e-07	4.844136423280487e-06
Immune::GSE7764_IL15_NK_CELL_24H_VS_SPLENOCYTE_DN	138	56	2.1589809906699735e-07	5.297999658253758e-06
Immune::GSE13738_RESTING_VS_BYSTANDER_ACTIVATED_CD4_TCELL_UP	96	43	2.16872603326365e-07	5.297999658253758e-06
Immune::GSE43863_NAIVE_VS_MEMORY_TH1_CD4_TCELL_D150_LCMV_UP	60	31	2.169718686448666e-07	5.297999658253758e-06
Immune::GSE22886_NAIVE_CD8_TCELL_VS_MONOCYTE_UP	172	66	2.256144320796855e-07	5.492637066701867e-06
Immune::GSE19888_CTRL_VS_TCELL_MEMBRANES_ACT_MAST_CELL_PRETREAT_A3R_INH_DN	112	48	2.2754507706054123e-07	5.523200980282573e-06
Immune::GSE29618_PDC_VS_MDC_DAY7_FLU_VACCINE_DN	125	52	2.290180584319963e-07	5.542508041342396e-06
Immune::GSE360_CTRL_VS_T_GONDII_DC_DN	90	41	2.353187319792531e-07	5.6781924117707684e-06
GO_BP::GOBP_LEUKOCYTE_CHEMOTAXIS	84	39	2.49392553937717e-07	6.000091444736839e-06
GO_BP::GOBP_CELL_CHEMOTAXIS	106	46	2.602649572579049e-07	6.243306012814258e-06
Immune::GSE3982_MEMORY_CD4_TCELL_VS_TH1_UP	129	53	2.840064921636005e-07	6.792903818415941e-06
Immune::GSE2706_UNSTIM_VS_2H_LPS_DC_DN	97	43	3.1000295781658744e-07	7.332489707574546e-06
Immune::GSE2706_UNSTIM_VS_2H_R848_DC_DN	97	43	3.1000295781658744e-07	7.332489707574546e-06
Immune::GSE3982_MAST_CELL_VS_EFF_MEMORY_CD4_TCELL_DN	97	43	3.1000295781658744e-07	7.332489707574546e-06
Immune::GSE18791_CTRL_VS_NEWCASTLE_VIRUS_DC_10H_DN	126	52	3.1015176513701627e-07	7.332489707574546e-06
Immune::GSE34205_RSV_VS_FLU_INF_INFANT_PBMC_DN	146	58	3.1212781082823244e-07	7.3547156486504545e-06
Immune::GSE3982_CENT_MEMORY_CD4_TCELL_VS_TH2_UP	113	48	3.1468832237501947e-07	7.3547156486504545e-06
Immune::GSE42021_TREG_PLN_VS_CD24LO_TREG_THYMUS_DN	113	48	3.1468832237501947e-07	7.3547156486504545e-06
Immune::GSE7509_UNSTIM_VS_IFNA_STIM_IMMATURE_DC_DN	113	48	3.1468832237501947e-07	7.3547156486504545e-06
Immune::GAUCHER_PBMC_YF_VAX_STAMARIL_UNKNOWN_AGE_10DY_UP	136	55	3.163671291906384e-07	7.3728863725909455e-06
Immune::GSE3982_MEMORY_CD4_TCELL_VS_TH2_UP	133	54	3.476062930910652e-07	8.077896242854866e-06
Immune::GSE21379_WT_VS_SAP_KO_TFH_CD4_TCELL_DN	88	40	3.546594732961654e-07	8.203266183369066e-06
Immune::THAKAR_PBMC_INACTIVATED_INFLUENZA_AGE_21_30YO_RESPONDERS_28DY_DN	618	183	3.550068739502016e-07	8.203266183369066e-06
Immune::GSE22886_IGM_MEMORY_BCELL_VS_BM_PLASMA_CELL_UP	150	59	3.696402595813706e-07	8.517344572889048e-06
Immune::HOWARD_NEUTROPHIL_INACT_MONOV_INFLUENZA_A_INDONESIA_05_2005_H5N1_AGE_18_49YO_3DY_UP	82	38	3.769791414204582e-07	8.662048811290304e-06
Immune::GSE14415_INDUCED_TREG_VS_FOXP3_KO_INDUCED_TREG_UP	101	44	4.1398148356039667e-07	9.485626149927297e-06
Immune::GSE37533_PPARG1_FOXP3_VS_PPARG2_FOXP3_TRANSDUCED_CD4_TCELL_PIOGLITAZONE_TREATED_DN	137	55	4.2036157304076127e-07	9.604909685679964e-06
GO_BP::GOBP_REGULATION_OF_HYDROLASE_ACTIVITY	327	108	4.262887553162214e-07	9.713208965143986e-06
Immune::GSE3920_UNTREATED_VS_IFNA_TREATED_FIBROBLAST_UP	98	43	4.3957009886853117e-07	9.988009468734958e-06
Immune::GSE22886_NAIVE_CD4_TCELL_VS_48H_ACT_TH2_UP	124	51	4.567834405794035e-07	1.032179155784398e-05
Immune::GSE30083_SP1_VS_SP4_THYMOCYTE_DN	124	51	4.567834405794035e-07	1.032179155784398e-05
Reactome::REACTOME_SARS_COV_2_HOST_INTERACTIONS	151	59	4.82439222010988e-07	1.0871495416115378e-05
Immune::GSE32901_TH1_VS_TH17_ENRICHED_CD4_TCELL_UP	121	50	4.98585161252178e-07	1.1158901911092343e-05
GO_BP::GOBP_EPITHELIAL_CELL_PROLIFERATION	141	56	5.027558603327891e-07	1.1158901911092343e-05
Immune::GSE19888_ADENOSINE_A3R_INH_PRETREAT_AND_ACT_BY_A3R_VS_A3R_INH_AND_TCELL_MEMBRANES_ACT_MAST_CELL_UP	141	56	5.027558603327891e-07	1.1158901911092343e-05
Immune::GSE37533_PPARG2_FOXP3_VS_FOXP3_TRANSDUCED_CD4_TCELL_DN	141	56	5.027558603327891e-07	1.1158901911092343e-05
Immune::GSE27241_CTRL_VS_DIGOXIN_TREATED_CD4_TCELL_IN_TH17_POLARIZING_CONDITIONS_UP	108	46	5.03409565869683e-07	1.1158901911092343e-05
GO_BP::GOBP_REGULATION_OF_INFLAMMATORY_RESPONSE	158	61	5.047425069809495e-07	1.1158901911092343e-05
Immune::GSE22601_DOUBLE_POSITIVE_VS_CD8_SINGLE_POSITIVE_THYMOCYTE_UP	158	61	5.047425069809495e-07	1.1158901911092343e-05
Immune::GSE16450_CTRL_VS_IFNA_6H_STIM_IMMATURE_NEURON_CELL_LINE_DN	131	53	5.094196884979225e-07	1.1231948926989235e-05
Immune::HOFT_PBMC_TICE_BCG_RBCG_AG85A_AG85B_AGE_18_40YO_CORRELATED_WITH_WHOLE_BLOOD_BACTERICIDAL_ACTIVITY_NEGATIVE	27	18	5.161789273167498e-07	1.1350386089922079e-05
Immune::GSE45365_CD8A_DC_VS_CD11B_DC_IFNAR_KO_MCMV_INFECTION_DN	37	22	5.295581240486479e-07	1.1613365830343002e-05
Immune::GSE24634_TEFF_VS_TCONV_DAY5_IN_CULTURE_DN	148	58	5.361062665432974e-07	1.1694264694197794e-05
Immune::GSE42021_CD24HI_VS_CD24INT_TREG_THYMUS_DN	148	58	5.361062665432974e-07	1.1694264694197794e-05
GO_BP::GOBP_NEUROGENESIS	546	164	5.723928576282289e-07	1.2452589296273704e-05
Immune::GSE18791_CTRL_VS_NEWCASTLE_VIRUS_DC_12H_DN	102	44	5.793399152587183e-07	1.2530657094720868e-05
Immune::GSE36476_CTRL_VS_TSST_ACT_72H_MEMORY_CD4_TCELL_OLD_UP	102	44	5.793399152587183e-07	1.2530657094720868e-05
Immune::GSE17974_IL4_AND_ANTI_IL12_VS_UNTREATED_48H_ACT_CD4_TCELL_DN	77	36	5.82108764791434e-07	1.2530657094720868e-05
Immune::GSE40274_CTRL_VS_FOXP3_AND_LEF1_TRANSDUCED_ACTIVATED_CD4_TCELL_UP	77	36	5.82108764791434e-07	1.2530657094720868e-05
GO_BP::GOBP_POSITIVE_REGULATION_OF_LYMPHOCYTE_DIFFERENTIATION	74	35	5.899030740414608e-07	1.2611057997879433e-05
Immune::GSE17974_IL4_AND_ANTI_IL12_VS_UNTREATED_24H_ACT_CD4_TCELL_DN	74	35	5.899030740414608e-07	1.2611057997879433e-05
Immune::GSE13485_CTRL_VS_DAY3_YF17D_VACCINE_PBMC_DN	115	48	5.904688524679491e-07	1.2611057997879433e-05
Immune::GSE17974_CTRL_VS_ACT_IL4_AND_ANTI_IL12_12H_CD4_TCELL_UP	125	51	6.137568796269411e-07	1.3040340974930852e-05
Immune::GSE40068_BCL6_POS_VS_NEG_CXCR5_POS_TFH_DN	125	51	6.137568796269411e-07	1.3040340974930852e-05
Immune::GSE14000_UNSTIM_VS_4H_LPS_DC_TRANSLATED_RNA_DN	99	43	6.18429812446611e-07	1.3105585144593983e-05
GO_BP::GOBP_RESPONSE_TO_VIRUS	266	91	6.365673654339837e-07	1.3455093150516762e-05
Immune::GSE22886_NAIVE_BCELL_VS_BLOOD_PLASMA_CELL_UP	112	47	6.404634374993166e-07	1.3502553914289716e-05
GO_BP::GOBP_LYMPHOCYTE_MEDIATED_IMMUNITY	159	61	6.511774648799654e-07	1.3693140521126264e-05
GO_BP::GOBP_REGULATION_OF_RESPONSE_TO_BIOTIC_STIMULUS	285	96	7.002161497042242e-07	1.4686584883539881e-05
Immune::GSE33162_UNTREATED_VS_4H_LPS_STIM_HDAC3_HET_MACROPHAGE_DN	119	49	7.345628516007069e-07	1.536758088515034e-05
GO_BP::GOBP_T_CELL_DIFFERENTIATION_IN_THYMUS	54	28	7.617929997817726e-07	1.5856149461106616e-05
Immune::GSE2706_R848_VS_LPS_2H_STIM_DC_DN	54	28	7.617929997817726e-07	1.5856149461106616e-05
Immune::KAECH_NAIVE_VS_MEMORY_CD8_TCELL_DN	146	57	7.765036489366097e-07	1.6121319411932657e-05
GO_BP::GOBP_INFLAMMATORY_RESPONSE_TO_ANTIGENIC_STIMULUS	35	21	7.805164237316576e-07	1.616360593955686e-05
Immune::GSE39110_DAY3_VS_DAY6_POST_IMMUNIZATION_CD8_TCELL_UP	136	54	8.097183029621229e-07	1.6725999288460014e-05
Immune::GSE29618_BCELL_VS_MDC_UP	126	51	8.202083574800898e-07	1.69000109929147e-05
Immune::GSE42021_TREG_VS_TCONV_PLN_UP	143	56	8.63014333809602e-07	1.7657963653502068e-05
GO_BP::GOBP_CELL_KILLING	100	43	8.634701053057247e-07	1.7657963653502068e-05
Immune::GSE14415_FOXP3_KO_NATURAL_TREG_VS_TCONV_UP	100	43	8.634701053057247e-07	1.7657963653502068e-05
GO_BP::GOBP_MUSCLE_CELL_PROLIFERATION	72	34	8.940411221075489e-07	1.821660490345269e-05
Immune::GSE42724_NAIVE_BCELL_VS_PLASMABLAST_UP	133	53	8.952414634704133e-07	1.821660490345269e-05
GO_BP::GOBP_REGULATION_OF_ALPHA_BETA_T_CELL_ACTIVATION	69	33	8.988984810617524e-07	1.823880089091332e-05
Immune::GSE12845_PRE_GC_VS_DARKZONE_GC_TONSIL_BCELL_UP	123	50	9.007916332431517e-07	1.823880089091332e-05
Immune::GSE22886_IGG_IGA_MEMORY_BCELL_VS_BM_PLASMA_CELL_UP	157	60	9.359876733233315e-07	1.8904639920456425e-05
Immune::GSE42021_CD24HI_VS_CD24LOW_TREG_THYMUS_DN	110	46	9.477539308514638e-07	1.9095140774297966e-05
GO_BP::GOBP_SKELETAL_SYSTEM_DEVELOPMENT	140	55	9.582832237245457e-07	1.925984464389873e-05
Immune::GSE17721_LPS_VS_CPG_1H_BMDC_DN	107	45	1.0270998023237531e-06	2.059234407600074e-05
GO_BP::GOBP_REGULATION_OF_EPITHELIAL_CELL_MIGRATION	91	40	1.0436293618786639e-06	2.0821678488213342e-05
Immune::GSE40068_CXCR5POS_BCL6POS_TFH_VS_CXCR5NEG_BCL6NEG_CD4_TCELL_DN	91	40	1.0436293618786639e-06	2.0821678488213342e-05
Reactome::REACTOME_INTERLEUKIN_4_AND_INTERLEUKIN_13_SIGNALING	49	26	1.0598505633562154e-06	2.10426640977035e-05
Immune::GSE13522_CTRL_VS_T_CRUZI_Y_STRAIN_INF_SKIN_BALBC_MOUSE_DN	49	26	1.0598505633562154e-06	2.10426640977035e-05
GO_BP::GOBP_NEGATIVE_REGULATION_OF_SIGNALING	599	176	1.0662094912826795e-06	2.1117660142112152e-05
Immune::GSE6259_FLT3L_INDUCED_DEC205_POS_DC_VS_CD8_TCELL_DN	117	48	1.0811003226452178e-06	2.1360871109270247e-05
Immune::GSE13547_CTRL_VS_ANTI_IGM_STIM_BCELL_2H_UP	88	39	1.1024873635336943e-06	2.1730955743868965e-05
GO_BP::GOBP_POSITIVE_REGULATION_OF_T_CELL_PROLIFERATION	52	27	1.158326397863579e-06	2.2776706573375184e-05
Immune::GSE22886_NAIVE_CD8_TCELL_VS_NKCELL_DN	134	53	1.1780207107970721e-06	2.3058987785037906e-05
Immune::GSE23502_BM_VS_COLON_TUMOR_MYELOID_DERIVED_SUPPRESSOR_CELL_DN	114	47	1.1811388608717461e-06	2.3058987785037906e-05
Immune::GSE43863_DAY6_EFF_VS_DAY150_MEM_TH1_CD4_TCELL_UP	114	47	1.1811388608717461e-06	2.3058987785037906e-05
Immune::GSE4984_LPS_VS_VEHICLE_CTRL_TREATED_DC_DN	124	50	1.2007971688267644e-06	2.3386954383340318e-05
GO_BP::GOBP_LYMPHOCYTE_MIGRATION	55	28	1.2374850473865357e-06	2.4044246288888036e-05
Immune::GSE7218_UNSTIM_VS_ANTIGEN_STIM_THROUGH_IGG_BCELL_DN	98	42	1.2860201510607083e-06	2.492806833098719e-05
GO_BP::GOBP_POSITIVE_REGULATION_OF_TRANSCRIPTION_BY_RNA_POLYMERASE_II	593	174	1.3591583974651926e-06	2.6283488631832803e-05
Immune::GSE16385_IFNG_TNF_VS_UNSTIM_MACROPHAGE_ROSIGLITAZONE_TREATED_DN	162	61	1.3665193382219453e-06	2.636350987418753e-05
Immune::GSE3039_NKT_CELL_VS_ALPHAALPHA_CD8_TCELL_DN	138	54	1.389082430497903e-06	2.6735751250524345e-05
GO_BP::GOBP_B_CELL_RECEPTOR_SIGNALING_PATHWAY	44	24	1.4281234296670021e-06	2.7422651771540086e-05
Immune::GSE7219_UNSTIM_VS_LPS_AND_ANTI_CD40_STIM_NIK_NFKB2_KO_DC_UP	118	48	1.449978343871469e-06	2.77771026999265e-05
GO_BP::GOBP_HEART_DEVELOPMENT	194	70	1.4643352528186003e-06	2.7941649076473266e-05
GO_BP::GOBP_RESPONSE_TO_OXYGEN_CONTAINING_COMPOUND	695	199	1.4653994442306884e-06	2.7941649076473266e-05
Immune::GSE22886_NAIVE_TCELL_VS_MONOCYTE_UP	180	66	1.5282291408606349e-06	2.907189388893022e-05
Immune::GSE17974_0H_VS_24H_IN_VITRO_ACT_CD4_TCELL_UP	115	47	1.5893960725626051e-06	3.016533613355478e-05
Immune::GSE14000_UNSTIM_VS_16H_LPS_DC_TRANSLATED_RNA_DN	102	43	1.646660575484637e-06	3.117982293394521e-05
GO_BP::GOBP_ANIMAL_ORGAN_MORPHOGENESIS	249	85	1.6534700072289114e-06	3.1236454178135094e-05
Reactome::REACTOME_SIGNALING_BY_GPCR	149	57	1.680448023809737e-06	3.1672960448764165e-05
GO_BP::GOBP_MYELOID_LEUKOCYTE_MIGRATION	83	37	1.7414794135410469e-06	3.274781977647302e-05
Immune::GSE29618_BCELL_VS_MONOCYTE_UP	122	49	1.7558601019144909e-06	3.294251292123976e-05
Immune::GSE19888_CTRL_VS_A3R_INHIBITOR_TREATED_MAST_CELL_DN	139	54	1.8068192866732687e-06	3.382101090386118e-05
Immune::MATSUMIYA_PBMC_MODIFIED_VACCINIA_ANKARA_VACCINE_AGE_18_55YO_2DY_UP	39	22	1.8409707703839855e-06	3.438160023228539e-05
Immune::GSE26890_CXCR1_NEG_VS_POS_EFFECTOR_CD8_TCELL_UP	146	56	1.8777241879525544e-06	3.4924564802546915e-05
Immune::HOWARD_NEUTROPHIL_INACT_MONOV_INFLUENZA_A_INDONESIA_05_2005_H5N1_AGE_18_49YO_1DY_UP	246	84	1.8785829478142593e-06	3.4924564802546915e-05
Immune::HOEK_NEUTROPHIL_2011_2012_TIV_ADULT_1DY_UP	17	13	1.88333735684066e-06	3.493355913595601e-05
GO_BP::GOBP_REGULATION_OF_LEUKOCYTE_MEDIATED_IMMUNITY	129	51	1.8969353899926605e-06	3.502693338632046e-05
Immune::GSE17974_CTRL_VS_ACT_IL4_AND_ANTI_IL12_24H_CD4_TCELL_UP	129	51	1.8969353899926605e-06	3.502693338632046e-05
GO_BP::GOBP_DEFENSE_RESPONSE_TO_SYMBIONT	206	73	1.9072988126225737e-06	3.513897361993841e-05
Immune::GSE7852_LN_VS_FAT_TCONV_DN	119	48	1.9336395217446615e-06	3.554420514128389e-05
GO_BP::GOBP_REGULATION_OF_CELL_KILLING	56	28	1.973849166410302e-06	3.620198695344455e-05
Immune::GSE29618_BCELL_VS_PDC_UP	136	53	2.0107179014316574e-06	3.6795687771165455e-05
Immune::GSE15330_HSC_VS_MEGAKARYOCYTE_ERYTHROID_PROGENITOR_UP	93	40	2.0535400536400285e-06	3.732972188028335e-05
Immune::GSE9988_LPS_VS_CTRL_TREATED_MONOCYTE_UP	93	40	2.0535400536400285e-06	3.732972188028335e-05
GO_BP::GOBP_REGULATION_OF_CHEMOTAXIS	68	32	2.053591056983803e-06	3.732972188028335e-05
Immune::GSE21670_TGFB_VS_IL6_TREATED_STAT3_KO_CD4_TCELL_DN	106	44	2.0694605556200997e-06	3.7534783470005354e-05
GO_BP::GOBP_RESPONSE_TO_LIPID	360	114	2.185017016685829e-06	3.954300707188071e-05
GO_BP::GOBP_ACTIN_FILAMENT_BASED_MOVEMENT	34	20	2.2258794388478765e-06	4.019358456904112e-05
Immune::KAECH_NAIVE_VS_DAY8_EFF_CD8_TCELL_UP	133	52	2.2356254984688185e-06	4.0280653254350076e-05
Immune::GSE37301_CD4_TCELL_VS_GRANULOCYTE_MONOCYTE_PROGENITOR_DN	103	43	2.249958468042035e-06	4.044980278809637e-05
Immune::GSE22601_IMMATURE_CD4_SINGLE_POSITIVE_VS_DOUBLE_POSITIVE_THYMOCYTE_DN	123	49	2.322054087926597e-06	4.156324384953953e-05
Immune::GSE29618_BCELL_VS_MONOCYTE_DAY7_FLU_VACCINE_UP	123	49	2.322054087926597e-06	4.156324384953953e-05
GO_BP::GOBP_AMIDE_METABOLIC_PROCESS	724	205	2.3514394044350194e-06	4.199732386087e-05
Immune::GSE5099_DAY3_VS_DAY7_MCSF_TREATED_MACROPHAGE_UP	147	56	2.4125406452369165e-06	4.299473306762086e-05
GO_BP::GOBP_OSTEOBLAST_DIFFERENTIATION	84	37	2.4788083060113224e-06	4.388885701985415e-05
GO_BP::GOBP_REGULATION_OF_VASCULATURE_DEVELOPMENT	84	37	2.4788083060113224e-06	4.388885701985415e-05
Immune::GSE360_L_DONOVANI_VS_B_MALAYI_HIGH_DOSE_DC_UP	84	37	2.4788083060113224e-06	4.388885701985415e-05
Immune::GSE14769_UNSTIM_VS_80MIN_LPS_BMDM_DN	110	45	2.557702069106748e-06	4.5090523545890516e-05
Immune::GSE29618_MONOCYTE_VS_MDC_DN	110	45	2.557702069106748e-06	4.5090523545890516e-05
Immune::GSE6269_HEALTHY_VS_STAPH_AUREUS_INF_PBMC_UP	137	53	2.6086608550507857e-06	4.5889990955517046e-05
Immune::GSE22886_NAIVE_CD4_TCELL_VS_12H_ACT_TH1_UP	144	55	2.698394020335e-06	4.736665898356288e-05
GO_BP::GOBP_MUSCLE_TISSUE_DEVELOPMENT	127	50	2.7556832238709163e-06	4.816557429757285e-05
Immune::GSE22886_DAY1_VS_DAY7_MONOCYTE_IN_CULTURE_UP	127	50	2.7556832238709163e-06	4.816557429757285e-05
GO_BP::GOBP_T_CELL_RECEPTOR_SIGNALING_PATHWAY	107	44	2.7974585420492944e-06	4.868768271056006e-05
Immune::GSE9960_HEALTHY_VS_GRAM_POS_SEPSIS_PBMC_DN	107	44	2.7974585420492944e-06	4.868768271056006e-05
Immune::GSE3039_ALPHABETA_CD8_TCELL_VS_B2_BCELL_UP	117	47	2.8278595099555947e-06	4.9112294673963405e-05
Immune::GSE13547_CTRL_VS_ANTI_IGM_STIM_ZFX_KO_BCELL_12H_DN	75	34	2.8637922095203027e-06	4.9595384780005766e-05
GO_BP::GOBP_REGULATION_OF_LEUKOCYTE_MEDIATED_CYTOTOXICITY	51	26	2.8678015893573014e-06	4.9595384780005766e-05
GO_BP::GOBP_NEGATIVE_REGULATION_OF_CELL_ADHESION	104	43	3.05338079032055e-06	5.257410152415497e-05
GO_BP::GOBP_NEURON_DEVELOPMENT	343	109	3.053954333235738e-06	5.257410152415497e-05
Immune::GSE19941_LPS_VS_LPS_AND_IL10_STIM_IL10_KO_NFKBP50_KO_MACROPHAGE_DN	91	39	3.059324245170876e-06	5.257410152415497e-05
GO_BP::GOBP_REGULATION_OF_PROGRAMMED_CELL_DEATH	739	208	3.0949757978940367e-06	5.30752663035078e-05
GO_BP::GOBP_REGULATION_OF_ENDOTHELIAL_CELL_MIGRATION	66	31	3.112459230724652e-06	5.326342365549718e-05
GO_BP::GOBP_NEGATIVE_REGULATION_OF_EPITHELIAL_CELL_PROLIFERATION	40	22	3.2685207224987666e-06	5.581732674329835e-05
Immune::GSE21360_SECONDARY_VS_QUATERNARY_MEMORY_CD8_TCELL_UP	88	38	3.276852643710281e-06	5.5843030469896036e-05
Immune::GSE11057_NAIVE_VS_EFF_MEMORY_CD4_TCELL_UP	101	42	3.325263379381305e-06	5.6550217137919074e-05
GO_BP::GOBP_BEHAVIOR	180	65	3.3531841997605927e-06	5.690673600423579e-05
GO_BP::GOBP_CELL_JUNCTION_ORGANIZATION	198	70	3.407172791727855e-06	5.7662107586327594e-05
Immune::GSE3920_IFNA_VS_IFNG_TREATED_ENDOTHELIAL_CELL_UP	111	45	3.423511165898663e-06	5.7662107586327594e-05
Immune::GSE45365_NK_CELL_VS_CD11B_DC_DN	111	45	3.423511165898663e-06	5.7662107586327594e-05
GO_BP::GOBP_TISSUE_MORPHOGENESIS	173	63	3.432939657034418e-06	5.7662107586327594e-05
Immune::GSE22886_CD8_TCELL_VS_BCELL_NAIVE_UP	173	63	3.432939657034418e-06	5.7662107586327594e-05
GO_BP::GOBP_CELLULAR_COMPONENT_MORPHOGENESIS	220	76	3.552683028546217e-06	5.9551121257188636e-05
Immune::GSE25123_CTRL_VS_IL4_STIM_PPARG_KO_MACROPHAGE_DN	82	36	3.7140058564977767e-06	6.212795072832682e-05
Immune::GSE21546_ELK1_KO_VS_SAP1A_KO_AND_ELK1_KO_DP_THYMOCYTES_UP	135	52	3.7606181080342613e-06	6.2779298211674e-05
GO_BP::GOBP_DEFENSE_RESPONSE_TO_BACTERIUM	95	40	3.914254253736618e-06	6.521099754697666e-05
Immune::GSE37301_MULTIPOTENT_PROGENITOR_VS_CD4_TCELL_UP	105	43	4.116238787668044e-06	6.843665301448089e-05
Immune::GSE3982_MAST_CELL_VS_BASOPHIL_DN	132	51	4.194427908452837e-06	6.95951730043493e-05
Immune::GSE13547_WT_VS_ZFX_KO_BCELL_UP	92	39	4.228862641623572e-06	6.9883023047436e-05
Immune::GSE21360_PRIMARY_VS_QUATERNARY_MEMORY_CD8_TCELL_UP	92	39	4.228862641623572e-06	6.9883023047436e-05
Immune::GSE21670_UNTREATED_VS_TGFB_IL6_TREATED_STAT3_KO_CD4_TCELL_DN	174	63	4.2793674045231055e-06	7.057505114717541e-05
GO_BP::GOBP_NEGATIVE_REGULATION_OF_DEVELOPMENTAL_PROCESS	307	99	4.308530482947855e-06	7.091303692256229e-05
Immune::GSE24634_IL4_VS_CTRL_TREATED_NAIVE_CD4_TCELL_DAY5_DN	146	55	4.413174689992293e-06	7.24894959119216e-05
Immune::GSE43863_TH1_VS_LY6C_INT_CXCR5POS_EFFECTOR_CD4_TCELL_DN	122	48	4.436883857086183e-06	7.27328856732765e-05
GO_BP::GOBP_BLOOD_VESSEL_ENDOTHELIAL_CELL_MIGRATION	52	26	4.577276780851028e-06	7.488424813472282e-05
Immune::GOLDRATH_NAIVE_VS_MEMORY_CD8_TCELL_DN	129	50	4.674488204739079e-06	7.632198306340453e-05
GO_BP::GOBP_POSITIVE_REGULATION_OF_MYELOID_CELL_DIFFERENTIATION	55	27	4.709868746333747e-06	7.659388935389672e-05
Immune::GSE13229_MATURE_VS_INTMATURE_NKCELL_UP	55	27	4.709868746333747e-06	7.659388935389672e-05
Reactome::REACTOME_INTERFERON_ALPHA_BETA_SIGNALING	58	28	4.7720999850965015e-06	7.745194023430433e-05
GO_BP::GOBP_NEGATIVE_REGULATION_OF_IMMUNE_SYSTEM_PROCESS	240	81	4.789214159386057e-06	7.757578578965931e-05
Immune::GSE18893_TCONV_VS_TREG_2H_TNF_STIM_DN	136	52	4.843889664502539e-06	7.830635860796595e-05
Reactome::REACTOME_SARS_COV_INFECTIONS	304	98	4.89622808369743e-06	7.899634265215973e-05
Immune::GSE2935_UV_INACTIVATED_VS_LIVE_SENDAI_VIRUS_INF_MACROPHAGE_DN	119	47	4.9191156646051145e-06	7.920938215840519e-05
GO_BP::GOBP_SPROUTING_ANGIOGENESIS	38	21	4.94304751998081e-06	7.94383668240531e-05
GO_BP::GOBP_CELLULAR_DEFENSE_RESPONSE	25	16	5.060984447093442e-06	8.117422113181245e-05
GO_BP::GOBP_SUPRAMOLECULAR_FIBER_ORGANIZATION	335	106	5.2048926517429585e-06	8.331902522750958e-05
Immune::GSE9988_ANTI_TREM1_VS_ANTI_TREM1_AND_LPS_MONOCYTE_DN	83	36	5.224877174507185e-06	8.347557673333745e-05
GO_BP::GOBP_APOPTOTIC_PROCESS	966	261	5.389003639576164e-06	8.592992158232559e-05
Immune::GSE13411_NAIVE_BCELL_VS_PLASMA_CELL_UP	133	51	5.412707456125833e-06	8.613997469087415e-05
Immune::PATEL_SKIN_OF_BODY_ZOSTAVAX_AGE_70_93YO_VZV_CHALLENGED_POST_VACCINATION_VS_UNCHALLENGED_72HR_TOP_30_DEG_UP	18	13	5.447271719773681e-06	8.652171391795865e-05
GO_BP::GOBP_MYELOID_CELL_HOMEOSTASIS	106	43	5.513246152399178e-06	8.73999099353203e-05
Immune::GSE6269_FLU_VS_E_COLI_INF_PBMC_UP	140	53	5.545598734972814e-06	8.77427420736511e-05
GO_BP::GOBP_NEGATIVE_REGULATION_OF_LOCOMOTION	123	48	5.790374909348316e-06	9.13457600171772e-05
GO_BP::GOBP_POSITIVE_REGULATION_OF_RESPONSE_TO_BIOTIC_STIMULUS	197	69	5.79565396686002e-06	9.13457600171772e-05
GO_BP::GOBP_NEGATIVE_REGULATION_OF_CELL_POPULATION_PROLIFERATION	309	99	5.903814160056552e-06	9.287153813319729e-05
GO_BP::GOBP_CELLULAR_RESPONSE_TO_OXYGEN_CONTAINING_COMPOUND	497	147	5.922656525986875e-06	9.298911781683809e-05
GO_BP::GOBP_NEGATIVE_REGULATION_OF_IMMUNE_RESPONSE	113	45	6.02452426961275e-06	9.440729602573236e-05
Immune::GSE23502_BM_VS_COLON_TUMOR_MYELOID_DERIVED_SUPPRESSOR_CELL_UP	103	42	6.049690730810798e-06	9.462040187004268e-05
GO_BP::GOBP_REGULATION_OF_ALPHA_BETA_T_CELL_DIFFERENTIATION	44	23	6.210068791022104e-06	9.677833972251005e-05
Immune::GSE10239_NAIVE_VS_KLRG1INT_EFF_CD8_TCELL_UP	137	52	6.21132375969655e-06	9.677833972251005e-05
GO_BP::GOBP_HOMEOSTATIC_PROCESS	680	192	6.229908271121381e-06	9.688336436838955e-05
GO_BP::GOBP_MUSCLE_CELL_DIFFERENTIATION	120	47	6.435248682931609e-06	9.950913842415986e-05
GO_BP::GOBP_RESPONSE_TO_TUMOR_NECROSIS_FACTOR	120	47	6.435248682931609e-06	9.950913842415986e-05
Immune::GSE19888_ADENOSINE_A3R_INH_VS_TCELL_MEMBRANES_ACT_MAST_CELL_UP	120	47	6.435248682931609e-06	9.950913842415986e-05
Immune::GSE40685_TREG_VS_FOXP3_KO_TREG_PRECURSOR_UP	127	49	6.743666948052701e-06	0.0001037691050916662
Immune::GSE13547_2H_VS_12_H_ANTI_IGM_STIM_BCELL_UP	68	31	6.766362902746936e-06	0.0001037691050916662
Immune::GSE360_T_GONDII_VS_B_MALAYI_HIGH_DOSE_DC_UP	87	37	6.774168963196792e-06	0.0001037691050916662
Immune::GSE3982_EFF_MEMORY_CD4_TCELL_VS_NKCELL_UP	87	37	6.774168963196792e-06	0.0001037691050916662
Immune::GSE9988_LPS_VS_VEHICLE_TREATED_MONOCYTE_UP	87	37	6.774168963196792e-06	0.0001037691050916662
GO_BP::GOBP_PHOSPHORYLATION	685	193	6.824562974618156e-06	0.00010434565445304021
Immune::GSE25146_UNSTIM_VS_HELIOBACTER_PYLORI_LPS_STIM_AGS_CELL_DN	134	51	6.952788098208724e-06	0.0001061078482152003
GO_BP::GOBP_POSITIVE_REGULATION_OF_LIPID_METABOLIC_PROCESS	50	25	6.974561108854598e-06	0.00010624191782203094
Immune::GSE17186_MEMORY_VS_CD21HIGH_TRANSITIONAL_BCELL_DN	155	57	7.058263042659123e-06	0.0001073170849237019
Immune::FLETCHER_PBMC_BCG_10W_INFANT_BCG_STIMULATED_VS_UNSTIMULATED_10W_UP	62	29	7.150451434475412e-06	0.00010851705516513704
Immune::GSE37605_FOXP3_FUSION_GFP_VS_IRES_GFP_TREG_NOD_DN	84	36	7.284428825879081e-06	0.00011034560702905719
Immune::GSE14415_INDUCED_TREG_VS_TCONV_DN	107	43	7.337915953103015e-06	0.00011095037430015279
GO_BP::GOBP_REGULATION_OF_SMALL_GTPASE_MEDIATED_SIGNAL_TRANSDUCTION	124	48	7.518227309944001e-06	0.00011325800993617298
Immune::GSE14415_INDUCED_TREG_VS_FAILED_INDUCED_TREG_DN	124	48	7.518227309944001e-06	0.00011325800993617298
Immune::GSE1460_DP_THYMOCYTE_VS_NAIVE_CD4_TCELL_ADULT_BLOOD_DN	131	50	7.777805183656603e-06	0.00011695302647483643
Immune::GSE15271_CXCR4_POS_VS_NEG_GC_BCELL_DN	114	45	7.92273222830105e-06	0.00011869587843864945
Immune::GSE16450_IMMATURE_VS_MATURE_NEURON_CELL_LINE_12H_IFNA_STIM_UP	114	45	7.92273222830105e-06	0.00011869587843864945
GO_BP::GOBP_NATURAL_KILLER_CELL_DIFFERENTIATION	14	11	7.986981671931421e-06	0.00011943968935356312
GO_BP::GOBP_CELL_PART_MORPHOGENESIS	195	68	8.021673713741712e-06	0.00011973958207738541
Immune::GSE13522_CTRL_VS_T_CRUZI_Y_STRAIN_INF_SKIN_IFNAR_KO_UP	104	42	8.079449077594511e-06	0.00011994536017191126
Immune::GSE32986_CURDLAN_LOWDOSE_VS_CURDLAN_HIGHDOSE_STIM_DC_DN	104	42	8.079449077594511e-06	0.00011994536017191126
Immune::GSE7348_UNSTIM_VS_TOLERIZED_AND_LPS_STIM_MACROPHAGE_DN	104	42	8.079449077594511e-06	0.00011994536017191126
GO_BP::GOBP_RESPONSE_TO_ORGANIC_CYCLIC_COMPOUND	342	107	8.277276793300332e-06	0.000122659645234052
GO_BP::GOBP_RHYTHMIC_PROCESS	121	47	8.374439367808097e-06	0.00012365146936583075
Immune::GSE17301_ACD3_ACD28_VS_ACD3_ACD28_AND_IFNA5_STIM_CD8_TCELL_DN	121	47	8.374439367808097e-06	0.00012365146936583075
Immune::KAZMIN_PBMC_P_FALCIPARUM_RTSS_AS01_AGE_UNKNOWN_CORRELATED_WITH_PROTECTION_56DY_NEGATIVE	39	21	8.562137061177106e-06	0.00012619510118996166
Immune::GSE17974_CTRL_VS_ACT_IL4_AND_ANTI_IL12_4H_CD4_TCELL_UP	128	49	8.69482809343726e-06	0.00012792031259769207
Immune::GSE7219_WT_VS_NIK_NFKB2_KO_DC_DN	111	44	8.775162715204903e-06	0.00012887043269367343
Immune::GSE18791_CTRL_VS_NEWCASTLE_VIRUS_DC_14H_DN	75	33	8.836873973981466e-06	0.00012917849180711668
Immune::GSE29617_CTRL_VS_TIV_FLU_VACCINE_PBMC_2008_UP	101	41	8.880498152009131e-06	0.00012917849180711668
Immune::GSE34392_ST2_KO_VS_WT_DAY8_LCMV_EFFECTOR_CD8_TCELL_DN	101	41	8.880498152009131e-06	0.00012917849180711668
Immune::GSE40273_XBP1_KO_VS_WT_TREG_DN	101	41	8.880498152009131e-06	0.00012917849180711668
Immune::GSE12003_MIR223_KO_VS_WT_BM_PROGENITOR_4D_CULTURE_UP	135	51	8.890891306528935e-06	0.00012917849180711668
Immune::KAECH_NAIVE_VS_DAY15_EFF_CD8_TCELL_DN	135	51	8.890891306528935e-06	0.00012917849180711668
Immune::GSE30962_ACUTE_VS_CHRONIC_LCMV_PRIMARY_INF_CD8_TCELL_UP	142	53	8.973091398084808e-06	0.00012991130555103315
Immune::GSE33424_CD161_INT_VS_NEG_CD8_TCELL_UP	142	53	8.973091398084808e-06	0.00012991130555103315
Immune::HARALAMBIEVA_PBMC_M_M_R_II_AGE_11_22YO_VACCINATED_VS_UNVACCINATED_7YR_DN	192	67	9.096596779157996e-06	0.00013146671670231873
Immune::GSE14415_ACT_TCONV_VS_ACT_NATURAL_TREG_UP	88	37	9.311437665569348e-06	0.00013386214429588272
Immune::GSE36888_UNTREATED_VS_IL2_TREATED_TCELL_6H_UP	88	37	9.311437665569348e-06	0.00013386214429588272
Immune::GSE9988_LOW_LPS_VS_VEHICLE_TREATED_MONOCYTE_UP	88	37	9.311437665569348e-06	0.00013386214429588272
Immune::GSE14415_INDUCED_TREG_VS_FOXP3_KO_INDUCED_TREG_IL2_CULTURE_UP	108	43	9.706557781896597e-06	0.000138810564083766
Immune::GSE3982_DC_VS_EFF_MEMORY_CD4_TCELL_DN	108	43	9.706557781896597e-06	0.000138810564083766
Immune::GSE42021_CD24INT_VS_CD24LOW_TCONV_THYMUS_DN	108	43	9.706557781896597e-06	0.000138810564083766
GO_BP::GOBP_REGULATION_OF_INNATE_IMMUNE_RESPONSE	244	81	9.724999532142022e-06	0.00013883158145361557
Immune::GSE29618_PDC_VS_MDC_DN	132	50	9.962791327073525e-06	0.00014197845480045548
Immune::GSE22886_NAIVE_CD8_TCELL_VS_NKCELL_UP	146	54	1.0079822310953479e-05	0.00014339642870191208
GO_BP::GOBP_ACTIN_FILAMENT_BASED_PROCESS	301	96	1.009939111308306e-05	0.00014342538073788095
Immune::GSE21927_SPLEEN_C57BL6_VS_4T1_TUMOR_BALBC_MONOCYTES_DN	171	61	1.0414374965497365e-05	0.0001476422655420597
Immune::GSE17974_CTRL_VS_ACT_IL4_AND_ANTI_IL12_48H_CD4_TCELL_UP	105	42	1.0721589270878827e-05	0.0001517346024840637
GO_BP::GOBP_REGULATION_OF_MYELOID_LEUKOCYTE_DIFFERENTIATION	60	28	1.0838907026688456e-05	0.00015286596461777858
Immune::GSE18791_CTRL_VS_NEWCASTLE_VIRUS_DC_2H_DN	60	28	1.0838907026688456e-05	0.00015286596461777858
GO_BP::GOBP_PLATELET_ACTIVATION	51	25	1.092336833914046e-05	0.0001537920017455576
Immune::FULLER_PBMC_F_TULARENSIS_VACCINE_LVS_AGE_22_54YO_18HR_TO_48HR_EARLY_DN	34	19	1.1294142586572233e-05	0.00015873897999683996
Immune::GSE21380_NON_TFH_VS_TFH_CD4_TCELL_DN	119	46	1.209226791074969e-05	0.00016937457450330902
Immune::GSE40685_TREG_VS_FOXP3_KO_TREG_PRECURSOR_DN	119	46	1.209226791074969e-05	0.00016937457450330902
Immune::GSE40274_CTRL_VS_EOS_TRANSDUCED_ACTIVATED_CD4_TCELL_DN	76	33	1.2449806688922024e-05	0.0001740844764365507
Immune::GSE40274_CTRL_VS_XBP1_TRANSDUCED_ACTIVATED_CD4_TCELL_UP	89	37	1.2696370171919879e-05	0.00017703088702655714
Immune::GSE369_PRE_VS_POST_IL6_INJECTION_SOCS3_KO_LIVER_UP	133	50	1.2703805707162473e-05	0.00017703088702655714
Immune::GSE3982_CTRL_VS_LPS_48H_DC_DN	109	43	1.2762948630602913e-05	0.00017755258469104052
GO_BP::GOBP_NEGATIVE_REGULATION_OF_MOLECULAR_FUNCTION	349	108	1.2912517938146015e-05	0.00017932834759598374
Immune::GSE2770_IL12_AND_TGFB_ACT_VS_ACT_CD4_TCELL_6H_UP	99	40	1.30192774453126e-05	0.00018019913621430974
Immune::GSE5503_MLN_DC_VS_PLN_DC_ACTIVATED_ALLOGENIC_TCELL_DN	99	40	1.30192774453126e-05	0.00018019913621430974
Immune::GSE37301_MULTIPOTENT_PROGENITOR_VS_LYMPHOID_PRIMED_MPP_DN	86	36	1.3797382703371694e-05	0.00019064626775942646
Immune::GSE10325_BCELL_VS_MYELOID_UP	123	47	1.3965989477203546e-05	0.00019200301499752102
Immune::GSE40068_CXCR5POS_BCL6POS_TFH_VS_CXCR5NEG_BCL6NEG_CD4_TCELL_UP	123	47	1.3965989477203546e-05	0.00019200301499752102
Immune::GSE5542_UNTREATED_VS_IFNG_TREATED_EPITHELIAL_CELLS_24H_UP	123	47	1.3965989477203546e-05	0.00019200301499752102
Immune::GSE1460_NAIVE_CD4_TCELL_ADULT_BLOOD_VS_THYMIC_STROMAL_CELL_UP	130	49	1.4250530867164183e-05	0.00019493201085853346
Immune::GSE29618_BCELL_VS_PDC_DAY7_FLU_VACCINE_UP	130	49	1.4250530867164183e-05	0.00019493201085853346
Immune::GSE30962_ACUTE_VS_CHRONIC_LCMV_SECONDARY_INF_CD8_TCELL_UP	130	49	1.4250530867164183e-05	0.00019493201085853346
Immune::GSE10239_NAIVE_VS_KLRG1HIGH_EFF_CD8_TCELL_UP	137	51	1.4348117816564095e-05	0.00019561267289915714
Immune::GSE37534_UNTREATED_VS_PIOGLITAZONE_TREATED_CD4_TCELL_PPARG1_AND_FOXP3_TRASDUCED_DN	137	51	1.4348117816564095e-05	0.00019561267289915714
Immune::GSE11961_GERMINAL_CENTER_BCELL_DAY7_VS_GERMINAL_CENTER_BCELL_DAY40_DN	93	38	1.569449504731016e-05	0.00021361226204159254
Immune::GSE39556_CD8A_DC_VS_NK_CELL_MOUSE_3H_POST_POLYIC_INJ_DN	127	48	1.5976776294744057e-05	0.00021686874863908518
GO_BP::GOBP_REGULATION_OF_MONONUCLEAR_CELL_MIGRATION	61	28	1.598677939234332e-05	0.00021686874863908518
GO_BP::GOBP_LEUKOCYTE_MEDIATED_CYTOTOXICITY	80	34	1.6143059075752483e-05	0.00021826483180108317
Immune::GSE18893_TCONV_VS_TREG_24H_CULTURE_DN	80	34	1.6143059075752483e-05	0.00021826483180108317
GO_BP::GOBP_B_CELL_PROLIFERATION	46	23	1.621728475164185e-05	0.00021890658295120515
GO_BP::GOBP_ENDOTHELIAL_CELL_PROLIFERATION	49	24	1.6646115926621892e-05	0.00022432492303091773
GO_BP::GOBP_NATURAL_KILLER_CELL_ACTIVATION	52	25	1.6799379041260303e-05	0.00022601796144327185
Immune::NAKAYA_PBMC_FLUARIX_FLUVIRIN_AGE_18_50YO_3DY_DN	351	108	1.7045462497358435e-05	0.00022877637736680025
GO_BP::GOBP_POSITIVE_REGULATION_OF_MYELOID_LEUKOCYTE_DIFFERENTIATION	32	18	1.7060341099480214e-05	0.00022877637736680025
Immune::GSE35825_UNTREATED_VS_IFNA_STIM_MACROPHAGE_DN	90	37	1.7177147623831804e-05	0.0002299657406922163
Immune::GSE10325_CD4_TCELL_VS_LUPUS_CD4_TCELL_UP	117	45	1.7431404658304155e-05	0.00023298838252439215
Immune::GSE27291_0H_VS_7D_STIM_GAMMADELTA_TCELL_DN	124	47	1.790163651436199e-05	0.0002388831756728892
Immune::ERWIN_COHEN_PBMC_TC_83_AGE_18_45YO_NAIVE_NOT_PREVIOUSLY_IMMUNIZED_24HR_DEG_CANONICAL_PATHWAY_MEMBERS_UP	17	12	1.8619539000129346e-05	0.00024805835345449197
Immune::GSE26488_WT_VS_VP16_TRANSGENIC_HDAC7_KO_DOUBLE_POSITIVE_THYMOCYTE_DN	87	36	1.8754945343495173e-05	0.00024945602099152927
GO_BP::GOBP_RESPONSE_TO_PEPTIDE	218	73	1.9038193251967563e-05	0.00025270955088852056
GO_BP::GOBP_COGNITION	97	39	1.9061343875087675e-05	0.00025270955088852056
Immune::GSE2770_TGFB_AND_IL4_ACT_VS_ACT_CD4_TCELL_2H_DN	156	56	1.9277626102680628e-05	0.0002551634005176821
Immune::GSE22886_NAIVE_CD4_TCELL_VS_NKCELL_UP	114	44	1.9450759448377082e-05	0.0002570391151659524
GO_BP::GOBP_CELL_CELL_SIGNALING	475	139	1.9570262077896776e-05	0.00025820119967289617
Immune::GSE22886_TCELL_VS_BCELL_NAIVE_UP	185	64	1.9660474715632453e-05	0.00025897372491767067
GO_BP::GOBP_MYOTUBE_DIFFERENTIATION	35	19	1.9774213633894196e-05	0.0002600531632238819
Immune::GSE2770_TGFB_AND_IL4_VS_IL12_TREATED_ACT_CD4_TCELL_6H_UP	149	54	1.9814089535959024e-05	0.0002601593136503127
Immune::ZAK_PBMC_MRKAD5_HIV_1_GAG_POL_NEF_AGE_20_50YO_1DY_UP	548	157	2.0049592718540245e-05	0.0002628295968552231
Immune::GSE10239_NAIVE_VS_DAY4.5_EFF_CD8_TCELL_UP	142	52	2.01943068719646e-05	0.00026430308834027267
Immune::GSE22886_NAIVE_TCELL_VS_NKCELL_DN	135	50	2.0383582926083886e-05	0.00026635416666991404
Immune::GSE25123_WT_VS_PPARG_KO_MACROPHAGE_UP	94	38	2.0987379423879096e-05	0.0002738066406496507
Immune::GSE29618_BCELL_VS_MDC_DAY7_FLU_VACCINE_DN	111	43	2.168477438296107e-05	0.0002824545453067222
Immune::GSE28726_ACT_CD4_TCELL_VS_ACT_NKTCELL_DN	171	60	2.188804355022904e-05	0.00028464896063731885
GO_BP::GOBP_POSITIVE_REGULATION_OF_EPITHELIAL_CELL_MIGRATION	65	29	2.220754099192228e-05	0.0002883455322443242
GO_BP::GOBP_CIRCULATORY_SYSTEM_PROCESS	139	51	2.2764373234061036e-05	0.00029451812914876434
GO_BP::GOBP_RESPONSE_TO_STEROID_HORMONE	139	51	2.2764373234061036e-05	0.00029451812914876434
GO_BP::GOBP_MUSCLE_ORGAN_DEVELOPMENT	101	40	2.2790950580827364e-05	0.00029451812914876434
GO_BP::GOBP_PHOSPHATIDYLINOSITOL_3_KINASE_PROTEIN_KINASE_B_SIGNAL_TRANSDUCTION	91	37	2.3063907812777045e-05	0.0002971067179661673
GO_BP::GOBP_REGULATION_OF_CELL_MORPHOGENESIS	91	37	2.3063907812777045e-05	0.0002971067179661673
Immune::ERWIN_COHEN_PBMC_TC_83_AGE_18_45YO_RESPONDERS_PREVIOUSLY_IMMUNIZED_24HR_DEG_CANONICAL_PATHWAY_MEMBERS_UP	15	11	2.413428937273846e-05	0.0003096635386662565
GO_BP::GOBP_T_CELL_PROLIFERATION	108	42	2.4152241768835168e-05	0.0003096635386662565
Immune::GSE13484_3H_UNSTIM_VS_YF17D_VACCINE_STIM_PBMC_DN	108	42	2.4152241768835168e-05	0.0003096635386662565
GO_BP::GOBP_RESPONSE_TO_ALCOHOL	98	39	2.5221208248734346e-05	0.0003213543356302912
Immune::GSE21360_TERTIARY_VS_QUATERNARY_MEMORY_CD8_TCELL_DN	98	39	2.5221208248734346e-05	0.0003213543356302912
Immune::GSE4984_UNTREATED_VS_GALECTIN1_TREATED_DC_DN	98	39	2.5221208248734346e-05	0.0003213543356302912
Immune::GSE9988_ANTI_TREM1_VS_LOW_LPS_MONOCYTE_DN	98	39	2.5221208248734346e-05	0.0003213543356302912
GO_BP::GOBP_POSITIVE_REGULATION_OF_PEPTIDYL_TYROSINE_PHOSPHORYLATION	53	25	2.5395908340342155e-05	0.0003230770298973543
Immune::GSE22886_NEUTROPHIL_VS_DC_UP	50	24	2.55737049891763e-05	0.00032433008807978626
Immune::GSE40666_STAT1_KO_VS_STAT4_KO_CD8_TCELL_WITH_IFNA_STIM_90MIN_DN	50	24	2.55737049891763e-05	0.00032433008807978626
Immune::GSE24634_IL4_VS_CTRL_TREATED_NAIVE_CD4_TCELL_DAY3_DN	136	50	2.5653635620467114e-05	0.00032484015383192106
Immune::HOWARD_T_CELL_INACT_MONOV_INFLUENZA_A_INDONESIA_05_2005_H5N1_AGE_18_49YO_1DY_UP	30	17	2.5754177273169828e-05	0.0003256092273485768
GO_BP::GOBP_REGULATION_OF_MYELOID_CELL_DIFFERENTIATION	105	41	2.687266683219796e-05	0.000338182176442122
Immune::GSE3982_DC_VS_BCELL_DN	105	41	2.687266683219796e-05	0.000338182176442122
Immune::GSE42724_MEMORY_VS_B1_BCELL_DN	105	41	2.687266683219796e-05	0.000338182176442122
Immune::GSE39916_B_CELL_SPLEEN_VS_PLASMA_CELL_BONE_MARROW_UP	85	35	2.7672947397425774e-05	0.0003477184480966864
Immune::GSE32986_UNSTIM_VS_CURDLAN_HIGHDOSE_STIM_DC_DN	147	53	2.7837602865406554e-05	0.0003487160665222444
Immune::GSE34006_A2AR_KO_VS_A2AR_AGONIST_TREATED_TREG_UP	147	53	2.7837602865406554e-05	0.0003487160665222444
Immune::GSE46606_IRF4_KO_VS_WT_UNSTIM_BCELL_UP	112	43	2.8028102189447815e-05	0.0003505655594949283
Immune::GSE41176_WT_VS_TAK1_KO_ANTI_IGM_STIM_BCELL_24H_DN	126	47	2.8992682168531264e-05	0.0003620765498299019
Immune::HOWARD_NK_CELL_INACT_MONOV_INFLUENZA_A_INDONESIA_05_2005_H5N1_AGE_18_49YO_1DY_UP	13	10	2.9634384191158695e-05	0.00036952631506658254
Immune::GSE8835_CD4_VS_CD8_TCELL_CLL_PATIENT_UP	102	40	2.986603120432827e-05	0.00037184799886058633
GO_BP::GOBP_FAT_CELL_DIFFERENTIATION	92	37	3.074130942597832e-05	0.0003821639986390618
Reactome::REACTOME_INTERLEUKIN_2_FAMILY_SIGNALING	25	15	3.084751400556779e-05	0.00038290237415105385
GO_BP::GOBP_HEART_VALVE_DEVELOPMENT	20	13	3.184417396766659e-05	0.0003940776748192325
Immune::GSE19825_NAIVE_VS_IL2RALOW_DAY3_EFF_CD8_TCELL_UP	20	13	3.184417396766659e-05	0.0003940776748192325
Immune::GSE24634_NAIVE_CD4_TCELL_VS_DAY5_IL4_CONV_TREG_UP	137	50	3.2151059645698676e-05	0.0003958198000483224
Immune::GSE28408_LY6G_POS_VS_NEG_DC_UP	137	50	3.2151059645698676e-05	0.0003958198000483224
Immune::GSE37533_PPARG1_FOXP3_VS_FOXP3_TRANSDUCED_CD4_TCELL_PIOGLITAZONE_TREATED_UP	137	50	3.2151059645698676e-05	0.0003958198000483224
GO_BP::GOBP_RESPONSE_TO_SALT	116	44	3.2178504527155794e-05	0.0003958198000483224
Immune::GSE5679_RARA_AGONIST_AM580_VS_AM580_AND_ROSIGLITAZONE_TREATED_DC_DN	123	46	3.257676755578846e-05	0.00040011705496448887
GO_BP::GOBP_NEGATIVE_REGULATION_OF_CELL_CELL_ADHESION	79	33	3.286407709051493e-05	0.0004030407055478443
Immune::GSE24081_CONTROLLER_VS_PROGRESSOR_HIV_SPECIFIC_CD8_TCELL_UP	99	39	3.3152463270958444e-05	0.00040596878676113783
GO_BP::GOBP_EPITHELIUM_DEVELOPMENT	356	108	3.338482773688898e-05	0.0004080229122009788
Reactome::REACTOME_INTERFERON_GAMMA_SIGNALING	63	28	3.3419969581253765e-05	0.0004080229122009788
Immune::GSE7764_NKCELL_VS_SPLENOCYTE_UP	106	41	3.4904316031928684e-05	0.00042551014179012915
Immune::GSE17186_NAIVE_VS_CD21LOW_TRANSITIONAL_BCELL_CORD_BLOOD_UP	141	51	3.553070401481577e-05	0.000432501724466061
GO_BP::GOBP_CELL_SUBSTRATE_ADHESION	113	43	3.603025276803333e-05	0.0004372811092618882
Immune::GSE360_HIGH_DOSE_B_MALAYI_VS_M_TUBERCULOSIS_DC_DN	113	43	3.603025276803333e-05	0.0004372811092618882
GO_BP::GOBP_POSITIVE_REGULATION_OF_CELL_KILLING	39	20	3.609239325174321e-05	0.00043738633599890286
Immune::GSE21063_CTRL_VS_ANTI_IGM_STIM_BCELL_NFATC1_KO_8H_UP	134	49	3.626359745820389e-05	0.00043881098699424234
GO_BP::GOBP_SKELETAL_MUSCLE_ORGAN_DEVELOPMENT	57	26	3.657571594421513e-05	0.00044140107480344367
Immune::GSE43863_NAIVE_VS_MEMORY_TFH_CD4_TCELL_D150_LCMV_UP	120	45	3.658600560672876e-05	0.00044140107480344367
Immune::GSE7509_DC_VS_MONOCYTE_WITH_FCGRIIB_STIM_DN	127	47	3.6639526869381205e-05	0.00044140107480344367
Immune::GSE36891_UNSTIM_VS_POLYIC_TLR3_STIM_PERITONEAL_MACROPHAGE_UP	42	21	3.779938868781807e-05	0.0004543451539450733
Reactome::REACTOME_SARS_COV_2_INFECTION	207	69	3.7825067217187645e-05	0.0004543451539450733
GO_BP::GOBP_REGULATION_OF_CD4_POSITIVE_ALPHA_BETA_T_CELL_ACTIVATION	45	22	3.871805808309673e-05	0.00046438961161250907
GO_BP::GOBP_INTERLEUKIN_12_PRODUCTION	28	16	3.884612570401053e-05	0.00046509602244756894
Immune::GSE36826_WT_VS_IL1R_KO_SKIN_UP	103	40	3.889624079314838e-05	0.00046509602244756894
GO_BP::GOBP_OSTEOCLAST_DIFFERENTIATION	48	23	3.894752755214972e-05	0.00046509602244756894
Immune::GSE12845_IGD_POS_BLOOD_VS_NAIVE_TONSIL_BCELL_DN	145	52	3.902584057368872e-05	0.0004653518599020025
Immune::GSE5679_CTRL_VS_PPARG_LIGAND_ROSIGLITAZONE_AND_RARA_AGONIST_AM580_TREATED_DC_UP	110	42	4.0314414699921844e-05	0.0004800173395128977
Immune::GSE15330_LYMPHOID_MULTIPOTENT_VS_MEGAKARYOCYTE_ERYTHROID_PROGENITOR_IKAROS_KO_UP	83	34	4.078202966335941e-05	0.00048487936431145347
Immune::GSE7509_UNSTIM_VS_FCGRIIB_STIM_DC_DN	124	46	4.123133201611681e-05	0.0004895098634134042
Immune::GSE19941_LPS_VS_LPS_AND_IL10_STIM_IL10_KO_MACROPHAGE_DN	70	30	4.149081854570245e-05	0.0004918766604403565
GO_BP::GOBP_GROWTH	342	104	4.1907720480231984e-05	0.0004961000774649748
GO_BP::GOBP_POSITIVE_REGULATION_OF_MAPK_CASCADE	149	53	4.262288835556992e-05	0.0005038370328736444
Immune::NAKAYA_PBMC_FLUARIX_FLUVIRIN_AGE_18_50YO_CORRELATED_WITH_HAI_28DY_RESPONSE_AT_3DY_NEGATIVE	307	95	4.295425184300842e-05	0.0005070213276707198
GO_BP::GOBP_RESPONSE_TO_HORMONE	358	108	4.330960398269853e-05	0.0005104791939171096
GO_BP::GOBP_POST_TRANSCRIPTIONAL_REGULATION_OF_GENE_EXPRESSION	362	109	4.360023624757933e-05	0.0005131653705110775
GO_BP::GOBP_PEPTIDYL_SERINE_MODIFICATION	160	56	4.417028961199458e-05	0.0005191278290605111
GO_BP::GOBP_EMBRYONIC_MORPHOGENESIS	171	59	4.486212704424335e-05	0.0005254373167538237
GO_BP::GOBP_REGULATION_OF_LEUKOCYTE_MIGRATION	90	36	4.496322759278162e-05	0.0005254373167538237
Immune::GSE37301_HEMATOPOIETIC_STEM_CELL_VS_GRAN_MONO_PROGENITOR_UP	90	36	4.496322759278162e-05	0.0005254373167538237
GO_BP::GOBP_MONOCYTE_CHEMOTAXIS	18	12	4.496407356084066e-05	0.0005254373167538237
GO_BP::GOBP_NERVOUS_SYSTEM_PROCESS	242	78	4.55395786422563e-05	0.0005314033570522918
GO_BP::GOBP_POSITIVE_REGULATION_OF_MOLECULAR_FUNCTION	560	158	4.599412686864315e-05	0.0005359429598084059
Immune::GSE1460_INTRATHYMIC_T_PROGENITOR_VS_DP_THYMOCYTE_DN	114	43	4.607135435599412e-05	0.0005360792014680397
Immune::GSE27786_LIN_NEG_VS_CD8_TCELL_DN	153	54	4.630816598964818e-05	0.0005380693150501734
GO_BP::GOBP_EMBRYONIC_ORGAN_DEVELOPMENT	121	45	4.637951060286769e-05	0.0005381338960729897
Immune::GSE12366_GC_VS_MEMORY_BCELL_DN	139	50	4.9883830421347345e-05	0.0005763414305743239
Immune::GSE17974_CTRL_VS_ACT_IL4_AND_ANTI_IL12_72H_CD4_TCELL_UP	139	50	4.9883830421347345e-05	0.0005763414305743239
Immune::GSE32986_UNSTIM_VS_GMCSF_AND_CURDLAN_HIGHDOSE_STIM_DC_DN	139	50	4.9883830421347345e-05	0.0005763414305743239
GO_BP::GOBP_EMBRYONIC_PLACENTA_DEVELOPMENT	34	18	5.117339561992426e-05	0.0005904067364893941
Immune::GSE30083_SP2_VS_SP4_THYMOCYTE_DN	111	42	5.165419576241973e-05	0.0005951145370937936
Immune::GSE39110_DAY3_VS_DAY6_POST_IMMUNIZATION_CD8_TCELL_WITH_IL2_TREATMENT_DN	125	46	5.194263292831333e-05	0.0005975959737744065
Immune::GSE13946_CTRL_VS_DSS_COLITIS_GD_TCELL_FROM_COLON_DN	94	37	5.34678017108647e-05	0.0006134174165425992
Immune::GSE3920_IFNA_VS_IFNG_TREATED_FIBROBLAST_UP	94	37	5.34678017108647e-05	0.0006134174165425992
GO_BP::GOBP_MEMORY	37	19	5.51738608838263e-05	0.0006321038964001389
GO_BP::GOBP_VIRAL_PROCESS	274	86	5.6076274771031574e-05	0.0006415439547231305
Immune::GSE39820_CTRL_VS_IL1B_IL6_CD4_TCELL_DN	101	39	5.619961899946317e-05	0.0006420570997424703
Immune::GSE6092_CTRL_VS_BORRELIA_BIRGDOFERI_INF_ENDOTHELIAL_CELL_DN	71	30	5.732785329697395e-05	0.0006540332496084336
Immune::GSE31082_DN_VS_CD8_SP_THYMOCYTE_DN	129	47	5.7730769921819656e-05	0.0006548072494602734
Immune::GSE36527_CD69_NEG_VS_POS_TREG_CD62L_LOS_KLRG1_NEG_UP	129	47	5.7730769921819656e-05	0.0006548072494602734
Immune::GSE5589_LPS_AND_IL10_VS_LPS_AND_IL6_STIM_IL6_KO_MACROPHAGE_45MIN_UP	129	47	5.7730769921819656e-05	0.0006548072494602734
GO_BP::GOBP_REGULATION_OF_EPITHELIAL_CELL_DIFFERENTIATION	40	20	5.777181033113851e-05	0.0006548072494602734
GO_BP::GOBP_REGULATION_OF_ADAPTIVE_IMMUNE_RESPONSE	108	41	5.7875995276256434e-05	0.0006548072494602734
Immune::GSE21379_TFH_VS_NON_TFH_CD4_TCELL_UP	108	41	5.7875995276256434e-05	0.0006548072494602734
Immune::GSE26030_TH1_VS_TH17_DAY5_POST_POLARIZATION_UP	122	45	5.851365624622671e-05	0.0006611073316217328
Immune::GSE32034_LY6C_HIGH_VS_LOW_ROSIGLIZATONE_TREATED_MONOCYTE_DN	115	43	5.860545632746052e-05	0.0006611118744976695
GO_BP::GOBP_MYOBLAST_DIFFERENTIATION	49	23	5.867569937473204e-05	0.0006611118744976695
Immune::GSE30962_PRIMARY_VS_SECONDARY_CHRONIC_LCMV_INF_CD8_TCELL_DN	91	36	5.9297327812421e-05	0.0006629513597783595
GO_BP::GOBP_POSITIVE_REGULATION_OF_ENDOTHELIAL_CELL_MIGRATION	46	22	5.934376697026368e-05	0.0006629513597783595
GO_BP::GOBP_RESPONSE_TO_CORTICOSTEROID	46	22	5.934376697026368e-05	0.0006629513597783595
Immune::GSE43863_NAIVE_VS_TFH_CD4_EFF_TCELL_D6_LCMV_DN	46	22	5.934376697026368e-05	0.0006629513597783595
Immune::ZAK_PBMC_MRKAD5_HIV_1_GAG_POL_NEF_AGE_20_50YO_1DY_ADDNL_EXON_LVL_UP	46	22	5.934376697026368e-05	0.0006629513597783595
Immune::GSE38681_WT_VS_LYL1_KO_LYMPHOID_PRIMED_MULTIPOTENT_PROGENITOR_DN	147	52	5.940627710483344e-05	0.0006629513597783595
Immune::GSE42021_TREG_PLN_VS_CD24INT_TREG_THYMUS_DN	147	52	5.940627710483344e-05	0.0006629513597783595
GO_BP::GOBP_REGULATION_OF_KINASE_ACTIVITY	240	77	6.0535704450608194e-05	0.0006746349624059605
Immune::GSE11057_PBMC_VS_MEM_CD4_TCELL_DN	158	55	6.111477296295596e-05	0.0006801616909346663
Immune::GOLDRATH_NAIVE_VS_MEMORY_CD8_TCELL_UP	140	50	6.176529271440365e-05	0.000684048818427115
Immune::GSE12366_PLASMA_CELL_VS_NAIVE_BCELL_DN	140	50	6.176529271440365e-05	0.000684048818427115
Immune::GSE13485_PRE_VS_POST_YF17D_VACCINATION_PBMC_DN	140	50	6.176529271440365e-05	0.000684048818427115
Reactome::REACTOME_SIGNALING_BY_TGFB_FAMILY_MEMBERS	68	29	6.188216694817421e-05	0.000684048818427115
Immune::GSE40666_UNTREATED_VS_IFNA_STIM_STAT1_KO_CD8_TCELL_90MIN_UP	68	29	6.188216694817421e-05	0.000684048818427115
GO_BP::GOBP_REGULATION_OF_LYMPHOCYTE_MEDIATED_IMMUNITY	98	38	6.266444624423135e-05	0.0006917613633978575
Immune::GSE40274_CTRL_VS_FOXP3_TRANSDUCED_ACTIVATED_CD4_TCELL_DN	133	48	6.371748902938963e-05	0.0007024380866043223
Immune::GSE14769_UNSTIM_VS_20MIN_LPS_BMDM_DN	105	40	6.480180021059743e-05	0.000712471405541246
Immune::GSE44649_WT_VS_MIR155_KO_NAIVE_CD8_TCELL_DN	105	40	6.480180021059743e-05	0.000712471405541246
Immune::GSE10325_CD4_TCELL_VS_LUPUS_CD4_TCELL_DN	126	46	6.513885461518793e-05	0.0007152158802043453
GO_BP::GOBP_G_PROTEIN_COUPLED_RECEPTOR_SIGNALING_PATHWAY	162	56	6.553261591672593e-05	0.0007171311341137933
GO_BP::GOBP_ERYTHROCYTE_HOMEOSTASIS	88	35	6.566396325809672e-05	0.0007171311341137933
Immune::GSE2706_2H_VS_8H_R848_STIM_DC_DN	88	35	6.566396325809672e-05	0.0007171311341137933
Immune::GSE27241_WT_CTRL_VS_DIGOXIN_TREATED_RORGT_KO_CD4_TCELL_IN_TH17_POLARIZING_CONDITIONS_UP	88	35	6.566396325809672e-05	0.0007171311341137933
Immune::GSE13485_DAY3_VS_DAY7_YF17D_VACCINE_PBMC_UP	78	32	6.579933790737729e-05	0.0007176514454431283
Immune::GSE20727_H2O2_VS_ROS_INHIBITOR_TREATED_DC_UP	119	44	6.589202861083473e-05	0.0007177054514469082
Reactome::REACTOME_SIGNALING_BY_TGF_BETA_RECEPTOR_COMPLEX	65	28	6.650441089418708e-05	0.0007234123419075137
GO_BP::GOBP_SYNCYTIUM_FORMATION	21	13	6.722586282575962e-05	0.0007288936493189544
Immune::LI_PBMC_MENACTRA_AGE_18_45YO_CORRELATED_WITH_ANTI_POLYSACCHARIDE_ANTIBODY_3DY_POSITIVE	21	13	6.722586282575962e-05	0.0007288936493189544
Immune::GSE14000_TRANSLATED_RNA_VS_MRNA_DC_DN	144	51	6.727563633689615e-05	0.0007288936493189544
Immune::GSE23568_ID3_TRANSDUCED_VS_ID3_KO_CD8_TCELL_UP	155	54	6.930630021735646e-05	0.0007499015023518198
GO_BP::GOBP_LYMPHOCYTE_COSTIMULATION	29	16	6.951600639040221e-05	0.0007511769250640556
Immune::GSE3720_LPS_VS_PMA_STIM_VD1_GAMMADELTA_TCELL_DN	130	47	7.199173199504271e-05	0.0007769028597881918
GO_BP::GOBP_REGULATION_OF_PHOSPHORYLATION	418	122	7.248505660886978e-05	0.0007792918383256904
Immune::GSE360_DC_VS_MAC_M_TUBERCULOSIS_UP	102	39	7.250136382502285e-05	0.0007792918383256904
GO_BP::GOBP_NEGATIVE_REGULATION_OF_CELL_ACTIVATION	85	34	7.259417858241762e-05	0.0007792918383256904
Immune::GSE360_CTRL_VS_L_DONOVANI_DC_DN	85	34	7.259417858241762e-05	0.0007792918383256904
Immune::GSE22886_UNSTIM_VS_STIM_MEMORY_TCELL_UP	148	52	7.289192766244953e-05	0.0007814626058700356
Immune::GSE35435_RESTING_VS_IL4_TREATED_MACROPHAGE_UP	123	45	7.347724587532574e-05	0.0007867066377750846
Immune::GSE43863_DAY6_EFF_VS_DAY150_MEM_LY6C_INT_CXCR5POS_CD4_TCELL_UP	116	43	7.417201697695502e-05	0.0007931073187862641
Immune::OSMAN_BLOOD_CHAD63_KH_AGE_18_50YO_HIGH_DOSE_SUBJECTS_24HR_UP	1033	269	7.573145581818499e-05	0.0008087249459435421
Immune::GSE1432_1H_VS_24H_IFNG_MICROGLIA_UP	92	36	7.76547682037055e-05	0.0008271386195246562
GO_BP::GOBP_POSITIVE_REGULATION_OF_HYDROLASE_ACTIVITY	215	70	7.765800241991883e-05	0.0008271386195246562
GO_BP::GOBP_CENTRAL_NERVOUS_SYSTEM_DEVELOPMENT	343	103	7.952294214619314e-05	0.0008459007370037189
GO_BP::GOBP_POSITIVE_REGULATION_OF_ERK1_AND_ERK2_CASCADE	56	25	7.984241112987437e-05	0.0008481960039511329
GO_BP::GOBP_POSITIVE_REGULATION_OF_LEUKOCYTE_MEDIATED_IMMUNITY	82	33	8.010933554106051e-05	0.0008488268973133096
Immune::GSE17721_PAM3CSK4_VS_GADIQUIMOD_1H_BMDC_UP	82	33	8.010933554106051e-05	0.0008488268973133096
Immune::GSE22886_UNSTIM_VS_IL2_STIM_NKCELL_UP	127	46	8.132365802638697e-05	0.000860578942633694
Immune::GSE11961_FOLLICULAR_BCELL_VS_MEMORY_BCELL_DAY7_UP	120	44	8.285867350794883e-05	0.0008756898569703119
Immune::GSE19401_UNSTIM_VS_RETINOIC_ACID_STIM_FOLLICULAR_DC_DN	113	42	8.345778379075385e-05	0.0008797482878973795
Immune::GSE3982_MAST_CELL_VS_CENT_MEMORY_CD4_TCELL_DN	113	42	8.345778379075385e-05	0.0008797482878973795
GO_BP::GOBP_NEURON_PROJECTION_EXTENSION	53	24	8.366544281674632e-05	0.0008805895169689921
GO_BP::GOBP_HEART_VALVE_MORPHOGENESIS	14	10	8.375289048922688e-05	0.0008805895169689921
Immune::QI_PBMC_ZOSTAVAX_AGE_50_75YO_CORRELATED_WITH_CONTRACTION_OF_VZV_SPECIFIC_T_CELLS_PEAK_TO_28DY_AT_1DYPOSITIVE	227	73	8.590800252362185e-05	0.0009020891664226273
Immune::GSE3720_UNSTIM_VS_PMA_STIM_VD1_GAMMADELTA_TCELL_UP	138	49	8.625389223394207e-05	0.0009045600493251874
GO_BP::GOBP_SKELETAL_MUSCLE_CELL_DIFFERENTIATION	24	14	8.80537478840622e-05	0.000922253082831791
Immune::GSE39382_IL3_VS_IL3_IL33_TREATED_MAST_CELL_UP	149	52	8.911862914655e-05	0.000931017517751123
Immune::SCHERER_PBMC_APSV_WETVAX_AGE_18_40YO_JOINT_TO_VACCINIA_AND_YELLOW_FEVER_UP	47	22	8.923199681135458e-05	0.000931017517751123
Immune::SCHERER_PBMC_YF_VAX_AGE_18_40YO_JOINT_TO_VACCINIA_AND_YELLOW_FEVER_UP	47	22	8.923199681135458e-05	0.000931017517751123
Immune::GSE16385_ROSIGLITAZONE_IL4_VS_IFNG_TNF_STIM_MACROPHAGE_UP	160	55	9.016112002546788e-05	0.0009373141099119981
GO_BP::GOBP_CELL_RECOGNITION	41	20	9.028882479850498e-05	0.0009373141099119981
GO_BP::GOBP_INTEGRIN_MEDIATED_SIGNALING_PATHWAY	44	21	9.04701375981416e-05	0.0009373141099119981
GO_BP::GOBP_REGULATION_OF_BLOOD_VESSEL_ENDOTHELIAL_CELL_MIGRATION	44	21	9.04701375981416e-05	0.0009373141099119981
Immune::GSE21033_3H_VS_24H_POLYIC_STIM_DC_UP	96	37	9.052300083502182e-05	0.0009373141099119981
Immune::GSE7348_UNSTIM_VS_LPS_STIM_MACROPHAGE_DN	96	37	9.052300083502182e-05	0.0009373141099119981
GO_BP::GOBP_DEVELOPMENTAL_GROWTH	216	70	9.137281951637747e-05	0.0009449174003084295
Immune::GSE37605_FOXP3_FUSION_GFP_VS_IRES_GFP_TREG_C57BL6_UP	66	28	9.221782598460496e-05	0.0009524517885783694
Immune::GSE29617_CTRL_VS_DAY7_TIV_FLU_VACCINE_PBMC_2008_UP	103	39	9.297948567257126e-05	0.0009578994871557089
Immune::GSE9988_ANTI_TREM1_VS_LPS_MONOCYTE_DN	103	39	9.297948567257126e-05	0.0009578994871557089
Immune::GSE25087_TREG_VS_TCONV_ADULT_UP	117	43	9.340861872224423e-05	0.0009599026396331129
Immune::GSE7852_THYMUS_VS_FAT_TCONV_DN	117	43	9.340861872224423e-05	0.0009599026396331129
Immune::GSE1460_CD4_THYMOCYTE_VS_NAIVE_CD4_TCELL_ADULT_BLOOD_DN	142	50	9.360059439093596e-05	0.000960668584840472
GO_BP::GOBP_REGULATION_OF_PROTEIN_MODIFICATION_PROCESS	621	171	9.379589350436946e-05	0.0009609621176899702
Immune::GSE17974_IL4_AND_ANTI_IL12_VS_UNTREATED_72H_ACT_CD4_TCELL_DN	110	41	9.386414817045063e-05	0.0009609621176899702
GO_BP::GOBP_CORONARY_VASCULATURE_MORPHOGENESIS	6	6	9.541074877597396e-05	0.0009755749062343337
Immune::GSE4748_LPS_VS_LPS_AND_CYANOBACTERIUM_LPSLIKE_STIM_DC_3H_UP	135	48	9.764973810819104e-05	0.0009972220446005026
GO_BP::GOBP_ANTIGEN_PROCESSING_AND_PRESENTATION_OF_EXOGENOUS_PEPTIDE_ANTIGEN_VIA_MHC_CLASS_II	19	12	9.827959405213862e-05	0.0010011545197341144
GO_BP::GOBP_DENDRITIC_CELL_DIFFERENTIATION	19	12	9.827959405213862e-05	0.0010011545197341144
Reactome::REACTOME_CELL_SURFACE_INTERACTIONS_AT_THE_VASCULAR_WALL	63	27	9.938323170807129e-05	0.0010111378549403274
GO_BP::GOBP_CYTOSKELETON_ORGANIZATION	597	165	0.00010195083241884681	0.001035972433771636
Immune::GSE21670_IL6_VS_TGFB_AND_IL6_TREATED_CD4_TCELL_UP	121	44	0.0001037039094537095	0.0010511746955778733
Immune::GSE22140_HEALTHY_VS_ARTHRITIC_GERMFREE_MOUSE_CD4_TCELL_DN	121	44	0.0001037039094537095	0.0010511746955778733
GO_BP::GOBP_NEGATIVE_REGULATION_OF_PROTEIN_METABOLIC_PROCESS	474	135	0.00010523729128567473	0.0010630620376887573
Immune::GSE21670_STAT3_KO_VS_WT_CD4_TCELL_TGFB_IL6_TREATED_DN	114	42	0.0001052665342943635	0.0010630620376887573
Immune::GSE21670_UNTREATED_VS_IL6_TREATED_STAT3_KO_CD4_TCELL_UP	114	42	0.0001052665342943635	0.0010630620376887573
Immune::GSE46606_IRF4_KO_VS_WT_UNSTIM_BCELL_DN	83	33	0.00010606535742034315	0.0010663890044590614
Immune::GSE9509_10MIN_VS_30MIN_LPS_STIM_IL10_KO_MACROPHAGE_DN	83	33	0.00010606535742034315	0.0010663890044590614
GO_BP::GOBP_SKIN_DEVELOPMENT	73	30	0.00010624780423400185	0.0010663890044590614
Immune::GSE25677_MPL_VS_R848_STIM_BCELL_UP	73	30	0.00010624780423400185	0.0010663890044590614
Immune::GSE3920_IFNB_VS_IFNG_TREATED_ENDOTHELIAL_CELL_UP	73	30	0.00010624780423400185	0.0010663890044590614
GO_BP::GOBP_BIOLOGICAL_PROCESS_INVOLVED_IN_INTRASPECIES_INTERACTION_BETWEEN_ORGANISMS	12	9	0.00010773095490086064	0.0010799500135895098
Immune::GSE18281_SUBCAPSULAR_VS_CENTRAL_CORTICAL_REGION_OF_THYMUS_DN	132	47	0.00011053904957210428	0.0011067434828639082
Immune::GSE18281_CORTICAL_VS_MEDULLARY_THYMOCYTE_UP	125	45	0.00011429034943302827	0.0011429034943302827
Immune::GSE11057_NAIVE_VS_EFF_MEMORY_CD4_TCELL_DN	143	50	0.0001145748708230584	0.001142954199186119
Immune::GSE45881_CXCR6HI_VS_CXCR1LO_COLONIC_LAMINA_PROPRIA_UP	143	50	0.0001145748708230584	0.001142954199186119
Immune::GSE37301_CD4_TCELL_VS_GRANULOCYTE_MONOCYTE_PROGENITOR_UP	70	29	0.00011611829669044847	0.0011569399109961859
Immune::GSE43863_TFH_VS_LY6C_INT_CXCR5POS_MEMORY_CD4_TCELL_UP	97	37	0.0001166557068839802	0.0011608803921057884
Immune::GSE39556_UNTREATED_VS_3H_POLYIC_INJ_MOUSE_CD8A_DC_DN	118	43	0.00011706494580359585	0.0011635373714136258
Immune::GSE7460_CD8_TCELL_VS_TREG_ACT_UP	104	39	0.00011855561315053266	0.0011758092654719561
GO_BP::GOBP_RESPONSE_TO_TRANSFORMING_GROWTH_FACTOR_BETA	111	41	0.00011858712029515452	0.0011758092654719561
Immune::GSE27896_HDAC6_KO_VS_WT_TREG_UP	122	44	0.00012919584716049453	0.0012776384986751912
Immune::GSE29618_MONOCYTE_VS_MDC_DAY7_FLU_VACCINE_DN	122	44	0.00012919584716049453	0.0012776384986751912
GO_BP::GOBP_REGULATION_OF_CELL_SUBSTRATE_ADHESION	77	31	0.0001294819456481337	0.0012776384986751912
Immune::GSE2935_UV_INACTIVATED_VS_LIVE_SENDAI_VIRUS_INF_MACROPHAGE_UP	77	31	0.0001294819456481337	0.0012776384986751912
Immune::GSE39556_CD8A_DC_VS_NK_CELL_DN	94	36	0.0001305114749010278	0.0012862456201089246
GO_BP::GOBP_ADENYLATE_CYCLASE_ACTIVATING_ADRENERGIC_RECEPTOR_SIGNALING_PATHWAY	8	7	0.00013249101138159547	0.00130105218859718
GO_BP::GOBP_MAINTENANCE_OF_BLOOD_BRAIN_BARRIER	8	7	0.00013249101138159547	0.00130105218859718
GO_BP::GOBP_T_CELL_ACTIVATION_VIA_T_CELL_RECEPTOR_CONTACT_WITH_ANTIGEN_BOUND_TO_MHC_MOLECULE_ON_ANTIGEN_PRESENTING_CELL	8	7	0.00013249101138159547	0.00130105218859718
GO_BP::GOBP_MAPK_CASCADE	288	88	0.00013443096392633876	0.0013185195262799172
GO_BP::GOBP_GRANULOCYTE_CHEMOTAXIS	45	21	0.0001357532071738059	0.0013298936942296195
Immune::GSE16385_IL4_VS_ROSIGLITAZONE_STIM_MACROPHAGE_UP	133	47	0.0001361275768454483	0.0013319660031049846
GO_BP::GOBP_NEGATIVE_REGULATION_OF_CELL_DIFFERENTIATION	230	73	0.00013667759477549394	0.001335749970446285
Immune::GSE16450_IMMATURE_VS_MATURE_NEURON_CELL_LINE_6H_IFNA_STIM_UP	64	27	0.00013730038936897722	0.0013402353043415675
GO_BP::GOBP_STRIATED_MUSCLE_CELL_DIFFERENTIATION	84	33	0.0001393498506221752	0.001357002116773087
Immune::GSE46606_IRF4MID_VS_WT_CD40L_IL2_IL5_DAY1_STIMULATED_BCELL_DN	84	33	0.0001393498506221752	0.001357002116773087
Immune::GSE42724_NAIVE_VS_B1_BCELL_DN	144	50	0.00013973403810293202	0.0013575112015225463
Immune::GSE5542_UNTREATED_VS_IFNA_TREATED_EPITHELIAL_CELLS_24H_UP	144	50	0.00013973403810293202	0.0013575112015225463
GO_BP::GOBP_NEGATIVE_REGULATION_OF_LYMPHOCYTE_ACTIVATION	74	30	0.0001426194721051332	0.001383899503938303
Immune::GSE20715_0H_VS_48H_OZONE_TLR4_KO_LUNG_UP	91	35	0.00014588251237641052	0.0014135237838766935
Immune::GSE26030_TH1_VS_TH17_DAY15_POST_POLARIZATION_DN	119	43	0.00014601804368897384	0.0014135237838766935
Immune::GSE3982_MEMORY_CD4_TCELL_VS_BCELL_UP	112	41	0.00014905258513947894	0.001438525713798479
Immune::GSE6269_HEALTHY_VS_FLU_INF_PBMC_DN	112	41	0.00014905258513947894	0.001438525713798479
Immune::KAECH_DAY15_EFF_VS_MEMORY_CD8_TCELL_DN	159	54	0.00014912833805637044	0.001438525713798479
Immune::GSE28737_WT_VS_BCL6_HET_MARGINAL_ZONE_BCELL_DN	98	37	0.0001494045043212047	0.0014394921617755648
Immune::GSE35685_CD34POS_CD38NEG_VS_CD34POS_CD10POS_BONE_MARROW_DN	148	51	0.00014961081776742458	0.0014397841051029799
Immune::GSE24142_EARLY_THYMIC_PROGENITOR_VS_DN3_THYMOCYTE_FETAL_DN	105	39	0.00015031922988776735	0.0014398258787844693
Immune::GSE2770_TGFB_AND_IL4_VS_IL12_TREATED_ACT_CD4_TCELL_2H_DN	105	39	0.00015031922988776735	0.0014398258787844693
Immune::GSE4590_LARGE_PRE_BCELL_VS_VPREB_POS_LARGE_PRE_BCELL_DN	105	39	0.00015031922988776735	0.0014398258787844693
Immune::KAECH_DAY8_EFF_VS_DAY15_EFF_CD8_TCELL_DN	105	39	0.00015031922988776735	0.0014398258787844693
GO_BP::GOBP_SENSORY_ORGAN_DEVELOPMENT	130	46	0.00015420684001731625	0.00147361209268884
Immune::GSE43863_DAY6_EFF_VS_DAY150_MEM_LY6C_INT_CXCR5POS_CD4_TCELL_DN	130	46	0.00015420684001731625	0.00147361209268884
Immune::GSE36888_UNTREATED_VS_IL2_TREATED_STAT5_AB_KNOCKIN_TCELL_6H_UP	81	32	0.0001547092684215683	0.0014766882330086684
Immune::GSE21360_PRIMARY_VS_QUATERNARY_MEMORY_CD8_TCELL_DN	163	55	0.0001577343718284216	0.001503807880601968
Immune::GSE1432_CTRL_VS_IFNG_24H_MICROGLIA_DN	141	49	0.00015851772819643813	0.0015095168994724842
GO_BP::GOBP_NEGATIVE_REGULATION_OF_IMMUNE_EFFECTOR_PROCESS	58	25	0.00015963044779582008	0.0015183454220579165
GO_BP::GOBP_POSITIVE_REGULATION_OF_FAT_CELL_DIFFERENTIATION	25	14	0.00016086168191123675	0.001522972868094811
GO_BP::GOBP_RESPONSE_TO_CHEMOKINE	25	14	0.00016086168191123675	0.001522972868094811
GO_BP::GOBP_T_HELPER_1_TYPE_IMMUNE_RESPONSE	25	14	0.00016086168191123675	0.001522972868094811
Immune::SOBOLEV_PBMC_PANDEMRIX_AGE_18_64YO_7DY_DN	25	14	0.00016086168191123675	0.001522972868094811
Immune::GSE7764_IL15_TREATED_VS_CTRL_NK_CELL_24H_DN	88	34	0.0001629037722153991	0.001540523533782618
GO_BP::GOBP_HEAD_DEVELOPMENT	266	82	0.00016329342753057774	0.0015424252161664273
GO_BP::GOBP_REGULATION_OF_SYSTEM_PROCESS	134	47	0.00016696767248403608	0.001573497189999326
Immune::GSE13484_12H_VS_3H_YF17D_VACCINE_STIM_PBMC_DN	134	47	0.00016696767248403608	0.001573497189999326
Immune::GSE3982_NEUTROPHIL_VS_BASOPHIL_UP	95	36	0.00016755656966786517	0.001577229850268282
Immune::GSE7852_TREG_VS_TCONV_THYMUS_UP	109	40	0.0001681137736330012	0.0015806559405953445
Immune::GSE33292_WT_VS_TCF1_KO_DN3_THYMOCYTE_UP	102	38	0.000169128222050355	0.0015883683770056302
GO_BP::GOBP_REGULATION_OF_BINDING	145	50	0.0001698031880586081	0.0015892334992212978
Immune::GSE23398_WT_VS_IL2_KO_CD4_TCELL_SCURFY_MOUSE_DN	145	50	0.0001698031880586081	0.0015892334992212978
Immune::GSE37416_12H_VS_24H_F_TULARENSIS_LVS_NEUTROPHIL_UP	145	50	0.0001698031880586081	0.0015892334992212978
GO_BP::GOBP_TYPE_II_INTERFERON_PRODUCTION	55	24	0.0001707497875640504	0.0015962665854559227
Immune::GSE1925_CTRL_VS_24H_IFNG_STIM_MACROPHAGE_UP	127	45	0.0001746734242690967	0.0016310828887228434
GO_BP::GOBP_CELL_GROWTH	205	66	0.0001782279589279622	0.0016623770855538548
Reactome::REACTOME_HEMOSTASIS	255	79	0.00017920049438409886	0.0016695444693188254
Immune::GSE22886_NAIVE_CD4_TCELL_VS_12H_ACT_TH2_UP	138	48	0.00017982344561920393	0.0016734423039420799
Immune::GSE45739_UNSTIM_VS_ACD3_ACD28_STIM_NRAS_KO_CD4_TCELL_UP	149	51	0.00018109144653951227	0.0016794370117428862
Immune::GSE9006_TYPE_1_DIABETES_AT_DX_VS_4MONTH_POST_DX_PBMC_UP	149	51	0.00018109144653951227	0.0016794370117428862
Immune::GSE42021_TCONV_PLN_VS_TREG_PRECURSORS_THYMUS_DN	120	43	0.0001812888608030524	0.0016794370117428862
Immune::GSE42724_NAIVE_VS_MEMORY_BCELL_DN	120	43	0.0001812888608030524	0.0016794370117428862
GO_BP::GOBP_POSITIVE_REGULATION_OF_CHEMOKINE_PRODUCTION	28	15	0.00018292837094295857	0.0016919850135787692
GO_BP::GOBP_NEGATIVE_REGULATION_OF_RESPONSE_TO_EXTERNAL_STIMULUS	175	58	0.00018305705831506245	0.0016919850135787692
Immune::GSE40274_CTRL_VS_EOS_TRANSDUCED_ACTIVATED_CD4_TCELL_UP	65	27	0.00018760279512738083	0.0017297452066000988
Immune::GSE9960_GRAM_NEG_VS_GRAM_NEG_AND_POS_SEPSIS_PBMC_UP	65	27	0.00018760279512738083	0.0017297452066000988
Immune::GSE24634_IL4_VS_CTRL_TREATED_NAIVE_CD4_TCELL_DAY10_UP	92	35	0.00018777674125438726	0.0017297452066000988
Immune::GSE3982_MAST_CELL_VS_BCELL_DN	106	39	0.0001895507515228445	0.0017402842856844582
Immune::GSE39820_IL1B_IL6_VS_IL1B_IL6_IL23A_TREATED_CD4_TCELL_UP	75	30	0.00018973901711628646	0.0017402842856844582
Immune::GSE6269_E_COLI_VS_STAPH_AUREUS_INF_PBMC_UP	75	30	0.00018973901711628646	0.0017402842856844582
Immune::GSE14415_NATURAL_TREG_VS_TCONV_UP	99	37	0.00019019732902223786	0.0017402842856844582
Immune::GSE3982_DC_VS_NKCELL_DN	99	37	0.00019019732902223786	0.0017402842856844582
Immune::GSE9988_ANTI_TREM1_VS_CTRL_TREATED_MONOCYTES_UP	99	37	0.00019019732902223786	0.0017402842856844582
GO_BP::GOBP_REGULATION_OF_ANTIGEN_RECEPTOR_MEDIATED_SIGNALING_PATHWAY	49	22	0.00019134718198966089	0.0017488491046652804
Immune::GSE36826_NORMAL_VS_STAPH_AUREUS_INF_IL1R_KO_SKIN_DN	153	52	0.00019234276640549828	0.0017559864165144822
GO_BP::GOBP_REGULATION_OF_PHOSPHORUS_METABOLIC_PROCESS	480	135	0.0001949300172406524	0.0017776226767319248
Immune::GSE1925_3H_VS_24H_IFNG_STIM_MACROPHAGE_DN	124	44	0.00019784009355889538	0.0017960831422442823
Immune::GSE3982_MAC_VS_CENT_MEMORY_CD4_TCELL_DN	124	44	0.00019784009355889538	0.0017960831422442823
GO_BP::GOBP_POSITIVE_REGULATION_OF_SIGNAL_TRANSDUCTION_BY_P53_CLASS_MEDIATOR	20	12	0.00019793272417884658	0.0017960831422442823
GO_BP::GOBP_STRIATED_MUSCLE_CELL_PROLIFERATION	20	12	0.00019793272417884658	0.0017960831422442823
GO_BP::GOBP_CELL_CELL_ADHESION_VIA_PLASMA_MEMBRANE_ADHESION_MOLECULES	31	16	0.00019827176985899594	0.0017960831422442823
GO_BP::GOBP_REGULATION_OF_NATURAL_KILLER_CELL_MEDIATED_IMMUNITY	31	16	0.00019827176985899594	0.0017960831422442823
GO_BP::GOBP_CARTILAGE_DEVELOPMENT	46	21	0.0001999371369447814	0.0018091656860711415
GO_BP::GOBP_CELL_PROJECTION_ORGANIZATION	538	149	0.00020154114055547455	0.0018216646737500353
GO_BP::GOBP_POSITIVE_REGULATION_OF_NEURAL_PRECURSOR_CELL_PROLIFERATION	15	10	0.00020299009272220373	0.0018327361572490358
Immune::GSE1460_INTRATHYMIC_T_PROGENITOR_VS_NAIVE_CD4_TCELL_ADULT_BLOOD_DN	135	47	0.00020398975107113502	0.00183568334847292
Immune::GSE21670_UNTREATED_VS_TGFB_TREATED_STAT3_KO_CD4_TCELL_DN	135	47	0.00020398975107113502	0.00183568334847292
Immune::GSE7852_TREG_VS_TCONV_FAT_DN	135	47	0.00020398975107113502	0.00183568334847292
GO_BP::GOBP_INTERLEUKIN_6_PRODUCTION	62	26	0.000204222677979981	0.0018357598965673017
GO_BP::GOBP_MORPHOGENESIS_OF_AN_EPITHELIUM	146	50	0.00020561191053100543	0.0018462189112443735
GO_BP::GOBP_EAR_DEVELOPMENT	43	20	0.0002066173865179562	0.0018532129624088617
Immune::GSE29618_PDC_VS_MDC_UP	110	40	0.00021054213104017278	0.00188634680384295
GO_BP::GOBP_KERATINOCYTE_DIFFERENTIATION	37	18	0.00021124164471638922	0.0018905433848797198
Immune::GSE14415_ACT_TCONV_VS_ACT_NATURAL_TREG_DN	103	38	0.0002136459448558283	0.0019069721872570654
Immune::GSE14415_NATURAL_TREG_VS_FOXP3_KO_NATURAL_TREG_DN	96	36	0.00021377671096757078	0.0019069721872570654
Immune::GSE32423_CTRL_VS_IL4_MEMORY_CD8_TCELL_UP	96	36	0.00021377671096757078	0.0019069721872570654
Immune::GSE9650_NAIVE_VS_EFF_CD8_TCELL_UP	139	48	0.0002187340787377762	0.0019490683704520798
GO_BP::GOBP_NEGATIVE_REGULATION_OF_LEUKOCYTE_CELL_CELL_ADHESION	59	25	0.0002214149244363365	0.0019708096647325707
GO_BP::GOBP_CELLULAR_RESPONSE_TO_NITROGEN_COMPOUND	284	86	0.00022386007197352012	0.001987864668980446
Immune::GSE29617_CTRL_VS_DAY3_TIV_FLU_VACCINE_PBMC_2008_UP	121	43	0.00022406005193153684	0.001987864668980446
Immune::GSE39820_CTRL_VS_IL1B_IL6_IL23A_CD4_TCELL_DN	121	43	0.00022406005193153684	0.001987864668980446
Immune::GSE40274_CTRL_VS_FOXP3_AND_PBX1_TRANSDUCED_ACTIVATED_CD4_TCELL_UP	79	31	0.00022525875730818103	0.0019963343822111818
Immune::GSE23568_ID3_TRANSDUCED_VS_ID3_KO_CD8_TCELL_DN	154	52	0.00023118930474885102	0.002046332520781992
Immune::GSE8384_CTRL_VS_B_ABORTUS_4H_MAC_CELL_LINE_DN	132	46	0.0002314006823622668	0.002046332520781992
GO_BP::GOBP_ENZYME_LINKED_RECEPTOR_PROTEIN_SIGNALING_PATHWAY	328	97	0.00023673437295817753	0.002091145692934074
Immune::GSE13493_DP_VS_CD8POS_THYMOCYTE_UP	107	39	0.00023774639296194236	0.002091145692934074
Immune::GSE24081_CONTROLLER_VS_PROGRESSOR_HIV_SPECIFIC_CD8_TCELL_DN	107	39	0.00023774639296194236	0.002091145692934074
Immune::GSE34156_UNTREATED_VS_6H_NOD2_AND_TLR1_TLR2_LIGAND_TREATED_MONOCYTE_DN	107	39	0.00023774639296194236	0.002091145692934074
Immune::GSE4984_UNTREATED_VS_GALECTIN1_TREATED_DC_UP	107	39	0.00023774639296194236	0.002091145692934074
GO_BP::GOBP_CELL_CELL_JUNCTION_ORGANIZATION	56	24	0.00023893031988968236	0.002094801732794857
GO_BP::GOBP_GRANULOCYTE_MIGRATION	56	24	0.00023893031988968236	0.002094801732794857
GO_BP::GOBP_PLACENTA_DEVELOPMENT	56	24	0.00023893031988968236	0.002094801732794857
Immune::GSE40274_FOXP3_VS_FOXP3_AND_PBX1_TRANSDUCED_ACTIVATED_CD4_TCELL_DN	93	35	0.0002401387651946216	0.002103142504595294
Immune::GSE13738_RESTING_VS_TCR_ACTIVATED_CD4_TCELL_UP	100	37	0.00024071198706293064	0.0021059080793313077
GO_BP::GOBP_PRODUCTION_OF_MOLECULAR_MEDIATOR_OF_IMMUNE_RESPONSE	125	44	0.00024322513975072414	0.002125621413633465
GO_BP::GOBP_VIRAL_LIFE_CYCLE	188	61	0.00024405447312236505	0.002130592945721394
Reactome::REACTOME_RHO_GTPASE_CYCLE	234	73	0.0002468999122903749	0.0021531356956665955
Immune::GSE24210_RESTING_TREG_VS_TCONV_UP	147	50	0.0002481057288800015	0.002161347031137819
Immune::GSE26495_NAIVE_VS_PD1LOW_CD8_TCELL_UP	76	30	0.00025026030581811484	0.002175482785964059
Immune::GSE9988_ANTI_TREM1_AND_LPS_VS_VEHICLE_TREATED_MONOCYTES_UP	76	30	0.00025026030581811484	0.002175482785964059
Immune::GSE26669_CTRL_VS_COSTIM_BLOCK_MLR_CD8_TCELL_DN	118	42	0.00025373203673603804	0.002203320658705723
GO_BP::GOBP_SMOOTH_MUSCLE_CELL_PROLIFERATION	53	23	0.000256424081900524	0.0022243361505262845
Immune::GSE29618_PRE_VS_DAY7_POST_LAIV_FLU_VACCINE_MONOCYTE_DN	129	45	0.0002624918669081913	0.0022697499696712523
Immune::GSE34205_HEALTHY_VS_FLU_INF_INFANT_PBMC_DN	129	45	0.0002624918669081913	0.0022697499696712523
Immune::GSE40666_WT_VS_STAT4_KO_CD8_TCELL_WITH_IFNA_STIM_90MIN_UP	129	45	0.0002624918669081913	0.0022697499696712523
GO_BP::GOBP_MESENCHYME_DEVELOPMENT	83	32	0.0002629318877676814	0.0022711540041601202
Immune::GSE1740_UNSTIM_VS_IFNA_STIMULATED_MCSF_DERIVED_MACROPHAGE_DN	104	38	0.00026839492371645357	0.0023134567713388727
Immune::GSE35825_IFNA_VS_IFNG_STIM_MACROPHAGE_UP	104	38	0.00026839492371645357	0.0023134567713388727
Immune::GSE10239_MEMORY_VS_KLRG1HIGH_EFF_CD8_TCELL_UP	90	34	0.0002695785182201474	0.0023212129253061113
GO_BP::GOBP_REGULATION_OF_DEVELOPMENTAL_GROWTH	97	36	0.0002710940248529686	0.0023318077006280577
GO_BP::GOBP_NATURAL_KILLER_CELL_MEDIATED_IMMUNITY	50	22	0.00027343349351634916	0.002346994729237918
GO_BP::GOBP_POSITIVE_REGULATION_OF_PHOSPHATIDYLINOSITOL_3_KINASE_PROTEIN_KINASE_B_SIGNAL_TRANSDUCTION	50	22	0.00027343349351634916	0.002346994729237918
Immune::GSE27241_CTRL_VS_DIGOXIN_TREATED_CD4_TCELL_IN_TH17_POLARIZING_CONDITIONS_DN	122	43	0.00027569499883223035	0.0023639256713287675
GO_BP::GOBP_POSITIVE_REGULATION_OF_EPITHELIAL_CELL_PROLIFERATION	63	26	0.0002778936402251069	0.00237779286301399
GO_BP::GOBP_POSITIVE_REGULATION_OF_INFLAMMATORY_RESPONSE	63	26	0.0002778936402251069	0.00237779286301399
GO_BP::GOBP_ANTIGEN_PROCESSING_AND_PRESENTATION_OF_EXOGENOUS_PEPTIDE_ANTIGEN	26	14	0.000280250037395479	0.0023879638603073105
GO_BP::GOBP_INTERLEUKIN_10_PRODUCTION	26	14	0.000280250037395479	0.0023879638603073105
GO_BP::GOBP_MORPHOGENESIS_OF_AN_EPITHELIAL_SHEET	26	14	0.000280250037395479	0.0023879638603073105
Reactome::REACTOME_DEACTIVATION_OF_THE_BETA_CATENIN_TRANSACTIVATING_COMPLEX	26	14	0.000280250037395479	0.0023879638603073105
GO_BP::GOBP_CARDIAC_MUSCLE_CELL_PROLIFERATION	13	9	0.0002834482389976901	0.0024051935632791546
GO_BP::GOBP_NEGATIVE_REGULATION_OF_CHEMOTAXIS	13	9	0.0002834482389976901	0.0024051935632791546
GO_BP::GOBP_REGULATION_OF_PLATELET_ACTIVATION	13	9	0.0002834482389976901	0.0024051935632791546
Immune::LI_PBMC_MENACTRA_AGE_18_45YO_CORRELATED_WITH_ANTI_DT_ANTIBODY_3DY_NEGATIVE	13	9	0.0002834482389976901	0.0024051935632791546
GO_BP::GOBP_RESPONSE_TO_NITROGEN_COMPOUND	484	135	0.0002892087206559308	0.0024476795504548613
GO_BP::GOBP_POSITIVE_REGULATION_OF_ALPHA_BETA_T_CELL_ACTIVATION	47	21	0.000289352827052549	0.0024476795504548613
GO_BP::GOBP_REGULATION_OF_FAT_CELL_DIFFERENTIATION	47	21	0.000289352827052549	0.0024476795504548613
GO_BP::GOBP_CELL_MIGRATION_INVOLVED_IN_SPROUTING_ANGIOGENESIS	18	11	0.0002951516176844789	0.0024915791874706265
GO_BP::GOBP_REGULATION_OF_BEHAVIOR	18	11	0.0002951516176844789	0.0024915791874706265
Immune::GSE22432_CDC_VS_COMMON_DC_PROGENITOR_UP	126	44	0.00029775745425734013	0.0025109855420876724
Immune::GSE28726_NAIVE_CD4_TCELL_VS_NAIVE_VA24NEG_NKTCELL_DN	87	33	0.0003024134314603525	0.0025450019231951474
Immune::GSE40274_CTRL_VS_FOXP3_AND_EOS_TRANSDUCED_ACTIVATED_CD4_TCELL_UP	87	33	0.0003024134314603525	0.0025450019231951474
GO_BP::GOBP_REGULATION_OF_NEURAL_PRECURSOR_CELL_PROLIFERATION	29	15	0.00030444161867784005	0.002559437246438573
GO_BP::GOBP_POSITIVE_REGULATION_OF_LYMPHOCYTE_MEDIATED_IMMUNITY	70	28	0.00030728746311907017	0.002578063023911789
Immune::GSE24574_BCL6_HIGH_TFH_VS_TCONV_CD4_TCELL_UP	70	28	0.00030728746311907017	0.002578063023911789
GO_BP::GOBP_CIRCADIAN_REGULATION_OF_GENE_EXPRESSION	41	19	0.0003146249582632688	0.002634219200198095
GO_BP::GOBP_STRIATED_MUSCLE_CONTRACTION	41	19	0.0003146249582632688	0.002634219200198095
GO_BP::GOBP_REACTIVE_NITROGEN_SPECIES_METABOLIC_PROCESS	32	16	0.00031836676110509143	0.00265690375117318
GO_BP::GOBP_REGULATION_OF_CD4_POSITIVE_ALPHA_BETA_T_CELL_DIFFERENTIATION	32	16	0.00031836676110509143	0.00265690375117318
Immune::GSE20727_ROS_INH_VS_ROS_INH_AND_DNFB_ALLERGEN_TREATED_DC_DN	32	16	0.00031836676110509143	0.00265690375117318
GO_BP::GOBP_MAINTENANCE_OF_LOCATION	167	55	0.00031863356722504766	0.00265690375117318
GO_BP::GOBP_NEUTROPHIL_CHEMOTAXIS	38	18	0.00032182305720886747	0.002680766403226615
Immune::GSE22886_NAIVE_CD8_TCELL_VS_MEMORY_TCELL_UP	112	40	0.00032528954076154517	0.0027041345969811377
Immune::GSE26343_WT_VS_NFAT5_KO_MACROPHAGE_DN	112	40	0.00032528954076154517	0.0027041345969811377
GO_BP::GOBP_SKELETAL_SYSTEM_MORPHOGENESIS	57	24	0.0003300472676322365	0.0027409001515042585
Immune::GSE36078_WT_VS_IL1R_KO_LUNG_DC_AFTER_AD5_INF_DN	105	38	0.00033536322767899185	0.0027822223148216566
Immune::GSE25088_ROSIGLITAZONE_VS_IL4_AND_ROSIGLITAZONE_STIM_STAT6_KO_MACROPHAGE_DAY10_UP	123	43	0.00033775797740776047	0.0027992505118495247
Reactome::REACTOME_RAC1_GTPASE_CYCLE	84	32	0.00033898237216491595	0.002806554457802644
GO_BP::GOBP_T_CELL_MEDIATED_IMMUNITY	67	27	0.0003394587635160309	0.0028076569115886075
Immune::GSE7460_CTRL_VS_TGFB_TREATED_ACT_TCONV_DN	98	36	0.0003417524561294766	0.0028155335320347954
Immune::GSE9006_TYPE_1_DIABETES_AT_DX_VS_4MONTH_POST_DX_PBMC_DN	98	36	0.0003417524561294766	0.0028155335320347954
Immune::GSE40273_GATA1_KO_VS_WT_TREG_DN	134	46	0.0003417878725318523	0.0028155335320347954
Immune::GSE41867_NAIVE_VS_DAY6_LCMV_EFFECTOR_CD8_TCELL_DN	134	46	0.0003417878725318523	0.0028155335320347954
Immune::GSE18791_CTRL_VS_NEWCASTLE_VIRUS_DC_18H_DN	91	34	0.00034336210065325314	0.0028256559188567514
Immune::GSE21360_PRIMARY_VS_TERTIARY_MEMORY_CD8_TCELL_DN	116	41	0.00035416781207429454	0.002905810133167231
Immune::GSE42021_CD24HI_TREG_VS_CD24HI_TCONV_THYMUS_DN	116	41	0.00035416781207429454	0.002905810133167231
Immune::GSE7460_FOXP3_MUT_VS_WT_ACT_WITH_TGFB_TCONV_DN	116	41	0.00035416781207429454	0.002905810133167231
GO_BP::GOBP_NEURAL_PRECURSOR_CELL_PROLIFERATION	54	23	0.00035735982986183286	0.0029279641439336752
Immune::GSE41867_DAY6_EFFECTOR_VS_DAY30_MEMORY_CD8_TCELL_LCMV_ARMSTRONG_DN	149	50	0.00035758388505987063	0.0029279641439336752
GO_BP::GOBP_NEGATIVE_REGULATION_OF_PROGRAMMED_CELL_DEATH	437	123	0.000362165767071142	0.002962515974641942
GO_BP::GOBP_NEGATIVE_REGULATION_OF_CYTOKINE_PRODUCTION	127	44	0.0003630068195523127	0.0029664293545833345
Immune::GSE33513_TCF7_KO_VS_HET_EARLY_THYMIC_PROGENITOR_UP	74	29	0.0003645428431068775	0.002976008439734788
GO_BP::GOBP_ANTIGEN_PROCESSING_AND_PRESENTATION_OF_PEPTIDE_OR_POLYSACCHARIDE_ANTIGEN_VIA_MHC_CLASS_II	21	12	0.0003722085393162957	0.0030235013422118162
GO_BP::GOBP_POSITIVE_REGULATION_OF_ANTIGEN_RECEPTOR_MEDIATED_SIGNALING_PATHWAY	21	12	0.0003722085393162957	0.0030235013422118162
GO_BP::GOBP_REGULATION_OF_INFLAMMATORY_RESPONSE_TO_ANTIGENIC_STIMULUS	21	12	0.0003722085393162957	0.0030235013422118162
GO_BP::GOBP_REGULATION_OF_T_HELPER_CELL_DIFFERENTIATION	21	12	0.0003722085393162957	0.0030235013422118162
GO_BP::GOBP_RIG_I_SIGNALING_PATHWAY	21	12	0.0003722085393162957	0.0030235013422118162
GO_BP::GOBP_HEART_MORPHOGENESIS	64	26	0.00037408902238982706	0.003035762106298398
Immune::PATEL_SKIN_OF_BODY_ZOSTAVAX_AGE_70_93YO_VZV_CHALLENGE_6HR_UP	168	55	0.00037710603907246135	0.003057212487227685
GO_BP::GOBP_FOAM_CELL_DIFFERENTIATION	11	8	0.00038230451007067236	0.0030871183537789734
GO_BP::GOBP_NK_T_CELL_DIFFERENTIATION	11	8	0.00038230451007067236	0.0030871183537789734
GO_BP::GOBP_PEPTIDE_ANTIGEN_ASSEMBLY_WITH_MHC_CLASS_II_PROTEIN_COMPLEX	11	8	0.00038230451007067236	0.0030871183537789734
Reactome::REACTOME_TGF_BETA_RECEPTOR_SIGNALING_IN_EMT_EPITHELIAL_TO_MESENCHYMAL_TRANSITION	11	8	0.00038230451007067236	0.0030871183537789734
Immune::GSE17974_CTRL_VS_ACT_IL4_AND_ANTI_IL12_2H_CD4_TCELL_UP	120	42	0.0003831292654946922	0.0030876821593562387
Immune::GSE43863_NAIVE_VS_MEMORY_LY6C_INT_CXCR5POS_CD4_TCELL_D150_LCMV_UP	120	42	0.0003831292654946922	0.0030876821593562387
GO_BP::GOBP_EPIDERMAL_CELL_DIFFERENTIATION	51	22	0.00038487738176814194	0.0030972108761844227
Immune::NAKAYA_PLASMACYTOID_DENDRITIC_CELL_FLUARIX_FLUVIRIN_AGE_18_50YO_7DY_UP	142	48	0.00038511463589735836	0.0030972108761844227
GO_BP::GOBP_ERK1_AND_ERK2_CASCADE	95	35	0.0003854475149090149	0.0030972108761844227
GO_BP::GOBP_NEGATIVE_REGULATION_OF_CATALYTIC_ACTIVITY	214	67	0.00039129693027437936	0.0031411274677570393
GO_BP::GOBP_ACTIVATION_OF_INNATE_IMMUNE_RESPONSE	157	52	0.00039382673861043297	0.0031552426266732046
Immune::GSE21360_NAIVE_VS_QUATERNARY_MEMORY_CD8_TCELL_DN	157	52	0.00039382673861043297	0.0031552426266732046
Immune::GSE17186_NAIVE_VS_CD21HIGH_TRANSITIONAL_BCELL_CORD_BLOOD_DN	113	40	0.0004013905601640643	0.003206420685685592
Immune::GSE21670_IL6_VS_TGFB_AND_IL6_TREATED_STAT3_KO_CD4_TCELL_DN	113	40	0.0004013905601640643	0.003206420685685592
Immune::GSE43863_LY6C_INT_CXCR5POS_VS_LY6C_LOW_CXCR5NEG_EFFECTOR_CD4_TCELL_UP	113	40	0.0004013905601640643	0.003206420685685592
GO_BP::GOBP_CHROMATIN_REMODELING	381	109	0.00040495552853133873	0.003228485892569909
GO_BP::GOBP_CALCIUM_MEDIATED_SIGNALING	71	28	0.00040533679849257903	0.003228485892569909
GO_BP::GOBP_STRIATED_MUSCLE_TISSUE_DEVELOPMENT	71	28	0.00040533679849257903	0.003228485892569909
GO_BP::GOBP_CELL_MORPHOGENESIS_INVOLVED_IN_NEURON_DIFFERENTIATION	146	49	0.0004063262863067403	0.00323321889298554
GO_BP::GOBP_MULTI_MULTICELLULAR_ORGANISM_PROCESS	61	25	0.00041110710300770005	0.003268081732364418
GO_BP::GOBP_REGULATION_OF_LEUKOCYTE_CHEMOTAXIS	48	21	0.00041190916396699256	0.003271278603155339
Immune::NAKAYA_PBMC_FLUMIST_AGE_18_50YO_3DY_DN	550	150	0.0004130209491224861	0.0032769266380426156
Immune::GSE6259_33D1_POS_VS_DEC205_POS_SPLENIC_DC_UP	106	38	0.00041684667023683913	0.0033040753512958757
GO_BP::GOBP_RESPONSE_TO_OXYGEN_LEVELS	150	50	0.00042715141656219247	0.003382000457074673
GO_BP::GOBP_REGULATION_OF_TRANSFERASE_ACTIVITY	317	93	0.00042750470325369334	0.003382000457074673
GO_BP::GOBP_NEGATIVE_REGULATION_OF_VASCULATURE_DEVELOPMENT	24	13	0.0004298586597242114	0.0033973370401391783
GO_BP::GOBP_SECOND_MESSENGER_MEDIATED_SIGNALING	85	32	0.0004339368446515402	0.0034182375233628957
Immune::GSE14386_UNTREATED_VS_IFNA_TREATED_ACT_PBMC_MS_PATIENT_DN	85	32	0.0004339368446515402	0.0034182375233628957
GO_BP::GOBP_CIRCADIAN_RHYTHM	92	34	0.00043456731133534684	0.0034182375233628957
Immune::GSE20366_EX_VIVO_VS_DEC205_CONVERSION_DN	117	41	0.00043459254575762976	0.0034182375233628957
Immune::GSE7460_CD8_TCELL_VS_CD4_TCELL_ACT_UP	117	41	0.00043459254575762976	0.0034182375233628957
GO_BP::GOBP_ARTERY_MORPHOGENESIS	16	10	0.0004375451191557828	0.003421719956686714
GO_BP::GOBP_MONOCYTE_DIFFERENTIATION	16	10	0.0004375451191557828	0.003421719956686714
GO_BP::GOBP_MYOBLAST_FUSION	16	10	0.0004375451191557828	0.003421719956686714
GO_BP::GOBP_REGULATION_OF_LIPID_KINASE_ACTIVITY	16	10	0.0004375451191557828	0.003421719956686714
GO_BP::GOBP_REGULATION_OF_MYELOID_CELL_APOPTOTIC_PROCESS	16	10	0.0004375451191557828	0.003421719956686714
GO_BP::GOBP_THYMIC_T_CELL_SELECTION	16	10	0.0004375451191557828	0.003421719956686714
GO_BP::GOBP_ADENYLATE_CYCLASE_ACTIVATING_ADRENERGIC_RECEPTOR_SIGNALING_PATHWAY_INVOLVED_IN_HEART_PROCESS	5	5	0.0004468611886951009	0.0034812614509770715
GO_BP::GOBP_POSITIVE_REGULATION_OF_PHOSPHATIDYLINOSITOL_3_KINASE_ACTIVITY	5	5	0.0004468611886951009	0.0034812614509770715
GO_BP::GOBP_REGULATION_OF_T_CELL_ACTIVATION_VIA_T_CELL_RECEPTOR_CONTACT_WITH_ANTIGEN_BOUND_TO_MHC_MOLECULE_ON_ANTIGEN_PRESENTING_CELL	5	5	0.0004468611886951009	0.0034812614509770715
Reactome::REACTOME_CD163_MEDIATING_AN_ANTI_INFLAMMATORY_RESPONSE	5	5	0.0004468611886951009	0.0034812614509770715
Immune::GSE32986_UNSTIM_VS_GMCSF_AND_CURDLAN_LOWDOSE_STIM_DC_DN	154	51	0.0004475347764718137	0.0034831916950898534
GO_BP::GOBP_REGULATION_OF_SYNAPSE_STRUCTURE_OR_ACTIVITY	68	27	0.0004499154816175169	0.0034917473137486177
Immune::GSE14415_INDUCED_TREG_VS_FOXP3_KO_INDUCED_TREG_IL2_CULTURE_DN	68	27	0.0004499154816175169	0.0034917473137486177
GO_BP::GOBP_REGULATION_OF_NON_CANONICAL_NF_KAPPAB_SIGNAL_TRANSDUCTION	58	24	0.00045034149339911875	0.0034917473137486177
Immune::GSE4142_NAIVE_VS_MEMORY_BCELL_UP	58	24	0.00045034149339911875	0.0034917473137486177
Immune::GSE40274_HELIOS_VS_FOXP3_AND_HELIOS_TRANSDUCED_ACTIVATED_CD4_TCELL_UP	110	39	0.00045488576330667316	0.00352364161349298
GO_BP::GOBP_POSITIVE_REGULATION_OF_PROGRAMMED_CELL_DEATH	266	80	0.00046375260190471504	0.0035889274206060253
GO_BP::GOBP_SYNAPSE_ORGANIZATION	121	42	0.00046769770814852186	0.003609549189022498
GO_BP::GOBP_DIGESTIVE_SYSTEM_DEVELOPMENT	27	14	0.0004681823581360477	0.003609549189022498
GO_BP::GOBP_POSITIVE_REGULATION_OF_CD4_POSITIVE_ALPHA_BETA_T_CELL_ACTIVATION	27	14	0.0004681823581360477	0.003609549189022498
GO_BP::GOBP_T_HELPER_17_TYPE_IMMUNE_RESPONSE	27	14	0.0004681823581360477	0.003609549189022498
Immune::GSE36078_WT_VS_IL1R_KO_LUNG_DC_AFTER_AD5_INF_UP	103	37	0.0004717910389854214	0.003633946044162662
GO_BP::GOBP_REGULATION_OF_GROWTH	231	71	0.00048281724471727425	0.0037007186410666364
GO_BP::GOBP_VIRAL_GENOME_REPLICATION	96	35	0.0004839471565147623	0.0037007186410666364
GO_BP::GOBP_POSITIVE_REGULATION_OF_CATALYTIC_ACTIVITY	399	113	0.0004852634264819407	0.0037007186410666364
GO_BP::GOBP_ACTIN_FILAMENT_BASED_TRANSPORT	9	7	0.0004853208974051457	0.0037007186410666364
GO_BP::GOBP_CELL_JUNCTION_DISASSEMBLY	9	7	0.0004853208974051457	0.0037007186410666364
GO_BP::GOBP_ESTABLISHMENT_OF_LYMPHOCYTE_POLARITY	9	7	0.0004853208974051457	0.0037007186410666364
GO_BP::GOBP_LEUKOCYTE_AGGREGATION	9	7	0.0004853208974051457	0.0037007186410666364
GO_BP::GOBP_NEGATIVE_REGULATION_OF_MONONUCLEAR_CELL_MIGRATION	9	7	0.0004853208974051457	0.0037007186410666364
GO_BP::GOBP_NEGATIVE_REGULATION_OF_TRANSCRIPTION_BY_RNA_POLYMERASE_I	9	7	0.0004853208974051457	0.0037007186410666364
Immune::HOEK_MYELOID_DENDRITIC_CELL_2011_2012_TIV_ADULT_7DY_UP	9	7	0.0004853208974051457	0.0037007186410666364
Immune::GSE41867_DAY6_EFFECTOR_VS_DAY30_MEMORY_CD8_TCELL_LCMV_ARMSTRONG_UP	147	49	0.00048543656502011013	0.0037007186410666364
Immune::NAKAYA_MONOCYTE_FLUMIST_AGE_18_50YO_7DY_DN	162	53	0.00048678783982761747	0.0037063060448370077
Immune::GSE1460_DP_THYMOCYTE_VS_NAIVE_CD4_TCELL_CORD_BLOOD_DN	82	31	0.0004873472630188115	0.0037063060448370077
GO_BP::GOBP_REPRODUCTION	440	123	0.00048763976983162374	0.0037063060448370077
GO_BP::GOBP_ANTIGEN_PROCESSING_AND_PRESENTATION_OF_EXOGENOUS_ANTIGEN	30	15	0.0004893537119741555	0.0037063060448370077
Reactome::REACTOME_INTERLEUKIN_3_INTERLEUKIN_5_AND_GM_CSF_SIGNALING	30	15	0.0004893537119741555	0.0037063060448370077
Immune::GSE21033_CTRL_VS_POLYIC_STIM_DC_6H_DN	89	33	0.0004897457470456895	0.0037063060448370077
GO_BP::GOBP_RIBOSOME_ASSEMBLY	55	23	0.0004914857977633641	0.0037063060448370077
Reactome::REACTOME_EXTRACELLULAR_MATRIX_ORGANIZATION	55	23	0.0004914857977633641	0.0037063060448370077
GO_BP::GOBP_POSITIVE_REGULATION_OF_NON_CANONICAL_NF_KAPPAB_SIGNAL_TRANSDUCTION	36	17	0.0004920633946851207	0.0037063060448370077
GO_BP::GOBP_POSITIVE_REGULATION_OF_TRANSMEMBRANE_RECEPTOR_PROTEIN_SERINE_THREONINE_KINASE_SIGNALING_PATHWAY	36	17	0.0004920633946851207	0.0037063060448370077
GO_BP::GOBP_REGULATION_OF_GTPASE_ACTIVITY	114	40	0.0004929658895822328	0.0037063060448370077
Immune::GSE17580_UNINFECTED_VS_S_MANSONI_INF_TEFF_UP	114	40	0.0004929658895822328	0.0037063060448370077
Immune::GSE27786_LSK_VS_LIN_NEG_CELL_UP	114	40	0.0004929658895822328	0.0037063060448370077
Immune::GSE32986_UNSTIM_VS_GMCSF_STIM_DC_UP	114	40	0.0004929658895822328	0.0037063060448370077
Immune::GSE5679_CTRL_VS_PPARG_LIGAND_ROSIGLITAZONE_TREATED_DC_DN	114	40	0.0004929658895822328	0.0037063060448370077
GO_BP::GOBP_PLATELET_AGGREGATION	33	16	0.0004963119923812268	0.0037212026559839007
GO_BP::GOBP_POSITIVE_REGULATION_OF_SMOOTH_MUSCLE_CELL_PROLIFERATION	33	16	0.0004963119923812268	0.0037212026559839007
Immune::SCHERER_PBMC_APSV_WETVAX_AGE_18_32YO_2_TO_4DY_UP	33	16	0.0004963119923812268	0.0037212026559839007
Immune::GSE18281_PERIMEDULLARY_CORTICAL_REGION_VS_WHOLE_CORTEX_THYMUS_DN	65	26	0.0004984131738981243	0.003733534581031737
Immune::SCHERER_PBMC_APSV_WETVAX_AGE_18_32YO_5_TO_7DY_UP	185	59	0.0005061794701527118	0.0037882415973002586
GO_BP::GOBP_REGULATION_OF_CELL_CYCLE_G1_S_PHASE_TRANSITION	107	38	0.0005154816055476516	0.003843791735077292
Immune::GSE12845_NAIVE_VS_DARKZONE_GC_TONSIL_BCELL_UP	107	38	0.0005154816055476516	0.003843791735077292
Immune::GSE14769_UNSTIM_VS_120MIN_LPS_BMDM_DN	107	38	0.0005154816055476516	0.003843791735077292
Immune::GSE21678_WT_VS_FOXO1_FOXO3_KO_TREG_UP	107	38	0.0005154816055476516	0.003843791735077292
Immune::GSE5542_UNTREATED_VS_IFNG_TREATED_EPITHELIAL_CELLS_6H_DN	140	47	0.0005247503077585128	0.003909342001333912
GO_BP::GOBP_MESENCHYMAL_CELL_DIFFERENTIATION	72	28	0.0005299524333195929	0.003937339604499791
Immune::GSE26495_NAIVE_VS_PD1HIGH_CD8_TCELL_UP	72	28	0.0005299524333195929	0.003937339604499791
Immune::GSE3982_BCELL_VS_NKCELL_DN	72	28	0.0005299524333195929	0.003937339604499791
Immune::GSE37534_UNTREATED_VS_ROSIGLITAZONE_TREATED_CD4_TCELL_PPARG1_AND_FOXP3_TRASDUCED_DN	118	41	0.0005308948947171789	0.0039407624671384065
Immune::GSE26030_UNSTIM_VS_RESTIM_TH17_DAY5_POST_POLARIZATION_UP	100	36	0.0005339047977537298	0.003955925041327454
Immune::GSE3982_EOSINOPHIL_VS_NKCELL_UP	100	36	0.0005339047977537298	0.003955925041327454
Immune::HARALAMBIEVA_PBMC_FLUARIX_AGE_50_74YO_CORR_WITH_28D_MEM_B_CELL_RESPONSE_AT_28DY_POSITIVE	549	149	0.0005453638098883333	0.004017873380844453
GO_BP::GOBP_CELL_DIFFERENTIATION_INVOLVED_IN_EMBRYONIC_PLACENTA_DEVELOPMENT	7	6	0.0005457038295988005	0.004017873380844453
GO_BP::GOBP_CENTRAL_NERVOUS_SYSTEM_PROJECTION_NEURON_AXONOGENESIS	7	6	0.0005457038295988005	0.004017873380844453
GO_BP::GOBP_DENDRITIC_CELL_ANTIGEN_PROCESSING_AND_PRESENTATION	7	6	0.0005457038295988005	0.004017873380844453
GO_BP::GOBP_INTERLEUKIN_27_MEDIATED_SIGNALING_PATHWAY	7	6	0.0005457038295988005	0.004017873380844453
GO_BP::GOBP_MYOFIBROBLAST_DIFFERENTIATION	7	6	0.0005457038295988005	0.004017873380844453
GO_BP::GOBP_POSITIVE_REGULATION_OF_LIPID_KINASE_ACTIVITY	7	6	0.0005457038295988005	0.004017873380844453
Immune::GSE3982_NKCELL_VS_TH2_UP	86	32	0.0005516799746092918	0.004050935540667869
Immune::GSE42021_TCONV_PLN_VS_CD24HI_TCONV_THYMUS_DN	86	32	0.0005516799746092918	0.004050935540667869
Immune::GSE9006_TYPE_1_DIABETES_AT_DX_VS_1MONTH_POST_DX_PBMC_DN	86	32	0.0005516799746092918	0.004050935540667869
Immune::GSE14350_TREG_VS_TEFF_UP	159	52	0.0005531066857729308	0.004057769228361052
Immune::GSE15750_DAY6_VS_DAY10_TRAF6KO_EFF_CD8_TCELL_DN	111	39	0.0005591771758621711	0.004094959085543921
Immune::GSE5142_CTRL_VS_HTERT_TRANSDUCED_CD8_TCELL_EARLY_PASSAGE_CLONE_UP	111	39	0.0005591771758621711	0.004094959085543921
Immune::GSE12845_IGD_NEG_BLOOD_VS_NAIVE_TONSIL_BCELL_DN	133	45	0.0005650226876002918	0.004119327615481628
Immune::GSE13411_IGM_MEMORY_BCELL_VS_PLASMA_CELL_UP	133	45	0.0005650226876002918	0.004119327615481628
Immune::GSE13738_TCR_VS_BYSTANDER_ACTIVATED_CD4_TCELL_DN	133	45	0.0005650226876002918	0.004119327615481628
Immune::GSE22196_HEALTHY_VS_OBESE_MOUSE_SKIN_GAMMADELTA_TCELL_DN	133	45	0.0005650226876002918	0.004119327615481628
Immune::GSE34006_WT_VS_A2AR_KO_TREG_DN	133	45	0.0005650226876002918	0.004119327615481628
GO_BP::GOBP_REGULATORY_T_CELL_DIFFERENTIATION	19	11	0.0005658506501789473	0.004121690399344425
GO_BP::GOBP_REGULATION_OF_PROTEIN_SERINE_THREONINE_KINASE_ACTIVITY	122	42	0.000568499130539575	0.0041372979428947725
Immune::GSE17721_LPS_VS_PAM3CSK4_2H_BMDC_UP	104	37	0.000584114266820523	0.0042433878353391455
Immune::GSE29618_PDC_VS_MDC_DAY7_FLU_VACCINE_UP	104	37	0.000584114266820523	0.0042433878353391455
GO_BP::GOBP_TEMPERATURE_HOMEOSTASIS	69	27	0.0005907627077338777	0.00428787839331244
Immune::GSE29618_PRE_VS_DAY7_FLU_VACCINE_MDC_DN	115	40	0.000602651156146138	0.004362554386969388
Immune::GSE30083_SP3_VS_SP4_THYMOCYTE_DN	115	40	0.000602651156146138	0.004362554386969388
Immune::GSE360_L_DONOVANI_VS_M_TUBERCULOSIS_DC_DN	115	40	0.000602651156146138	0.004362554386969388
GO_BP::GOBP_FOREBRAIN_DEVELOPMENT	126	43	0.0006056230570942292	0.004372459494290199
GO_BP::GOBP_TRANSMEMBRANE_RECEPTOR_PROTEIN_SERINE_THREONINE_KINASE_SIGNALING_PATHWAY	126	43	0.0006056230570942292	0.004372459494290199
Immune::GSE14415_INDUCED_TREG_VS_FOXP3_KO_INDUCED_TREG_DN	126	43	0.0006056230570942292	0.004372459494290199
Immune::GSE17974_IL4_AND_ANTI_IL12_VS_UNTREATED_12H_ACT_CD4_TCELL_DN	59	24	0.0006073197121164541	0.004380842367824158
Immune::GSE3920_UNTREATED_VS_IFNG_TREATED_FIBROBLAST_DN	76	29	0.0006132572451542743	0.004419774683138295
Immune::GSE21546_WT_VS_SAP1A_KO_AND_ELK1_KO_DP_THYMOCYTES_DN	90	33	0.0006172109847867935	0.004440444903743158
Immune::GSE40274_FOXP3_VS_FOXP3_AND_GATA1_TRANSDUCED_ACTIVATED_CD4_TCELL_DN	90	33	0.0006172109847867935	0.004440444903743158
Immune::GSE43863_NAIVE_VS_TH1_EFF_CD4_TCELL_D6_LCMV_DN	46	20	0.0006202930390870108	0.004458696889043716
GO_BP::GOBP_EPIDERMIS_DEVELOPMENT	83	31	0.0006211333521108304	0.004460817225870581
GO_BP::GOBP_ACTIN_FILAMENT_ORGANIZATION	198	62	0.000632637091589573	0.004539448604563778
GO_BP::GOBP_FORMATION_OF_CYTOPLASMIC_TRANSLATION_INITIATION_COMPLEX	14	9	0.000642899866312923	0.00460500955029747
GO_BP::GOBP_REGULATION_OF_ESTABLISHMENT_OR_MAINTENANCE_OF_CELL_POLARITY	14	9	0.000642899866312923	0.00460500955029747
Immune::GSE44649_WT_VS_MIR155_KO_ACTIVATED_CD8_TCELL_UP	119	41	0.0006457000306844475	0.004621020342081172
Immune::GSE32164_ALTERNATIVELY_ACT_M2_VS_CMYC_INHIBITED_MACROPHAGE_UP	145	48	0.0006569909708560211	0.0046932691753893
GO_BP::GOBP_LEUKOCYTE_HOMEOSTASIS	66	26	0.000657516683984858	0.0046932691753893
Reactome::REACTOME_CDC42_GTPASE_CYCLE	66	26	0.000657516683984858	0.0046932691753893
GO_BP::GOBP_CORTICAL_ACTIN_CYTOSKELETON_ORGANIZATION	22	12	0.0006602136005377046	0.004700026980645226
GO_BP::GOBP_POST_EMBRYONIC_DEVELOPMENT	43	19	0.0006615390781254632	0.004700026980645226
Immune::GSE2706_UNSTIM_VS_8H_LPS_AND_R848_DC_DN	101	36	0.000661841577422897	0.004700026980645226
Immune::GSE3982_MAST_CELL_VS_NEUTROPHIL_DN	101	36	0.000661841577422897	0.004700026980645226
Immune::GSE7768_OVA_ALONE_VS_OVA_WITH_LPS_IMMUNIZED_MOUSE_WHOLE_SPLEEN_6H_DN	101	36	0.000661841577422897	0.004700026980645226
Immune::FOURATI_BLOOD_TWINRIX_AGE_25_83YO_RESPONDERS_VS_POOR_RESPONDERS_0DY_DN	253	76	0.0006619108901837775	0.004700026980645226
Immune::GSE27859_CD11C_INT_F480_HI_MACROPHAGE_VS_CD11C_ING_F480_INT_DC_DN	134	45	0.0006778942233090532	0.004805177423455854
Immune::GSE34156_NOD2_LIGAND_VS_TLR1_TLR2_LIGAND_6H_TREATED_MONOCYTE_UP	134	45	0.0006778942233090532	0.004805177423455854
Immune::GSE360_CTRL_VS_L_MAJOR_DC_DN	94	34	0.0006834263004807346	0.0048368109795543296
Immune::GSE2770_IL12_VS_IL4_TREATED_ACT_CD4_TCELL_48H_DN	112	39	0.0006841308439296284	0.0048368109795543296
Immune::GSE360_L_MAJOR_VS_B_MALAYI_LOW_DOSE_DC_UP	112	39	0.0006841308439296284	0.0048368109795543296
Immune::GSE17301_IFNA2_VS_IFNA5_STIM_ACD3_ACD28_ACT_CD8_TCELL_UP	149	49	0.0006860499227223004	0.004844454120904622
GO_BP::GOBP_CELL_MATRIX_ADHESION	73	28	0.0006869886039424646	0.004844454120904622
Immune::GSE11057_NAIVE_VS_MEMORY_CD4_TCELL_UP	73	28	0.0006869886039424646	0.004844454120904622
GO_BP::GOBP_CELLULAR_RESPONSE_TO_PEPTIDE	168	54	0.00069808781209314	0.004900890302317888
GO_BP::GOBP_CONNECTIVE_TISSUE_DEVELOPMENT	80	30	0.0006989372564101507	0.004900890302317888
Immune::GSE9601_NFKB_INHIBITOR_VS_PI3K_INHIBITOR_TREATED_HCMV_INF_MONOCYTE_DN	80	30	0.0006989372564101507	0.004900890302317888
GO_BP::GOBP_LEARNING	40	18	0.0006991856947194346	0.004900890302317888
GO_BP::GOBP_POSITIVE_REGULATION_OF_TYPE_II_INTERFERON_PRODUCTION	40	18	0.0006991856947194346	0.004900890302317888
GO_BP::GOBP_REGULATION_OF_LYMPHOCYTE_MIGRATION	40	18	0.0006991856947194346	0.004900890302317888
GO_BP::GOBP_T_CELL_MIGRATION	40	18	0.0006991856947194346	0.004900890302317888
Immune::GSE10325_MYELOID_VS_LUPUS_MYELOID_DN	153	50	0.0007142033119285875	0.004997590326412186
Immune::GSE35685_CD34POS_CD38NEG_VS_CD34POS_CD10NEG_CD62LPOS_BONE_MARROW_UP	153	50	0.0007142033119285875	0.004997590326412186
Immune::GSE24634_TREG_VS_TCONV_POST_DAY5_IL4_CONVERSION_DN	105	37	0.0007194640969416506	0.005025803853956193
Immune::GSE5455_HEALTHY_VS_TUMOR_BEARING_MOUSE_SPLEEN_MONOCYTE_DN	105	37	0.0007194640969416506	0.005025803853956193
GO_BP::GOBP_CARDIAC_CHAMBER_MORPHOGENESIS	25	13	0.0007212720523549343	0.005029842615740293
GO_BP::GOBP_REGULATION_OF_NITRIC_OXIDE_METABOLIC_PROCESS	25	13	0.0007212720523549343	0.005029842615740293
Immune::GSE43863_DAY6_EFF_VS_DAY150_MEM_TFH_CD4_TCELL_UP	127	43	0.0007298194644073527	0.005080936458636858
GO_BP::GOBP_INTERLEUKIN_2_PRODUCTION	37	17	0.0007307618821585428	0.005080936458636858
GO_BP::GOBP_REGULATION_OF_CELL_SHAPE	53	22	0.000731083399977455	0.005080936458636858
Immune::GSE21774_CD62L_POS_CD56_BRIGHT_VS_CD62L_NEG_CD56_DIM_NK_CELL_UP	53	22	0.000731083399977455	0.005080936458636858
GO_BP::GOBP_MAINTENANCE_OF_LOCATION_IN_CELL	116	40	0.0007334318635523712	0.005092930937061458
GO_BP::GOBP_CHEMOKINE_PRODUCTION	34	16	0.0007530990877170089	0.005214136467675414
GO_BP::GOBP_ADENYLATE_CYCLASE_ACTIVATING_G_PROTEIN_COUPLED_RECEPTOR_SIGNALING_PATHWAY	28	14	0.0007534363453291369	0.005214136467675414
GO_BP::GOBP_MUSCLE_CELL_MIGRATION	28	14	0.0007534363453291369	0.005214136467675414
Reactome::REACTOME_TGF_BETA_RECEPTOR_SIGNALING_ACTIVATES_SMADS	28	14	0.0007534363453291369	0.005214136467675414
GO_BP::GOBP_POSITIVE_REGULATION_OF_CELL_GROWTH	70	27	0.0007687587915617818	0.005315677865575127
Immune::GSE41867_NAIVE_VS_DAY15_LCMV_EFFECTOR_CD8_TCELL_DN	131	44	0.0007705909346672267	0.005323846153359725
GO_BP::GOBP_POSITIVE_REGULATION_OF_GROWTH	91	33	0.0007730215567938072	0.005331632659842616
Immune::GSE1791_CTRL_VS_NEUROMEDINU_IN_T_CELL_LINE_3H_UP	91	33	0.0007730215567938072	0.005331632659842616
Immune::GSE40666_UNTREATED_VS_IFNA_STIM_EFFECTOR_CD8_TCELL_90MIN_UP	109	38	0.0007766577673563231	0.0053476940546925275
Immune::GSE43863_DAY6_EFF_VS_DAY150_MEM_TH1_CD4_TCELL_DN	109	38	0.0007766577673563231	0.0053476940546925275
GO_BP::GOBP_RESPONSE_TO_PEPTIDE_HORMONE	184	58	0.0007783233679936403	0.005354655298728324
GO_BP::GOBP_NON_CANONICAL_NF_KAPPAB_SIGNAL_TRANSDUCTION	77	29	0.0007859911347674399	0.005399521552664066
Immune::GSE3982_EFF_MEMORY_CD4_TCELL_VS_TH1_UP	84	31	0.0007861650573622131	0.005399521552664066
GO_BP::GOBP_POSITIVE_REGULATION_OF_CHEMOTAXIS	50	21	0.0007973941089191815	0.005467463378842334
Immune::GSE6259_DEC205_POS_DC_VS_CD8_TCELL_DN	50	21	0.0007973941089191815	0.005467463378842334
GO_BP::GOBP_VASCULAR_PROCESS_IN_CIRCULATORY_SYSTEM	60	24	0.0008099053046923254	0.005542269048779135
Immune::GSE2770_TGFB_AND_IL4_ACT_VS_ACT_CD4_TCELL_2H_UP	135	45	0.0008103366482078052	0.005542269048779135
Immune::GSE31082_DN_VS_CD4_SP_THYMOCYTE_DN	135	45	0.0008103366482078052	0.005542269048779135
Immune::GSE3982_CENT_MEMORY_CD4_TCELL_VS_TH1_UP	102	36	0.0008160864526666129	0.0055769316481310725
GO_BP::GOBP_REGULATION_OF_DNA_BINDING_TRANSCRIPTION_FACTOR_ACTIVITY	196	61	0.0008286941512694285	0.005658362401822976
GO_BP::GOBP_AXON_DEVELOPMENT	124	42	0.0008295635132908348	0.005659574260816538
Immune::GSE3982_DC_VS_NEUTROPHIL_DN	113	39	0.0008331426151033727	0.005669805816593668
Immune::GSE42724_NAIVE_VS_B1_BCELL_UP	113	39	0.0008331426151033727	0.005669805816593668
Immune::GSE5679_CTRL_VS_RARA_AGONIST_AM580_TREATED_DC_DN	113	39	0.0008331426151033727	0.005669805816593668
Immune::GSE17186_BLOOD_VS_CORD_BLOOD_CD21LOW_TRANSITIONAL_BCELL_UP	154	50	0.0008424093385904985	0.005728103399559667
GO_BP::GOBP_REGULATION_OF_LIPID_METABOLIC_PROCESS	139	46	0.0008489537511419788	0.0057524958644159675
Immune::GSE2770_UNTREATED_VS_IL12_TREATED_ACT_CD4_TCELL_2H_UP	139	46	0.0008489537511419788	0.0057524958644159675
Immune::GSE46606_UNSTIM_VS_CD40L_IL2_IL5_1DAY_STIMULATED_IRF4MID_SORTED_BCELL_UP	139	46	0.0008489537511419788	0.0057524958644159675
Immune::GSE15330_HSC_VS_MEGAKARYOCYTE_ERYTHROID_PROGENITOR_DN	95	34	0.0008495128367010377	0.0057524958644159675
Immune::GSE16451_CTRL_VS_WEST_EQUINE_ENC_VIRUS_MATURE_NEURON_CELL_LINE_DN	95	34	0.0008495128367010377	0.0057524958644159675
Immune::GSE26495_PD1HIGH_VS_PD1LOW_CD8_TCELL_DN	67	26	0.0008592119506236273	0.005800120142361306
Immune::GSE9946_IMMATURE_VS_PROSTAGLANDINE2_TREATED_MATURE_DC_UP	67	26	0.0008592119506236273	0.005800120142361306
GO_BP::GOBP_EPIBOLY	17	10	0.0008593821042227265	0.005800120142361306
GO_BP::GOBP_REGULATION_OF_B_CELL_DIFFERENTIATION	17	10	0.0008593821042227265	0.005800120142361306
GO_BP::GOBP_NEUTROPHIL_MIGRATION	47	20	0.0008654339368903158	0.00583614971456124
Immune::GSE32255_WT_UNSTIM_VS_JMJD2D_KNOCKDOWN_4H_LPS_STIM_DC_UP	128	43	0.0008760497830660373	0.005898014177349946
Immune::GSE6875_WT_VS_FOXP3_KO_TREG_UP	128	43	0.0008760497830660373	0.005898014177349946
GO_BP::GOBP_DEVELOPMENTAL_CELL_GROWTH	74	28	0.0008832599366249969	0.005936784126205814
Immune::GSE6259_33D1_POS_DC_VS_CD4_TCELL_DN	74	28	0.0008832599366249969	0.005936784126205814
GO_BP::GOBP_RESPONSE_TO_MOLECULE_OF_BACTERIAL_ORIGIN	143	47	0.0008863556110011163	0.0059487280629959005
Immune::GSE20366_EX_VIVO_VS_DEC205_CONVERSION_NAIVE_CD4_TCELL_DN	81	30	0.0008867571604435456	0.0059487280629959005
GO_BP::GOBP_REGULATION_OF_BODY_FLUID_LEVELS	117	40	0.000888673067601588	0.0059487280629959005
Immune::GSE39382_IL3_VS_IL3_IL33_TREATED_MAST_CELL_DN	117	40	0.000888673067601588	0.0059487280629959005
Immune::GSE7568_CTRL_VS_3H_TGFB_TREATED_MACROPHAGES_WITH_IL4_AND_DEXAMETHASONE_DN	117	40	0.000888673067601588	0.0059487280629959005
GO_BP::GOBP_CELLULAR_RESPONSE_TO_ORGANIC_CYCLIC_COMPOUND	220	67	0.0009046931424833908	0.006051013822987847
GO_BP::GOBP_SMALL_GTPASE_MEDIATED_SIGNAL_TRANSDUCTION	224	68	0.0009143025496931159	0.006110289915432752
Immune::GSE41978_ID2_KO_VS_BIM_KO_KLRG1_LOW_EFFECTOR_CD8_TCELL_UP	132	44	0.0009212929054950971	0.006151980381183587
Immune::GSE7852_LN_VS_FAT_TREG_DN	99	35	0.0009256801328741312	0.006176234491770304
GO_BP::GOBP_CENTRAL_NERVOUS_SYSTEM_NEURON_AXONOGENESIS	12	8	0.0009314516204102959	0.006194531914598553
GO_BP::GOBP_IMMUNOLOGICAL_SYNAPSE_FORMATION	12	8	0.0009314516204102959	0.006194531914598553
GO_BP::GOBP_REGULATION_OF_KERATINOCYTE_DIFFERENTIATION	12	8	0.0009314516204102959	0.006194531914598553
Reactome::REACTOME_NEPHRIN_FAMILY_INTERACTIONS	12	8	0.0009314516204102959	0.006194531914598553
Immune::GSE20366_TREG_VS_NAIVE_CD4_TCELL_HOMEOSTATIC_CONVERSION_DN	110	38	0.0009464818806047496	0.006289375940980384
Immune::GSE10211_UV_INACT_SENDAI_VS_LIVE_SENDAI_VIRUS_TRACHEAL_EPITHELIAL_CELLS_UP	92	33	0.0009623264737451503	0.006384290799055417
Immune::GSE13547_WT_VS_ZFX_KO_BCELL_ANTI_IGM_STIM_12H_DN	92	33	0.0009623264737451503	0.006384290799055417
Immune::GSE17721_CTRL_VS_PAM3CSK4_24H_BMDC_UP	136	45	0.0009651772291479638	0.0063876615974355535
Immune::GSE37416_0H_VS_24H_F_TULARENSIS_LVS_NEUTROPHIL_UP	136	45	0.0009651772291479638	0.0063876615974355535
Immune::GSE7568_IL4_VS_IL4_AND_TGFB_TREATED_MACROPHAGE_24H_UP	136	45	0.0009651772291479638	0.0063876615974355535
GO_BP::GOBP_EPITHELIAL_CELL_APOPTOTIC_PROCESS	54	22	0.0009880183544319456	0.006528263440430788
GO_BP::GOBP_REGULATION_OF_LEUKOCYTE_APOPTOTIC_PROCESS	54	22	0.0009880183544319456	0.006528263440430788
GO_BP::GOBP_CELL_FATE_COMMITMENT	71	27	0.0009917677418542462	0.006542467845457849
GO_BP::GOBP_ESTABLISHMENT_OF_CELL_POLARITY	71	27	0.0009917677418542462	0.006542467845457849
GO_BP::GOBP_MACROPHAGE_ACTIVATION	41	18	0.0010001462710764338	0.006572104821030897
GO_BP::GOBP_POSITIVE_REGULATION_OF_MONONUCLEAR_CELL_MIGRATION	41	18	0.0010001462710764338	0.006572104821030897
GO_BP::GOBP_RESPONSE_TO_BMP	41	18	0.0010001462710764338	0.006572104821030897
Immune::GSE10147_IL3_VS_IL3_AND_HIVP17_STIM_PDC_DN	41	18	0.0010001462710764338	0.006572104821030897
GO_BP::GOBP_CELL_JUNCTION_ASSEMBLY	103	36	0.0010010810033012835	0.006572104821030897
Immune::GSE15735_CTRL_VS_HDAC_INHIBITOR_TREATED_CD4_TCELL_2H_DN	103	36	0.0010010810033012835	0.006572104821030897
Immune::GSE24026_PD1_LIGATION_VS_CTRL_IN_ACT_TCELL_LINE_UP	140	46	0.0010076065000317596	0.00660964007238155
Immune::GSE360_LOW_DOSE_B_MALAYI_VS_M_TUBERCULOSIS_DC_DN	114	39	0.0010100345123743657	0.006620258262197365
GO_BP::GOBP_ACTIN_MEDIATED_CELL_CONTRACTION	20	11	0.0010155281152901816	0.006645615986458948
GO_BP::GOBP_FC_RECEPTOR_MEDIATED_STIMULATORY_SIGNALING_PATHWAY	20	11	0.0010155281152901816	0.006645615986458948
Immune::GSE22886_UNSTIM_VS_IL15_STIM_NKCELL_UP	96	34	0.001049984338738674	0.006860121318596129
Immune::GSE24634_TEFF_VS_TCONV_DAY3_IN_CULTURE_DN	96	34	0.001049984338738674	0.006860121318596129
GO_BP::GOBP_HOMOTYPIC_CELL_CELL_ADHESION	38	17	0.0010618075975939946	0.006920785775552889
GO_BP::GOBP_REGULATION_OF_EPITHELIAL_CELL_APOPTOTIC_PROCESS	38	17	0.0010618075975939946	0.006920785775552889
GO_BP::GOBP_REGULATION_OF_PHOSPHATASE_ACTIVITY	38	17	0.0010618075975939946	0.006920785775552889
Immune::GSE3982_BCELL_VS_EFF_MEMORY_CD4_TCELL_DN	61	24	0.0010685852192985682	0.006959416476005007
Immune::GSE29618_MONOCYTE_VS_PDC_DAY7_FLU_VACCINE_DN	118	40	0.0010721490536961574	0.0069715256432707215
Immune::GSE35825_UNTREATED_VS_IFNG_STIM_MACROPHAGE_DN	118	40	0.0010721490536961574	0.0069715256432707215
Reactome::REACTOME_CELL_CELL_COMMUNICATION	51	21	0.0010861558179249087	0.0070569933205923375
Immune::GSE37605_C57BL6_VS_NOD_FOXP3_FUSION_GFP_TREG_DN	89	32	0.0010900135989155143	0.007076437491372149
Immune::GSE17580_TREG_VS_TEFF_S_MANSONI_INF_DN	133	44	0.0010974264963644384	0.007118912561666221
GO_BP::GOBP_ADAPTIVE_THERMOGENESIS	68	26	0.0011125859552464578	0.007208634834044813
GO_BP::GOBP_CELL_CELL_RECOGNITION	23	12	0.0011134855293306934	0.007208634834044813
GO_BP::GOBP_CELL_CELL_JUNCTION_ASSEMBLY	35	16	0.0011147827707905487	0.007208634834044813
Immune::GSE40666_UNTREATED_VS_IFNA_STIM_CD8_TCELL_90MIN_UP	35	16	0.0011147827707905487	0.007208634834044813
Immune::GSE4590_SMALL_VS_LARGE_PRE_BCELL_UP	82	30	0.0011171859474193532	0.0072184684438312075
GO_BP::GOBP_REGULATION_OF_B_CELL_ACTIVATION	75	28	0.0011266303851666134	0.0072680098979991305
Immune::GSE360_L_MAJOR_VS_B_MALAYI_HIGH_DOSE_MAC_UP	75	28	0.0011266303851666134	0.0072680098979991305
Immune::GSE2770_UNTREATED_VS_ACT_CD4_TCELL_2H_UP	122	41	0.0011326163341677403	0.007300868095738468
GO_BP::GOBP_TRANSLATIONAL_INITIATION	100	35	0.0011366360825543476	0.007309499335923398
Immune::GSE2706_2H_VS_8H_R848_AND_LPS_STIM_DC_DN	100	35	0.0011366360825543476	0.007309499335923398
Immune::GSE360_L_DONOVANI_VS_M_TUBERCULOSIS_MAC_DN	100	35	0.0011366360825543476	0.007309499335923398
Immune::GSE22601_IMMATURE_CD4_SINGLE_POSITIVE_VS_CD8_SINGLE_POSITIVE_THYMOCYTE_DN	137	45	0.0011455562612923353	0.007355298443776533
Immune::GSE3982_EOSINOPHIL_VS_CENT_MEMORY_CD4_TCELL_DN	137	45	0.0011455562612923353	0.007355298443776533
GO_BP::GOBP_SIGNAL_TRANSDUCTION_BY_P53_CLASS_MEDIATOR	111	38	0.0011480925488269132	0.007365801607375804
GO_BP::GOBP_REGULATION_OF_B_CELL_PROLIFERATION	32	15	0.001153898566473611	0.0073856731406526915
GO_BP::GOBP_REGULATION_OF_OSTEOCLAST_DIFFERENTIATION	32	15	0.001153898566473611	0.0073856731406526915
GO_BP::GOBP_T_CELL_SELECTION	32	15	0.001153898566473611	0.0073856731406526915
GO_BP::GOBP_POSITIVE_REGULATION_OF_SMALL_GTPASE_MEDIATED_SIGNAL_TRANSDUCTION	26	13	0.0011622940673143886	0.007427785523931014
GO_BP::GOBP_VASCULAR_ASSOCIATED_SMOOTH_MUSCLE_CELL_PROLIFERATION	26	13	0.0011622940673143886	0.007427785523931014
GO_BP::GOBP_CYTOKINE_PRODUCTION_INVOLVED_IN_IMMUNE_RESPONSE	58	23	0.0011885173821385914	0.007577383093612629
Immune::GSE21360_NAIVE_VS_PRIMARY_MEMORY_CD8_TCELL_DN	93	33	0.001190970050141193	0.007577383093612629
Immune::GSE3982_BCELL_VS_BASOPHIL_DN	93	33	0.001190970050141193	0.007577383093612629
Immune::KAECH_DAY15_EFF_VS_MEMORY_CD8_TCELL_UP	93	33	0.001190970050141193	0.007577383093612629
Immune::GSE3982_DC_VS_CENT_MEMORY_CD4_TCELL_DN	126	42	0.0011912609606828657	0.007577383093612629
Immune::GSE3982_MAC_VS_BCELL_DN	126	42	0.0011912609606828657	0.007577383093612629
Immune::GSE16266_CTRL_VS_LPS_STIM_MEF_UP	104	36	0.0012218280990852143	0.00775974677835175
Immune::GSE40274_CTRL_VS_SATB1_TRANSDUCED_ACTIVATED_CD4_TCELL_UP	104	36	0.0012218280990852143	0.00775974677835175
Immune::GSE13306_TREG_VS_TCONV_LAMINA_PROPRIA_DN	86	31	0.0012345046006669435	0.007828098940663254
Immune::GSE32034_LY6C_HIGH_VS_LOW_MONOCYTE_UP	86	31	0.0012345046006669435	0.007828098940663254
Immune::GSE13946_CTRL_VS_DSS_COLITIS_GD_TCELL_FROM_COLON_UP	130	43	0.0012479382347800939	0.007901033096363135
Immune::GSE14415_ACT_VS_CTRL_NATURAL_TREG_DN	130	43	0.0012479382347800939	0.007901033096363135
Reactome::REACTOME_CHROMATIN_MODIFYING_ENZYMES	168	53	0.0012590875801032145	0.00796545738998012
GO_BP::GOBP_EPITHELIAL_CELL_DIFFERENTIATION	199	61	0.001261848106384663	0.007974274800221358
GO_BP::GOBP_HEMOSTASIS	79	29	0.001262431034998369	0.007974274800221358
Immune::GSE10211_UV_INACT_SENDAI_VS_LIVE_SENDAI_VIRUS_TRACHEAL_EPITHELIAL_CELLS_DN	72	27	0.0012688569269750391	0.008008680295259122
GO_BP::GOBP_REGULATION_OF_METAL_ION_TRANSPORT	119	40	0.0012880726096514527	0.008123696181147944
Immune::GSE28130_ACTIVATED_VS_INDUCEED_TREG_UP	97	34	0.0012906169945119653	0.008127210943116149
Immune::GSE30083_SP1_VS_SP3_THYMOCYTE_DN	97	34	0.0012906169945119653	0.008127210943116149
GO_BP::GOBP_MYELOID_DENDRITIC_CELL_ACTIVATION	15	9	0.001302764526699004	0.008165987607967704
GO_BP::GOBP_PEPTIDE_ANTIGEN_ASSEMBLY_WITH_MHC_PROTEIN_COMPLEX	15	9	0.001302764526699004	0.008165987607967704
GO_BP::GOBP_POSITIVE_REGULATION_OF_INTERLEUKIN_12_PRODUCTION	15	9	0.001302764526699004	0.008165987607967704
GO_BP::GOBP_RESPONSE_TO_LECTIN	15	9	0.001302764526699004	0.008165987607967704
GO_BP::GOBP_RIBOSOMAL_SMALL_SUBUNIT_ASSEMBLY	15	9	0.001302764526699004	0.008165987607967704
GO_BP::GOBP_T_HELPER_1_CELL_DIFFERENTIATION	15	9	0.001302764526699004	0.008165987607967704
GO_BP::GOBP_REGULATION_OF_VIRAL_PROCESS	108	37	0.0013051727766275703	0.00816856412610063
Immune::GSE12392_WT_VS_IFNAR_KO_CD8A_NEG_SPLEEN_DC_UP	108	37	0.0013051727766275703	0.00816856412610063
GO_BP::GOBP_CD40_SIGNALING_PATHWAY	10	7	0.0013179634941229746	0.008200012623673737
GO_BP::GOBP_DEFINITIVE_HEMOPOIESIS	10	7	0.0013179634941229746	0.008200012623673737
GO_BP::GOBP_NEGATIVE_REGULATION_OF_BIOMINERAL_TISSUE_DEVELOPMENT	10	7	0.0013179634941229746	0.008200012623673737
GO_BP::GOBP_NEGATIVE_T_CELL_SELECTION	10	7	0.0013179634941229746	0.008200012623673737
GO_BP::GOBP_POSITIVE_REGULATION_OF_CD4_POSITIVE_ALPHA_BETA_T_CELL_PROLIFERATION	10	7	0.0013179634941229746	0.008200012623673737
GO_BP::GOBP_REGULATION_OF_CARDIAC_MUSCLE_CELL_PROLIFERATION	10	7	0.0013179634941229746	0.008200012623673737
GO_BP::GOBP_SARCOMERE_ORGANIZATION	10	7	0.0013179634941229746	0.008200012623673737
GO_BP::GOBP_PEPTIDYL_THREONINE_MODIFICATION	55	22	0.001319040058877668	0.008200012623673737
Immune::QI_PBMC_ZOSTAVAX_AGE_50_75YO_CORRELATED_WITH_CONTRACTION_OF_VZV_SPECIFIC_T_CELLS_PEAK_TO_28DYAT_1DY_NEGATIVE	153	49	0.0013192196348110804	0.008200012623673737
Immune::GSE10239_NAIVE_VS_MEMORY_CD8_TCELL_DN	90	32	0.0013508702136072232	0.008364964683805516
Immune::GSE1112_HY_CD8AB_VS_HY_CD8AA_THYMOCYTE_RTOC_CULTURE_UP	90	32	0.0013508702136072232	0.008364964683805516
Immune::GSE17721_CTRL_VS_LPS_1H_BMDC_DN	90	32	0.0013508702136072232	0.008364964683805516
Immune::GSE38304_MYC_NEG_VS_POS_GC_BCELL_UP	90	32	0.0013508702136072232	0.008364964683805516
Immune::GSE9037_CTRL_VS_LPS_1H_STIM_BMDM_DN	90	32	0.0013508702136072232	0.008364964683805516
Immune::GSE27859_DC_VS_CD11C_INT_F480_INT_DC_UP	123	41	0.001354853155540243	0.00838328200629288
Immune::GSE22140_GERMFREE_VS_SPF_ARTHRITIC_MOUSE_CD4_TCELL_UP	112	38	0.001386343154044438	0.008565071016369294
Immune::GSE39152_CD103_NEG_VS_POS_MEMORY_CD8_TCELL_UP	112	38	0.001386343154044438	0.008565071016369294
Immune::GSE13522_WT_VS_IFNAR_KO_SKIN_DN	101	35	0.0013884210473967828	0.008565071016369294
Immune::GSE23114_PERITONEAL_CAVITY_B1A_BCELL_VS_SPLEEN_BCELL_IN_SLE2C1_MOUSE_UP	101	35	0.0013884210473967828	0.008565071016369294
Reactome::REACTOME_DDX58_IFIH1_MEDIATED_INDUCTION_OF_INTERFERON_ALPHA_BETA	62	24	0.0013955481725344565	0.008598043730073737
Immune::GSE21360_NAIVE_VS_SECONDARY_MEMORY_CD8_TCELL_UP	83	30	0.0013979704353298374	0.008598043730073737
Immune::GSE22589_SIV_VS_HIV_AND_SIV_INFECTED_DC_UP	83	30	0.0013979704353298374	0.008598043730073737
Immune::GSE3982_EFF_MEMORY_CD4_TCELL_VS_TH2_UP	83	30	0.0013979704353298374	0.008598043730073737
Immune::GSE17974_0H_VS_2H_IN_VITRO_ACT_CD4_TCELL_UP	127	42	0.0014192673470778256	0.008709382519952447
Immune::GSE24142_DN2_VS_DN3_THYMOCYTE_ADULT_DN	127	42	0.0014192673470778256	0.008709382519952447
Immune::GSE25088_WT_VS_STAT6_KO_MACROPHAGE_ROSIGLITAZONE_STIM_UP	127	42	0.0014192673470778256	0.008709382519952447
Immune::GSE14415_NATURAL_TREG_VS_FOXP3_KO_NATURAL_TREG_UP	76	28	0.0014260980501738124	0.008738188801814073
Immune::GSE30971_CTRL_VS_LPS_STIM_MACROPHAGE_WBP7_KO_4H_UP	76	28	0.0014260980501738124	0.008738188801814073
GO_BP::GOBP_DEVELOPMENTAL_GROWTH_INVOLVED_IN_MORPHOGENESIS	69	26	0.0014281069886261562	0.008743948478264938
GO_BP::GOBP_POSITIVE_REGULATION_OF_PROTEIN_MODIFICATION_PROCESS	369	103	0.00145200753449651	0.00888300869138256
GO_BP::GOBP_NEGATIVE_REGULATION_OF_DEFENSE_RESPONSE	146	47	0.0014529909081992499	0.00888300869138256
GO_BP::GOBP_POSITIVE_REGULATION_OF_SMALL_MOLECULE_METABOLIC_PROCESS	52	21	0.0014601595952390054	0.008913511558996317
GO_BP::GOBP_RESPONSE_TO_LEUKEMIA_INHIBITORY_FACTOR	52	21	0.0014601595952390054	0.008913511558996317
Immune::GSE9316_IL6_KO_VS_IFNG_KO_INVIVO_EXPANDED_CD4_TCELL_DN	116	39	0.0014650674164558574	0.008919747699585237
Immune::GSE17721_CTRL_VS_POLYIC_2H_BMDC_DN	94	33	0.0014655428983181612	0.008919747699585237
Immune::GSE28726_NAIVE_CD4_TCELL_VS_NAIVE_NKTCELL_DN	94	33	0.0014655428983181612	0.008919747699585237
Immune::GSE7568_IL4_VS_IL4_AND_DEXAMETHASONE_TREATED_MACROPHAGE_DN	94	33	0.0014655428983181612	0.008919747699585237
Immune::GSE29618_MONOCYTE_VS_PDC_UP	105	36	0.0014839310567253362	0.009024948731608366
Immune::GSE41867_NAIVE_VS_DAY8_LCMV_EFFECTOR_CD8_TCELL_DN	150	48	0.0014985346059628497	0.009106993370561747
GO_BP::GOBP_POSITIVE_REGULATION_OF_LEUKOCYTE_CHEMOTAXIS	39	17	0.0015118876400464863	0.009174511050133722
GO_BP::GOBP_REGULATION_OF_CYCLIN_DEPENDENT_PROTEIN_KINASE_ACTIVITY	39	17	0.0015118876400464863	0.009174511050133722
Immune::GSE19941_IL10_KO_VS_IL10_KO_AND_NFKBP50_KO_UNSTIM_MACROPHAGE_DN	87	31	0.001532213554116473	0.009284079164942775
Immune::GSE21380_NON_TFH_VS_TFH_CD4_TCELL_UP	87	31	0.001532213554116473	0.009284079164942775
Immune::NAKAYA_B_CELL_FLUMIST_AGE_18_50YO_7DY_DN	280	81	0.0015378677018397311	0.009311441747630645
Immune::GSE9960_GRAM_POS_VS_GRAM_NEG_AND_POS_SEPSIS_PBMC_UP	154	49	0.001541731106380685	0.00932792932706657
GO_BP::GOBP_POSITIVE_REGULATION_OF_LEUKOCYTE_MIGRATION	59	23	0.0015598381157638467	0.009423541940139044
Immune::GSE18791_CTRL_VS_NEWCASTLE_VIRUS_DC_1H_DN	59	23	0.0015598381157638467	0.009423541940139044
GO_BP::GOBP_CELLULAR_RESPONSE_TO_VASCULAR_ENDOTHELIAL_GROWTH_FACTOR_STIMULUS	18	10	0.0015646702123955345	0.009424891264650568
GO_BP::GOBP_POSITIVE_REGULATION_OF_ALPHA_BETA_T_CELL_PROLIFERATION	18	10	0.0015646702123955345	0.009424891264650568
GO_BP::GOBP_POSITIVE_REGULATION_OF_NATURAL_KILLER_CELL_MEDIATED_IMMUNITY	18	10	0.0015646702123955345	0.009424891264650568
Immune::LI_PBMC_MENOMUNE_A_C_Y_W_135_AGE_18_45YO_CORRELATED_WITH_ANTIBODY_RESPONSE_3DY_POSITIVE	18	10	0.0015646702123955345	0.009424891264650568
Immune::GSE12366_NAIVE_VS_MEMORY_BCELL_DN	109	37	0.0015767707675030714	0.009490790933167861
GO_BP::GOBP_REGULATION_OF_NERVOUS_SYSTEM_DEVELOPMENT	139	45	0.001597178711565399	0.009599501734463603
Immune::GSE24634_NAIVE_CD4_TCELL_VS_DAY7_IL4_CONV_TREG_UP	139	45	0.001597178711565399	0.009599501734463603
GO_BP::GOBP_B_CELL_MEDIATED_IMMUNITY	66	25	0.0016061413457756427	0.009639204848455435
Immune::GSE3982_EOSINOPHIL_VS_BCELL_UP	66	25	0.0016061413457756427	0.009639204848455435
GO_BP::GOBP_REGULATION_OF_AMIDE_METABOLIC_PROCESS	325	92	0.0016082007423180794	0.009643467475764559
Immune::GSE16266_LPS_VS_HEATSHOCK_AND_LPS_STIM_MEF_UP	73	27	0.0016103883339724189	0.009643467475764559
Immune::GSE26495_PD1HIGH_VS_PD1LOW_CD8_TCELL_UP	73	27	0.0016103883339724189	0.009643467475764559
GO_BP::GOBP_CYTOPLASMIC_TRANSLATIONAL_INITIATION	36	16	0.0016129582716748912	0.00964473586425483
GO_BP::GOBP_VESICLE_CYTOSKELETAL_TRAFFICKING	36	16	0.0016129582716748912	0.00964473586425483
Immune::GSE14000_UNSTIM_VS_16H_LPS_DC_DN	124	41	0.001614333581229708	0.009645908469290731
GO_BP::GOBP_NEGATIVE_REGULATION_OF_CATABOLIC_PROCESS	201	61	0.0016520953328406289	0.009864335636960835
Immune::GSE3982_BCELL_VS_TH2_UP	91	32	0.0016642796545907712	0.009929837764079146
Immune::GSE33425_CD8_ALPHAALPHA_VS_ALPHABETA_CD161_HIGH_TCELL_DN	128	42	0.0016845596457812546	0.010043511590736635
GO_BP::GOBP_ESTABLISHMENT_OR_MAINTENANCE_OF_CELL_POLARITY	102	35	0.0016874018058379184	0.010045812788758495
Immune::GSE15735_CTRL_VS_HDAC_INHIBITOR_TREATED_CD4_TCELL_2H_UP	102	35	0.0016874018058379184	0.010045812788758495
Immune::GSE21927_C26GM_VS_4T1_TUMOR_MONOCYTE_BALBC_DN	170	53	0.0016911254676222284	0.01006065914556351
GO_BP::GOBP_REGULATION_OF_NOTCH_SIGNALING_PATHWAY	33	15	0.0017018873782172642	0.010117324675739258
GO_BP::GOBP_LYMPHOCYTE_CHEMOTAXIS	21	11	0.0017231796488614561	0.01021420980267153
GO_BP::GOBP_MATURE_B_CELL_DIFFERENTIATION	21	11	0.0017231796488614561	0.01021420980267153
GO_BP::GOBP_POSITIVE_REGULATION_OF_B_CELL_PROLIFERATION	21	11	0.0017231796488614561	0.01021420980267153
GO_BP::GOBP_VASCULOGENESIS	21	11	0.0017231796488614561	0.01021420980267153
Immune::GSE25085_FETAL_BM_VS_ADULT_BM_SP4_THYMIC_IMPLANT_UP	132	43	0.0017516983473254296	0.010375736771268657
Immune::GSE15330_HSC_VS_LYMPHOID_PRIMED_MULTIPOTENT_PROGENITOR_DN	117	39	0.001753264590882992	0.010377499532143904
GO_BP::GOBP_MESODERM_DEVELOPMENT	30	14	0.0017702494211545169	0.010435788188370631
GO_BP::GOBP_REGULATION_OF_PHOSPHOPROTEIN_PHOSPHATASE_ACTIVITY	30	14	0.0017702494211545169	0.010435788188370631
Immune::GSE40666_STAT1_KO_VS_STAT4_KO_CD8_TCELL_DN	30	14	0.0017702494211545169	0.010435788188370631
GO_BP::GOBP_MUSCLE_CELL_DEVELOPMENT	46	19	0.001772042762059512	0.010435788188370631
GO_BP::GOBP_POSITIVE_REGULATION_OF_CELL_SUBSTRATE_ADHESION	46	19	0.001772042762059512	0.010435788188370631
GO_BP::GOBP_POSITIVE_REGULATION_OF_CYTOKINE_PRODUCTION_INVOLVED_IN_IMMUNE_RESPONSE	46	19	0.001772042762059512	0.010435788188370631
GO_BP::GOBP_POSITIVE_REGULATION_OF_VASCULATURE_DEVELOPMENT	46	19	0.001772042762059512	0.010435788188370631
GO_BP::GOBP_CANONICAL_NF_KAPPAB_SIGNAL_TRANSDUCTION	182	56	0.0017793087395021254	0.01044642337994878
GO_BP::GOBP_POSITIVE_REGULATION_OF_PROTEIN_METABOLIC_PROCESS	657	171	0.0017796930098309153	0.01044642337994878
GO_BP::GOBP_CHRONIC_INFLAMMATORY_RESPONSE	8	6	0.001785342284250415	0.01044642337994878
GO_BP::GOBP_EMBRYONIC_CAMERA_TYPE_EYE_MORPHOGENESIS	8	6	0.001785342284250415	0.01044642337994878
GO_BP::GOBP_INTERLEUKIN_5_PRODUCTION	8	6	0.001785342284250415	0.01044642337994878
GO_BP::GOBP_NEGATIVE_REGULATION_OF_LYMPHOCYTE_MIGRATION	8	6	0.001785342284250415	0.01044642337994878
GO_BP::GOBP_NEGATIVE_REGULATION_OF_OXIDOREDUCTASE_ACTIVITY	8	6	0.001785342284250415	0.01044642337994878
GO_BP::GOBP_REGULATION_OF_NITRIC_OXIDE_SYNTHASE_ACTIVITY	8	6	0.001785342284250415	0.01044642337994878
Reactome::REACTOME_SIGNALING_BY_NOTCH1_HD_DOMAIN_MUTANTS_IN_CANCER	8	6	0.001785342284250415	0.01044642337994878
Immune::GSE14415_FOXP3_KO_NATURAL_TREG_VS_TCONV_DN	106	36	0.0017936307494234437	0.01048741924966674
GO_BP::GOBP_RESPONSE_TO_INTERLEUKIN_4	24	12	0.0017971123989371771	0.010492776176521133
Reactome::REACTOME_SEMAPHORIN_INTERACTIONS	24	12	0.0017971123989371771	0.010492776176521133
Immune::GSE7509_FCGRIIB_VS_TNFA_IL1B_IL6_PGE_STIM_DC_DN	63	24	0.0018048090200066366	0.010530198133847566
GO_BP::GOBP_CORTICAL_CYTOSKELETON_ORGANIZATION	27	13	0.001806826368694277	0.010534454523107048
Immune::GSE17721_POLYIC_VS_GARDIQUIMOD_8H_BMDC_UP	121	40	0.0018364752918291782	0.010699692227323844
Reactome::REACTOME_SIGNALING_BY_RHO_GTPASES_MIRO_GTPASES_AND_RHOBTB3	351	98	0.0018596996768049062	0.010827290645027852
Immune::GSE15330_MEGAKARYOCYTE_ERYTHROID_VS_GRANULOCYTE_MONOCYTE_PROGENITOR_UP	140	45	0.0018764497591339602	0.01091704056167553
Immune::GSE13493_DP_VS_CD4INTCD8POS_THYMOCYTE_UP	110	37	0.001896232258122768	0.011016462976878014
Immune::GSE8515_IL1_VS_IL6_4H_STIM_MAC_UP	110	37	0.001896232258122768	0.011016462976878014
Immune::GSE23925_LIGHT_ZONE_VS_NAIVE_BCELL_UP	125	41	0.0019161156700169925	0.011109595862605758
Immune::GSE3982_CTRL_VS_LPS_4H_MAC_DN	125	41	0.0019161156700169925	0.011109595862605758
Immune::GSE17301_CTRL_VS_48H_IFNA2_STIM_CD8_TCELL_DN	99	34	0.0019190536618413124	0.011109595862605758
Immune::GSE23505_UNTREATED_VS_4DAY_IL6_IL1_IL23_TREATED_CD4_TCELL_DN	99	34	0.0019190536618413124	0.011109595862605758
Immune::GSE39110_UNTREATED_VS_IL2_TREATED_CD8_TCELL_DAY6_POST_IMMUNIZATION_DN	99	34	0.0019190536618413124	0.011109595862605758
GO_BP::GOBP_ENDOCARDIAL_CUSHION_DEVELOPMENT	13	8	0.0019682570306704655	0.011370298383392943
GO_BP::GOBP_POSITIVE_REGULATION_OF_OSTEOCLAST_DIFFERENTIATION	13	8	0.0019682570306704655	0.011370298383392943
Reactome::REACTOME_INTERLEUKIN_20_FAMILY_SIGNALING	13	8	0.0019682570306704655	0.011370298383392943
GO_BP::GOBP_CELL_CYCLE_G1_S_PHASE_TRANSITION	148	47	0.001988306825739255	0.011469922309271584
Immune::GSE23568_CTRL_TRANSDUCED_VS_WT_CD8_TCELL_DN	148	47	0.001988306825739255	0.011469922309271584
Immune::GSE1460_CD4_THYMOCYTE_VS_THYMIC_STROMAL_CELL_UP	129	42	0.0019920791095756505	0.011475497969245648
Immune::GSE31082_CD4_VS_CD8_SP_THYMOCYTE_UP	129	42	0.0019920791095756505	0.011475497969245648
GO_BP::GOBP_EMBRYO_DEVELOPMENT	389	107	0.0020221039268297006	0.011640260465493985
Immune::GSE10500_ARTHRITIC_SYNOVIAL_FLUID_VS_HEALTHY_MACROPHAGE_DN	74	27	0.002028100392023066	0.011666569062411166
GO_BP::GOBP_NEGATIVE_REGULATION_OF_CELL_DEVELOPMENT	92	32	0.002038654684375098	0.011697658871403614
Immune::GSE21063_CTRL_VS_ANTI_IGM_STIM_BCELL_NFATC1_KO_16H_UP	92	32	0.002038654684375098	0.011697658871403614
Immune::GSE39556_UNTREATED_VS_3H_POLYIC_INJ_MOUSE_CD8A_DC_UP	92	32	0.002038654684375098	0.011697658871403614
GO_BP::GOBP_REGULATION_OF_CELLULAR_RESPONSE_TO_GROWTH_FACTOR_STIMULUS	103	35	0.0020406551600847134	0.011697658871403614
Immune::GSE29618_MONOCYTE_VS_MDC_UP	103	35	0.0020406551600847134	0.011697658871403614
GO_BP::GOBP_NEGATIVE_REGULATION_OF_INFLAMMATORY_RESPONSE	67	25	0.002050742176223268	0.011739027992656635
GO_BP::GOBP_REGULATION_OF_SIGNAL_TRANSDUCTION_BY_P53_CLASS_MEDIATOR	67	25	0.002050742176223268	0.011739027992656635
Immune::GSE11057_NAIVE_CD4_VS_PBMC_CD4_TCELL_UP	133	43	0.002064294898340126	0.011808344243651911
Immune::GSE16450_CTRL_VS_IFNA_6H_STIM_MATURE_NEURON_CELL_LINE_DN	156	49	0.002087312457309816	0.011931667296152547
GO_BP::GOBP_INTERFERON_BETA_PRODUCTION	40	17	0.002112580382244741	0.012067672853884064
Immune::GSE26669_CD4_VS_CD8_TCELL_IN_MLR_COSTIM_BLOCK_DN	107	36	0.0021578398550450503	0.012300439034333458
Immune::GSE39556_UNTREATED_VS_3H_POLYIC_INJ_MOUSE_NK_CELL_DN	107	36	0.0021578398550450503	0.012300439034333458
Immune::GSE3982_EOSINOPHIL_VS_DC_UP	107	36	0.0021578398550450503	0.012300439034333458
GO_BP::GOBP_REGULATION_OF_WNT_SIGNALING_PATHWAY	122	40	0.0021798211248347547	0.01240844592981788
Immune::GSE3720_VD1_VS_VD2_GAMMADELTA_TCELL_WITH_LPS_STIM_UP	122	40	0.0021798211248347547	0.01240844592981788
Immune::GSE24142_ADULT_VS_FETAL_DN2_THYMOCYTE_UP	96	33	0.0021828537145246866	0.012417067722400513
Reactome::REACTOME_SIGNALING_BY_INTERLEUKINS	259	75	0.00219240927064267	0.012417112614475357
GO_BP::GOBP_CD4_POSITIVE_CD25_POSITIVE_ALPHA_BETA_REGULATORY_T_CELL_DIFFERENTIATION	6	5	0.0022041133882907357	0.012417112614475357
GO_BP::GOBP_CELL_MIGRATION_IN_HINDBRAIN	6	5	0.0022041133882907357	0.012417112614475357
GO_BP::GOBP_DENDRITIC_CELL_APOPTOTIC_PROCESS	6	5	0.0022041133882907357	0.012417112614475357
GO_BP::GOBP_MARGINAL_ZONE_B_CELL_DIFFERENTIATION	6	5	0.0022041133882907357	0.012417112614475357
GO_BP::GOBP_NEGATIVE_REGULATION_OF_ANOIKIS	6	5	0.0022041133882907357	0.012417112614475357
GO_BP::GOBP_POSITIVE_REGULATION_OF_MYELOID_CELL_APOPTOTIC_PROCESS	6	5	0.0022041133882907357	0.012417112614475357
GO_BP::GOBP_REGULATION_OF_GAMMA_DELTA_T_CELL_ACTIVATION	6	5	0.0022041133882907357	0.012417112614475357
GO_BP::GOBP_REGULATION_OF_NK_T_CELL_DIFFERENTIATION	6	5	0.0022041133882907357	0.012417112614475357
Reactome::REACTOME_ECM_PROTEOGLYCANS	6	5	0.0022041133882907357	0.012417112614475357
Reactome::REACTOME_ELASTIC_FIBRE_FORMATION	6	5	0.0022041133882907357	0.012417112614475357
Immune::CAO_BLOOD_FLUZONE_AGE_05_14YO_CORRELATED_WITH_H3N1_HI_TITER_1DY_POSITIVE	6	5	0.0022041133882907357	0.012417112614475357
Immune::LI_PBMC_MENACTRA_AGE_18_45YO_ANTI_POLYSACCHARIDE_ANTIBODY_CORRELATION_PROFILE_3DY_UP	6	5	0.0022041133882907357	0.012417112614475357
Immune::WEINBERGER_BLOOD_TWINRIX_AGE_20_40_AND_60_84YO_CORRELATED_WITH_HIGH_ANTI_HBS_CONC_AT_WEEK_30_PRIMARY_VACC_1DY_POSITIVE	6	5	0.0022041133882907357	0.012417112614475357
GO_BP::GOBP_RESPONSE_TO_EXTRACELLULAR_STIMULUS	235	69	0.002208069833080434	0.01243084049180864
Immune::GSE15930_STIM_VS_STIM_AND_IFNAB_48H_CD8_T_CELL_DN	126	41	0.0022657514709899266	0.01274679988493645
Immune::GSE7460_TCONV_VS_TREG_THYMUS_DN	111	37	0.0022703021127706965	0.012762443087559989
GO_BP::GOBP_MYELOID_LEUKOCYTE_MEDIATED_IMMUNITY	57	22	0.00227165246155102	0.012762443087559989
GO_BP::GOBP_POSITIVE_REGULATION_OF_RESPONSE_TO_CYTOKINE_STIMULUS	37	16	0.002285107901782584	0.01282922624336413
Immune::GSE12366_NAIVE_VS_MEMORY_BCELL_UP	71	26	0.002294939751296811	0.012866762964775815
Immune::GSE30971_CTRL_VS_LPS_STIM_MACROPHAGE_WBP7_KO_2H_UP	71	26	0.002294939751296811	0.012866762964775815
Reactome::REACTOME_ADAPTIVE_IMMUNE_SYSTEM	495	132	0.002311381523024765	0.012928727519375988
GO_BP::GOBP_NEURAL_TUBE_DEVELOPMENT	64	24	0.0023123139805436514	0.012928727519375988
GO_BP::GOBP_REGULATION_OF_VIRAL_GENOME_REPLICATION	64	24	0.0023123139805436514	0.012928727519375988
Immune::GSE37301_PRO_BCELL_VS_GRANULOCYTE_MONOCYTE_PROGENITOR_UP	64	24	0.0023123139805436514	0.012928727519375988
Immune::GSE17974_0H_VS_0.5H_IN_VITRO_ACT_CD4_TCELL_DN	89	31	0.0023177134652763052	0.012932398462455781
Immune::GSE20366_TREG_VS_NAIVE_CD4_TCELL_DEC205_CONVERSION_UP	89	31	0.0023177134652763052	0.012932398462455781
Immune::GSE24210_IL35_TREATED_VS_UNTREATED_TCONV_CD4_TCELL_DN	89	31	0.0023177134652763052	0.012932398462455781
Immune::GSE11961_FOLLICULAR_BCELL_VS_PLASMA_CELL_DAY7_DN	130	42	0.0023472372543644347	0.01307929205769828
Immune::GSE46606_UNSTIM_VS_CD40L_IL2_IL5_3DAY_STIMULATED_IRF4MID_SORTED_BCELL_DN	130	42	0.0023472372543644347	0.01307929205769828
Immune::GSE12845_IGD_POS_BLOOD_VS_NAIVE_TONSIL_BCELL_UP	115	38	0.0023778136337391205	0.013231643213595923
Immune::GSE4748_CTRL_VS_CYANOBACTERIUM_LPSLIKE_STIM_DC_3H_UP	115	38	0.0023778136337391205	0.013231643213595923
GO_BP::GOBP_CARDIAC_VENTRICLE_MORPHOGENESIS	16	9	0.002415189479254571	0.013366880879771576
GO_BP::GOBP_DEFENSE_RESPONSE_TO_FUNGUS	16	9	0.002415189479254571	0.013366880879771576
GO_BP::GOBP_POSITIVE_REGULATION_OF_CELLULAR_RESPONSE_TO_TRANSFORMING_GROWTH_FACTOR_BETA_STIMULUS	16	9	0.002415189479254571	0.013366880879771576
GO_BP::GOBP_POSITIVE_REGULATION_OF_VASCULAR_ASSOCIATED_SMOOTH_MUSCLE_CELL_PROLIFERATION	16	9	0.002415189479254571	0.013366880879771576
GO_BP::GOBP_REGULATION_OF_RIG_I_SIGNALING_PATHWAY	16	9	0.002415189479254571	0.013366880879771576
GO_BP::GOBP_SMOOTH_MUSCLE_CELL_DIFFERENTIATION	16	9	0.002415189479254571	0.013366880879771576
Reactome::REACTOME_RHO_GTPASES_ACTIVATE_NADPH_OXIDASES	16	9	0.002415189479254571	0.013366880879771576
Immune::NAKAYA_PBMC_FLUAD_MALE_AGE_14_27YO_1D_POSTBOOST_VS_0D_PREIMM_MF59_ADJUVANTED_1DY_ATIV_UP	16	9	0.002415189479254571	0.013366880879771576
Immune::GSE22140_GERMFREE_VS_SPF_ARTHRITIC_MOUSE_CD4_TCELL_DN	134	43	0.0024242491907729862	0.013407950223477367
Immune::GSE19888_ADENOSINE_A3R_ACT_VS_TCELL_MEMBRANES_ACT_AND_A3R_INH_PRETREAT_IN_MAST_CELL_DN	82	29	0.002438265079776904	0.013467257496674595
Immune::GSE37301_COMMON_LYMPHOID_PROGENITOR_VS_GRAN_MONO_PROGENITOR_DN	82	29	0.002438265079776904	0.013467257496674595
GO_BP::GOBP_AXON_GUIDANCE	34	15	0.0024509307654543098	0.013509847480738716
GO_BP::GOBP_CARDIAC_VENTRICLE_DEVELOPMENT	34	15	0.0024509307654543098	0.013509847480738716
Immune::GSE19825_NAIVE_VS_IL2RAHIGH_DAY3_EFF_CD8_TCELL_UP	34	15	0.0024509307654543098	0.013509847480738716
Immune::GSE16385_ROSIGLITAZONE_IFNG_TNF_VS_IL4_STIM_MACROPHAGE_UP	104	35	0.002456002220011995	0.013519581534117172
Immune::GSE21546_ELK1_KO_VS_SAP1A_KO_AND_ELK1_KO_ANTI_CD3_STIM_DP_THYMOCYTES_DN	104	35	0.002456002220011995	0.013519581534117172
Immune::GSE23502_WT_VS_HDC_KO_MYELOID_DERIVED_SUPPRESSOR_CELL_BM_UP	119	39	0.002480212961493509	0.013624235514359992
Immune::GSE29618_PRE_VS_DAY7_POST_LAIV_FLU_VACCINE_MDC_DN	119	39	0.002480212961493509	0.013624235514359992
Immune::GSE36476_YOUNG_VS_OLD_DONOR_MEMORY_CD4_TCELL_72H_TSST_ACT_DN	119	39	0.002480212961493509	0.013624235514359992
Immune::GSE21033_CTRL_VS_POLYIC_STIM_DC_24H_UP	93	32	0.002483341705612561	0.013624235514359992
Immune::GSE37301_COMMON_LYMPHOID_PROGENITOR_VS_RAG2_KO_NK_CELL_DN	93	32	0.002483341705612561	0.013624235514359992
Immune::GSE37534_PIOGLITAZONE_VS_ROSIGLITAZONE_TREATED_CD4_TCELL_PPARG1_FOXP3_TRANSDUCED_DN	75	27	0.002535177270879819	0.013899296297451019
GO_BP::GOBP_TUBE_FORMATION	54	21	0.002543541526345955	0.013935813587079645
Immune::GSE1925_CTRL_VS_IFNG_PRIMED_MACROPHAGE_3H_IFNG_STIM_UP	142	45	0.002564883037080016	0.014033941968772263
Immune::GSE36527_CD62L_HIGH_VS_CD62L_LOW_TREG_CD69_NEG_KLRG1_NEG_UP	142	45	0.002564883037080016	0.014033941968772263
Immune::GSE2197_IMMUNOSUPPRESSIVE_DNA_VS_UNTREATED_IN_DC_UP	123	40	0.0025773960497959695	0.014092981074419138
Immune::GSE8921_UNSTIM_VS_TLR1_2_STIM_MONOCYTE_6H_UP	108	36	0.002584173394253796	0.014120600110217804
GO_BP::GOBP_POSITIVE_REGULATION_OF_ALPHA_BETA_T_CELL_DIFFERENTIATION	31	14	0.00260037232928767	0.014180697102382093
GO_BP::GOBP_POSITIVE_REGULATION_OF_ENDOTHELIAL_CELL_PROLIFERATION	31	14	0.00260037232928767	0.014180697102382093
Reactome::REACTOME_FCERI_MEDIATED_CA_2_MOBILIZATION	31	14	0.00260037232928767	0.014180697102382093
GO_BP::GOBP_EMBRYONIC_ORGAN_MORPHOGENESIS	61	23	0.002605508065141723	0.0141897842695468
GO_BP::GOBP_REGENERATION	61	23	0.002605508065141723	0.0141897842695468
Immune::GSE19401_NAIVE_VS_IMMUNIZED_MOUSE_PLN_FOLLICULAR_DC_DN	146	46	0.0026285814574474597	0.014305919043193761
Immune::GSE24142_EARLY_THYMIC_PROGENITOR_VS_DN3_THYMOCYTE_UP	86	30	0.002635339591550451	0.014321755788318194
Reactome::REACTOME_ANTI_INFLAMMATORY_RESPONSE_FAVOURING_LEISHMANIA_PARASITE_INFECTION	44	18	0.002636743791834621	0.014321755788318194
Immune::GSE2770_IL12_AND_TGFB_VS_IL4_TREATED_ACT_CD4_TCELL_6H_DN	44	18	0.002636743791834621	0.014321755788318194
Immune::GSE17721_CTRL_VS_LPS_2H_BMDC_DN	97	33	0.0026429132732812455	0.01433622717204283
Immune::GSE7852_TREG_VS_TCONV_LN_UP	97	33	0.0026429132732812455	0.01433622717204283
GO_BP::GOBP_REGULATION_OF_TRANSPORT	667	172	0.002654178196129189	0.014387791679480958
Immune::GSE42021_TREG_PLN_VS_CD24INT_TREG_THYMUS_UP	127	41	0.0026693078556456937	0.014449909087470734
GO_BP::GOBP_FC_GAMMA_RECEPTOR_SIGNALING_PATHWAY	19	10	0.002674469725969522	0.014449909087470734
GO_BP::GOBP_POSITIVE_REGULATION_OF_INTERLEUKIN_10_PRODUCTION	19	10	0.002674469725969522	0.014449909087470734
GO_BP::GOBP_T_HELPER_17_CELL_DIFFERENTIATION	19	10	0.002674469725969522	0.014449909087470734
Reactome::REACTOME_NGF_STIMULATED_TRANSCRIPTION	19	10	0.002674469725969522	0.014449909087470734
Immune::GSE7852_LN_VS_THYMUS_TCONV_UP	112	37	0.0027063885324089807	0.014612711679937598
GO_BP::GOBP_REGULATION_OF_NERVOUS_SYSTEM_PROCESS	28	13	0.0027197643889440644	0.01466557198520926
GO_BP::GOBP_REGULATION_OF_STEM_CELL_PROLIFERATION	28	13	0.0027197643889440644	0.01466557198520926
GO_BP::GOBP_EMBRYO_DEVELOPMENT_ENDING_IN_BIRTH_OR_EGG_HATCHING	257	74	0.002749374626490535	0.014815470648677585
Immune::GSE34006_UNTREATED_VS_A2AR_AGONIST_TREATED_TREG_DN	131	42	0.00275593489894818	0.014831281232497443
Immune::GSE3982_MAC_VS_BASOPHIL_DN	131	42	0.00275593489894818	0.014831281232497443
GO_BP::GOBP_RESPONSE_TO_KETONE	79	28	0.0027696542199159555	0.014875752802962912
Immune::GSE22033_WT_VS_PPARG_KO_MEF_UP	79	28	0.0027696542199159555	0.014875752802962912
Immune::GSE7460_CTRL_VS_TGFB_TREATED_ACT_TREG_DN	79	28	0.0027696542199159555	0.014875752802962912
GO_BP::GOBP_ANTIMICROBIAL_HUMORAL_RESPONSE	22	11	0.0027861456971852074	0.014907773748856564
GO_BP::GOBP_CENTRAL_NERVOUS_SYSTEM_NEURON_DEVELOPMENT	22	11	0.0027861456971852074	0.014907773748856564
GO_BP::GOBP_GLIAL_CELL_ACTIVATION	22	11	0.0027861456971852074	0.014907773748856564
GO_BP::GOBP_LEUKOCYTE_ACTIVATION_INVOLVED_IN_INFLAMMATORY_RESPONSE	22	11	0.0027861456971852074	0.014907773748856564
GO_BP::GOBP_NEGATIVE_REGULATION_OF_LYMPHOCYTE_DIFFERENTIATION	25	12	0.0027901957957823225	0.014907773748856564
GO_BP::GOBP_VENTRICULAR_SEPTUM_DEVELOPMENT	25	12	0.0027901957957823225	0.014907773748856564
Immune::GSE40666_WT_VS_STAT4_KO_CD8_TCELL_UP	25	12	0.0027901957957823225	0.014907773748856564
Immune::GSE6090_UNSTIM_VS_DC_SIGN_STIM_DC_DN	25	12	0.0027901957957823225	0.014907773748856564
Immune::GSE2585_THYMIC_DC_VS_MTEC_DN	101	34	0.0027959332534480377	0.01491893934325176
Immune::GSE9037_CTRL_VS_LPS_1H_STIM_IRAK4_KO_BMDM_DN	101	34	0.0027959332534480377	0.01491893934325176
Immune::GSE43863_TH1_VS_TFH_EFFECTOR_CD4_TCELL_DN	135	43	0.0028372987153283042	0.015129793671046629
Immune::GSE21360_NAIVE_VS_QUATERNARY_MEMORY_CD8_TCELL_UP	162	50	0.0028409710296304486	0.015139506854968775
GO_BP::GOBP_LEUKOCYTE_APOPTOTIC_PROCESS	72	26	0.0028748996085221647	0.015300376576259796
Immune::GSE7219_WT_VS_NIK_NFKB2_KO_LPS_AND_ANTI_CD40_STIM_DC_UP	72	26	0.0028748996085221647	0.015300376576259796
GO_BP::GOBP_ANTIGEN_PROCESSING_AND_PRESENTATION_OF_PEPTIDE_ANTIGEN	41	17	0.0029005545443222917	0.015406841670491134
GO_BP::GOBP_CARDIAC_CHAMBER_DEVELOPMENT	41	17	0.0029005545443222917	0.015406841670491134
GO_BP::GOBP_REGULATION_OF_CALCIUM_MEDIATED_SIGNALING	41	17	0.0029005545443222917	0.015406841670491134
Immune::GSE27786_LSK_VS_CD8_TCELL_DN	139	44	0.0029134501224666607	0.015465296561828218
Immune::GSE21063_WT_VS_NFATC1_KO_16H_ANTI_IGM_STIM_BCELL_UP	120	39	0.002932367171978885	0.01554476049960332
Immune::GSE339_CD8POS_VS_CD4CD8DN_DC_DN	120	39	0.002932367171978885	0.01554476049960332
GO_BP::GOBP_ANTIGEN_PROCESSING_AND_PRESENTATION	65	24	0.0029360213902062506	0.01554476049960332
Immune::GSE3720_LPS_VS_PMA_STIM_VD2_GAMMADELTA_TCELL_UP	65	24	0.0029360213902062506	0.01554476049960332
GO_BP::GOBP_ADRENERGIC_RECEPTOR_SIGNALING_PATHWAY	11	7	0.0029553667162145036	0.015556563538374929
GO_BP::GOBP_ENDOCARDIAL_CUSHION_MORPHOGENESIS	11	7	0.0029553667162145036	0.015556563538374929
GO_BP::GOBP_FACE_MORPHOGENESIS	11	7	0.0029553667162145036	0.015556563538374929
GO_BP::GOBP_NEGATIVE_REGULATION_OF_OSSIFICATION	11	7	0.0029553667162145036	0.015556563538374929
GO_BP::GOBP_POSITIVE_REGULATION_OF_NUCLEAR_TRANSCRIBED_MRNA_CATABOLIC_PROCESS_DEADENYLATION_DEPENDENT_DECAY	11	7	0.0029553667162145036	0.015556563538374929
GO_BP::GOBP_REGULATION_OF_MONOCYTE_DIFFERENTIATION	11	7	0.0029553667162145036	0.015556563538374929
Immune::GSE13485_DAY1_VS_DAY7_YF17D_VACCINE_PBMC_UP	11	7	0.0029553667162145036	0.015556563538374929
Immune::GSE22601_IMMATURE_CD4_SINGLE_POSITIVE_VS_DOUBLE_POSITIVE_THYMOCYTE_UP	11	7	0.0029553667162145036	0.015556563538374929
Immune::QI_PBMC_ZOSTAVAX_AGE_50_75YO_CORRELATED_WITH_T_CELL_RESPONSES_1D_INFORMATIVE_OF_LONG_TERM_RESPONSES_NEGATIVE	11	7	0.0029553667162145036	0.015556563538374929
GO_BP::GOBP_REGULATION_OF_CELL_GROWTH	174	53	0.0029586093721743214	0.01556361714751508
Immune::GSE4984_LPS_VS_VEHICLE_CTRL_TREATED_DC_UP	83	29	0.0029969418332762517	0.015755131231490836
Reactome::REACTOME_LEISHMANIA_INFECTION	94	32	0.003008657219054828	0.015796415951135106
Immune::GSE22501_PERIPHERAL_BLOOD_VS_CORD_BLOOD_TREG_DN	94	32	0.003008657219054828	0.015796415951135106
GO_BP::GOBP_NEGATIVE_REGULATION_OF_PHOSPHORUS_METABOLIC_PROCESS	182	55	0.0030189831500097054	0.015840463224553812
Immune::GSE3691_CONVENTIONAL_VS_PLASMACYTOID_DC_SPLEEN_UP	124	40	0.0030359972253037127	0.01591952391216947
GO_BP::GOBP_ENDOCYTOSIS	311	87	0.003079692390224838	0.01611404920795171
Immune::GSE17721_LPS_VS_POLYIC_2H_BMDC_UP	109	36	0.003080974689637711	0.01611404920795171
Immune::GSE29949_MICROGLIA_VS_DC_BRAIN_UP	109	36	0.003080974689637711	0.01611404920795171
Immune::GSE45365_NK_CELL_VS_CD8_TCELL_MCMV_INFECTION_DN	109	36	0.003080974689637711	0.01611404920795171
Immune::GSE2770_TGFB_AND_IL4_VS_IL12_TREATED_ACT_CD4_TCELL_48H_DN	151	47	0.0031114767976962894	0.016263182239716067
Immune::GSE41176_UNSTIM_VS_ANTI_IGM_STIM_BCELL_24H_DN	128	41	0.0031333845982254864	0.016367232447946665
GO_BP::GOBP_MUSCLE_CONTRACTION	76	27	0.0031463025557586363	0.016424221382326513
Immune::GOLDRATH_NAIVE_VS_EFF_CD8_TCELL_UP	155	48	0.0031677106183798337	0.016525429118843773
GO_BP::GOBP_REGULATION_OF_DNA_BINDING	48	19	0.003172047355450466	0.016537506289091657
Immune::GSE2128_CTRL_VS_MIMETOPE_NEGATIVE_SELECTION_DP_THYMOCYTE_NOD_UP	98	33	0.003183614819524516	0.016587241543764675
GO_BP::GOBP_MUSCLE_SYSTEM_PROCESS	113	37	0.003212586070516081	0.016723665445875162
GO_BP::GOBP_TRANSFORMING_GROWTH_FACTOR_BETA_RECEPTOR_SIGNALING_PATHWAY	87	30	0.003215932242831495	0.016723665445875162
Immune::GSE11961_UNSTIM_VS_ANTI_IGM_AND_CD40_STIM_6H_FOLLICULAR_BCELL_UP	87	30	0.003215932242831495	0.016723665445875162
Reactome::REACTOME_G_ALPHA_I_SIGNALLING_EVENTS	69	25	0.003259860732170359	0.016941334681800212
Immune::GSE17721_LPS_VS_POLYIC_16H_BMDC_DN	117	38	0.0033367933554312593	0.017330139458684255
Immune::GSE22589_HEALTHY_VS_HIV_INFECTED_DC_DN	102	34	0.0033501989772531005	0.017366684178663095
Immune::GSE8621_UNSTIM_VS_LPS_PRIMED_AND_LPS_STIM_MACROPHAGE_DN	102	34	0.0033501989772531005	0.017366684178663095
Immune::GSE8921_UNSTIM_VS_TLR1_2_STIM_MONOCYTE_24H_UP	102	34	0.0033501989772531005	0.017366684178663095
GO_BP::GOBP_RENAL_SYSTEM_DEVELOPMENT	80	28	0.0034087031489690015	0.01765876615488691
GO_BP::GOBP_NEGATIVE_REGULATION_OF_GROWTH	91	31	0.003425791220276969	0.01769127031683435
Immune::GSE15930_NAIVE_VS_48H_IN_VITRO_STIM_CD8_TCELL_UP	91	31	0.003425791220276969	0.01769127031683435
Immune::GSE21033_1H_VS_12H_POLYIC_STIM_DC_UP	91	31	0.003425791220276969	0.01769127031683435
Immune::GSE25088_CTRL_VS_IL4_AND_ROSIGLITAZONE_STIM_MACROPHAGE_UP	91	31	0.003425791220276969	0.01769127031683435
Immune::GSE27859_MACROPHAGE_VS_DC_UP	91	31	0.003425791220276969	0.01769127031683435
GO_BP::GOBP_MAST_CELL_ACTIVATION	35	15	0.0034530417614521284	0.017789872457162834
GO_BP::GOBP_MIRNA_PROCESSING	35	15	0.0034530417614521284	0.017789872457162834
Reactome::REACTOME_NOTCH1_INTRACELLULAR_DOMAIN_REGULATES_TRANSCRIPTION	35	15	0.0034530417614521284	0.017789872457162834
Immune::GSE15624_3H_VS_6H_HALOFUGINONE_TREATED_CD4_TCELL_UP	121	39	0.0034535840418061835	0.017789872457162834
Immune::GSE17301_IFNA2_VS_IFNA2_AND_ACD3_ACD28_STIM_CD8_TCELL_UP	144	45	0.00346195073292098	0.01782174763706332
GO_BP::GOBP_CANONICAL_WNT_SIGNALING_PATHWAY	106	35	0.0035081539541639995	0.018036894622917358
Immune::GSE7219_UNSTIM_VS_LPS_AND_ANTI_CD40_STIM_DC_DN	106	35	0.0035081539541639995	0.018036894622917358
GO_BP::GOBP_POSITIVE_REGULATION_OF_DEVELOPMENTAL_GROWTH	45	18	0.00353035961945973	0.018139661863806906
GO_BP::GOBP_RESPONSE_TO_INORGANIC_SUBSTANCE	215	63	0.0035344479424852613	0.01814926815413022
Immune::GSE26030_UNSTIM_VS_RESTIM_TH1_DAY15_POST_POLARIZATION_DN	125	40	0.003563000310144515	0.018272942029455883
Immune::GSE45365_NK_CELL_VS_BCELL_UP	125	40	0.003563000310144515	0.018272942029455883
Immune::GSE21063_CTRL_VS_ANTI_IGM_STIM_BCELL_16H_DN	73	26	0.003574416483805001	0.018320004284163475
GO_BP::GOBP_REGULATION_OF_PRODUCTION_OF_MOLECULAR_MEDIATOR_OF_IMMUNE_RESPONSE	95	32	0.003625915556810553	0.018560694151883807
GO_BP::GOBP_SENSORY_SYSTEM_DEVELOPMENT	95	32	0.003625915556810553	0.018560694151883807
Immune::GOLDRATH_NAIVE_VS_EFF_CD8_TCELL_DN	110	36	0.0036573358725368746	0.01869812964834477
Immune::GSE2706_UNSTIM_VS_8H_LPS_DC_DN	110	36	0.0036573358725368746	0.01869812964834477
GO_BP::GOBP_TUMOR_NECROSIS_FACTOR_SUPERFAMILY_CYTOKINE_PRODUCTION	84	29	0.003660820126324152	0.018704252737871057
Immune::KANNAN_BLOOD_2012_2013_TIV_AGE_65PLS_REVACCINATED_IN_6_9_MO_VS_REVACCINATED_IN_12_13_MO_UP	129	41	0.0036651292008918913	0.018714579814791306
GO_BP::GOBP_NEGATIVE_REGULATION_OF_BINDING	66	24	0.003695952844166602	0.01881500696847946
GO_BP::GOBP_MYELOID_CELL_ACTIVATION_INVOLVED_IN_IMMUNE_RESPONSE	52	20	0.0037077243875016236	0.01881500696847946
GO_BP::GOBP_POSITIVE_REGULATION_OF_STRESS_ACTIVATED_PROTEIN_KINASE_SIGNALING_CASCADE	52	20	0.0037077243875016236	0.01881500696847946
GO_BP::GOBP_REGULATION_OF_BLOOD_CIRCULATION	52	20	0.0037077243875016236	0.01881500696847946
GO_BP::GOBP_POSITIVE_REGULATION_OF_PHOSPHORUS_METABOLIC_PROCESS	272	77	0.0037222895186084294	0.01881500696847946
GO_BP::GOBP_CAMERA_TYPE_EYE_MORPHOGENESIS	32	14	0.0037254074781430495	0.01881500696847946
GO_BP::GOBP_NEGATIVE_REGULATION_OF_ADAPTIVE_IMMUNE_RESPONSE	32	14	0.0037254074781430495	0.01881500696847946
GO_BP::GOBP_NEGATIVE_REGULATION_OF_DEVELOPMENTAL_GROWTH	32	14	0.0037254074781430495	0.01881500696847946
GO_BP::GOBP_P38MAPK_CASCADE	32	14	0.0037254074781430495	0.01881500696847946
GO_BP::GOBP_BRAIN_MORPHOGENESIS	14	8	0.0037353999164805186	0.01881500696847946
GO_BP::GOBP_DENDRITIC_CELL_MIGRATION	14	8	0.0037353999164805186	0.01881500696847946
GO_BP::GOBP_GLOMERULUS_DEVELOPMENT	14	8	0.0037353999164805186	0.01881500696847946
GO_BP::GOBP_HEAD_MORPHOGENESIS	14	8	0.0037353999164805186	0.01881500696847946
GO_BP::GOBP_NEGATIVE_REGULATION_OF_BLOOD_VESSEL_ENDOTHELIAL_CELL_MIGRATION	14	8	0.0037353999164805186	0.01881500696847946
GO_BP::GOBP_NEGATIVE_REGULATION_OF_INFLAMMATORY_RESPONSE_TO_ANTIGENIC_STIMULUS	14	8	0.0037353999164805186	0.01881500696847946
GO_BP::GOBP_NEGATIVE_REGULATION_OF_INTERLEUKIN_2_PRODUCTION	14	8	0.0037353999164805186	0.01881500696847946
GO_BP::GOBP_REGULATION_OF_CELL_MIGRATION_INVOLVED_IN_SPROUTING_ANGIOGENESIS	14	8	0.0037353999164805186	0.01881500696847946
GO_BP::GOBP_RESPONSE_TO_FLUID_SHEAR_STRESS	14	8	0.0037353999164805186	0.01881500696847946
GO_BP::GOBP_RESPONSE_TO_INTERFERON_ALPHA	14	8	0.0037353999164805186	0.01881500696847946
GO_BP::GOBP_RHYTHMIC_BEHAVIOR	14	8	0.0037353999164805186	0.01881500696847946
GO_BP::GOBP_T_CELL_CHEMOTAXIS	14	8	0.0037353999164805186	0.01881500696847946
Reactome::REACTOME_INTERLEUKIN_RECEPTOR_SHC_SIGNALING	14	8	0.0037353999164805186	0.01881500696847946
Immune::GSE19923_WT_VS_HEB_KO_DP_THYMOCYTE_UP	59	22	0.0037503809112062565	0.018867229922304538
Immune::GSE43863_TH1_VS_LY6C_INT_CXCR5POS_MEMORY_CD4_TCELL_DN	59	22	0.0037503809112062565	0.018867229922304538
Immune::GSE19923_HEB_KO_VS_HEB_AND_E2A_KO_DP_THYMOCYTE_DN	133	42	0.003760094188284334	0.018892856548013426
Immune::GSE2770_IL4_ACT_VS_ACT_CD4_TCELL_2H_DN	133	42	0.003760094188284334	0.018892856548013426
Immune::GSE2585_THYMIC_DC_VS_THYMIC_MACROPHAGE_DN	114	37	0.003797693588484034	0.019058364143435213
Immune::GSE43955_10H_VS_60H_ACT_CD4_TCELL_DN	114	37	0.003797693588484034	0.019058364143435213
GO_BP::GOBP_EPITHELIAL_TUBE_MORPHOGENESIS	99	33	0.003815895398366119	0.019114528082446326
Immune::GSE14415_INDUCED_VS_NATURAL_TREG_UP	99	33	0.003815895398366119	0.019114528082446326
Immune::GSE21774_CD62L_POS_CD56_DIM_VS_CD62L_NEG_CD56_DIM_NK_CELL_UP	99	33	0.003815895398366119	0.019114528082446326
Immune::GSE13547_CTRL_VS_ANTI_IGM_STIM_BCELL_12H_DN	137	43	0.003848047979602068	0.019252007628834812
Immune::GSE369_PRE_VS_POST_IL6_INJECTION_IFNG_WT_LIVER_DN	137	43	0.003848047979602068	0.019252007628834812
Immune::GSE34156_TLR1_TLR2_LIGAND_VS_NOD2_AND_TLR1_TLR2_LIGAND_6H_TREATED_MONOCYTE_UP	77	27	0.00387769428344905	0.01938847141724525
GO_BP::GOBP_POSITIVE_REGULATION_OF_GTPASE_ACTIVITY	88	30	0.0039017139188849376	0.019472861413348867
GO_BP::GOBP_REGULATION_OF_TRANSMEMBRANE_RECEPTOR_PROTEIN_SERINE_THREONINE_KINASE_SIGNALING_PATHWAY	88	30	0.0039017139188849376	0.019472861413348867
Immune::GSE28783_CTRL_ANTI_MIR_VS_UNTREATED_ATHEROSCLEROSIS_MACROPHAGE_DN	88	30	0.0039017139188849376	0.019472861413348867
Reactome::REACTOME_TRANSCRIPTIONAL_ACTIVITY_OF_SMAD2_SMAD3_SMAD4_HETEROTRIMER	42	17	0.003917626427499442	0.01954035620545453
Immune::GSE7548_NAIVE_VS_DAY7_PCC_IMMUNIZATION_CD4_TCELL_DN	141	44	0.003929166382801949	0.019585972584594727
GO_BP::GOBP_NEGATIVE_REGULATION_OF_PROTEIN_MODIFICATION_PROCESS	228	66	0.003950799128565179	0.019681812954727873
GO_BP::GOBP_CELLULAR_EXTRAVASATION	29	13	0.003976918256670627	0.019787829281974288
Reactome::REACTOME_FLT3_SIGNALING	29	13	0.003976918256670627	0.019787829281974288
Immune::GSE15930_NAIVE_VS_48H_IN_VITRO_STIM_IL12_CD8_TCELL_UP	103	34	0.003995481437886802	0.019856037765439878
Immune::GSE22342_CD11C_HIGH_VS_LOW_DECIDUAL_MACROPHAGES_UP	103	34	0.003995481437886802	0.019856037765439878
Immune::GSE12198_CTRL_VS_LOW_IL2_STIM_NK_CELL_UP	122	39	0.004052099147371067	0.02010077078562482
Immune::GSE20484_MCSG_VS_CXCL4_MONOCYTE_DERIVED_MACROPHAGE_DN	122	39	0.004052099147371067	0.02010077078562482
Immune::GSE7460_CTRL_VS_TGFB_TREATED_ACT_FOXP3_HET_TCONV_DN	122	39	0.004052099147371067	0.02010077078562482
Immune::GSE3920_IFNA_VS_IFNB_TREATED_ENDOTHELIAL_CELL_UP	70	25	0.004061049009850553	0.020132958121562135
GO_BP::GOBP_REGULATION_OF_T_CELL_MEDIATED_IMMUNITY	49	19	0.004160404563249674	0.020456735799099974
Immune::GSE17301_CTRL_VS_48H_ACD3_ACD28_STIM_CD8_TCELL_DN	107	35	0.004164556641235711	0.020456735799099974
Immune::GSE21546_WT_VS_SAP1A_KO_AND_ELK1_KO_DP_THYMOCYTES_UP	107	35	0.004164556641235711	0.020456735799099974
Immune::GSE40666_UNTREATED_VS_IFNA_STIM_STAT4_KO_EFFECTOR_CD8_TCELL_90MIN_DN	107	35	0.004164556641235711	0.020456735799099974
Immune::NAKAYA_PLASMACYTOID_DENDRITIC_CELL_FLUMIST_AGE_18_50YO_7DY_DN	310	86	0.004165269574610799	0.020456735799099974
GO_BP::GOBP_CELLULAR_RESPONSE_TO_LIPOPROTEIN_PARTICLE_STIMULUS	17	9	0.0041654727761654	0.020456735799099974
GO_BP::GOBP_MATURE_B_CELL_DIFFERENTIATION_INVOLVED_IN_IMMUNE_RESPONSE	17	9	0.0041654727761654	0.020456735799099974
GO_BP::GOBP_MUSCLE_ORGAN_MORPHOGENESIS	17	9	0.0041654727761654	0.020456735799099974
GO_BP::GOBP_NEGATIVE_REGULATION_OF_INTERLEUKIN_6_PRODUCTION	17	9	0.0041654727761654	0.020456735799099974
GO_BP::GOBP_REGULATION_OF_EPIDERMIS_DEVELOPMENT	17	9	0.0041654727761654	0.020456735799099974
GO_BP::GOBP_REGULATION_OF_SYSTEMIC_ARTERIAL_BLOOD_PRESSURE	17	9	0.0041654727761654	0.020456735799099974
Reactome::REACTOME_CD28_DEPENDENT_PI3K_AKT_SIGNALING	17	9	0.0041654727761654	0.020456735799099974
Reactome::REACTOME_INTEGRIN_CELL_SURFACE_INTERACTIONS	17	9	0.0041654727761654	0.020456735799099974
Immune::GAUCHER_PBMC_YF_VAX_STAMARIL_UNKNOWN_AGE_28DY_UP	17	9	0.0041654727761654	0.020456735799099974
Immune::PATEL_SKIN_OF_BODY_ZOSTAVAX_AGE_70_93YO_VZV_CHALLENGE_3DY_DN	17	9	0.0041654727761654	0.020456735799099974
Immune::GSE8685_IL2_ACT_IL2_STARVED_VS_IL15_ACT_IL2_STARVED_CD4_TCELL_UP	126	40	0.004166371863239677	0.020456735799099974
GO_BP::GOBP_CELLULAR_RESPONSE_TO_CALCIUM_ION	26	12	0.004185540134469126	0.020497830537537818
GO_BP::GOBP_REGULATION_OF_OXIDOREDUCTASE_ACTIVITY	26	12	0.004185540134469126	0.020497830537537818
GO_BP::GOBP_CALCIUM_ION_TRANSMEMBRANE_IMPORT_INTO_CYTOSOL	63	23	0.004189776608650762	0.020497830537537818
GO_BP::GOBP_HEART_PROCESS	63	23	0.004189776608650762	0.020497830537537818
GO_BP::GOBP_POSTSYNAPSE_ORGANIZATION	63	23	0.004189776608650762	0.020497830537537818
GO_BP::GOBP_TUMOR_NECROSIS_FACTOR_MEDIATED_SIGNALING_PATHWAY	63	23	0.004189776608650762	0.020497830537537818
Immune::GSE339_CD4POS_VS_CD8POS_DC_UP	130	41	0.0042722479627753255	0.020876337117982178
Immune::GSE39820_CTRL_VS_IL1B_IL6_IL23A_CD4_TCELL_UP	130	41	0.0042722479627753255	0.020876337117982178
Reactome::REACTOME_SIGNALING_BY_RECEPTOR_TYROSINE_KINASES	253	72	0.004282811120157427	0.02091545967933597
GO_BP::GOBP_CELLULAR_RESPONSE_TO_GLUCOCORTICOID_STIMULUS	23	11	0.004319417517718511	0.020999588112433472
GO_BP::GOBP_NEUROBLAST_PROLIFERATION	23	11	0.004319417517718511	0.020999588112433472
Immune::GSE13485_DAY3_VS_DAY21_YF17D_VACCINE_PBMC_UP	111	36	0.004323112077224637	0.020999588112433472
Immune::GSE14699_NAIVE_VS_ACT_CD8_TCELL_DN	111	36	0.004323112077224637	0.020999588112433472
GO_BP::GOBP_CELL_SUBSTRATE_JUNCTION_ORGANIZATION	39	16	0.004331576126969914	0.020999588112433472
GO_BP::GOBP_POSITIVE_REGULATION_OF_JNK_CASCADE	39	16	0.004331576126969914	0.020999588112433472
GO_BP::GOBP_MYELOID_CELL_APOPTOTIC_PROCESS	20	10	0.004333411336648863	0.020999588112433472
GO_BP::GOBP_NEGATIVE_REGULATION_OF_G_PROTEIN_COUPLED_RECEPTOR_SIGNALING_PATHWAY	20	10	0.004333411336648863	0.020999588112433472
GO_BP::GOBP_NEGATIVE_REGULATION_OF_LEUKOCYTE_MIGRATION	20	10	0.004333411336648863	0.020999588112433472
GO_BP::GOBP_POSITIVE_REGULATION_OF_MYELOID_LEUKOCYTE_CYTOKINE_PRODUCTION_INVOLVED_IN_IMMUNE_RESPONSE	20	10	0.004333411336648863	0.020999588112433472
GO_BP::GOBP_TIGHT_JUNCTION_ORGANIZATION	20	10	0.004333411336648863	0.020999588112433472
GO_BP::GOBP_TYPE_2_IMMUNE_RESPONSE	20	10	0.004333411336648863	0.020999588112433472
Reactome::REACTOME_DOWNREGULATION_OF_TGF_BETA_RECEPTOR_SIGNALING	20	10	0.004333411336648863	0.020999588112433472
Immune::GSE8515_CTRL_VS_IL1_4H_STIM_MAC_DN	96	32	0.0043474464779534846	0.021055128590680584
GO_BP::GOBP_CALCIUM_ION_TRANSPORT	134	42	0.004369936469756904	0.021101441043504112
Immune::GSE35685_CD34POS_CD10NEG_CD62LPOS_VS_CD34POS_CD10POS_BONE_MARROW_DN	134	42	0.004369936469756904	0.021101441043504112
GO_BP::GOBP_AORTIC_VALVE_MORPHOGENESIS	9	6	0.004385385057940953	0.021101441043504112
GO_BP::GOBP_EMBRYONIC_EYE_MORPHOGENESIS	9	6	0.004385385057940953	0.021101441043504112
GO_BP::GOBP_PROTEIN_KINASE_C_SIGNALING	9	6	0.004385385057940953	0.021101441043504112
GO_BP::GOBP_REGULATION_OF_ASTROCYTE_DIFFERENTIATION	9	6	0.004385385057940953	0.021101441043504112
Reactome::REACTOME_DOWNREGULATION_OF_ERBB2_ERBB3_SIGNALING	9	6	0.004385385057940953	0.021101441043504112
Reactome::REACTOME_INTERLEUKIN_21_SIGNALING	9	6	0.004385385057940953	0.021101441043504112
Reactome::REACTOME_INTERLEUKIN_35_SIGNALLING	9	6	0.004385385057940953	0.021101441043504112
Reactome::REACTOME_PRE_NOTCH_PROCESSING_IN_GOLGI	9	6	0.004385385057940953	0.021101441043504112
Immune::CAO_BLOOD_FLUMIST_AGE_05_14YO_CORRELATED_WITH_H3N2_VN_TITER_7DY_POSITIVE	9	6	0.004385385057940953	0.021101441043504112
Immune::GSE15324_NAIVE_VS_ACTIVATED_CD8_TCELL_UP	85	29	0.004444930362161835	0.021375385280707707
Immune::GSE17580_UNINFECTED_VS_S_MANSONI_INF_TEFF_DN	115	37	0.0044712263875296915	0.0214892079024635
GO_BP::GOBP_CELLULAR_RESPONSE_TO_PEPTIDE_HORMONE_STIMULUS	142	44	0.004541701762513832	0.02181510300491083
Immune::GSE17186_NAIVE_VS_CD21LOW_TRANSITIONAL_BCELL_CORD_BLOOD_DN	100	33	0.004551636867880152	0.021824378416916555
Immune::GSE37301_PRO_BCELL_VS_CD4_TCELL_UP	100	33	0.004551636867880152	0.021824378416916555
Immune::GSE7852_THYMUS_VS_FAT_TREG_DN	100	33	0.004551636867880152	0.021824378416916555
GO_BP::GOBP_MULTICELLULAR_ORGANISM_REPRODUCTION	270	76	0.004607237217230552	0.02204686768824431
Immune::GSE17974_0H_VS_72H_IN_VITRO_ACT_CD4_TCELL_UP	119	38	0.004609048438824341	0.02204686768824431
Immune::GSE2585_THYMIC_MACROPHAGE_VS_MTEC_UP	119	38	0.004609048438824341	0.02204686768824431
GO_BP::GOBP_ACTIN_FILAMENT_BUNDLE_ORGANIZATION	67	24	0.004614209961158223	0.02204686768824431
GO_BP::GOBP_POSITIVE_REGULATION_OF_ADAPTIVE_IMMUNE_RESPONSE	67	24	0.004614209961158223	0.02204686768824431
Immune::GSE46606_IRF4HIGH_VS_IRF4MID_CD40L_IL2_IL5_DAY1_STIMULATED_BCELL_DN	67	24	0.004614209961158223	0.02204686768824431
GO_BP::GOBP_NEGATIVE_REGULATION_OF_HEMOPOIESIS	46	18	0.004660706170645582	0.022256028298821284
GO_BP::GOBP_PROTEIN_AUTOPHOSPHORYLATION	89	30	0.004707137878346955	0.022438454455057166
Immune::GSE21063_CTRL_VS_ANTI_IGM_STIM_BCELL_3H_UP	89	30	0.004707137878346955	0.022438454455057166
Immune::GSE24142_EARLY_THYMIC_PROGENITOR_VS_DN2_THYMOCYTE_FETAL_UP	89	30	0.004707137878346955	0.022438454455057166
Immune::GSE2770_IL12_AND_TGFB_VS_IL4_TREATED_ACT_CD4_TCELL_48H_UP	123	39	0.004736782728388081	0.02256661777414939
GO_BP::GOBP_PHAGOCYTOSIS	104	34	0.004743228486568842	0.022570808432407354
Immune::GSE360_L_MAJOR_VS_M_TUBERCULOSIS_DC_UP	104	34	0.004743228486568842	0.022570808432407354
Immune::GSE41176_UNSTIM_VS_ANTI_IGM_STIM_BCELL_1H_UP	78	27	0.004747118503680816	0.022570808432407354
Immune::GSE6269_FLU_VS_STREP_PNEUMO_INF_PBMC_DN	60	22	0.004748699426916021	0.022570808432407354
GO_BP::GOBP_POSITIVE_REGULATION_OF_LIPID_BIOSYNTHETIC_PROCESS	36	15	0.004767387111293009	0.022646473037384908
GO_BP::GOBP_POSITIVE_REGULATION_OF_TUMOR_NECROSIS_FACTOR_SUPERFAMILY_CYTOKINE_PRODUCTION	53	20	0.004779911380909037	0.022692788796190324
Immune::GSE33162_UNTREATED_VS_4H_LPS_STIM_HDAC3_HET_MACROPHAGE_UP	108	35	0.00492227463636403	0.023341569000265374
Immune::GSE6259_BCELL_VS_CD8_TCELL_DN	108	35	0.00492227463636403	0.023341569000265374
Immune::GSE2770_IL12_AND_TGFB_VS_IL4_TREATED_ACT_CD4_TCELL_48H_DN	93	31	0.004954423336944203	0.02346681117325048
Immune::GSE7831_1H_VS_4H_INFLUENZA_STIM_PDC_DN	93	31	0.004954423336944203	0.02346681117325048
Immune::GSE10239_MEMORY_VS_DAY4.5_EFF_CD8_TCELL_UP	131	41	0.004963012802963242	0.02348030348654674
Immune::GSE1925_CTRL_VS_3H_IFNG_STIM_MACROPHAGE_UP	131	41	0.004963012802963242	0.02348030348654674
GO_BP::GOBP_REGULATION_OF_LIPID_BIOSYNTHETIC_PROCESS	71	25	0.005020890998194972	0.023740397898979693
GO_BP::GOBP_POSITIVE_REGULATION_OF_NF_KAPPAB_TRANSCRIPTION_FACTOR_ACTIVITY	82	28	0.005065227312847566	0.02390857439070576
Immune::GSE19941_UNSTIM_VS_LPS_AND_IL10_STIM_IL10_KO_MACROPHAGE_UP	82	28	0.005065227312847566	0.02390857439070576
Immune::GSE4590_SMALL_VS_LARGE_PRE_BCELL_DN	82	28	0.005065227312847566	0.02390857439070576
Reactome::REACTOME_ANTIVIRAL_MECHANISM_BY_IFN_STIMULATED_GENES	112	36	0.005088928493189954	0.023992757967892693
Immune::GSE5455_EX_VIVO_VS_POST_24H_INCUBATION_MONOCYTES_FROM_TUMOR_BEARING_MOUSE_DN	112	36	0.005088928493189954	0.023992757967892693
Immune::GSE15930_STIM_VS_STIM_AND_TRICHOSTATINA_48H_CD8_T_CELL_UP	139	43	0.005152248544067161	0.02427730016732107
Immune::GSE360_L_DONOVANI_VS_B_MALAYI_LOW_DOSE_DC_UP	97	32	0.005186601286407517	0.0244250998979928
GO_BP::GOBP_CENTRAL_NERVOUS_SYSTEM_NEURON_DIFFERENTIATION	43	17	0.005210655799975582	0.024496071519425438
GO_BP::GOBP_NEGATIVE_REGULATION_OF_PROTEIN_SERINE_THREONINE_KINASE_ACTIVITY	43	17	0.005210655799975582	0.024496071519425438
GO_BP::GOBP_REGULATION_OF_CELL_MATRIX_ADHESION	43	17	0.005210655799975582	0.024496071519425438
Reactome::REACTOME_SIGNALING_BY_VEGF	64	23	0.005242987351247432	0.02461976838875086
Immune::GSE18791_UNSTIM_VS_NEWCATSLE_VIRUS_DC_2H_DN	64	23	0.005242987351247432	0.02461976838875086
GO_BP::GOBP_TISSUE_HOMEOSTASIS	86	29	0.005365599350718492	0.025152207844628804
Immune::GSE11961_FOLLICULAR_BCELL_VS_GERMINAL_CENTER_BCELL_DAY7_DN	86	29	0.005365599350718492	0.025152207844628804
Immune::GSE22025_TGFB1_VS_TGFB1_AND_PROGESTERONE_TREATED_CD4_TCELL_UP	86	29	0.005365599350718492	0.025152207844628804
GO_BP::GOBP_SENSORY_ORGAN_MORPHOGENESIS	57	21	0.005380904741758969	0.02520950789667146
Immune::GSE29949_CD8_NEG_DC_SPLEEN_VS_CD8_POS_DC_SPLEEN_UP	50	19	0.005390007989553399	0.0252377019774166
Immune::GSE360_T_GONDII_VS_B_MALAYI_LOW_DOSE_DC_DN	101	33	0.005403669504295729	0.025287194819873605
GO_BP::GOBP_REGULATION_OF_NEUROGENESIS	124	39	0.005517143135685613	0.025773975356886532
Immune::GSE3982_EOSINOPHIL_VS_CENT_MEMORY_CD4_TCELL_UP	124	39	0.005517143135685613	0.025773975356886532
Immune::GSE40274_FOXP3_VS_FOXP3_AND_EOS_TRANSDUCED_ACTIVATED_CD4_TCELL_UP	124	39	0.005517143135685613	0.025773975356886532
Immune::GSE3982_MAST_CELL_VS_NKCELL_DN	105	34	0.005605770504696439	0.026158130478275452
Immune::GSE41176_WT_VS_TAK1_KO_UNSTIM_BCELL_UP	105	34	0.005605770504696439	0.026158130478275452
GO_BP::GOBP_CELLULAR_RESPONSE_TO_HORMONE_STIMULUS	272	76	0.005628464660846038	0.026239985750293352
GO_BP::GOBP_POSITIVE_REGULATION_OF_KINASE_ACTIVITY	128	40	0.005637082861297479	0.026239985750293352
GO_BP::GOBP_REGULATION_OF_TRANS_SYNAPTIC_SIGNALING	128	40	0.005637082861297479	0.026239985750293352
Immune::GSE3720_UNSTIM_VS_LPS_STIM_VD1_GAMMADELTA_TCELL_UP	128	40	0.005637082861297479	0.026239985750293352
GO_BP::GOBP_CHONDROCYTE_DIFFERENTIATION	30	13	0.005664370895594711	0.026239985750293352
GO_BP::GOBP_EMBRYONIC_APPENDAGE_MORPHOGENESIS	30	13	0.005664370895594711	0.026239985750293352
GO_BP::GOBP_FC_RECEPTOR_SIGNALING_PATHWAY	30	13	0.005664370895594711	0.026239985750293352
GO_BP::GOBP_INTEGRATED_STRESS_RESPONSE_SIGNALING	30	13	0.005664370895594711	0.026239985750293352
GO_BP::GOBP_MITOPHAGY	30	13	0.005664370895594711	0.026239985750293352
GO_BP::GOBP_REGULATION_OF_ERYTHROCYTE_DIFFERENTIATION	30	13	0.005664370895594711	0.026239985750293352
GO_BP::GOBP_REGULATION_OF_MYELOID_LEUKOCYTE_MEDIATED_IMMUNITY	30	13	0.005664370895594711	0.026239985750293352
GO_BP::GOBP_INTRACELLULAR_RECEPTOR_SIGNALING_PATHWAY	195	57	0.005665014038510765	0.026239985750293352
GO_BP::GOBP_SYNAPTIC_SIGNALING	195	57	0.005665014038510765	0.026239985750293352
GO_BP::GOBP_CHEMOKINE_C_X_C_MOTIF_LIGAND_2_PRODUCTION	12	7	0.005788847850340399	0.026722785223354664
GO_BP::GOBP_HUMORAL_IMMUNE_RESPONSE_MEDIATED_BY_CIRCULATING_IMMUNOGLOBULIN	12	7	0.005788847850340399	0.026722785223354664
GO_BP::GOBP_MODULATION_OF_EXCITATORY_POSTSYNAPTIC_POTENTIAL	12	7	0.005788847850340399	0.026722785223354664
GO_BP::GOBP_POSITIVE_REGULATION_OF_FILOPODIUM_ASSEMBLY	12	7	0.005788847850340399	0.026722785223354664
GO_BP::GOBP_VENTRICULAR_CARDIAC_MUSCLE_TISSUE_MORPHOGENESIS	12	7	0.005788847850340399	0.026722785223354664
Reactome::REACTOME_Z_DECAY_DEGRADATION_OF_MATERNAL_MRNAS_BY_ZYGOTICALLY_EXPRESSED_FACTORS	12	7	0.005788847850340399	0.026722785223354664
Immune::GSE17721_LPS_VS_GARDIQUIMOD_2H_BMDC_UP	109	35	0.005793159746302148	0.026727606725748206
GO_BP::GOBP_ADENYLATE_CYCLASE_MODULATING_G_PROTEIN_COUPLED_RECEPTOR_SIGNALING_PATHWAY	40	16	0.005810906623453356	0.026779276721041384
GO_BP::GOBP_EYE_MORPHOGENESIS	40	16	0.005810906623453356	0.026779276721041384
Reactome::REACTOME_INNATE_IMMUNE_SYSTEM	610	156	0.00582111075191353	0.026811197044286413
Immune::GSE9601_UNTREATED_VS_PI3K_INHIBITOR_TREATED_HCMV_INF_MONOCYTE_UP	136	42	0.005845097890926346	0.026906528276745927
GO_BP::GOBP_REGULATORY_NCRNA_MEDIATED_GENE_SILENCING	94	31	0.00591186380765167	0.027152748987417555
Immune::GSE10239_MEMORY_VS_KLRG1INT_EFF_CD8_TCELL_UP	94	31	0.00591186380765167	0.027152748987417555
Immune::GSE23568_ID3_KO_VS_WT_CD8_TCELL_DN	94	31	0.00591186380765167	0.027152748987417555
Immune::GSE3982_EOSINOPHIL_VS_TH2_UP	94	31	0.00591186380765167	0.027152748987417555
GO_BP::GOBP_HEPATICOBILIARY_SYSTEM_DEVELOPMENT	61	22	0.005957679169455367	0.02730185748243412
GO_BP::GOBP_RESPIRATORY_SYSTEM_DEVELOPMENT	61	22	0.005957679169455367	0.02730185748243412
Immune::GSE30083_SP1_VS_SP2_THYMOCYTE_DN	61	22	0.005957679169455367	0.02730185748243412
Immune::GSE9509_LPS_VS_LPS_AND_IL10_STIM_IL10_KO_MACROPHAGE_10MIN_UP	61	22	0.005957679169455367	0.02730185748243412
Immune::GSE24142_DN2_VS_DN3_THYMOCYTE_DN	113	36	0.005966179495998502	0.02731021168285828
Immune::GSE32423_CTRL_VS_IL7_IL4_MEMORY_CD8_TCELL_UP	113	36	0.005966179495998502	0.02731021168285828
GO_BP::GOBP_ALPHA_BETA_T_CELL_PROLIFERATION	27	12	0.006088511147088999	0.027823475521334084
GO_BP::GOBP_ROOF_OF_MOUTH_DEVELOPMENT	27	12	0.006088511147088999	0.027823475521334084
Immune::ZAK_PBMC_MRKAD5_HIV_1_GAG_POL_NEF_AGE_20_50YO_AD5_NAB_TITERS_GT_200_VS_LTE_200_1DY_DN	27	12	0.006088511147088999	0.027823475521334084
GO_BP::GOBP_NEGATIVE_REGULATION_OF_PROTEIN_UBIQUITINATION	54	20	0.006095423060063794	0.027823973566585846
GO_BP::GOBP_RESPONSE_TO_INTERLEUKIN_1	54	20	0.006095423060063794	0.027823973566585846
GO_BP::GOBP_REGULATION_OF_RAS_PROTEIN_SIGNAL_TRANSDUCTION	83	28	0.006118172647902062	0.027881143320244495
Immune::GSE28783_ANTI_MIR33_VS_UNTREATED_ATHEROSCLEROSIS_MACROPHAGE_DN	83	28	0.006118172647902062	0.027881143320244495
Immune::GSE36888_UNTREATED_VS_IL2_TREATED_TCELL_17H_DN	83	28	0.006118172647902062	0.027881143320244495
Immune::GSE26669_CD4_VS_CD8_TCELL_IN_MLR_UP	117	37	0.006125237430525379	0.027882271664828935
Immune::GSE27859_MACROPHAGE_VS_CD11C_INT_F480_HI_MACROPHAGE_UP	117	37	0.006125237430525379	0.027882271664828935
Immune::GSE22611_MUTANT_NOD2_VS_CTRL_TRANSDUCED_HEK293T_CELL_UP	98	32	0.00615774624004776	0.028004574377708417
GO_BP::GOBP_NEGATIVE_REGULATION_OF_CELL_GROWTH	72	25	0.006162375779935838	0.028004574377708417
Immune::GSE360_DC_VS_MAC_T_GONDII_UP	72	25	0.006162375779935838	0.028004574377708417
Immune::GSE43955_TH0_VS_TGFB_IL6_TH17_ACT_CD4_TCELL_4H_DN	121	38	0.006270789186115555	0.0284656246073392
Immune::GSE6259_DEC205_POS_DC_VS_BCELL_DN	121	38	0.006270789186115555	0.0284656246073392
GO_BP::GOBP_PEPTIDYL_AMINO_ACID_MODIFICATION	470	123	0.0063155180057890125	0.028572124857793334
GO_BP::GOBP_CARDIAC_ATRIUM_DEVELOPMENT	7	5	0.006350137285020573	0.028572124857793334
GO_BP::GOBP_G_PROTEIN_COUPLED_ACETYLCHOLINE_RECEPTOR_SIGNALING_PATHWAY	7	5	0.006350137285020573	0.028572124857793334
GO_BP::GOBP_HETEROPHILIC_CELL_CELL_ADHESION_VIA_PLASMA_MEMBRANE_CELL_ADHESION_MOLECULES	7	5	0.006350137285020573	0.028572124857793334
GO_BP::GOBP_INNER_EAR_AUDITORY_RECEPTOR_CELL_DIFFERENTIATION	7	5	0.006350137285020573	0.028572124857793334
GO_BP::GOBP_LOCOMOTOR_RHYTHM	7	5	0.006350137285020573	0.028572124857793334
GO_BP::GOBP_NATURAL_KILLER_CELL_CHEMOTAXIS	7	5	0.006350137285020573	0.028572124857793334
GO_BP::GOBP_POSITIVE_REGULATION_OF_CHEMOKINE_C_X_C_MOTIF_LIGAND_2_PRODUCTION	7	5	0.006350137285020573	0.028572124857793334
GO_BP::GOBP_POSITIVE_REGULATION_OF_RIG_I_SIGNALING_PATHWAY	7	5	0.006350137285020573	0.028572124857793334
GO_BP::GOBP_REGULATION_OF_DENDRITIC_CELL_DIFFERENTIATION	7	5	0.006350137285020573	0.028572124857793334
GO_BP::GOBP_REGULATION_OF_NATURAL_KILLER_CELL_DIFFERENTIATION	7	5	0.006350137285020573	0.028572124857793334
Reactome::REACTOME_COLLAGEN_DEGRADATION	7	5	0.006350137285020573	0.028572124857793334
Reactome::REACTOME_INTERLEUKIN_9_SIGNALING	7	5	0.006350137285020573	0.028572124857793334
Reactome::REACTOME_REPRESSION_OF_WNT_TARGET_GENES	7	5	0.006350137285020573	0.028572124857793334
Immune::NAKAYA_PBMC_FLUMIST_AGE_18_50YO_7DY_IFN_SUBSET_DN	7	5	0.006350137285020573	0.028572124857793334
Immune::PATEL_SKIN_OF_BODY_ZOSTAVAX_AGE_70_93YO_VZV_CHALLENGE_6HR_TOP_30_DEG_UP	7	5	0.006350137285020573	0.028572124857793334
Immune::GSE10240_IL22_VS_IL22_AND_IL17_STIM_PRIMARY_BRONCHIAL_EPITHELIAL_CELLS_DN	102	33	0.006385764104185674	0.028700851852878472
Immune::GSE17721_CTRL_VS_CPG_4H_BMDC_DN	102	33	0.006385764104185674	0.028700851852878472
Immune::GSE20500_RETINOIC_ACID_VS_RARA_ANTAGONIST_TREATED_CD4_TCELL_DN	125	39	0.006403324184477511	0.028732414607255095
Immune::GSE369_IFNG_KO_VS_WT_LIVER_UP	125	39	0.006403324184477511	0.028732414607255095
Immune::GSE3920_UNTREATED_VS_IFNB_TREATED_ENDOTHELIAL_CELL_UP	125	39	0.006403324184477511	0.028732414607255095
Immune::GSE24574_BCL6_HIGH_TFH_VS_TCONV_CD4_TCELL_DN	87	29	0.0064404329046619975	0.0288475776974414
GO_BP::GOBP_MODULATION_BY_SYMBIONT_OF_ENTRY_INTO_HOST	24	11	0.006453675695148871	0.0288475776974414
GO_BP::GOBP_NEGATIVE_REGULATION_OF_CARBOHYDRATE_METABOLIC_PROCESS	24	11	0.006453675695148871	0.0288475776974414
GO_BP::GOBP_REGULATION_OF_BIOLOGICAL_PROCESS_INVOLVED_IN_SYMBIOTIC_INTERACTION	24	11	0.006453675695148871	0.0288475776974414
Reactome::REACTOME_DAP12_INTERACTIONS	24	11	0.006453675695148871	0.0288475776974414
Reactome::REACTOME_G_PROTEIN_MEDIATED_EVENTS	24	11	0.006453675695148871	0.0288475776974414
Reactome::REACTOME_SIGNALING_BY_NOTCH3	24	11	0.006453675695148871	0.0288475776974414
GO_BP::GOBP_REGULATION_OF_T_CELL_RECEPTOR_SIGNALING_PATHWAY	37	15	0.006459850208686487	0.02885940726764362
GO_BP::GOBP_BONE_DEVELOPMENT	65	23	0.006506325853722376	0.028871742696562227
GO_BP::GOBP_INTERFERON_MEDIATED_SIGNALING_PATHWAY	65	23	0.006506325853722376	0.028871742696562227
GO_BP::GOBP_NOTCH_SIGNALING_PATHWAY	65	23	0.006506325853722376	0.028871742696562227
GO_BP::GOBP_CARDIAC_MUSCLE_TISSUE_MORPHOGENESIS	15	8	0.006515554647659397	0.028871742696562227
GO_BP::GOBP_IMMUNE_RESPONSE_REGULATING_CELL_SURFACE_RECEPTOR_SIGNALING_PATHWAY_INVOLVED_IN_PHAGOCYTOSIS	15	8	0.006515554647659397	0.028871742696562227
GO_BP::GOBP_NEGATIVE_REGULATION_OF_TYPE_II_INTERFERON_PRODUCTION	15	8	0.006515554647659397	0.028871742696562227
GO_BP::GOBP_NEGATIVE_REGULATION_OF_T_CELL_MEDIATED_IMMUNITY	15	8	0.006515554647659397	0.028871742696562227
GO_BP::GOBP_POSITIVE_REGULATION_OF_NITRIC_OXIDE_METABOLIC_PROCESS	15	8	0.006515554647659397	0.028871742696562227
GO_BP::GOBP_POSITIVE_REGULATION_OF_T_CELL_RECEPTOR_SIGNALING_PATHWAY	15	8	0.006515554647659397	0.028871742696562227
GO_BP::GOBP_REGULATION_OF_LYMPHOCYTE_CHEMOTAXIS	15	8	0.006515554647659397	0.028871742696562227
GO_BP::GOBP_REGULATION_OF_TYPE_2_IMMUNE_RESPONSE	15	8	0.006515554647659397	0.028871742696562227
GO_BP::GOBP_RESPONSE_TO_STEROL	15	8	0.006515554647659397	0.028871742696562227
GO_BP::GOBP_STRIATED_MUSCLE_CELL_DEVELOPMENT	15	8	0.006515554647659397	0.028871742696562227
GO_BP::GOBP_VENTRICULAR_CARDIAC_MUSCLE_TISSUE_DEVELOPMENT	15	8	0.006515554647659397	0.028871742696562227
Reactome::REACTOME_SIGNALING_BY_KIT_IN_DISEASE	15	8	0.006515554647659397	0.028871742696562227
Immune::GSE3337_CTRL_VS_4H_IFNG_IN_CD8POS_DC_DN	129	40	0.006523354169344938	0.028890653549129175
Immune::GSE2405_HEAT_KILLED_LYSATE_VS_LIVE_A_PHAGOCYTOPHILUM_STIM_NEUTROPHIL_9H_UP	76	26	0.006583887815416415	0.029127205154194848
Immune::GSE34156_NOD2_LIGAND_VS_TLR1_TLR2_LIGAND_24H_TREATED_MONOCYTE_UP	76	26	0.006583887815416415	0.029127205154194848
Immune::GSE29164_DAY3_VS_DAY7_UNTREATED_MELANOMA_UP	106	34	0.006596311653558988	0.029134897044337214
Immune::GSE36392_TYPE_2_MYELOID_VS_EOSINOPHIL_IL25_TREATED_LUNG_UP	106	34	0.006596311653558988	0.029134897044337214
Immune::GSE3982_NEUTROPHIL_VS_TH2_UP	106	34	0.006596311653558988	0.029134897044337214
Immune::GSE6674_PL2_3_VS_ANTI_IGM_AND_CPG_STIM_BCELL_DN	133	41	0.006631403980041017	0.02927408772624691
GO_BP::GOBP_MACROPHAGE_MIGRATION	21	10	0.0067063492346374175	0.029493514375986064
GO_BP::GOBP_NEGATIVE_REGULATION_OF_DNA_BINDING	21	10	0.0067063492346374175	0.029493514375986064
Reactome::REACTOME_INACTIVATION_OF_CSF3_G_CSF_SIGNALING	21	10	0.0067063492346374175	0.029493514375986064
Reactome::REACTOME_PD_1_SIGNALING	21	10	0.0067063492346374175	0.029493514375986064
Immune::NAKAYA_PBMC_FLUMIST_AGE_18_50YO_3DY_IFN_SUBSET_UP	21	10	0.0067063492346374175	0.029493514375986064
Immune::SOBOLEV_T_CELL_PANDEMRIX_AGE_18_64YO_1DY_UP	21	10	0.0067063492346374175	0.029493514375986064
Immune::SOBOLEV_T_CELL_PANDEMRIX_AGE_18_64YO_7DY_DN	21	10	0.0067063492346374175	0.029493514375986064
GO_BP::GOBP_REGULATION_OF_SMALL_MOLECULE_METABOLIC_PROCESS	137	42	0.006728004167511814	0.029556967825051902
Immune::GSE3039_CD4_TCELL_VS_NKT_CELL_UP	137	42	0.006728004167511814	0.029556967825051902
Immune::GSE24142_ADULT_VS_FETAL_EARLY_THYMIC_PROGENITOR_UP	91	30	0.006740664139862035	0.029564950490118737
Immune::GSE37301_HEMATOPOIETIC_STEM_CELL_VS_GRAN_MONO_PROGENITOR_DN	91	30	0.006740664139862035	0.029564950490118737
Immune::GSE40277_GATA1_AND_SATB1_TRANSDUCED_VS_CTRL_CD4_TCELL_DN	91	30	0.006740664139862035	0.029564950490118737
GO_BP::GOBP_ACTIVATED_T_CELL_PROLIFERATION	18	9	0.006766275339935261	0.02961393374257032
GO_BP::GOBP_INTERLEUKIN_4_PRODUCTION	18	9	0.006766275339935261	0.02961393374257032
Immune::WEINBERGER_BLOOD_TWINRIX_AGE_20_40_AND_60_84YO_CORRELATED_WITH_ANTI_HBS_CONC_PRIMARY_VACC_1DY_SIGNIFICANT	18	9	0.006766275339935261	0.02961393374257032
GO_BP::GOBP_EPITHELIAL_TO_MESENCHYMAL_TRANSITION	58	21	0.006769933508387102	0.02961393374257032
Immune::GSE16450_CTRL_VS_IFNA_6H_STIM_MATURE_NEURON_CELL_LINE_UP	58	21	0.006769933508387102	0.02961393374257032
Immune::GSE17721_CTRL_VS_POLYIC_4H_BMDC_DN	110	35	0.006789877554059283	0.02965360298569404
Immune::GSE29618_LAIV_VS_TIV_FLU_VACCINE_DAY7_MDC_UP	110	35	0.006789877554059283	0.02965360298569404
Immune::GSE40666_WT_VS_STAT1_KO_CD8_TCELL_UP	110	35	0.006789877554059283	0.02965360298569404
GO_BP::GOBP_NEURON_MIGRATION	44	17	0.006831267064360635	0.0298184442830683
GO_BP::GOBP_LYMPHOCYTE_HOMEOSTASIS	51	19	0.0069021298765046864	0.030095640932733654
Immune::GSE2585_CD80_HIGH_VS_LOW_AIRE_KO_MTEC_UP	51	19	0.0069021298765046864	0.030095640932733654
Immune::GSE15624_CTRL_VS_3H_HALOFUGINONE_TREATED_CD4_TCELL_UP	114	36	0.006967019145620576	0.030346228227463426
Immune::GSE23308_WT_VS_MINERALCORTICOID_REC_KO_MACROPHAGE_DN	114	36	0.006967019145620576	0.030346228227463426
Immune::GSE3982_BCELL_VS_TH2_DN	80	27	0.0069787796107009525	0.030365115540177547
Immune::GSE9006_HEALTHY_VS_TYPE_1_DIABETES_PBMC_AT_DX_DN	80	27	0.0069787796107009525	0.030365115540177547
GO_BP::GOBP_NEGATIVE_REGULATION_OF_PHOSPHORYLATION	153	46	0.007010423997164326	0.030466097234262447
GO_BP::GOBP_PATTERN_SPECIFICATION_PROCESS	95	31	0.007019119991652843	0.030466097234262447
Immune::GSE4984_UNTREATED_VS_VEHICLE_CTRL_TREATED_DC_UP	95	31	0.007019119991652843	0.030466097234262447
GO_BP::GOBP_ENTRY_INTO_HOST	69	24	0.00702433488799743	0.030466097234262447
GO_BP::GOBP_RESPONSE_TO_TYPE_II_INTERFERON	69	24	0.00702433488799743	0.030466097234262447
Immune::GSE43863_TFH_VS_LY6C_LOW_CXCR5NEG_EFFECTOR_CD4_TCELL_DN	69	24	0.00702433488799743	0.030466097234262447
Immune::GSE33424_CD161_HIGH_VS_INT_CD8_TCELL_DN	118	37	0.007128341778651411	0.03090081385764099
GO_BP::GOBP_APPENDAGE_MORPHOGENESIS	34	14	0.007152266354826944	0.03097169866727602
Immune::GSE13411_NAIVE_VS_MEMORY_BCELL_UP	34	14	0.007152266354826944	0.03097169866727602
Immune::GSE29949_CD8_POS_DC_SPLEEN_VS_MONOCYTE_BONE_MARROW_DN	122	38	0.007274482298880919	0.03146761777093914
Immune::GSE5679_PPARG_LIGAND_ROSIGLITAZONE_VS_RARA_AGONIST_AM580_TREATED_DC_DN	122	38	0.007274482298880919	0.03146761777093914
Immune::GSE25088_CTRL_VS_IL4_STIM_MACROPHAGE_UP	84	28	0.0073468489086910066	0.031747080862700706
Immune::GSE3039_CD4_TCELL_VS_ALPHABETA_CD8_TCELL_UP	84	28	0.0073468489086910066	0.031747080862700706
Immune::GSE339_EX_VIVO_VS_IN_CULTURE_CD4CD8DN_DC_DN	126	39	0.007406095914687563	0.03198147734207843
GO_BP::GOBP_EXTERNAL_ENCAPSULATING_STRUCTURE_ORGANIZATION	62	22	0.007408911927046287	0.03198147734207843
GO_BP::GOBP_IMMUNOGLOBULIN_PRODUCTION	73	25	0.007510271246670646	0.032360802143966305
GO_BP::GOBP_POSITIVE_REGULATION_OF_PRODUCTION_OF_MOLECULAR_MEDIATOR_OF_IMMUNE_RESPONSE	73	25	0.007510271246670646	0.032360802143966305
Immune::GSE19401_PLN_VS_PEYERS_PATCH_FOLLICULAR_DC_UP	103	33	0.007512611646869439	0.032360802143966305
Immune::GSE40274_FOXP3_VS_FOXP3_AND_XBP1_TRANSDUCED_ACTIVATED_CD4_TCELL_DN	103	33	0.007512611646869439	0.032360802143966305
GO_BP::GOBP_REGULATION_OF_ENDOCYTOSIS	130	40	0.007523845816709219	0.03239213620035864
Immune::GSE42724_MEMORY_BCELL_VS_PLASMABLAST_UP	134	41	0.007628395032961959	0.0328249717883371
GO_BP::GOBP_POSITIVE_REGULATION_OF_INTERLEUKIN_6_PRODUCTION	41	16	0.007673531954097239	0.03300183563854649
Immune::GSE17721_CPG_VS_GARDIQUIMOD_2H_BMDC_UP	88	29	0.007688277829874448	0.03303052134893539
Immune::GSE17721_LPS_VS_GARDIQUIMOD_1H_BMDC_UP	88	29	0.007688277829874448	0.03303052134893539
GO_BP::GOBP_MIRNA_METABOLIC_PROCESS	55	20	0.007692892662241472	0.033032998413194355
Immune::GSE27786_LSK_VS_CD4_TCELL_DN	138	42	0.007720400096699477	0.03313372129643322
Immune::GSE14350_IL2RB_KO_VS_WT_TEFF_UP	107	34	0.007728909878476685	0.03313547316873128
Immune::GSE40277_EOS_AND_LEF1_TRANSDUCED_VS_CTRL_CD4_TCELL_UP	107	34	0.007728909878476685	0.03313547316873128
GO_BP::GOBP_INTERLEUKIN_1_PRODUCTION	48	18	0.007811686956746919	0.03343778090329136
Reactome::REACTOME_CIRCADIAN_CLOCK	48	18	0.007811686956746919	0.03343778090329136
Immune::GSE15733_BM_VS_SPLEEN_MEMORY_CD4_TCELL_UP	48	18	0.007811686956746919	0.03343778090329136
Reactome::REACTOME_GENERATION_OF_SECOND_MESSENGER_MOLECULES	31	13	0.007877258749038683	0.033683207823908226
Immune::FLETCHER_PBMC_BCG_10W_INFANT_PPD_STIMULATED_VS_UNSTIMULATED_10W_UP	31	13	0.007877258749038683	0.033683207823908226
Immune::GSE40685_NAIVE_CD4_TCELL_VS_TREG_DN	111	35	0.007925887971022604	0.03384506676266702
Immune::GSE41867_MEMORY_VS_EXHAUSTED_CD8_TCELL_DAY30_LCMV_UP	111	35	0.007925887971022604	0.03384506676266702
Immune::GSE24671_CTRL_VS_BAKIMULC_INFECTED_MOUSE_SPLENOCYTES_UP	150	45	0.007927524195265283	0.03384506676266702
Immune::GSE12963_ENV_NEF_VS_ENV_NEF_AND_VPR_DEFICIENT_HIV1_INF_CD4_TCELL_UP	77	26	0.007963515890537017	0.0339809911239399
Immune::GSE11057_CD4_CENT_MEM_VS_PBMC_UP	154	46	0.007975641155886067	0.034014986785791464
GO_BP::GOBP_REGULATION_OF_STRESS_ACTIVATED_PROTEIN_KINASE_SIGNALING_CASCADE	92	30	0.00800353575923061	0.03411616597733527
Immune::GSE29949_MICROGLIA_VS_DC_BRAIN_DN	66	23	0.008009548626275453	0.034124014459861046
Immune::GSE21033_CTRL_VS_POLYIC_STIM_DC_6H_UP	115	36	0.008104342427788569	0.034474009911237904
Immune::GSE25123_CTRL_VS_IL4_STIM_MACROPHAGE_DN	115	36	0.008104342427788569	0.034474009911237904
Immune::GSE29949_MICROGLIA_BRAIN_VS_CD8_POS_DC_SPLEEN_UP	115	36	0.008104342427788569	0.034474009911237904
GO_BP::GOBP_POSITIVE_REGULATION_OF_PHOSPHORYLATION	247	69	0.008122794353738754	0.03453454148315126
GO_BP::GOBP_IMPORT_INTO_CELL	355	95	0.008147144582110749	0.034620074120345935
Immune::GSE17721_PAM3CSK4_VS_CPG_12H_BMDC_DN	119	37	0.008265096090524593	0.035103056085405586
Immune::GSE360_T_GONDII_VS_M_TUBERCULOSIS_DC_DN	96	31	0.008293302744340224	0.03520457521987703
GO_BP::GOBP_POSITIVE_REGULATION_OF_WNT_SIGNALING_PATHWAY	59	21	0.008438633627881775	0.03578435618251577
Immune::GSE22886_NAIVE_BCELL_VS_MONOCYTE_UP	59	21	0.008438633627881775	0.03578435618251577
GO_BP::GOBP_NEGATIVE_REGULATION_OF_INTRACELLULAR_SIGNAL_TRANSDUCTION	268	74	0.008467163553774753	0.03588673464760491
Immune::GSE29164_CD8_TCELL_VS_CD8_TCELL_AND_IL12_TREATED_MELANOMA_DAY3_DN	127	39	0.008536838319953523	0.03612588590647688
Immune::GSE37301_LYMPHOID_PRIMED_MPP_VS_COMMON_LYMPHOID_PROGENITOR_DN	127	39	0.008536838319953523	0.03612588590647688
Immune::GSE40068_CXCR5NEG_BCL6NEG_CD4_TCELL_VS_CXCR5POS_BCL6NEG_TFH_DN	127	39	0.008536838319953523	0.03612588590647688
GO_BP::GOBP_PEPTIDYL_TYROSINE_MODIFICATION	100	32	0.008558409362810843	0.03617432825473892
GO_BP::GOBP_RECEPTOR_SIGNALING_PATHWAY_VIA_STAT	70	24	0.008570397085291446	0.03617432825473892
GO_BP::GOBP_RIBOSOMAL_LARGE_SUBUNIT_BIOGENESIS	70	24	0.008570397085291446	0.03617432825473892
Reactome::REACTOME_RHOA_GTPASE_CYCLE	70	24	0.008570397085291446	0.03617432825473892
Immune::GSE3720_UNSTIM_VS_LPS_STIM_VD1_GAMMADELTA_TCELL_DN	70	24	0.008570397085291446	0.03617432825473892
GO_BP::GOBP_NEGATIVE_REGULATION_OF_LEUKOCYTE_MEDIATED_IMMUNITY	38	15	0.00860228674677547	0.03623202187373123
GO_BP::GOBP_REGULATION_OF_OSTEOBLAST_DIFFERENTIATION	38	15	0.00860228674677547	0.03623202187373123
GO_BP::GOBP_ANTIVIRAL_INNATE_IMMUNE_RESPONSE	28	12	0.008615071215697706	0.03623202187373123
GO_BP::GOBP_FIBROBLAST_MIGRATION	28	12	0.008615071215697706	0.03623202187373123
GO_BP::GOBP_NEUROINFLAMMATORY_RESPONSE	28	12	0.008615071215697706	0.03623202187373123
GO_BP::GOBP_POSITIVE_REGULATION_OF_BLOOD_VESSEL_ENDOTHELIAL_CELL_MIGRATION	28	12	0.008615071215697706	0.03623202187373123
GO_BP::GOBP_POSITIVE_REGULATION_OF_INTERFERON_BETA_PRODUCTION	28	12	0.008615071215697706	0.03623202187373123
GO_BP::GOBP_REGULATION_OF_MRNA_CATABOLIC_PROCESS	131	40	0.008649486701872284	0.03635806845905205
GO_BP::GOBP_REGULATION_OF_CELL_JUNCTION_ASSEMBLY	52	19	0.008741333036839789	0.036706419015066466
GO_BP::GOBP_REGULATION_OF_NEURON_DIFFERENTIATION	52	19	0.008741333036839789	0.036706419015066466
Immune::GSE32034_LY6C_HIGH_VS_LOW_ROSIGLIZATONE_TREATED_MONOCYTE_UP	135	41	0.008747738465628945	0.03671446929135186
Immune::GSE22886_NAIVE_VS_MEMORY_TCELL_UP	85	28	0.008772352756108848	0.03674236843060439
Immune::GSE23502_WT_VS_HDC_KO_MYELOID_DERIVED_SUPPRESSOR_CELL_COLON_TUMOR_UP	85	28	0.008772352756108848	0.03674236843060439
Immune::GSE36888_UNTREATED_VS_IL2_TREATED_STAT5_AB_KNOCKIN_TCELL_17H_UP	85	28	0.008772352756108848	0.03674236843060439
Immune::GSE45382_UNTREATED_VS_TGFB_TREATED_MACROPHAGES_DN	85	28	0.008772352756108848	0.03674236843060439
Immune::GSE12845_IGD_POS_BLOOD_VS_DARKZONE_GC_TONSIL_BCELL_UP	104	33	0.008799789735459869	0.03676316651484256
Immune::GSE15735_2H_VS_12H_HDAC_INHIBITOR_TREATED_CD4_TCELL_UP	104	33	0.008799789735459869	0.03676316651484256
Immune::GSE17721_PAM3CSK4_VS_GADIQUIMOD_16H_BMDC_UP	104	33	0.008799789735459869	0.03676316651484256
Immune::GSE360_HIGH_DOSE_B_MALAYI_VS_M_TUBERCULOSIS_MAC_DN	104	33	0.008799789735459869	0.03676316651484256
Immune::GSE7852_TREG_VS_TCONV_FAT_UP	104	33	0.008799789735459869	0.03676316651484256
GO_BP::GOBP_RESPONSE_TO_ETHANOL	45	17	0.008835389441621905	0.03687422736350367
Reactome::REACTOME_PKR_MEDIATED_SIGNALING	45	17	0.008835389441621905	0.03687422736350367
GO_BP::GOBP_ANTIBACTERIAL_HUMORAL_RESPONSE	10	6	0.008986517403667921	0.037144877393634965
GO_BP::GOBP_BONE_CELL_DEVELOPMENT	10	6	0.008986517403667921	0.037144877393634965
GO_BP::GOBP_CELLULAR_RESPONSE_TO_LEUCINE	10	6	0.008986517403667921	0.037144877393634965
GO_BP::GOBP_EMBRYONIC_CAMERA_TYPE_EYE_DEVELOPMENT	10	6	0.008986517403667921	0.037144877393634965
GO_BP::GOBP_EPITHELIAL_CELL_DIFFERENTIATION_INVOLVED_IN_KIDNEY_DEVELOPMENT	10	6	0.008986517403667921	0.037144877393634965
GO_BP::GOBP_MYOTUBE_CELL_DEVELOPMENT	10	6	0.008986517403667921	0.037144877393634965
GO_BP::GOBP_NEGATIVE_REGULATION_OF_ENDOTHELIAL_CELL_PROLIFERATION	10	6	0.008986517403667921	0.037144877393634965
GO_BP::GOBP_NEGATIVE_REGULATION_OF_T_HELPER_CELL_DIFFERENTIATION	10	6	0.008986517403667921	0.037144877393634965
GO_BP::GOBP_POSITIVE_REGULATION_OF_STEROID_METABOLIC_PROCESS	10	6	0.008986517403667921	0.037144877393634965
GO_BP::GOBP_REGULATION_OF_HUMORAL_IMMUNE_RESPONSE	10	6	0.008986517403667921	0.037144877393634965
GO_BP::GOBP_RESPONSE_TO_ACETYLCHOLINE	10	6	0.008986517403667921	0.037144877393634965
GO_BP::GOBP_RESPONSE_TO_AMPHETAMINE	10	6	0.008986517403667921	0.037144877393634965
GO_BP::GOBP_RESPONSE_TO_MINERALOCORTICOID	10	6	0.008986517403667921	0.037144877393634965
GO_BP::GOBP_VASCULAR_ENDOTHELIAL_GROWTH_FACTOR_PRODUCTION	10	6	0.008986517403667921	0.037144877393634965
Reactome::REACTOME_CHEMOKINE_RECEPTORS_BIND_CHEMOKINES	10	6	0.008986517403667921	0.037144877393634965
Reactome::REACTOME_INTERLEUKIN_6_SIGNALING	10	6	0.008986517403667921	0.037144877393634965
Reactome::REACTOME_NOTCH3_INTRACELLULAR_DOMAIN_REGULATES_TRANSCRIPTION	10	6	0.008986517403667921	0.037144877393634965
Immune::HARALAMBIEVA_PBMC_DRYVAX_AGE_18_40YO_STIMULATED_VS_UNSTIMULATED_9_TO_34MO_UP	10	6	0.008986517403667921	0.037144877393634965
Immune::SOBOLEV_PBMC_PANDEMRIX_AGE_18_64YO_1DY_UP	10	6	0.008986517403667921	0.037144877393634965
Immune::GSE17974_2.5H_VS_72H_IL4_AND_ANTI_IL12_ACT_CD4_TCELL_UP	151	45	0.009012198127041739	0.037232212464243145
Immune::GSE40274_FOXP3_VS_FOXP3_AND_PBX1_TRANSDUCED_ACTIVATED_CD4_TCELL_UP	108	34	0.009018444989717633	0.03723921252695116
GO_BP::GOBP_CELLULAR_RESPONSE_TO_EXTRACELLULAR_STIMULUS	155	46	0.009049799137248562	0.03734982691356874
Immune::GSE16385_IFNG_TNF_VS_IL4_STIM_MACROPHAGE_ROSIGLITAZONE_TREATED_UP	74	25	0.009091019654740589	0.037501029135541104
Immune::GSE37416_CTRL_VS_48H_F_TULARENSIS_LVS_NEUTROPHIL_UP	89	29	0.009129162139779393	0.037592831059420406
Immune::GSE6259_FLT3L_INDUCED_DEC205_POS_DC_VS_BCELL_DN	89	29	0.009129162139779393	0.037592831059420406
GO_BP::GOBP_REGULATION_OF_CELLULAR_RESPONSE_TO_TRANSFORMING_GROWTH_FACTOR_BETA_STIMULUS	63	22	0.009136252829599971	0.037592831059420406
Immune::GSE3982_BCELL_VS_CENT_MEMORY_CD4_TCELL_DN	63	22	0.009136252829599971	0.037592831059420406
Immune::FLETCHER_PBMC_BCG_10W_INFANT_PPD_STIMULATED_VS_UNSTIMULATED_10W_DN	63	22	0.009136252829599971	0.037592831059420406
Immune::GSE7852_LN_VS_THYMUS_TREG_UP	112	35	0.009215415006401075	0.037899494596460935
GO_BP::GOBP_ANIMAL_ORGAN_REGENERATION	25	11	0.009332124187508301	0.0383216746254106
GO_BP::GOBP_B_CELL_HOMEOSTASIS	25	11	0.009332124187508301	0.0383216746254106
GO_BP::GOBP_MYELOID_LEUKOCYTE_CYTOKINE_PRODUCTION	25	11	0.009332124187508301	0.0383216746254106
GO_BP::GOBP_REGULATION_OF_CELLULAR_LOCALIZATION	497	128	0.009431402822405328	0.03870992227158835
Immune::GSE3039_CD4_TCELL_VS_B1_BCELL_UP	93	30	0.009455494055557479	0.03876989542579457
Immune::GSE360_L_DONOVANI_VS_T_GONDII_DC_DN	93	30	0.009455494055557479	0.03876989542579457
Immune::GSE360_DC_VS_MAC_B_MALAYI_HIGH_DOSE_UP	120	37	0.009548527579515761	0.039131741282785036
GO_BP::GOBP_REGULATION_OF_PATTERN_RECOGNITION_RECEPTOR_SIGNALING_PATHWAY	78	26	0.009571714583965123	0.03920712333341748
GO_BP::GOBP_CARDIAC_MUSCLE_CONTRACTION	35	14	0.009618416083743487	0.03931966195153509
GO_BP::GOBP_POSITIVE_REGULATION_OF_T_CELL_MEDIATED_IMMUNITY	35	14	0.009618416083743487	0.03931966195153509
GO_BP::GOBP_REGULATION_OF_MYOBLAST_DIFFERENTIATION	35	14	0.009618416083743487	0.03931966195153509
GO_BP::GOBP_REGULATION_OF_POSTSYNAPSE_ORGANIZATION	35	14	0.009618416083743487	0.03931966195153509
GO_BP::GOBP_STRESS_ACTIVATED_PROTEIN_KINASE_SIGNALING_CASCADE	124	38	0.009686773116019514	0.03955956270046911
Immune::GSE20727_CTRL_VS_H2O2_TREATED_DC_DN	124	38	0.009686773116019514	0.03955956270046911
Immune::GSE15930_NAIVE_VS_48H_IN_VITRO_STIM_IFNAB_CD8_TCELL_UP	97	31	0.009752511004884381	0.039768464616128735
Immune::GSE17721_CTRL_VS_POLYIC_1H_BMDC_DN	97	31	0.009752511004884381	0.039768464616128735
Immune::GSE3982_MAC_VS_EFF_MEMORY_CD4_TCELL_DN	97	31	0.009752511004884381	0.039768464616128735
Immune::GSE10325_CD4_TCELL_VS_BCELL_DN	67	23	0.00978438474667765	0.03985869881863704
Immune::GSE45837_WT_VS_GFI1_KO_PDC_UP	67	23	0.00978438474667765	0.03985869881863704
Reactome::REACTOME_DISEASES_OF_SIGNAL_TRANSDUCTION_BY_GROWTH_FACTOR_RECEPTORS_AND_SECOND_MESSENGERS	282	77	0.009799195266954885	0.039899162410995996
Immune::GSE339_EX_VIVO_VS_IN_CULTURE_CD8POS_DC_DN	128	39	0.009807517678240996	0.039913181397020575
Immune::GSE25088_CTRL_VS_IL4_AND_ROSIGLITAZONE_STIM_STAT6_KO_MACROPHAGE_UP	132	40	0.009911757716797361	0.04027728669816315
Immune::GSE31082_DP_VS_CD8_SP_THYMOCYTE_DN	132	40	0.009911757716797361	0.04027728669816315
Immune::GSE43863_TH1_VS_TFH_MEMORY_CD4_TCELL_DN	132	40	0.009911757716797361	0.04027728669816315
Reactome::REACTOME_OXIDATIVE_STRESS_INDUCED_SENESCENCE	49	18	0.009931786411035634	0.04033863596935029
GO_BP::GOBP_HETEROTYPIC_CELL_CELL_ADHESION	22	10	0.009973185515847586	0.040373772601971954
GO_BP::GOBP_POSITIVE_REGULATION_OF_RECEPTOR_SIGNALING_PATHWAY_VIA_STAT	22	10	0.009973185515847586	0.040373772601971954
GO_BP::GOBP_REGULATION_OF_POSTSYNAPTIC_MEMBRANE_POTENTIAL	22	10	0.009973185515847586	0.040373772601971954
Reactome::REACTOME_DAP12_SIGNALING	22	10	0.009973185515847586	0.040373772601971954
Reactome::REACTOME_FORMATION_OF_THE_BETA_CATENIN_TCF_TRANSACTIVATING_COMPLEX	22	10	0.009973185515847586	0.040373772601971954
GO_BP::GOBP_BIOMINERAL_TISSUE_DEVELOPMENT	42	16	0.009984858432003578	0.040373772601971954
GO_BP::GOBP_REGULATION_OF_G_PROTEIN_COUPLED_RECEPTOR_SIGNALING_PATHWAY	42	16	0.009984858432003578	0.040373772601971954
GO_BP::GOBP_REGULATION_OF_MIRNA_METABOLIC_PROCESS	42	16	0.009984858432003578	0.040373772601971954
Immune::GSE21927_SPLEEN_VS_C26GM_TUMOR_MONOCYTE_BALBC_UP	42	16	0.009984858432003578	0.040373772601971954
Immune::GSE29164_UNTREATED_VS_CD8_TCELL_TREATED_MELANOMA_DAY7_UP	136	41	0.010000457029447954	0.040402012256502536
Immune::GSE2706_R848_VS_LPS_8H_STIM_DC_DN	82	27	0.010013307383737667	0.040402012256502536
Immune::GSE9509_LPS_VS_LPS_AND_IL10_STIM_IL10_KO_MACROPHAGE_30MIN_DN	82	27	0.010013307383737667	0.040402012256502536
Immune::GSE15930_NAIVE_VS_24H_IN_VITRO_STIM_CD8_TCELL_UP	101	32	0.01002147712328162	0.040402012256502536
Immune::GSE17974_IL4_AND_ANTI_IL12_VS_UNTREATED_6H_ACT_CD4_TCELL_DN	101	32	0.01002147712328162	0.040402012256502536
Immune::GSE25087_FETAL_VS_ADULT_TREG_DN	101	32	0.01002147712328162	0.040402012256502536
GO_BP::GOBP_REGULATION_OF_MONOATOMIC_ION_TRANSPORT	144	43	0.010134907328402935	0.04079898717831497
Immune::GSE5463_CTRL_VS_DEXAMETHASONE_TREATED_THYMOCYTE_UP	144	43	0.010134907328402935	0.04079898717831497
Immune::KAECH_NAIVE_VS_DAY15_EFF_CD8_TCELL_UP	144	43	0.010134907328402935	0.04079898717831497
Immune::GSE22601_IMMATURE_CD4_SINGLE_POSITIVE_VS_CD8_SINGLE_POSITIVE_THYMOCYTE_UP	148	44	0.010182399454752713	0.04097000862758347
GO_BP::GOBP_CARDIAC_MUSCLE_CELL_CONTRACTION	13	7	0.010246203806621982	0.04100486650595294
GO_BP::GOBP_CORONARY_VASCULATURE_DEVELOPMENT	13	7	0.010246203806621982	0.04100486650595294
GO_BP::GOBP_NEGATIVE_REGULATION_OF_CYTOKINE_PRODUCTION_INVOLVED_IN_IMMUNE_RESPONSE	13	7	0.010246203806621982	0.04100486650595294
GO_BP::GOBP_POSITIVE_REGULATION_OF_LYMPHOCYTE_CHEMOTAXIS	13	7	0.010246203806621982	0.04100486650595294
GO_BP::GOBP_REGULATION_OF_CHOLESTEROL_EFFLUX	13	7	0.010246203806621982	0.04100486650595294
GO_BP::GOBP_REGULATION_OF_ENDOTHELIAL_CELL_DIFFERENTIATION	13	7	0.010246203806621982	0.04100486650595294
GO_BP::GOBP_REGULATION_OF_RESPONSE_TO_OXIDATIVE_STRESS	13	7	0.010246203806621982	0.04100486650595294
GO_BP::GOBP_RESPONSE_TO_AMINE	13	7	0.010246203806621982	0.04100486650595294
GO_BP::GOBP_SEMI_LUNAR_VALVE_DEVELOPMENT	13	7	0.010246203806621982	0.04100486650595294
Immune::HOWARD_B_CELL_INACT_MONOV_INFLUENZA_A_INDONESIA_05_2005_H5N1_AGE_18_49YO_1DY_UP	13	7	0.010246203806621982	0.04100486650595294
Immune::SCHERER_PBMC_APSV_WETVAX_AGE_18_40YO_5_TO_7DY_UP	13	7	0.010246203806621982	0.04100486650595294
GO_BP::GOBP_CELL_CELL_SIGNALING_BY_WNT	164	48	0.01025930245028337	0.04101474864129561
Immune::GSE360_L_MAJOR_VS_M_TUBERCULOSIS_DC_DN	105	33	0.01026371521622642	0.04101474864129561
Immune::GSE5542_UNTREATED_VS_IFNG_TREATED_EPITHELIAL_CELLS_6H_UP	105	33	0.01026371521622642	0.04101474864129561
GO_BP::GOBP_CELLULAR_RESPONSE_TO_DECREASED_OXYGEN_LEVELS	71	24	0.010382910831893905	0.04145056642503277
Immune::GSE32255_WT_VS_JMJD2D_KNOCKDOWN_4H_LPS_STIM_DC_UP	71	24	0.010382910831893905	0.04145056642503277
Immune::GSE25123_WT_VS_PPARG_KO_MACROPHAGE_IL4_STIM_DN	86	28	0.01041699233112488	0.04154607375358435
Immune::GSE3982_CTRL_VS_PMA_STIM_EOSINOPHIL_DN	86	28	0.01041699233112488	0.04154607375358435
GO_BP::GOBP_CHOLESTEROL_EFFLUX	19	9	0.010448900392504422	0.041571986970178096
GO_BP::GOBP_MULTICELLULAR_ORGANISMAL_RESPONSE_TO_STRESS	19	9	0.010448900392504422	0.041571986970178096
GO_BP::GOBP_REGULATION_OF_MAST_CELL_ACTIVATION	19	9	0.010448900392504422	0.041571986970178096
Reactome::REACTOME_HDMS_DEMETHYLATE_HISTONES	19	9	0.010448900392504422	0.041571986970178096
Immune::SOBOLEV_PBMC_PANDEMRIX_AGE_18_64YO_CORRELATED_WITH_AGE_1DY_POSITIVE	19	9	0.010448900392504422	0.041571986970178096
Immune::GSE3982_MAC_VS_NEUTROPHIL_DN	109	34	0.010480574300065978	0.04167773348300423
GO_BP::GOBP_ORGANONITROGEN_COMPOUND_BIOSYNTHETIC_PROCESS	1001	243	0.010498157664541976	0.04172737108646908
GO_BP::GOBP_EMBRYONIC_DIGIT_MORPHOGENESIS	16	8	0.010615919816064218	0.04205240876290813
GO_BP::GOBP_GAMMA_DELTA_T_CELL_ACTIVATION	16	8	0.010615919816064218	0.04205240876290813
GO_BP::GOBP_REGULATION_OF_T_CELL_DIFFERENTIATION_IN_THYMUS	16	8	0.010615919816064218	0.04205240876290813
Reactome::REACTOME_CA_DEPENDENT_EVENTS	16	8	0.010615919816064218	0.04205240876290813
Reactome::REACTOME_GROWTH_HORMONE_RECEPTOR_SIGNALING	16	8	0.010615919816064218	0.04205240876290813
Reactome::REACTOME_REGULATION_OF_SIGNALING_BY_CBL	16	8	0.010615919816064218	0.04205240876290813
Reactome::REACTOME_ROLE_OF_LAT2_NTAL_LAB_ON_CALCIUM_MOBILIZATION	16	8	0.010615919816064218	0.04205240876290813
Immune::NAKAYA_PBMC_FLUMIST_AGE_18_50YO_7DY_DN	637	160	0.010655601283819746	0.04215763174802464
Immune::GSE13547_WT_VS_ZFX_KO_BCELL_ANTI_IGM_STIM_2H_DN	113	35	0.010673405299530446	0.04215763174802464
Immune::GSE17721_LPS_VS_CPG_4H_BMDC_UP	113	35	0.010673405299530446	0.04215763174802464
Immune::GSE1925_CTRL_VS_IFNG_PRIMED_MACROPHAGE_24H_IFNG_STIM_UP	113	35	0.010673405299530446	0.04215763174802464
Immune::GSE23321_CENTRAL_VS_EFFECTOR_MEMORY_CD8_TCELL_UP	113	35	0.010673405299530446	0.04215763174802464
Immune::GSE23925_DARK_ZONE_VS_NAIVE_BCELL_DN	113	35	0.010673405299530446	0.04215763174802464
Reactome::REACTOME_PRE_NOTCH_EXPRESSION_AND_PROCESSING	32	13	0.010717999092283064	0.04231333618478545
Immune::GSE25123_WT_VS_PPARG_KO_MACROPHAGE_ROSIGLITAZONE_STIM_UP	90	29	0.01078421270036685	0.04253368364947002
Immune::GSE37301_PRO_BCELL_VS_RAG2_KO_NK_CELL_DN	90	29	0.01078421270036685	0.04253368364947002
GO_BP::GOBP_POSITIVE_REGULATION_OF_CELLULAR_CATABOLIC_PROCESS	213	60	0.010809260270044163	0.04261192723323434
Immune::GSE36009_WT_VS_NLRP10_KO_DC_UP	117	36	0.010843543068007087	0.04272648472846723
Immune::GSE15215_CD2_POS_VS_NEG_PDC_UP	75	25	0.010932593579344133	0.04303590735275986
Immune::GSE3203_UNTREATED_VS_IFNB_TREATED_LN_BCELL_DN	75	25	0.010932593579344133	0.04303590735275986
GO_BP::GOBP_SEQUESTERING_OF_CALCIUM_ION	53	19	0.010955068668095211	0.04310363718375124
GO_BP::GOBP_CELLULAR_RESPONSE_TO_LIPID	246	68	0.010991996463432194	0.04318778059434256
Immune::GSE21360_NAIVE_VS_TERTIARY_MEMORY_CD8_TCELL_DN	121	37	0.01099229330041824	0.04318778059434256
Immune::GSE25088_WT_VS_STAT6_KO_MACROPHAGE_IL4_STIM_UP	121	37	0.01099229330041824	0.04318778059434256
Immune::GSE29618_BCELL_VS_MONOCYTE_DAY7_FLU_VACCINE_DN	94	30	0.011116570734263323	0.04360937294953195
Immune::GSE36392_EOSINOPHIL_VS_NEUTROPHIL_IL25_TREATED_LUNG_UP	94	30	0.011116570734263323	0.04360937294953195
Immune::GSE40277_EOS_AND_LEF1_TRANSDUCED_VS_GATA1_AND_SATB1_TRANSDUCED_CD4_TCELL_UP	94	30	0.011116570734263323	0.04360937294953195
Immune::GSE17580_UNINFECTED_VS_S_MANSONI_INF_TREG_UP	125	38	0.011120923224049345	0.04360937294953195
GO_BP::GOBP_REGULATION_OF_JNK_CASCADE	64	22	0.011175582365879875	0.04376077728716964
Immune::GSE19941_UNSTIM_VS_LPS_AND_IL10_STIM_IL10_KO_NFKBP50_KO_MACROPHAGE_UP	64	22	0.011175582365879875	0.04376077728716964
Immune::GSE3400_UNTREATED_VS_IFNB_TREATED_MEF_DN	64	22	0.011175582365879875	0.04376077728716964
Immune::GSE5589_LPS_VS_LPS_AND_IL6_STIM_IL6_KO_MACROPHAGE_45MIN_DN	129	39	0.011230655198762624	0.043955387332956106
Reactome::REACTOME_MATERNAL_TO_ZYGOTIC_TRANSITION_MZT	39	15	0.01127148088415395	0.04407299886825015
Immune::GSE19198_CTRL_VS_IL21_TREATED_TCELL_1H_UP	39	15	0.01127148088415395	0.04407299886825015
GO_BP::GOBP_REGULATION_OF_HEART_CONTRACTION	46	17	0.011282617565987339	0.044074408638861716
Immune::GSE37319_WT_VS_RC3H1_KO_CD44LOW_CD8_TCELL_DN	46	17	0.011282617565987339	0.044074408638861716
Immune::GSE17974_0.5H_VS_72H_UNTREATED_IN_VITRO_CD4_TCELL_UP	133	40	0.01132266254981085	0.044209727760120644
GO_BP::GOBP_REGULATION_OF_CALCIUM_ION_TRANSPORT	79	26	0.011434803834089007	0.04458374421489422
Immune::GSE20366_EX_VIVO_VS_HOMEOSTATIC_CONVERSION_TREG_DN	79	26	0.011434803834089007	0.04458374421489422
Immune::GSE29949_MICROGLIA_BRAIN_VS_CD8_NEG_DC_SPLEEN_UP	79	26	0.011434803834089007	0.04458374421489422
Immune::GSE43260_BTLA_POS_VS_NEG_INTRATUMORAL_CD8_TCELL_DN	141	42	0.011457938031629837	0.04465265988505577
Immune::GSE40655_FOXO1_KO_VS_WT_NTREG_UP	145	43	0.011503291634303648	0.04478673277896423
Immune::GSE41867_DAY8_VS_DAY15_LCMV_CLONE13_EFFECTOR_CD8_TCELL_UP	145	43	0.011503291634303648	0.04478673277896423
Immune::GSE23568_CTRL_VS_ID3_TRANSDUCED_CD8_TCELL_UP	153	45	0.011554251537398325	0.04496373814268235
GO_BP::GOBP_NEGATIVE_REGULATION_OF_PROTEOLYSIS	102	32	0.011683517360582617	0.0454019819522878
Immune::GSE27786_BCELL_VS_CD8_TCELL_DN	102	32	0.011683517360582617	0.0454019819522878
Immune::GSE36078_UNTREATED_VS_AD5_INF_IL1R_KO_MOUSE_LUNG_DC_UP	102	32	0.011683517360582617	0.0454019819522878
Immune::GSE20727_DNFB_ALLERGEN_VS_ROS_INH_AND_DNFB_ALLERGEN_TREATED_DC_UP	68	23	0.011864316746594567	0.0460563388130683
GO_BP::GOBP_DISRUPTION_OF_ANATOMICAL_STRUCTURE_IN_ANOTHER_ORGANISM	29	12	0.011889061539716823	0.0460563388130683
GO_BP::GOBP_HISTONE_METHYLATION	29	12	0.011889061539716823	0.0460563388130683
GO_BP::GOBP_STEROL_HOMEOSTASIS	29	12	0.011889061539716823	0.0460563388130683
Reactome::REACTOME_RHOB_GTPASE_CYCLE	29	12	0.011889061539716823	0.0460563388130683
Immune::GSE21379_TFH_VS_NON_TFH_CD4_TCELL_DN	29	12	0.011889061539716823	0.0460563388130683
Immune::GSE21033_1H_VS_24H_POLYIC_STIM_DC_UP	83	27	0.011891318774229859	0.0460563388130683
GO_BP::GOBP_RESPONSE_TO_TYPE_I_INTERFERON	57	20	0.011901739126043885	0.04607488218222384
GO_BP::GOBP_CELLULAR_RESPONSE_TO_STEROID_HORMONE_STIMULUS	106	33	0.011921582580171982	0.04612987015411864
Immune::HARALAMBIEVA_PBMC_FLUARIX_AGE_50_74YO_CORR_WITH_28D_MEM_B_CELL_RESPONSE_AT_3DY_POSITIVE	210	59	0.01208217847475932	0.04672918199694148
Immune::GSE14000_4H_VS_16H_LPS_DC_TRANSLATED_RNA_UP	110	34	0.012131675475911074	0.04687628974631677
Immune::GSE36527_CD62L_HIGH_CD69_NEG_VS_CD62L_LOW_CD69_POS_TREG_KLRG1_NEG_UP	110	34	0.012131675475911074	0.04687628974631677
Immune::GSE40274_CTRL_VS_LEF1_TRANSDUCED_ACTIVATED_CD4_TCELL_UP	87	28	0.012304173075886896	0.047496740422937334
GO_BP::GOBP_POSITIVE_REGULATION_OF_AMIDE_METABOLIC_PROCESS	114	35	0.012315475114553802	0.047496740422937334
Immune::GSE360_DC_VS_MAC_B_MALAYI_HIGH_DOSE_DN	114	35	0.012315475114553802	0.047496740422937334
Immune::GSE40274_FOXP3_VS_FOXP3_AND_SATB1_TRANSDUCED_ACTIVATED_CD4_TCELL_DN	114	35	0.012315475114553802	0.047496740422937334
Immune::GSE15735_CTRL_VS_HDAC_INHIBITOR_TREATED_CD4_TCELL_12H_DN	118	36	0.01247460704869983	0.04797551470367152
Immune::GSE17721_POLYIC_VS_GARDIQUIMOD_1H_BMDC_UP	118	36	0.01247460704869983	0.04797551470367152
Immune::GSE29618_LAIV_VS_TIV_FLU_VACCINE_DAY7_MONOCYTE_UP	118	36	0.01247460704869983	0.04797551470367152
Immune::GSE3982_BASOPHIL_VS_TH1_UP	118	36	0.01247460704869983	0.04797551470367152
Immune::GSE3982_BASOPHIL_VS_TH2_UP	118	36	0.01247460704869983	0.04797551470367152
GO_BP::GOBP_EPITHELIAL_TUBE_FORMATION	50	18	0.012486536773119398	0.04797551470367152
GO_BP::GOBP_POSITIVE_REGULATION_OF_B_CELL_ACTIVATION	50	18	0.012486536773119398	0.04797551470367152
Immune::GSE6269_HEALTHY_VS_E_COLI_INF_PBMC_DN	50	18	0.012486536773119398	0.04797551470367152
GO_BP::GOBP_ACTOMYOSIN_STRUCTURE_ORGANIZATION	72	24	0.012493178357872932	0.0479784971677937
Reactome::REACTOME_PLATELET_ACTIVATION_SIGNALING_AND_AGGREGATION	122	37	0.012610634559910934	0.04840684687943287
Immune::GSE1460_NAIVE_CD4_TCELL_CORD_BLOOD_VS_THYMIC_STROMAL_CELL_UP	91	29	0.01267554993028038	0.048610407140034465
Immune::GSE7460_CTRL_VS_TGFB_TREATED_ACT_CD8_TCELL_DN	91	29	0.01267554993028038	0.048610407140034465
GO_BP::GOBP_NEGATIVE_REGULATION_OF_LEUKOCYTE_PROLIFERATION	36	14	0.012705434520757435	0.04863381112765364
GO_BP::GOBP_PROTEIN_DESTABILIZATION	36	14	0.012705434520757435	0.04863381112765364
GO_BP::GOBP_REGULATION_OF_OSSIFICATION	36	14	0.012705434520757435	0.04863381112765364
Immune::GSE22886_CD8_TCELL_VS_BCELL_NAIVE_DN	36	14	0.012705434520757435	0.04863381112765364
Immune::GSE16385_IFNG_TNF_VS_IL4_STIM_MACROPHAGE_UP	126	38	0.012725053198546488	0.04868612495982707
Immune::GSE37605_NOD_VS_C57BL6_IRES_GFP_TREG_UP	61	21	0.012771138379733303	0.04883960352791885
Reactome::REACTOME_SIGNALING_BY_ALK_IN_CANCER	43	16	0.01281401554727943	0.0489577987747528
Immune::GSE37533_UNTREATED_VS_PIOGLIZATONE_TREATED_CD4_TCELL_PPARG2_AND_FOXP3_TRASDUCED_UP	43	16	0.01281401554727943	0.0489577987747528
GO_BP::GOBP_BIOLOGICAL_PROCESS_INVOLVED_IN_SYMBIOTIC_INTERACTION	162	47	0.01299425162024602	0.049558919935827686
GO_BP::GOBP_REGULATION_OF_CANONICAL_WNT_SIGNALING_PATHWAY	95	30	0.013007701846237413	0.049558919935827686
Immune::GSE11961_UNSTIM_VS_ANTI_IGM_AND_CD40_STIM_6H_FOLLICULAR_BCELL_DN	95	30	0.013007701846237413	0.049558919935827686
Immune::GSE19198_CTRL_VS_IL21_TREATED_TCELL_24H_UP	95	30	0.013007701846237413	0.049558919935827686
Immune::GSE7509_UNSTIM_VS_FCGRIIB_STIM_MONOCYTE_DN	95	30	0.013007701846237413	0.049558919935827686
Immune::FLETCHER_PBMC_BCG_10W_INFANT_BCG_STIMULATED_VS_UNSTIMULATED_10W_DN	95	30	0.013007701846237413	0.049558919935827686
Immune::GSE22886_NAIVE_VS_IGG_IGA_MEMORY_BCELL_DN	150	44	0.01303257282840957	0.049630561329790636
Immune::GSE28783_ANTI_MIR33_VS_CTRL_ATHEROSCLEROSIS_MACROPHAGE_UP	76	25	0.013064312091073433	0.04965697918479952
Immune::GSE37534_UNTREATED_VS_ROSIGLITAZONE_TREATED_CD4_TCELL_PPARG1_AND_FOXP3_TRASDUCED_UP	76	25	0.013064312091073433	0.04965697918479952
Immune::GSE9006_1MONTH_VS_4MONTH_POST_TYPE_1_DIABETES_DX_PBMC_UP	76	25	0.013064312091073433	0.04965697918479952
GO_BP::GOBP_ARTERY_DEVELOPMENT	26	11	0.013106285826403687	0.04965697918479952
GO_BP::GOBP_CELLULAR_RESPONSE_TO_CORTICOSTEROID_STIMULUS	26	11	0.013106285826403687	0.04965697918479952
GO_BP::GOBP_POSITIVE_REGULATION_OF_LYMPHOCYTE_MIGRATION	26	11	0.013106285826403687	0.04965697918479952
GO_BP::GOBP_POSITIVE_T_CELL_SELECTION	26	11	0.013106285826403687	0.04965697918479952
GO_BP::GOBP_REGULATION_OF_SUBSTRATE_ADHESION_DEPENDENT_CELL_SPREADING	26	11	0.013106285826403687	0.04965697918479952
GO_BP::GOBP_RESPONSE_TO_ACTIVITY	26	11	0.013106285826403687	0.04965697918479952
Reactome::REACTOME_DOWNREGULATION_OF_SMAD2_3_SMAD4_TRANSCRIPTIONAL_ACTIVITY	26	11	0.013106285826403687	0.04965697918479952
Reactome::REACTOME_ONCOGENE_INDUCED_SENESCENCE	26	11	0.013106285826403687	0.04965697918479952
