cell_type,sdan_weight,program,factor,n_genes_overlap,n_program_genes_total,n_program_genes_overlap,auroc,average_precision
cd4_BL,2.0,SDAN_0,sciRED_0,1974,21,21,0.4541730670762929,0.010065744498607969
cd4_BL,2.0,SDAN_0,sciRED_1,1974,21,21,0.47163094628532415,0.010031091163482006
cd4_BL,2.0,SDAN_0,sciRED_2,1974,21,21,0.5901787238192768,0.014739171153955875
cd4_BL,2.0,SDAN_0,sciRED_3,1974,21,21,0.4630239192451174,0.00971397963582337
cd4_BL,2.0,SDAN_0,sciRED_4,1974,21,21,0.438300051203277,0.009666800056616824
cd4_BL,2.0,SDAN_0,sciRED_5,1974,21,21,0.5161534147709264,0.014315843076391712
cd4_BL,2.0,SDAN_0,sciRED_6,1974,21,21,0.5222002779606466,0.011076636137912533
cd4_BL,2.0,SDAN_0,sciRED_7,1974,21,21,0.6163899251456855,0.02141982491427018
cd4_BL,2.0,SDAN_0,sciRED_8,1974,21,21,0.38180576890254303,0.008652785665973444
cd4_BL,2.0,SDAN_0,sciRED_9,1974,21,21,0.4585131543656889,0.013315908764096194
cd4_BL,2.0,SDAN_0,sciRED_10,1974,21,21,0.360300392558457,0.008111893024768564
cd4_BL,2.0,SDAN_0,sciRED_11,1974,21,21,0.37744129910028523,0.008195857331544999
cd4_BL,2.0,SDAN_0,sciRED_12,1974,21,21,0.5236632287323532,0.011641815379700937
cd4_BL,2.0,SDAN_0,sciRED_13,1974,21,21,0.4550020725135932,0.009641285100054402
cd4_BL,2.0,SDAN_0,sciRED_14,1974,21,21,0.46814424694609025,0.009763006734895649
cd4_BL,2.0,SDAN_0,sciRED_15,1974,21,21,0.5738912052276107,0.013506434486480846
cd4_BL,2.0,SDAN_0,sciRED_16,1974,21,21,0.43634945017433496,0.009309849428786555
cd4_BL,2.0,SDAN_0,sciRED_17,1974,21,21,0.5174456879526004,0.010923589257061325
cd4_BL,2.0,SDAN_0,sciRED_18,1974,21,21,0.5542876648867432,0.028677436519487842
cd4_BL,2.0,SDAN_0,sciRED_19,1974,21,21,0.40611513422573325,0.008733714642919643
cd4_BL,2.0,SDAN_0,sciRED_20,1974,21,21,0.6123911930363544,0.019482562597396166
cd4_BL,2.0,SDAN_0,sciRED_21,1974,21,21,0.41233267500548604,0.012173966015948078
cd4_BL,2.0,SDAN_0,sciRED_22,1974,21,21,0.564942823007339,0.014621689073104157
cd4_BL,2.0,SDAN_0,sciRED_23,1974,21,21,0.5222246604735084,0.012626200027202597
cd4_BL,2.0,SDAN_0,sciRED_24,1974,21,21,0.414405188598737,0.00868737039699975
cd4_BL,2.0,SDAN_0,sciRED_25,1974,21,21,0.3839270475215176,0.011289613503683422
cd4_BL,2.0,SDAN_0,sciRED_26,1974,21,21,0.5119352400458391,0.012521775295357149
cd4_BL,2.0,SDAN_0,sciRED_27,1974,21,21,0.6076853680540316,0.013981982397527497
cd4_BL,2.0,SDAN_0,sciRED_28,1974,21,21,0.548996659595738,0.01225012136903389
cd4_BL,2.0,SDAN_0,sciRED_29,1974,21,21,0.4561968156438202,0.010553814469377629
cd4_BL,2.0,SDAN_0,sciRED_30,1974,21,21,0.5039377758271768,0.01115634965870664
cd4_BL,2.0,SDAN_0,sciRED_31,1974,21,21,0.5220783653963378,0.011894883939475132
cd4_BL,2.0,SDAN_0,sciRED_32,1974,21,21,0.5409504303513519,0.019791091199715297
cd4_BL,2.0,SDAN_0,sciRED_33,1974,21,21,0.4855045961036744,0.011287430981176953
cd4_BL,2.0,SDAN_0,sciRED_34,1974,21,21,0.548118889132714,0.01608516307491435
cd4_BL,2.0,SDAN_0,sciRED_35,1974,21,21,0.44780923121936944,0.009823387042231636
cd4_BL,2.0,SDAN_0,sciRED_36,1974,21,21,0.5532392168336868,0.016552762642223016
cd4_BL,2.0,SDAN_0,sciRED_37,1974,21,21,0.44910150440104357,0.013109272588391783
cd4_BL,2.0,SDAN_0,sciRED_38,1974,21,21,0.4950869236583522,0.011138043098417105
cd4_BL,2.0,SDAN_0,sciRED_39,1974,21,21,0.488381732621364,0.010317344653511168
cd4_BL,2.0,SDAN_1,sciRED_0,1974,20,20,0.4560900716479017,0.009025664345196088
cd4_BL,2.0,SDAN_1,sciRED_1,1974,20,20,0.5132804503582395,0.011199128806978974
cd4_BL,2.0,SDAN_1,sciRED_2,1974,20,20,0.5674769703172978,0.0131585819156523
cd4_BL,2.0,SDAN_1,sciRED_3,1974,20,20,0.6043500511770726,0.017960229776527798
cd4_BL,2.0,SDAN_1,sciRED_4,1974,20,20,0.391453428863869,0.008459037042426579
cd4_BL,2.0,SDAN_1,sciRED_5,1974,20,20,0.4548618219037871,0.009612965623535013
cd4_BL,2.0,SDAN_1,sciRED_6,1974,20,20,0.5030194472876152,0.011077864230670793
cd4_BL,2.0,SDAN_1,sciRED_7,1974,20,20,0.42681678607983625,0.009096962249739219
cd4_BL,2.0,SDAN_1,sciRED_8,1974,20,20,0.4668372569089048,0.012118052125910111
cd4_BL,2.0,SDAN_1,sciRED_9,1974,20,20,0.5894831115660184,0.026775471618370447
cd4_BL,2.0,SDAN_1,sciRED_10,1974,20,20,0.39792732855680657,0.008284980829597683
cd4_BL,2.0,SDAN_1,sciRED_11,1974,20,20,0.5272773797338792,0.012399720970198057
cd4_BL,2.0,SDAN_1,sciRED_12,1974,20,20,0.5373336745138177,0.013297077051169866
cd4_BL,2.0,SDAN_1,sciRED_13,1974,20,20,0.6168372569089048,0.01577393191746081
cd4_BL,2.0,SDAN_1,sciRED_14,1974,20,20,0.4798362333674514,0.01520367169247833
cd4_BL,2.0,SDAN_1,sciRED_15,1974,20,20,0.4300921187308086,0.008730506139184982
cd4_BL,2.0,SDAN_1,sciRED_16,1974,20,20,0.4126407369498465,0.009424660545619275
cd4_BL,2.0,SDAN_1,sciRED_17,1974,20,20,0.6810900716479017,0.020164452492091155
cd4_BL,2.0,SDAN_1,sciRED_18,1974,20,20,0.3809877175025589,0.00805620952170601
cd4_BL,2.0,SDAN_1,sciRED_19,1974,20,20,0.4930399181166837,0.012445539758323985
cd4_BL,2.0,SDAN_1,sciRED_20,1974,20,20,0.3611054247697032,0.007643558498721828
cd4_BL,2.0,SDAN_1,sciRED_21,1974,20,20,0.4426560900716479,0.00908574445406908
cd4_BL,2.0,SDAN_1,sciRED_22,1974,20,20,0.4107983623336745,0.008944438393685262
cd4_BL,2.0,SDAN_1,sciRED_23,1974,20,20,0.4537871033776868,0.009009506573267243
cd4_BL,2.0,SDAN_1,sciRED_24,1974,20,20,0.39526612077789147,0.011894355377031488
cd4_BL,2.0,SDAN_1,sciRED_25,1974,20,20,0.449360286591607,0.0165528240655
cd4_BL,2.0,SDAN_1,sciRED_26,1974,20,20,0.42993858751279423,0.008534987794120527
cd4_BL,2.0,SDAN_1,sciRED_27,1974,20,20,0.4555783009211873,0.011405878339069728
cd4_BL,2.0,SDAN_1,sciRED_28,1974,20,20,0.5577277379733879,0.011195387971892415
cd4_BL,2.0,SDAN_1,sciRED_29,1974,20,20,0.6060388945752303,0.016796049766990492
cd4_BL,2.0,SDAN_1,sciRED_30,1974,20,20,0.5139457523029682,0.021932505993220143
cd4_BL,2.0,SDAN_1,sciRED_31,1974,20,20,0.47773797338792223,0.010207331359042695
cd4_BL,2.0,SDAN_1,sciRED_32,1974,20,20,0.4866171954964176,0.009852520463065803
cd4_BL,2.0,SDAN_1,sciRED_33,1974,20,20,0.4871801432958035,0.013618510053703747
cd4_BL,2.0,SDAN_1,sciRED_34,1974,20,20,0.6026100307062436,0.015955648517299553
cd4_BL,2.0,SDAN_1,sciRED_35,1974,20,20,0.4395342886386899,0.009370121695599863
cd4_BL,2.0,SDAN_1,sciRED_36,1974,20,20,0.4862077789150461,0.010248778871170136
cd4_BL,2.0,SDAN_1,sciRED_37,1974,20,20,0.4610542476970318,0.013905093317375314
cd4_BL,2.0,SDAN_1,sciRED_38,1974,20,20,0.5018935516888434,0.01316141958027298
cd4_BL,2.0,SDAN_1,sciRED_39,1974,20,20,0.4277123848515865,0.009829410436049875
cd4_BL,2.0,SDAN_2,sciRED_0,1974,21,21,0.3348694316436252,0.008203318072396791
cd4_BL,2.0,SDAN_2,sciRED_1,1974,21,21,0.3225318801355668,0.007490581128532656
cd4_BL,2.0,SDAN_2,sciRED_2,1974,21,21,0.4689732523833906,0.019669492849381517
cd4_BL,2.0,SDAN_2,sciRED_3,1974,21,21,0.39077853363567655,0.008402058085354304
cd4_BL,2.0,SDAN_2,sciRED_4,1974,21,21,0.5008168141808694,0.010749028157567127
cd4_BL,2.0,SDAN_2,sciRED_5,1974,21,21,0.4600980177017043,0.009868046633688475
cd4_BL,2.0,SDAN_2,sciRED_6,1974,21,21,0.5375124960378417,0.012969146685693883
cd4_BL,2.0,SDAN_2,sciRED_7,1974,21,21,0.45068636773705895,0.009399155574043484
cd4_BL,2.0,SDAN_2,sciRED_8,1974,21,21,0.32401921342013507,0.008585493309134848
cd4_BL,2.0,SDAN_2,sciRED_9,1974,21,21,0.41647770219198793,0.009058449385623016
cd4_BL,2.0,SDAN_2,sciRED_10,1974,21,21,0.46921707751200836,0.010195014850482777
cd4_BL,2.0,SDAN_2,sciRED_11,1974,21,21,0.570404505888377,0.014143162402693926
cd4_BL,2.0,SDAN_2,sciRED_12,1974,21,21,0.47214297905542146,0.009722670999485532
cd4_BL,2.0,SDAN_2,sciRED_13,1974,21,21,0.5471679711311048,0.01415355775988128
cd4_BL,2.0,SDAN_2,sciRED_14,1974,21,21,0.5099846390168971,0.011783306480834765
cd4_BL,2.0,SDAN_2,sciRED_15,1974,21,21,0.4185258332723771,0.012370432546934231
cd4_BL,2.0,SDAN_2,sciRED_16,1974,21,21,0.3966791017482261,0.008411191844523476
cd4_BL,2.0,SDAN_2,sciRED_17,1974,21,21,0.4641211323238973,0.00965935366641762
cd4_BL,2.0,SDAN_2,sciRED_18,1974,21,21,0.46858313217760217,0.01175439185763362
cd4_BL,2.0,SDAN_2,sciRED_19,1974,21,21,0.4316192426791505,0.009606803430228779
cd4_BL,2.0,SDAN_2,sciRED_20,1974,21,21,0.3858045010118743,0.008379936116160351
cd4_BL,2.0,SDAN_2,sciRED_21,1974,21,21,0.4241581937434472,0.0092916407766626
cd4_BL,2.0,SDAN_2,sciRED_22,1974,21,21,0.45982981006022483,0.010088314812610551
cd4_BL,2.0,SDAN_2,sciRED_23,1974,21,21,0.4877721697998195,0.011585817267463633
cd4_BL,2.0,SDAN_2,sciRED_24,1974,21,21,0.43054641211323236,0.009278262798627073
cd4_BL,2.0,SDAN_2,sciRED_25,1974,21,21,0.38492673054885035,0.009128248301530115
cd4_BL,2.0,SDAN_2,sciRED_26,1974,21,21,0.34535391217418865,0.007775874943811474
cd4_BL,2.0,SDAN_2,sciRED_27,1974,21,21,0.6131470509350694,0.03588416377124776
cd4_BL,2.0,SDAN_2,sciRED_28,1974,21,21,0.48523638846219486,0.010217392000658344
cd4_BL,2.0,SDAN_2,sciRED_29,1974,21,21,0.4498817448126204,0.009729123676780053
cd4_BL,2.0,SDAN_2,sciRED_30,1974,21,21,0.4200131665569453,0.00997094196087055
cd4_BL,2.0,SDAN_2,sciRED_31,1974,21,21,0.4646575476068563,0.010294369599836144
cd4_BL,2.0,SDAN_2,sciRED_32,1974,21,21,0.47150903372101527,0.012661393641565462
cd4_BL,2.0,SDAN_2,sciRED_33,1974,21,21,0.49177090190915074,0.010487466601143771
cd4_BL,2.0,SDAN_2,sciRED_34,1974,21,21,0.5011337868480725,0.014361539426767794
cd4_BL,2.0,SDAN_2,sciRED_35,1974,21,21,0.4926730548850365,0.011873699937107525
cd4_BL,2.0,SDAN_2,sciRED_36,1974,21,21,0.5497525174944529,0.021221263527040533
cd4_BL,2.0,SDAN_2,sciRED_37,1974,21,21,0.4365201277643674,0.009785742802677922
cd4_BL,2.0,SDAN_2,sciRED_38,1974,21,21,0.3742471899153927,0.008277942831631763
cd4_BL,2.0,SDAN_2,sciRED_39,1974,21,21,0.5042791310072416,0.01125419594817933
cd4_BL,2.0,SDAN_3,sciRED_0,1974,22,22,0.4824189642324888,0.011289314572405404
cd4_BL,2.0,SDAN_3,sciRED_1,1974,22,22,0.5339279061102832,0.012732085466867977
cd4_BL,2.0,SDAN_3,sciRED_2,1974,22,22,0.42981557377049184,0.015208947740058569
cd4_BL,2.0,SDAN_3,sciRED_3,1974,22,22,0.7116942995529061,0.06325290260029406
cd4_BL,2.0,SDAN_3,sciRED_4,1974,22,22,0.47655085692995525,0.01275328734149761
cd4_BL,2.0,SDAN_3,sciRED_5,1974,22,22,0.4627654619970194,0.012257899527168308
cd4_BL,2.0,SDAN_3,sciRED_6,1974,22,22,0.5492036140089419,0.01310359720427125
cd4_BL,2.0,SDAN_3,sciRED_7,1974,22,22,0.4270212369597615,0.009964230600796351
cd4_BL,2.0,SDAN_3,sciRED_8,1974,22,22,0.5095706035767511,0.015083282587820695
cd4_BL,2.0,SDAN_3,sciRED_9,1974,22,22,0.7080849478390463,0.11092087803304478
cd4_BL,2.0,SDAN_3,sciRED_10,1974,22,22,0.4266719448584203,0.010341479325146861
cd4_BL,2.0,SDAN_3,sciRED_11,1974,22,22,0.46886643070044715,0.012926015582610955
cd4_BL,2.0,SDAN_3,sciRED_12,1974,22,22,0.5520910953800298,0.014830980199541734
cd4_BL,2.0,SDAN_3,sciRED_13,1974,22,22,0.6990732116244411,0.12158598198266686
cd4_BL,2.0,SDAN_3,sciRED_14,1974,22,22,0.6951145678092399,0.0718725545631502
cd4_BL,2.0,SDAN_3,sciRED_15,1974,22,22,0.3909277198211625,0.009257850490946
cd4_BL,2.0,SDAN_3,sciRED_16,1974,22,22,0.5319020119225037,0.012891784766676066
cd4_BL,2.0,SDAN_3,sciRED_17,1974,22,22,0.6151732488822652,0.020733475562427422
cd4_BL,2.0,SDAN_3,sciRED_18,1974,22,22,0.43992175856929955,0.010832649931447336
cd4_BL,2.0,SDAN_3,sciRED_19,1974,22,22,0.533858047690015,0.0272964963928942
cd4_BL,2.0,SDAN_3,sciRED_20,1974,22,22,0.4683541356184799,0.011370559762361466
cd4_BL,2.0,SDAN_3,sciRED_21,1974,22,22,0.47301136363636365,0.011198183677877248
cd4_BL,2.0,SDAN_3,sciRED_22,1974,22,22,0.5780784277198211,0.02461605741509798
cd4_BL,2.0,SDAN_3,sciRED_23,1974,22,22,0.5178604694485842,0.011327438170263224
cd4_BL,2.0,SDAN_3,sciRED_24,1974,22,22,0.46213673621460505,0.016987861462000535
cd4_BL,2.0,SDAN_3,sciRED_25,1974,22,22,0.5260106184798807,0.012047664956670121
cd4_BL,2.0,SDAN_3,sciRED_26,1974,22,22,0.5410534649776453,0.015413228741541744
cd4_BL,2.0,SDAN_3,sciRED_27,1974,22,22,0.504284649776453,0.011691600775278962
cd4_BL,2.0,SDAN_3,sciRED_28,1974,22,22,0.5584249254843517,0.015233225997079181
cd4_BL,2.0,SDAN_3,sciRED_29,1974,22,22,0.6805374441132638,0.059638816190953334
cd4_BL,2.0,SDAN_3,sciRED_30,1974,22,22,0.513179955290611,0.013692313373210422
cd4_BL,2.0,SDAN_3,sciRED_31,1974,22,22,0.5518116616989568,0.013945539640712643
cd4_BL,2.0,SDAN_3,sciRED_32,1974,22,22,0.5655271982116244,0.01680603152336446
cd4_BL,2.0,SDAN_3,sciRED_33,1974,22,22,0.4870063338301043,0.011164440792806329
cd4_BL,2.0,SDAN_3,sciRED_34,1974,22,22,0.5310869970193741,0.01218743298732556
cd4_BL,2.0,SDAN_3,sciRED_35,1974,22,22,0.44096963487332336,0.010525116186961397
cd4_BL,2.0,SDAN_3,sciRED_36,1974,22,22,0.4208271236959762,0.009234764506461891
cd4_BL,2.0,SDAN_3,sciRED_37,1974,22,22,0.4590629657228018,0.010084094798109186
cd4_BL,2.0,SDAN_3,sciRED_38,1974,22,22,0.4879843517138599,0.01578714127939251
cd4_BL,2.0,SDAN_3,sciRED_39,1974,22,22,0.599641393442623,0.013695527291845332
cd4_BL,2.0,SDAN_4,sciRED_0,1974,19,19,0.5636559429263697,0.011238958711979531
cd4_BL,2.0,SDAN_4,sciRED_1,1974,19,19,0.5188046843451339,0.011680957390561256
cd4_BL,2.0,SDAN_4,sciRED_2,1974,19,19,0.4825413918427783,0.011857734443926
cd4_BL,2.0,SDAN_4,sciRED_3,1974,19,19,0.614187643020595,0.015569498245509286
cd4_BL,2.0,SDAN_4,sciRED_4,1974,19,19,0.4047112666576928,0.007940306065146903
cd4_BL,2.0,SDAN_4,sciRED_5,1974,19,19,0.3646251177816664,0.008789915980075651
cd4_BL,2.0,SDAN_4,sciRED_6,1974,19,19,0.6088033382689461,0.014606127521991167
cd4_BL,2.0,SDAN_4,sciRED_7,1974,19,19,0.5878583927850316,0.013625630873789943
cd4_BL,2.0,SDAN_4,sciRED_8,1974,19,19,0.5113743437878584,0.010464358585418332
cd4_BL,2.0,SDAN_4,sciRED_9,1974,19,19,0.5976847489567909,0.02142621234888543
cd4_BL,2.0,SDAN_4,sciRED_10,1974,19,19,0.4162336788262216,0.008393776173861205
cd4_BL,2.0,SDAN_4,sciRED_11,1974,19,19,0.4658769686364248,0.009874019010875958
cd4_BL,2.0,SDAN_4,sciRED_12,1974,19,19,0.5377843585946964,0.013009696758801386
cd4_BL,2.0,SDAN_4,sciRED_13,1974,19,19,0.6163144433974963,0.01464310524763302
cd4_BL,2.0,SDAN_4,sciRED_14,1974,19,19,0.5891775474491856,0.018191353202616656
cd4_BL,2.0,SDAN_4,sciRED_15,1974,19,19,0.453466146183874,0.009260135891955028
cd4_BL,2.0,SDAN_4,sciRED_16,1974,19,19,0.4672230448243371,0.008831758765978526
cd4_BL,2.0,SDAN_4,sciRED_17,1974,19,19,0.6141068784493202,0.01935570332281988
cd4_BL,2.0,SDAN_4,sciRED_18,1974,19,19,0.59141203392112,0.01752998046822436
cd4_BL,2.0,SDAN_4,sciRED_19,1974,19,19,0.530138645847355,0.011325958340104619
cd4_BL,2.0,SDAN_4,sciRED_20,1974,19,19,0.5496029075245659,0.011952227811468274
cd4_BL,2.0,SDAN_4,sciRED_21,1974,19,19,0.49051016287521876,0.009979622984471817
cd4_BL,2.0,SDAN_4,sciRED_22,1974,19,19,0.6336788262215641,0.028075590591336567
cd4_BL,2.0,SDAN_4,sciRED_23,1974,19,19,0.4408668730650155,0.008597217498299104
cd4_BL,2.0,SDAN_4,sciRED_24,1974,19,19,0.5336384439359267,0.011250018769361393
cd4_BL,2.0,SDAN_4,sciRED_25,1974,19,19,0.5121550679768475,0.01278386458900543
cd4_BL,2.0,SDAN_4,sciRED_26,1974,19,19,0.47645712747341495,0.009021127898618241
cd4_BL,2.0,SDAN_4,sciRED_27,1974,19,19,0.5924350518239332,0.016961013812924086
cd4_BL,2.0,SDAN_4,sciRED_28,1974,19,19,0.47322654462242564,0.008976563366552271
cd4_BL,2.0,SDAN_4,sciRED_29,1974,19,19,0.5585408534123031,0.012308151852562833
cd4_BL,2.0,SDAN_4,sciRED_30,1974,19,19,0.4293444608964867,0.01092853027871404
cd4_BL,2.0,SDAN_4,sciRED_31,1974,19,19,0.5801588369901736,0.021005169366653097
cd4_BL,2.0,SDAN_4,sciRED_32,1974,19,19,0.5569794050343249,0.011564270456842829
cd4_BL,2.0,SDAN_4,sciRED_33,1974,19,19,0.5790281329923274,0.012743847645732786
cd4_BL,2.0,SDAN_4,sciRED_34,1974,19,19,0.5265580831875084,0.010284802444201572
cd4_BL,2.0,SDAN_4,sciRED_35,1974,19,19,0.6354287252658499,0.015117242294841873
cd4_BL,2.0,SDAN_4,sciRED_36,1974,19,19,0.5574101494144569,0.011587441822447378
cd4_BL,2.0,SDAN_4,sciRED_37,1974,19,19,0.3854354556467896,0.007496224630267475
cd4_BL,2.0,SDAN_4,sciRED_38,1974,19,19,0.47066899986539235,0.019943456201819927
cd4_BL,2.0,SDAN_4,sciRED_39,1974,19,19,0.47295732938484314,0.012882899474387529
cd4_BL,2.0,SDAN_5,sciRED_0,1974,21,21,0.5477775339526492,0.014590640700610185
cd4_BL,2.0,SDAN_5,sciRED_1,1974,21,21,0.5679906371150611,0.013554324813422388
cd4_BL,2.0,SDAN_5,sciRED_2,1974,21,21,0.5117401799429449,0.036754059828017736
cd4_BL,2.0,SDAN_5,sciRED_3,1974,21,21,0.6557189183917295,0.024602286836326644
cd4_BL,2.0,SDAN_5,sciRED_4,1974,21,21,0.5969326798819887,0.016273731060118993
cd4_BL,2.0,SDAN_5,sciRED_5,1974,21,21,0.44839441152805204,0.009564475993249343
cd4_BL,2.0,SDAN_5,sciRED_6,1974,21,21,0.5338551191085754,0.013822876742295515
cd4_BL,2.0,SDAN_5,sciRED_7,1974,21,21,0.5251749445297832,0.01670209347552392
cd4_BL,2.0,SDAN_5,sciRED_8,1974,21,21,0.5995172262453369,0.019095492891320367
cd4_BL,2.0,SDAN_5,sciRED_9,1974,21,21,0.5534586594494428,0.01378784182524859
cd4_BL,2.0,SDAN_5,sciRED_10,1974,21,21,0.4915514592933948,0.010477795113114552
cd4_BL,2.0,SDAN_5,sciRED_11,1974,21,21,0.5725745495330749,0.015637442875159543
cd4_BL,2.0,SDAN_5,sciRED_12,1974,21,21,0.4531246190232365,0.012160033644748963
cd4_BL,2.0,SDAN_5,sciRED_13,1974,21,21,0.4747762904444932,0.03968771439019032
cd4_BL,2.0,SDAN_5,sciRED_14,1974,21,21,0.5000853387950162,0.013368970975940147
cd4_BL,2.0,SDAN_5,sciRED_15,1974,21,21,0.6266061980347695,0.022913173287591487
cd4_BL,2.0,SDAN_5,sciRED_16,1974,21,21,0.6040523736376271,0.02008986031222447
cd4_BL,2.0,SDAN_5,sciRED_17,1974,21,21,0.592982712798381,0.01719065525622519
cd4_BL,2.0,SDAN_5,sciRED_18,1974,21,21,0.6279228537293052,0.014310224151757776
cd4_BL,2.0,SDAN_5,sciRED_19,1974,21,21,0.4953551312998317,0.013395200866629816
cd4_BL,2.0,SDAN_5,sciRED_20,1974,21,21,0.49896374320337455,0.012307130895539439
cd4_BL,2.0,SDAN_5,sciRED_21,1974,21,21,0.4800429132226367,0.010224247756847408
cd4_BL,2.0,SDAN_5,sciRED_22,1974,21,21,0.5680394021407845,0.020023008479831378
cd4_BL,2.0,SDAN_5,sciRED_23,1974,21,21,0.4016043693463048,0.009263840615348476
cd4_BL,2.0,SDAN_5,sciRED_24,1974,21,21,0.46955843269207326,0.009653469455393677
cd4_BL,2.0,SDAN_5,sciRED_25,1974,21,21,0.5369029332162972,0.014232938038524972
cd4_BL,2.0,SDAN_5,sciRED_26,1974,21,21,0.492282934679248,0.010825935687913495
cd4_BL,2.0,SDAN_5,sciRED_27,1974,21,21,0.5041572184429327,0.015713036683959975
cd4_BL,2.0,SDAN_5,sciRED_28,1974,21,21,0.49259990734645115,0.011487204121229784
cd4_BL,2.0,SDAN_5,sciRED_29,1974,21,21,0.5650891180845097,0.016177523903610987
cd4_BL,2.0,SDAN_5,sciRED_30,1974,21,21,0.5004754590008046,0.011484551041308947
cd4_BL,2.0,SDAN_5,sciRED_31,1974,21,21,0.4385682588447566,0.010302421547409072
cd4_BL,2.0,SDAN_5,sciRED_32,1974,21,21,0.5203472069831516,0.011905371271902155
cd4_BL,2.0,SDAN_5,sciRED_33,1974,21,21,0.5397800697339867,0.021538349283873215
cd4_BL,2.0,SDAN_5,sciRED_34,1974,21,21,0.6025650403530588,0.01676642767509618
cd4_BL,2.0,SDAN_5,sciRED_35,1974,21,21,0.3867310365006218,0.010340243622904203
cd4_BL,2.0,SDAN_5,sciRED_36,1974,21,21,0.5825226147806793,0.015266029644391254
cd4_BL,2.0,SDAN_5,sciRED_37,1974,21,21,0.5561895008899618,0.014004252404329457
cd4_BL,2.0,SDAN_5,sciRED_38,1974,21,21,0.5970789749591592,0.013777066542844562
cd4_BL,2.0,SDAN_5,sciRED_39,1974,21,21,0.4760197986004437,0.011698632545427296
cd4_BL,2.0,SDAN_6,sciRED_0,1974,20,20,0.3570880245649949,0.007583765819832445
cd4_BL,2.0,SDAN_6,sciRED_1,1974,20,20,0.3854145342886387,0.008040082438047713
cd4_BL,2.0,SDAN_6,sciRED_2,1974,20,20,0.5438843398157627,0.015155909823810362
cd4_BL,2.0,SDAN_6,sciRED_3,1974,20,20,0.4271494370522006,0.011538612969430585
cd4_BL,2.0,SDAN_6,sciRED_4,1974,20,20,0.7209825997952917,0.07290241741585453
cd4_BL,2.0,SDAN_6,sciRED_5,1974,20,20,0.5690378710337768,0.012849632131677849
cd4_BL,2.0,SDAN_6,sciRED_6,1974,20,20,0.4637666325486182,0.009156289328403223
cd4_BL,2.0,SDAN_6,sciRED_7,1974,20,20,0.43167860798362334,0.008675405838950375
cd4_BL,2.0,SDAN_6,sciRED_8,1974,20,20,0.5551432958034801,0.01132093992061907
cd4_BL,2.0,SDAN_6,sciRED_9,1974,20,20,0.5225179119754351,0.010580332365633785
cd4_BL,2.0,SDAN_6,sciRED_10,1974,20,20,0.4525844421699079,0.009359874386620552
cd4_BL,2.0,SDAN_6,sciRED_11,1974,20,20,0.6155834186284544,0.035399141723376513
cd4_BL,2.0,SDAN_6,sciRED_12,1974,20,20,0.41177072671443193,0.012633487979436569
cd4_BL,2.0,SDAN_6,sciRED_13,1974,20,20,0.5332650972364381,0.011130645234391893
cd4_BL,2.0,SDAN_6,sciRED_14,1974,20,20,0.42737973387922207,0.013301914091381416
cd4_BL,2.0,SDAN_6,sciRED_15,1974,20,20,0.4858239508700103,0.015403872965755298
cd4_BL,2.0,SDAN_6,sciRED_16,1974,20,20,0.42540941658137155,0.009112663821677226
cd4_BL,2.0,SDAN_6,sciRED_17,1974,20,20,0.4589815762538383,0.009108151230188884
cd4_BL,2.0,SDAN_6,sciRED_18,1974,20,20,0.6116171954964176,0.013349891037457599
cd4_BL,2.0,SDAN_6,sciRED_19,1974,20,20,0.5482599795291709,0.011901077655381592
cd4_BL,2.0,SDAN_6,sciRED_20,1974,20,20,0.5083162743091095,0.02061737929200675
cd4_BL,2.0,SDAN_6,sciRED_21,1974,20,20,0.5278403275332652,0.016906613285849782
cd4_BL,2.0,SDAN_6,sciRED_22,1974,20,20,0.43193449334698053,0.009669296127629571
cd4_BL,2.0,SDAN_6,sciRED_23,1974,20,20,0.5767911975435005,0.015585676649530575
cd4_BL,2.0,SDAN_6,sciRED_24,1974,20,20,0.5524564994882293,0.010889276020799307
cd4_BL,2.0,SDAN_6,sciRED_25,1974,20,20,0.5622313203684749,0.016530860001162665
cd4_BL,2.0,SDAN_6,sciRED_26,1974,20,20,0.5460849539406346,0.013900796508926803
cd4_BL,2.0,SDAN_6,sciRED_27,1974,20,20,0.35355680655066535,0.007598443982055329
cd4_BL,2.0,SDAN_6,sciRED_28,1974,20,20,0.42172466734902764,0.009757701533799994
cd4_BL,2.0,SDAN_6,sciRED_29,1974,20,20,0.4872313203684749,0.010908472503616396
cd4_BL,2.0,SDAN_6,sciRED_30,1974,20,20,0.4011770726714432,0.008340116574273027
cd4_BL,2.0,SDAN_6,sciRED_31,1974,20,20,0.47523029682702145,0.009394306532040715
cd4_BL,2.0,SDAN_6,sciRED_32,1974,20,20,0.4318577277379734,0.008815634441414057
cd4_BL,2.0,SDAN_6,sciRED_33,1974,20,20,0.5568321392016378,0.013117255629728404
cd4_BL,2.0,SDAN_6,sciRED_34,1974,20,20,0.4500255885363357,0.010043157307220989
cd4_BL,2.0,SDAN_6,sciRED_35,1974,20,20,0.46000511770726715,0.01347107697516197
cd4_BL,2.0,SDAN_6,sciRED_36,1974,20,20,0.48551688843398155,0.011066570386458766
cd4_BL,2.0,SDAN_6,sciRED_37,1974,20,20,0.4591606960081883,0.014285937270759748
cd4_BL,2.0,SDAN_6,sciRED_38,1974,20,20,0.47965711361310137,0.009679078431506366
cd4_BL,2.0,SDAN_6,sciRED_39,1974,20,20,0.47684237461617196,0.009647272840041979
cd4_BL,2.0,SDAN_7,sciRED_0,1974,20,20,0.4339303991811668,0.00864712924019458
cd4_BL,2.0,SDAN_7,sciRED_1,1974,20,20,0.33682190378710336,0.0074948436654552674
cd4_BL,2.0,SDAN_7,sciRED_2,1974,20,20,0.46560900716479015,0.010833501418691532
cd4_BL,2.0,SDAN_7,sciRED_3,1974,20,20,0.40214943705220063,0.008220770825460614
cd4_BL,2.0,SDAN_7,sciRED_4,1974,20,20,0.43203684749232346,0.008608090641097327
cd4_BL,2.0,SDAN_7,sciRED_5,1974,20,20,0.48510747185261005,0.010274733699082814
cd4_BL,2.0,SDAN_7,sciRED_6,1974,20,20,0.4980296827021494,0.009922864610117696
cd4_BL,2.0,SDAN_7,sciRED_7,1974,20,20,0.5275076765609008,0.012077268865092552
cd4_BL,2.0,SDAN_7,sciRED_8,1974,20,20,0.47282497441146365,0.009220764854829297
cd4_BL,2.0,SDAN_7,sciRED_9,1974,20,20,0.397799385875128,0.008093072254972815
cd4_BL,2.0,SDAN_7,sciRED_10,1974,20,20,0.43398157625383826,0.008705378904036784
cd4_BL,2.0,SDAN_7,sciRED_11,1974,20,20,0.4298618219037871,0.008804695589793257
cd4_BL,2.0,SDAN_7,sciRED_12,1974,20,20,0.6353377686796315,0.014631473023785594
cd4_BL,2.0,SDAN_7,sciRED_13,1974,20,20,0.4811668372569089,0.0093690043147748
cd4_BL,2.0,SDAN_7,sciRED_14,1974,20,20,0.46154042988741045,0.009092003555992684
cd4_BL,2.0,SDAN_7,sciRED_15,1974,20,20,0.35762538382804504,0.00793429839571965
cd4_BL,2.0,SDAN_7,sciRED_16,1974,20,20,0.45345445240532245,0.008874860447446009
cd4_BL,2.0,SDAN_7,sciRED_17,1974,20,20,0.6659160696008188,0.021833353693514006
cd4_BL,2.0,SDAN_7,sciRED_18,1974,20,20,0.3877175025588537,0.008275005553942612
cd4_BL,2.0,SDAN_7,sciRED_19,1974,20,20,0.4074206755373593,0.00836241526923952
cd4_BL,2.0,SDAN_7,sciRED_20,1974,20,20,0.36591606960081885,0.007773171188058824
cd4_BL,2.0,SDAN_7,sciRED_21,1974,20,20,0.42996417604912995,0.008989903074379874
cd4_BL,2.0,SDAN_7,sciRED_22,1974,20,20,0.40964687819856704,0.009141669162503058
cd4_BL,2.0,SDAN_7,sciRED_23,1974,20,20,0.44439611054247696,0.010002376335470907
cd4_BL,2.0,SDAN_7,sciRED_24,1974,20,20,0.42873592630501534,0.008517320889384224
cd4_BL,2.0,SDAN_7,sciRED_25,1974,20,20,0.4246673490276356,0.008506193322638668
cd4_BL,2.0,SDAN_7,sciRED_26,1974,20,20,0.4221340839303992,0.008635059292353892
cd4_BL,2.0,SDAN_7,sciRED_27,1974,20,20,0.554682702149437,0.03533232285120918
cd4_BL,2.0,SDAN_7,sciRED_28,1974,20,20,0.48469805527123855,0.010188095461253021
cd4_BL,2.0,SDAN_7,sciRED_29,1974,20,20,0.3564738996929376,0.00863201761880995
cd4_BL,2.0,SDAN_7,sciRED_30,1974,20,20,0.5008444216990788,0.01091505345004258
cd4_BL,2.0,SDAN_7,sciRED_31,1974,20,20,0.5171443193449334,0.013514063347330327
cd4_BL,2.0,SDAN_7,sciRED_32,1974,20,20,0.49306550665301946,0.013781613320306483
cd4_BL,2.0,SDAN_7,sciRED_33,1974,20,20,0.5004350051177073,0.011061123050446302
cd4_BL,2.0,SDAN_7,sciRED_34,1974,20,20,0.5323183213920164,0.011482910776331592
cd4_BL,2.0,SDAN_7,sciRED_35,1974,20,20,0.46983111566018426,0.010545939877986799
cd4_BL,2.0,SDAN_7,sciRED_36,1974,20,20,0.4503326509723644,0.009720205489358598
cd4_BL,2.0,SDAN_7,sciRED_37,1974,20,20,0.5247952917093143,0.011546118415157715
cd4_BL,2.0,SDAN_7,sciRED_38,1974,20,20,0.4096212896622313,0.00832228470554236
cd4_BL,2.0,SDAN_7,sciRED_39,1974,20,20,0.36159160696008186,0.007622469587465963
cd4_BL,2.0,SDAN_8,sciRED_0,1974,18,18,0.4610031810952057,0.012111765850217959
cd4_BL,2.0,SDAN_8,sciRED_1,1974,18,18,0.5077255169279709,0.009964489951514022
cd4_BL,2.0,SDAN_8,sciRED_2,1974,18,18,0.5327482390365825,0.009775841876202888
cd4_BL,2.0,SDAN_8,sciRED_3,1974,18,18,0.5652408543512838,0.014105741001322104
cd4_BL,2.0,SDAN_8,sciRED_4,1974,18,18,0.5316973415132924,0.012379426958588204
cd4_BL,2.0,SDAN_8,sciRED_5,1974,18,18,0.48517382413087934,0.009266331333941393
cd4_BL,2.0,SDAN_8,sciRED_6,1974,18,18,0.5178084526244036,0.009960535263734093
cd4_BL,2.0,SDAN_8,sciRED_7,1974,18,18,0.4562599409225176,0.008480253080142247
cd4_BL,2.0,SDAN_8,sciRED_8,1974,18,18,0.44058168598045894,0.008644572444512413
cd4_BL,2.0,SDAN_8,sciRED_9,1974,18,18,0.5324074074074074,0.011749832459442118
cd4_BL,2.0,SDAN_8,sciRED_10,1974,18,18,0.44617700522608494,0.007987498973006463
cd4_BL,2.0,SDAN_8,sciRED_11,1974,18,18,0.545472619859123,0.01422143003160741
cd4_BL,2.0,SDAN_8,sciRED_12,1974,18,18,0.5078959327425585,0.013878364540806345
cd4_BL,2.0,SDAN_8,sciRED_13,1974,18,18,0.5291411042944785,0.00996200123476409
cd4_BL,2.0,SDAN_8,sciRED_14,1974,18,18,0.46267893660531695,0.008482419791625014
cd4_BL,2.0,SDAN_8,sciRED_15,1974,18,18,0.538031129288798,0.010959535765497762
cd4_BL,2.0,SDAN_8,sciRED_16,1974,18,18,0.5702113156100886,0.011283539328443302
cd4_BL,2.0,SDAN_8,sciRED_17,1974,18,18,0.6063962735741876,0.028523015588620724
cd4_BL,2.0,SDAN_8,sciRED_18,1974,18,18,0.6129288798000454,0.025779030127312128
cd4_BL,2.0,SDAN_8,sciRED_19,1974,18,18,0.553254942058623,0.010262847908064976
cd4_BL,2.0,SDAN_8,sciRED_20,1974,18,18,0.5607532379004772,0.012994233165593057
cd4_BL,2.0,SDAN_8,sciRED_21,1974,18,18,0.3301522381276983,0.006649735305262952
cd4_BL,2.0,SDAN_8,sciRED_22,1974,18,18,0.5407577823221995,0.011802604435439235
cd4_BL,2.0,SDAN_8,sciRED_23,1974,18,18,0.444472847080209,0.00902560143514149
cd4_BL,2.0,SDAN_8,sciRED_24,1974,18,18,0.4748352647125653,0.008589363959806737
cd4_BL,2.0,SDAN_8,sciRED_25,1974,18,18,0.5190865712338105,0.011193408027624228
cd4_BL,2.0,SDAN_8,sciRED_26,1974,18,18,0.4707168825266985,0.00923524188457221
cd4_BL,2.0,SDAN_8,sciRED_27,1974,18,18,0.5356737105203363,0.01251453268861606
cd4_BL,2.0,SDAN_8,sciRED_28,1974,18,18,0.4627357418768462,0.008602902839738004
cd4_BL,2.0,SDAN_8,sciRED_29,1974,18,18,0.4729890933878664,0.011396187480420272
cd4_BL,2.0,SDAN_8,sciRED_30,1974,18,18,0.42950465803226534,0.00786177708084493
cd4_BL,2.0,SDAN_8,sciRED_31,1974,18,18,0.5402465348784367,0.01613888721935025
cd4_BL,2.0,SDAN_8,sciRED_32,1974,18,18,0.4692683481027039,0.008582043279998106
cd4_BL,2.0,SDAN_8,sciRED_33,1974,18,18,0.4030618041354237,0.008680012917840346
cd4_BL,2.0,SDAN_8,sciRED_34,1974,18,18,0.5312997046125881,0.010141276628897107
cd4_BL,2.0,SDAN_8,sciRED_35,1974,18,18,0.5812883435582822,0.026656953789419163
cd4_BL,2.0,SDAN_8,sciRED_36,1974,18,18,0.5422063167461941,0.011729668839864016
cd4_BL,2.0,SDAN_8,sciRED_37,1974,18,18,0.6096057714155874,0.027926914088572043
cd4_BL,2.0,SDAN_8,sciRED_38,1974,18,18,0.6456771188366279,0.019016458658019365
cd4_BL,2.0,SDAN_8,sciRED_39,1974,18,18,0.5337139286525789,0.011968485092910786
cd4_BL,2.0,SDAN_9,sciRED_0,1974,20,20,0.398899692937564,0.008359908341129502
cd4_BL,2.0,SDAN_9,sciRED_1,1974,20,20,0.37482088024564997,0.007883703415497222
cd4_BL,2.0,SDAN_9,sciRED_2,1974,20,20,0.4682446264073695,0.011283104737670581
cd4_BL,2.0,SDAN_9,sciRED_3,1974,20,20,0.48833162743091096,0.00995779064095157
cd4_BL,2.0,SDAN_9,sciRED_4,1974,20,20,0.49971852610030704,0.010685604504750406
cd4_BL,2.0,SDAN_9,sciRED_5,1974,20,20,0.6081883316274309,0.013949871772779858
cd4_BL,2.0,SDAN_9,sciRED_6,1974,20,20,0.43902251791197544,0.00948851085381057
cd4_BL,2.0,SDAN_9,sciRED_7,1974,20,20,0.37814738996929376,0.008194020754496469
cd4_BL,2.0,SDAN_9,sciRED_8,1974,20,20,0.52003582395087,0.01201071011558605
cd4_BL,2.0,SDAN_9,sciRED_9,1974,20,20,0.38410951893551687,0.00790477478181501
cd4_BL,2.0,SDAN_9,sciRED_10,1974,20,20,0.49483111566018434,0.010114908781773443
cd4_BL,2.0,SDAN_9,sciRED_11,1974,20,20,0.40575742067553733,0.008161541300745912
cd4_BL,2.0,SDAN_9,sciRED_12,1974,20,20,0.3871289662231321,0.008207998511677778
cd4_BL,2.0,SDAN_9,sciRED_13,1974,20,20,0.4811412487205732,0.012466944128054285
cd4_BL,2.0,SDAN_9,sciRED_14,1974,20,20,0.4994626407369498,0.010228997944422669
cd4_BL,2.0,SDAN_9,sciRED_15,1974,20,20,0.4806038894575231,0.00952997354169137
cd4_BL,2.0,SDAN_9,sciRED_16,1974,20,20,0.5082906857727738,0.010268386022572785
cd4_BL,2.0,SDAN_9,sciRED_17,1974,20,20,0.40184237461617195,0.008132674973167308
cd4_BL,2.0,SDAN_9,sciRED_18,1974,20,20,0.46468781985670427,0.009766721640791225
cd4_BL,2.0,SDAN_9,sciRED_19,1974,20,20,0.38042476970317296,0.008152978547086416
cd4_BL,2.0,SDAN_9,sciRED_20,1974,20,20,0.4427072671443193,0.009340899491208697
cd4_BL,2.0,SDAN_9,sciRED_21,1974,20,20,0.5003070624360286,0.010422193849297875
cd4_BL,2.0,SDAN_9,sciRED_22,1974,20,20,0.4486949846468782,0.009351143276806771
cd4_BL,2.0,SDAN_9,sciRED_23,1974,20,20,0.4797082906857728,0.011956771033706673
cd4_BL,2.0,SDAN_9,sciRED_24,1974,20,20,0.5584442169907882,0.01368787515604225
cd4_BL,2.0,SDAN_9,sciRED_25,1974,20,20,0.449360286591607,0.01055866916069794
cd4_BL,2.0,SDAN_9,sciRED_26,1974,20,20,0.4187819856704197,0.009094911239487947
cd4_BL,2.0,SDAN_9,sciRED_27,1974,20,20,0.47006141248720573,0.01811842124463572
cd4_BL,2.0,SDAN_9,sciRED_28,1974,20,20,0.5092374616171955,0.010683616695058601
cd4_BL,2.0,SDAN_9,sciRED_29,1974,20,20,0.4507164790174002,0.010823656529919238
cd4_BL,2.0,SDAN_9,sciRED_30,1974,20,20,0.5144063459570113,0.012069153177612785
cd4_BL,2.0,SDAN_9,sciRED_31,1974,20,20,0.48462128966223134,0.012442617450107003
cd4_BL,2.0,SDAN_9,sciRED_32,1974,20,20,0.4486949846468782,0.01134487025503849
cd4_BL,2.0,SDAN_9,sciRED_33,1974,20,20,0.5071392016376663,0.012579116295811035
cd4_BL,2.0,SDAN_9,sciRED_34,1974,20,20,0.511207778915046,0.010820599216476934
cd4_BL,2.0,SDAN_9,sciRED_35,1974,20,20,0.46814227226202665,0.010242956636954478
cd4_BL,2.0,SDAN_9,sciRED_36,1974,20,20,0.43733367451381777,0.008799599018965647
cd4_BL,2.0,SDAN_9,sciRED_37,1974,20,20,0.5678863868986694,0.016557943587899904
cd4_BL,2.0,SDAN_9,sciRED_38,1974,20,20,0.5040941658137154,0.010491148715794957
cd4_BL,2.0,SDAN_9,sciRED_39,1974,20,20,0.4547338792221085,0.009270376852169032
cd4_BL,2.0,SDAN_10,sciRED_0,1974,16,16,0.41225102145045966,0.006706569497049657
cd4_BL,2.0,SDAN_10,sciRED_1,1974,16,16,0.5968781920326864,0.013261877374047418
cd4_BL,2.0,SDAN_10,sciRED_2,1974,16,16,0.562276557711951,0.012127895417740755
cd4_BL,2.0,SDAN_10,sciRED_3,1974,16,16,0.4760278345250255,0.00979236036182651
cd4_BL,2.0,SDAN_10,sciRED_4,1974,16,16,0.530164708886619,0.009001919746207817
cd4_BL,2.0,SDAN_10,sciRED_5,1974,16,16,0.6705503064351378,0.013210917207365166
cd4_BL,2.0,SDAN_10,sciRED_6,1974,16,16,0.473953013278856,0.008149331679060184
cd4_BL,2.0,SDAN_10,sciRED_7,1974,16,16,0.8081588355464759,0.3999694603929344
cd4_BL,2.0,SDAN_10,sciRED_8,1974,16,16,0.4656856486210419,0.008356484425880401
cd4_BL,2.0,SDAN_10,sciRED_9,1974,16,16,0.3908005617977528,0.006786491059881273
cd4_BL,2.0,SDAN_10,sciRED_10,1974,16,16,0.5225995914198162,0.009189523826946181
cd4_BL,2.0,SDAN_10,sciRED_11,1974,16,16,0.45307711950970375,0.010325726796904163
cd4_BL,2.0,SDAN_10,sciRED_12,1974,16,16,0.5408260980592441,0.018102626723522135
cd4_BL,2.0,SDAN_10,sciRED_13,1974,16,16,0.5006703268641471,0.009407518265126692
cd4_BL,2.0,SDAN_10,sciRED_14,1974,16,16,0.5509767620020429,0.00941938408348791
cd4_BL,2.0,SDAN_10,sciRED_15,1974,16,16,0.5055222165474975,0.009599917530790723
cd4_BL,2.0,SDAN_10,sciRED_16,1974,16,16,0.46830311542390196,0.007569749248686142
cd4_BL,2.0,SDAN_10,sciRED_17,1974,16,16,0.5569777834525026,0.011666035719895353
cd4_BL,2.0,SDAN_10,sciRED_18,1974,16,16,0.5488700204290091,0.015917736595302278
cd4_BL,2.0,SDAN_10,sciRED_19,1974,16,16,0.41429392236976503,0.007060103023201929
cd4_BL,2.0,SDAN_10,sciRED_20,1974,16,16,0.5141726251276812,0.009744793497789547
cd4_BL,2.0,SDAN_10,sciRED_21,1974,16,16,0.5281537282941777,0.0234164872287823
cd4_BL,2.0,SDAN_10,sciRED_22,1974,16,16,0.5218335035750766,0.009435155185893458
cd4_BL,2.0,SDAN_10,sciRED_23,1974,16,16,0.6076034218590399,0.032628974443178915
cd4_BL,2.0,SDAN_10,sciRED_24,1974,16,16,0.7095250255362615,0.09584365944554003
cd4_BL,2.0,SDAN_10,sciRED_25,1974,16,16,0.5291113381001021,0.008461510404212842
cd4_BL,2.0,SDAN_10,sciRED_26,1974,16,16,0.5594675689479061,0.00925145052471883
cd4_BL,2.0,SDAN_10,sciRED_27,1974,16,16,0.5308350357507661,0.010098878677560437
cd4_BL,2.0,SDAN_10,sciRED_28,1974,16,16,0.5632022471910112,0.009643518553065309
cd4_BL,2.0,SDAN_10,sciRED_29,1974,16,16,0.4321693054136874,0.007732515876794581
cd4_BL,2.0,SDAN_10,sciRED_30,1974,16,16,0.48062436159346267,0.007755462278315884
cd4_BL,2.0,SDAN_10,sciRED_31,1974,16,16,0.4336376404494382,0.007294997948321059
cd4_BL,2.0,SDAN_10,sciRED_32,1974,16,16,0.47009065372829417,0.007846915344691176
cd4_BL,2.0,SDAN_10,sciRED_33,1974,16,16,0.5375702247191012,0.008966433235099396
cd4_BL,2.0,SDAN_10,sciRED_34,1974,16,16,0.49387129724208373,0.008704878437116178
cd4_BL,2.0,SDAN_10,sciRED_35,1974,16,16,0.5300051072522983,0.009478147543545788
cd4_BL,2.0,SDAN_10,sciRED_36,1974,16,16,0.4500446884576098,0.008037446974288709
cd4_BL,2.0,SDAN_10,sciRED_37,1974,16,16,0.4503638917262513,0.007450368608629036
cd4_BL,2.0,SDAN_10,sciRED_38,1974,16,16,0.6044113891726252,0.01630412855283309
cd4_BL,2.0,SDAN_10,sciRED_39,1974,16,16,0.5115232379979571,0.008680092297552056
cd4_BL,2.0,SDAN_11,sciRED_0,1974,22,20,0.33421187308085976,0.007342375184326808
cd4_BL,2.0,SDAN_11,sciRED_1,1974,22,20,0.32584442169907885,0.0073491339929918215
cd4_BL,2.0,SDAN_11,sciRED_2,1974,22,20,0.5233111566018425,0.012117802493050101
cd4_BL,2.0,SDAN_11,sciRED_3,1974,22,20,0.5067809621289663,0.01033569017469315
cd4_BL,2.0,SDAN_11,sciRED_4,1974,22,20,0.41417604912998973,0.008783098387033462
cd4_BL,2.0,SDAN_11,sciRED_5,1974,22,20,0.42955475946775845,0.008899530342894962
cd4_BL,2.0,SDAN_11,sciRED_6,1974,22,20,0.4280450358239508,0.009458161707644172
cd4_BL,2.0,SDAN_11,sciRED_7,1974,22,20,0.4637666325486182,0.009364203543882345
cd4_BL,2.0,SDAN_11,sciRED_8,1974,22,20,0.4852865916069601,0.010513758511952496
cd4_BL,2.0,SDAN_11,sciRED_9,1974,22,20,0.5324462640736949,0.011576016363518928
cd4_BL,2.0,SDAN_11,sciRED_10,1974,22,20,0.5218526100307062,0.0121136665819104
cd4_BL,2.0,SDAN_11,sciRED_11,1974,22,20,0.5061412487205732,0.010108043676597074
cd4_BL,2.0,SDAN_11,sciRED_12,1974,22,20,0.4684493346980553,0.0098661369921237
cd4_BL,2.0,SDAN_11,sciRED_13,1974,22,20,0.506704196519959,0.0123167561871434
cd4_BL,2.0,SDAN_11,sciRED_14,1974,22,20,0.40675537359263053,0.008785284365848117
cd4_BL,2.0,SDAN_11,sciRED_15,1974,22,20,0.5403019447287616,0.01356360778710725
cd4_BL,2.0,SDAN_11,sciRED_16,1974,22,20,0.45266120777891505,0.009088296228269371
cd4_BL,2.0,SDAN_11,sciRED_17,1974,22,20,0.5410951893551689,0.03379201953947458
cd4_BL,2.0,SDAN_11,sciRED_18,1974,22,20,0.4198055271238485,0.014488491762681122
cd4_BL,2.0,SDAN_11,sciRED_19,1974,22,20,0.5135363357215967,0.010582319649719504
cd4_BL,2.0,SDAN_11,sciRED_20,1974,22,20,0.5301432958034801,0.01207194539185397
cd4_BL,2.0,SDAN_11,sciRED_21,1974,22,20,0.44352610030706247,0.009691394573012182
cd4_BL,2.0,SDAN_11,sciRED_22,1974,22,20,0.6065762538382805,0.014888468002695998
cd4_BL,2.0,SDAN_11,sciRED_23,1974,22,20,0.49460081883316276,0.015418036176866155
cd4_BL,2.0,SDAN_11,sciRED_24,1974,22,20,0.45611566018423744,0.009761962626483012
cd4_BL,2.0,SDAN_11,sciRED_25,1974,22,20,0.43311156601842377,0.010104734895336864
cd4_BL,2.0,SDAN_11,sciRED_26,1974,22,20,0.28495394063459567,0.006804758279209706
cd4_BL,2.0,SDAN_11,sciRED_27,1974,22,20,0.5214943705220061,0.011275308461151047
cd4_BL,2.0,SDAN_11,sciRED_28,1974,22,20,0.4483623336745138,0.009754512317029767
cd4_BL,2.0,SDAN_11,sciRED_29,1974,22,20,0.5013050153531218,0.009941764223205888
cd4_BL,2.0,SDAN_11,sciRED_30,1974,22,20,0.6315762538382805,0.01613811825176743
cd4_BL,2.0,SDAN_11,sciRED_31,1974,22,20,0.5722108495394064,0.01228566839975903
cd4_BL,2.0,SDAN_11,sciRED_32,1974,22,20,0.4014585465711361,0.009578226380241929
cd4_BL,2.0,SDAN_11,sciRED_33,1974,22,20,0.6249488229273286,0.014812273086976451
cd4_BL,2.0,SDAN_11,sciRED_34,1974,22,20,0.387589559877175,0.008049743967365791
cd4_BL,2.0,SDAN_11,sciRED_35,1974,22,20,0.45680655066530196,0.009598686847990931
cd4_BL,2.0,SDAN_11,sciRED_36,1974,22,20,0.5681934493346981,0.01219725814150032
cd4_BL,2.0,SDAN_11,sciRED_37,1974,22,20,0.4504350051177073,0.008952320663774011
cd4_BL,2.0,SDAN_11,sciRED_38,1974,22,20,0.506985670419652,0.010220926033032495
cd4_BL,2.0,SDAN_11,sciRED_39,1974,22,20,0.5378454452405321,0.02545305771601799
cd4_BL,2.0,SDAN_12,sciRED_0,1974,20,20,0.4659416581371546,0.012693838042353
cd4_BL,2.0,SDAN_12,sciRED_1,1974,20,20,0.44042988741044015,0.009761094605521471
cd4_BL,2.0,SDAN_12,sciRED_2,1974,20,20,0.5235926305015353,0.010808334013485221
cd4_BL,2.0,SDAN_12,sciRED_3,1974,20,20,0.44501023541453427,0.010854346961476132
cd4_BL,2.0,SDAN_12,sciRED_4,1974,20,20,0.593193449334698,0.021945986915199417
cd4_BL,2.0,SDAN_12,sciRED_5,1974,20,20,0.6015353121801432,0.01711837547662104
cd4_BL,2.0,SDAN_12,sciRED_6,1974,20,20,0.4608751279426817,0.010967728453473363
cd4_BL,2.0,SDAN_12,sciRED_7,1974,20,20,0.5964687819856704,0.013500055842676854
cd4_BL,2.0,SDAN_12,sciRED_8,1974,20,20,0.635568065506653,0.028893970869348307
cd4_BL,2.0,SDAN_12,sciRED_9,1974,20,20,0.4436284544524053,0.009881602719513218
cd4_BL,2.0,SDAN_12,sciRED_10,1974,20,20,0.4550921187308086,0.011888123043578004
cd4_BL,2.0,SDAN_12,sciRED_11,1974,20,20,0.562871033776868,0.11152949893885561
cd4_BL,2.0,SDAN_12,sciRED_12,1974,20,20,0.4682190378710338,0.013707749872620849
cd4_BL,2.0,SDAN_12,sciRED_13,1974,20,20,0.544396110542477,0.011247022083900908
cd4_BL,2.0,SDAN_12,sciRED_14,1974,20,20,0.35048618219037875,0.007680063214716013
cd4_BL,2.0,SDAN_12,sciRED_15,1974,20,20,0.7106192425793245,0.04275814180794912
cd4_BL,2.0,SDAN_12,sciRED_16,1974,20,20,0.4736182190378711,0.010614923390692518
cd4_BL,2.0,SDAN_12,sciRED_17,1974,20,20,0.6462128966223133,0.019720123688723744
cd4_BL,2.0,SDAN_12,sciRED_18,1974,20,20,0.5153019447287615,0.017855195240925877
cd4_BL,2.0,SDAN_12,sciRED_19,1974,20,20,0.5351074718526101,0.014061641673288593
cd4_BL,2.0,SDAN_12,sciRED_20,1974,20,20,0.602942681678608,0.03365138578114739
cd4_BL,2.0,SDAN_12,sciRED_21,1974,20,20,0.5744882292732856,0.013402225496870049
cd4_BL,2.0,SDAN_12,sciRED_22,1974,20,20,0.44124872057318326,0.009380295713584442
cd4_BL,2.0,SDAN_12,sciRED_23,1974,20,20,0.563229273285568,0.012944595909549474
cd4_BL,2.0,SDAN_12,sciRED_24,1974,20,20,0.4547594677584442,0.010097945000138234
cd4_BL,2.0,SDAN_12,sciRED_25,1974,20,20,0.5829836233367451,0.02929332360937254
cd4_BL,2.0,SDAN_12,sciRED_26,1974,20,20,0.49137666325486185,0.00990197997568244
cd4_BL,2.0,SDAN_12,sciRED_27,1974,20,20,0.5228761514841351,0.011244480568559406
cd4_BL,2.0,SDAN_12,sciRED_28,1974,20,20,0.4882036847492323,0.009640020888880243
cd4_BL,2.0,SDAN_12,sciRED_29,1974,20,20,0.4877430910951893,0.009828194343243443
cd4_BL,2.0,SDAN_12,sciRED_30,1974,20,20,0.6156345957011259,0.021371057308105734
cd4_BL,2.0,SDAN_12,sciRED_31,1974,20,20,0.47978505629477997,0.01595226599044438
cd4_BL,2.0,SDAN_12,sciRED_32,1974,20,20,0.5576509723643808,0.016551046984176882
cd4_BL,2.0,SDAN_12,sciRED_33,1974,20,20,0.4828300921187308,0.010668128861317287
cd4_BL,2.0,SDAN_12,sciRED_34,1974,20,20,0.4102610030706244,0.008875431111736247
cd4_BL,2.0,SDAN_12,sciRED_35,1974,20,20,0.5727482088024565,0.014043087034665839
cd4_BL,2.0,SDAN_12,sciRED_36,1974,20,20,0.4863868986693961,0.01060635157107729
cd4_BL,2.0,SDAN_12,sciRED_37,1974,20,20,0.40992835209826,0.008544154137742274
cd4_BL,2.0,SDAN_12,sciRED_38,1974,20,20,0.5590839303991811,0.018130897848004042
cd4_BL,2.0,SDAN_12,sciRED_39,1974,20,20,0.4760747185261003,0.009680579895086758
cd4_BL,2.0,SDAN_13,sciRED_0,1974,20,20,0.5677840327533266,0.01431108663220835
cd4_BL,2.0,SDAN_13,sciRED_1,1974,20,20,0.46811668372569093,0.009714783650292838
cd4_BL,2.0,SDAN_13,sciRED_2,1974,20,20,0.4771750255885363,0.024796777256764553
cd4_BL,2.0,SDAN_13,sciRED_3,1974,20,20,0.517553735926305,0.012155785902435667
cd4_BL,2.0,SDAN_13,sciRED_4,1974,20,20,0.508623336745138,0.012083348725874271
cd4_BL,2.0,SDAN_13,sciRED_5,1974,20,20,0.5557318321392016,0.013583625792290796
cd4_BL,2.0,SDAN_13,sciRED_6,1974,20,20,0.35918628454452406,0.007724071539633556
cd4_BL,2.0,SDAN_13,sciRED_7,1974,20,20,0.558265097236438,0.012265199891116949
cd4_BL,2.0,SDAN_13,sciRED_8,1974,20,20,0.6320880245649949,0.020271449892593954
cd4_BL,2.0,SDAN_13,sciRED_9,1974,20,20,0.39861821903787104,0.008162588868559664
cd4_BL,2.0,SDAN_13,sciRED_10,1974,20,20,0.5672978505629478,0.012152596622737818
cd4_BL,2.0,SDAN_13,sciRED_11,1974,20,20,0.5336489252814739,0.013344938190175817
cd4_BL,2.0,SDAN_13,sciRED_12,1974,20,20,0.5214687819856705,0.09551038224937208
cd4_BL,2.0,SDAN_13,sciRED_13,1974,20,20,0.42863357215967246,0.00983054301744379
cd4_BL,2.0,SDAN_13,sciRED_14,1974,20,20,0.4584953940634596,0.009410338634073775
cd4_BL,2.0,SDAN_13,sciRED_15,1974,20,20,0.5493346980552712,0.01376926320049741
cd4_BL,2.0,SDAN_13,sciRED_16,1974,20,20,0.4898669396110542,0.010808134222614563
cd4_BL,2.0,SDAN_13,sciRED_17,1974,20,20,0.5477482088024566,0.019760303297741293
cd4_BL,2.0,SDAN_13,sciRED_18,1974,20,20,0.5550665301944728,0.0186556597948198
cd4_BL,2.0,SDAN_13,sciRED_19,1974,20,20,0.5967758444216991,0.0137783416828716
cd4_BL,2.0,SDAN_13,sciRED_20,1974,20,20,0.5414022517911976,0.017735281011808053
cd4_BL,2.0,SDAN_13,sciRED_21,1974,20,20,0.48441658137154553,0.01132052060240138
cd4_BL,2.0,SDAN_13,sciRED_22,1974,20,20,0.59449846468782,0.01630819512342985
cd4_BL,2.0,SDAN_13,sciRED_23,1974,20,20,0.42571647901740023,0.010462816041197604
cd4_BL,2.0,SDAN_13,sciRED_24,1974,20,20,0.6737973387922211,0.023643202640434506
cd4_BL,2.0,SDAN_13,sciRED_25,1974,20,20,0.5262794268167861,0.011308896409035596
cd4_BL,2.0,SDAN_13,sciRED_26,1974,20,20,0.4392784032753327,0.012065282805090298
cd4_BL,2.0,SDAN_13,sciRED_27,1974,20,20,0.6037615148413511,0.023178506136541356
cd4_BL,2.0,SDAN_13,sciRED_28,1974,20,20,0.5243346980552712,0.010605997142973373
cd4_BL,2.0,SDAN_13,sciRED_29,1974,20,20,0.49350051177072674,0.010532653845196756
cd4_BL,2.0,SDAN_13,sciRED_30,1974,20,20,0.5468781985670419,0.012397623343832091
cd4_BL,2.0,SDAN_13,sciRED_31,1974,20,20,0.5681678607983623,0.015238452197693122
cd4_BL,2.0,SDAN_13,sciRED_32,1974,20,20,0.49946264073694985,0.014601459051070369
cd4_BL,2.0,SDAN_13,sciRED_33,1974,20,20,0.510209825997953,0.011568305211506416
cd4_BL,2.0,SDAN_13,sciRED_34,1974,20,20,0.4827789150460594,0.010602430760929055
cd4_BL,2.0,SDAN_13,sciRED_35,1974,20,20,0.5566018423746162,0.02320268232219545
cd4_BL,2.0,SDAN_13,sciRED_36,1974,20,20,0.4533265097236438,0.008939465585532044
cd4_BL,2.0,SDAN_13,sciRED_37,1974,20,20,0.44439611054247696,0.010003334990079426
cd4_BL,2.0,SDAN_13,sciRED_38,1974,20,20,0.5391248720573183,0.012542755026763197
cd4_BL,2.0,SDAN_13,sciRED_39,1974,20,20,0.5685261003070624,0.013282689550277255
cd4_BL,2.0,SDAN_14,sciRED_0,1974,21,21,0.5403652500426693,0.011660257390676252
cd4_BL,2.0,SDAN_14,sciRED_1,1974,21,21,0.5888620681247408,0.015996766480255727
cd4_BL,2.0,SDAN_14,sciRED_2,1974,21,21,0.4337161387852632,0.009287748026558715
cd4_BL,2.0,SDAN_14,sciRED_3,1974,21,21,0.6319459683514983,0.01565120534056153
cd4_BL,2.0,SDAN_14,sciRED_4,1974,21,21,0.6174627557116036,0.015128204491903639
cd4_BL,2.0,SDAN_14,sciRED_5,1974,21,21,0.39709360446687636,0.00879906277089036
cd4_BL,2.0,SDAN_14,sciRED_6,1974,21,21,0.5705751834784092,0.013553876237741274
cd4_BL,2.0,SDAN_14,sciRED_7,1974,21,21,0.4519298758930095,0.010553350796205986
cd4_BL,2.0,SDAN_14,sciRED_8,1974,21,21,0.6446492575524833,0.0638666951752858
cd4_BL,2.0,SDAN_14,sciRED_9,1974,21,21,0.5747445931777729,0.016613790378712544
cd4_BL,2.0,SDAN_14,sciRED_10,1974,21,21,0.39526491600224317,0.008384535817862065
cd4_BL,2.0,SDAN_14,sciRED_11,1974,21,21,0.6760051690927267,0.018104782500720663
cd4_BL,2.0,SDAN_14,sciRED_12,1974,21,21,0.5306122448979591,0.013669214577805027
cd4_BL,2.0,SDAN_14,sciRED_13,1974,21,21,0.5038402457757296,0.03643057545015543
cd4_BL,2.0,SDAN_14,sciRED_14,1974,21,21,0.6075390729768609,0.019235577963961446
cd4_BL,2.0,SDAN_14,sciRED_15,1974,21,21,0.4517591983029771,0.010840435957238484
cd4_BL,2.0,SDAN_14,sciRED_16,1974,21,21,0.5279789335088875,0.01331738141663065
cd4_BL,2.0,SDAN_14,sciRED_17,1974,21,21,0.6832711579255358,0.024417420980671907
cd4_BL,2.0,SDAN_14,sciRED_18,1974,21,21,0.5483139492356083,0.016828733238328474
cd4_BL,2.0,SDAN_14,sciRED_19,1974,21,21,0.5168117426181942,0.039787841335540364
cd4_BL,2.0,SDAN_14,sciRED_20,1974,21,21,0.4331797235023041,0.00902885005158992
cd4_BL,2.0,SDAN_14,sciRED_21,1974,21,21,0.5305634798722356,0.01968759377169125
cd4_BL,2.0,SDAN_14,sciRED_22,1974,21,21,0.5615048886938289,0.01443513606977959
cd4_BL,2.0,SDAN_14,sciRED_23,1974,21,21,0.5193719064686806,0.013481873327698509
cd4_BL,2.0,SDAN_14,sciRED_24,1974,21,21,0.4741179625972253,0.011513441243543351
cd4_BL,2.0,SDAN_14,sciRED_25,1974,21,21,0.5915441445395362,0.014535499230186214
cd4_BL,2.0,SDAN_14,sciRED_26,1974,21,21,0.5008411966937313,0.013575673052717962
cd4_BL,2.0,SDAN_14,sciRED_27,1974,21,21,0.6564016287518591,0.026181699618906866
cd4_BL,2.0,SDAN_14,sciRED_28,1974,21,21,0.4563674932338526,0.010830067398168908
cd4_BL,2.0,SDAN_14,sciRED_29,1974,21,21,0.5181040157998683,0.01182911716274606
cd4_BL,2.0,SDAN_14,sciRED_30,1974,21,21,0.5760368663594471,0.04144888232318948
cd4_BL,2.0,SDAN_14,sciRED_31,1974,21,21,0.4860653938994952,0.010797672335306638
cd4_BL,2.0,SDAN_14,sciRED_32,1974,21,21,0.5728183746616926,0.03707156193285612
cd4_BL,2.0,SDAN_14,sciRED_33,1974,21,21,0.5269304854558311,0.013003649348666138
cd4_BL,2.0,SDAN_14,sciRED_34,1974,21,21,0.5331480262355839,0.012140282502126924
cd4_BL,2.0,SDAN_14,sciRED_35,1974,21,21,0.5017921146953404,0.01604098370678022
cd4_BL,2.0,SDAN_14,sciRED_36,1974,21,21,0.6153170945797675,0.017039007405768615
cd4_BL,2.0,SDAN_14,sciRED_37,1974,21,21,0.5064247921390779,0.011826503245698037
cd4_BL,2.0,SDAN_14,sciRED_38,1974,21,21,0.5584814570989687,0.020031834354143165
cd4_BL,2.0,SDAN_14,sciRED_39,1974,21,21,0.48165215907151393,0.012476893522529151
cd4_BL,2.0,SDAN_15,sciRED_0,1974,22,22,0.35837369597615504,0.00844056661964719
cd4_BL,2.0,SDAN_15,sciRED_1,1974,22,22,0.48688990312965724,0.010770817271142954
cd4_BL,2.0,SDAN_15,sciRED_2,1974,22,22,0.5334388971684053,0.011895191057747664
cd4_BL,2.0,SDAN_15,sciRED_3,1974,22,22,0.5453614008941878,0.017271949769424692
cd4_BL,2.0,SDAN_15,sciRED_4,1974,22,22,0.39083457526080473,0.009032341560756243
cd4_BL,2.0,SDAN_15,sciRED_5,1974,22,22,0.47475782414307,0.010314934747279462
cd4_BL,2.0,SDAN_15,sciRED_6,1974,22,22,0.488100782414307,0.012078873737254772
cd4_BL,2.0,SDAN_15,sciRED_7,1974,22,22,0.35217958271236954,0.008581985488245871
cd4_BL,2.0,SDAN_15,sciRED_8,1974,22,22,0.5210739567809239,0.011768270053517854
cd4_BL,2.0,SDAN_15,sciRED_9,1974,22,22,0.44252980625931443,0.010263438922700981
cd4_BL,2.0,SDAN_15,sciRED_10,1974,22,22,0.5341840536512668,0.012015615148282432
cd4_BL,2.0,SDAN_15,sciRED_11,1974,22,22,0.4437639716840536,0.010517984754080351
cd4_BL,2.0,SDAN_15,sciRED_12,1974,22,22,0.4021516393442623,0.009090040453353498
cd4_BL,2.0,SDAN_15,sciRED_13,1974,22,22,0.5880914679582712,0.016887770602974177
cd4_BL,2.0,SDAN_15,sciRED_14,1974,22,22,0.5529526825633383,0.015263056303740752
cd4_BL,2.0,SDAN_15,sciRED_15,1974,22,22,0.450959388971684,0.01044322102812133
cd4_BL,2.0,SDAN_15,sciRED_16,1974,22,22,0.3964465350223547,0.009080919229662915
cd4_BL,2.0,SDAN_15,sciRED_17,1974,22,22,0.43295920268256327,0.010393385568820485
cd4_BL,2.0,SDAN_15,sciRED_18,1974,22,22,0.4136317064083457,0.009364034610293014
cd4_BL,2.0,SDAN_15,sciRED_19,1974,22,22,0.4806259314456036,0.010597227891273691
cd4_BL,2.0,SDAN_15,sciRED_20,1974,22,22,0.42282973174366617,0.010151099357383352
cd4_BL,2.0,SDAN_15,sciRED_21,1974,22,22,0.48421199701937406,0.01067409589801115
cd4_BL,2.0,SDAN_15,sciRED_22,1974,22,22,0.506170827123696,0.013421084209520828
cd4_BL,2.0,SDAN_15,sciRED_23,1974,22,22,0.5787537257824142,0.015060039449465684
cd4_BL,2.0,SDAN_15,sciRED_24,1974,22,22,0.2628306631892698,0.007215107641884422
cd4_BL,2.0,SDAN_15,sciRED_25,1974,22,22,0.5117129284649776,0.012388934629265658
cd4_BL,2.0,SDAN_15,sciRED_26,1974,22,22,0.5297364008941877,0.0114774602542788
cd4_BL,2.0,SDAN_15,sciRED_27,1974,22,22,0.5511363636363636,0.023758145619576433
cd4_BL,2.0,SDAN_15,sciRED_28,1974,22,22,0.4536372950819672,0.010000032459407858
cd4_BL,2.0,SDAN_15,sciRED_29,1974,22,22,0.46297503725782413,0.013591630188989644
cd4_BL,2.0,SDAN_15,sciRED_30,1974,22,22,0.3908345752608048,0.010115544239681022
cd4_BL,2.0,SDAN_15,sciRED_31,1974,22,22,0.45177440387481377,0.00979726039557001
cd4_BL,2.0,SDAN_15,sciRED_32,1974,22,22,0.47105532786885246,0.010464117233545761
cd4_BL,2.0,SDAN_15,sciRED_33,1974,22,22,0.5050065201192251,0.011381685660710178
cd4_BL,2.0,SDAN_15,sciRED_34,1974,22,22,0.5162071535022354,0.012571103162119967
cd4_BL,2.0,SDAN_15,sciRED_35,1974,22,22,0.4680979880774963,0.014965979116929066
cd4_BL,2.0,SDAN_15,sciRED_36,1974,22,22,0.5967771982116244,0.023947299263171518
cd4_BL,2.0,SDAN_15,sciRED_37,1974,22,22,0.47995063338301036,0.014356074570207985
cd4_BL,2.0,SDAN_15,sciRED_38,1974,22,22,0.35210972429210136,0.008994572498019878
cd4_BL,2.0,SDAN_15,sciRED_39,1974,22,22,0.36703614008941876,0.008364753570288893
cd4_BL,2.0,SDAN_16,sciRED_0,1974,21,20,0.3914278403275333,0.008027317751370463
cd4_BL,2.0,SDAN_16,sciRED_1,1974,21,20,0.443193449334698,0.00896394900866718
cd4_BL,2.0,SDAN_16,sciRED_2,1974,21,20,0.43815250767656094,0.012640222375006335
cd4_BL,2.0,SDAN_16,sciRED_3,1974,21,20,0.5947031729785056,0.01943818739762951
cd4_BL,2.0,SDAN_16,sciRED_4,1974,21,20,0.48111566018423746,0.00980797435041511
cd4_BL,2.0,SDAN_16,sciRED_5,1974,21,20,0.4459314227226202,0.009250631665126073
cd4_BL,2.0,SDAN_16,sciRED_6,1974,21,20,0.5858751279426817,0.012239738058033175
cd4_BL,2.0,SDAN_16,sciRED_7,1974,21,20,0.37128966223132037,0.007703147289199053
cd4_BL,2.0,SDAN_16,sciRED_8,1974,21,20,0.4711361310133061,0.009861600257442732
cd4_BL,2.0,SDAN_16,sciRED_9,1974,21,20,0.7280706243602866,0.042368655183784944
cd4_BL,2.0,SDAN_16,sciRED_10,1974,21,20,0.42543500511770727,0.008946224424794431
cd4_BL,2.0,SDAN_16,sciRED_11,1974,21,20,0.5929119754350052,0.014382598487753629
cd4_BL,2.0,SDAN_16,sciRED_12,1974,21,20,0.4284288638689867,0.009482469220340945
cd4_BL,2.0,SDAN_16,sciRED_13,1974,21,20,0.6198055271238485,0.02523927412925181
cd4_BL,2.0,SDAN_16,sciRED_14,1974,21,20,0.7536079836233368,0.10960845453029035
cd4_BL,2.0,SDAN_16,sciRED_15,1974,21,20,0.42958034800409417,0.008570215863931894
cd4_BL,2.0,SDAN_16,sciRED_16,1974,21,20,0.37784032753326513,0.008071176634740548
cd4_BL,2.0,SDAN_16,sciRED_17,1974,21,20,0.554682702149437,0.0623152107277647
cd4_BL,2.0,SDAN_16,sciRED_18,1974,21,20,0.4559109518935517,0.009890725311280253
cd4_BL,2.0,SDAN_16,sciRED_19,1974,21,20,0.557625383828045,0.012940504392781532
cd4_BL,2.0,SDAN_16,sciRED_20,1974,21,20,0.44877175025588534,0.008994489310347001
cd4_BL,2.0,SDAN_16,sciRED_21,1974,21,20,0.5926560900716479,0.012822145979101397
cd4_BL,2.0,SDAN_16,sciRED_22,1974,21,20,0.5376919140225179,0.014653583070587018
cd4_BL,2.0,SDAN_16,sciRED_23,1974,21,20,0.48551688843398155,0.012953320978077935
cd4_BL,2.0,SDAN_16,sciRED_24,1974,21,20,0.504503582395087,0.010336418301077229
cd4_BL,2.0,SDAN_16,sciRED_25,1974,21,20,0.5748720573183215,0.01322018558406754
cd4_BL,2.0,SDAN_16,sciRED_26,1974,21,20,0.3754350051177072,0.007768979930690801
cd4_BL,2.0,SDAN_16,sciRED_27,1974,21,20,0.5779938587512794,0.012623774631672694
cd4_BL,2.0,SDAN_16,sciRED_28,1974,21,20,0.48792221084953935,0.010685497144716692
cd4_BL,2.0,SDAN_16,sciRED_29,1974,21,20,0.6125639713408393,0.01760270200102257
cd4_BL,2.0,SDAN_16,sciRED_30,1974,21,20,0.5743091095189354,0.01323661242056762
cd4_BL,2.0,SDAN_16,sciRED_31,1974,21,20,0.44503582395087005,0.009135497664134722
cd4_BL,2.0,SDAN_16,sciRED_32,1974,21,20,0.405424769703173,0.008536600703387465
cd4_BL,2.0,SDAN_16,sciRED_33,1974,21,20,0.41906345957011254,0.009242994658193296
cd4_BL,2.0,SDAN_16,sciRED_34,1974,21,20,0.4758444216990788,0.010632207990400483
cd4_BL,2.0,SDAN_16,sciRED_35,1974,21,20,0.5360798362333674,0.011058103630910913
cd4_BL,2.0,SDAN_16,sciRED_36,1974,21,20,0.500921187308086,0.011140108597177113
cd4_BL,2.0,SDAN_16,sciRED_37,1974,21,20,0.6141760491299897,0.01504459660233873
cd4_BL,2.0,SDAN_16,sciRED_38,1974,21,20,0.499539406345957,0.016272525519248897
cd4_BL,2.0,SDAN_16,sciRED_39,1974,21,20,0.43346980552712383,0.009429460077849458
cd4_BL,2.0,SDAN_17,sciRED_0,1974,20,19,0.6002961367613406,0.013067202218717926
cd4_BL,2.0,SDAN_17,sciRED_1,1974,20,19,0.47053439224660115,0.008946649295818357
cd4_BL,2.0,SDAN_17,sciRED_2,1974,20,19,0.5592138915062592,0.012405860282021848
cd4_BL,2.0,SDAN_17,sciRED_3,1974,20,19,0.43230582850989363,0.009163372650502443
cd4_BL,2.0,SDAN_17,sciRED_4,1974,20,19,0.528927177278234,0.010694328852207285
cd4_BL,2.0,SDAN_17,sciRED_5,1974,20,19,0.5079014672230449,0.009844114411880947
cd4_BL,2.0,SDAN_17,sciRED_6,1974,20,19,0.5237851662404092,0.011362210706728179
cd4_BL,2.0,SDAN_17,sciRED_7,1974,20,19,0.4716381747206892,0.011467392889648514
cd4_BL,2.0,SDAN_17,sciRED_8,1974,20,19,0.5002826759994615,0.009445330739481882
cd4_BL,2.0,SDAN_17,sciRED_9,1974,20,19,0.44713958810068644,0.010255212772266629
cd4_BL,2.0,SDAN_17,sciRED_10,1974,20,19,0.5374343787858392,0.010416692411100088
cd4_BL,2.0,SDAN_17,sciRED_11,1974,20,19,0.442239870776686,0.009633382432495062
cd4_BL,2.0,SDAN_17,sciRED_12,1974,20,19,0.6285368151837394,0.03548094888798365
cd4_BL,2.0,SDAN_17,sciRED_13,1974,20,19,0.5903351729707902,0.016304246752588562
cd4_BL,2.0,SDAN_17,sciRED_14,1974,20,19,0.577332076995558,0.028725828254434958
cd4_BL,2.0,SDAN_17,sciRED_15,1974,20,19,0.5353883429802127,0.011394578058141546
cd4_BL,2.0,SDAN_17,sciRED_16,1974,20,19,0.5423879391573563,0.012861731843011684
cd4_BL,2.0,SDAN_17,sciRED_17,1974,20,19,0.46622694844528195,0.012269390007006054
cd4_BL,2.0,SDAN_17,sciRED_18,1974,20,19,0.5694440705343923,0.01464256826711669
cd4_BL,2.0,SDAN_17,sciRED_19,1974,20,19,0.6270292098532777,0.016298952817245256
cd4_BL,2.0,SDAN_17,sciRED_20,1974,20,19,0.5478799300040382,0.012590754241436432
cd4_BL,2.0,SDAN_17,sciRED_21,1974,20,19,0.44345133934580694,0.018007335446431984
cd4_BL,2.0,SDAN_17,sciRED_22,1974,20,19,0.5387266119262349,0.012575869073348607
cd4_BL,2.0,SDAN_17,sciRED_23,1974,20,19,0.4868488356440975,0.010314308330755348
cd4_BL,2.0,SDAN_17,sciRED_24,1974,20,19,0.5549333692286984,0.01422508970339871
cd4_BL,2.0,SDAN_17,sciRED_25,1974,20,19,0.5948579889621751,0.015951152436413336
cd4_BL,2.0,SDAN_17,sciRED_26,1974,20,19,0.46232332750033656,0.016927605869323202
cd4_BL,2.0,SDAN_17,sciRED_27,1974,20,19,0.40158836990173646,0.0079032506713199
cd4_BL,2.0,SDAN_17,sciRED_28,1974,20,19,0.43801319154664153,0.01126511203389349
cd4_BL,2.0,SDAN_17,sciRED_29,1974,20,19,0.5175932157760129,0.010440778311748704
cd4_BL,2.0,SDAN_17,sciRED_30,1974,20,19,0.5832009691748553,0.013143926725774528
cd4_BL,2.0,SDAN_17,sciRED_31,1974,20,19,0.5560371517027864,0.019599661413386513
cd4_BL,2.0,SDAN_17,sciRED_32,1974,20,19,0.5087629559833087,0.01218234447680114
cd4_BL,2.0,SDAN_17,sciRED_33,1974,20,19,0.44800107686095025,0.009548723768404023
cd4_BL,2.0,SDAN_17,sciRED_34,1974,20,19,0.3850316327904159,0.008062711068193278
cd4_BL,2.0,SDAN_17,sciRED_35,1974,20,19,0.5604522815991386,0.011728462902731053
cd4_BL,2.0,SDAN_17,sciRED_36,1974,20,19,0.5183200969174855,0.009800225565155724
cd4_BL,2.0,SDAN_17,sciRED_37,1974,20,19,0.5504374747610714,0.021706153536114593
cd4_BL,2.0,SDAN_17,sciRED_38,1974,20,19,0.52101224929331,0.011616528649935138
cd4_BL,2.0,SDAN_17,sciRED_39,1974,20,19,0.4448781801049939,0.012993279095440345
cd4_BL,2.0,SDAN_18,sciRED_0,1974,20,20,0.38395598771750256,0.007989127631625185
cd4_BL,2.0,SDAN_18,sciRED_1,1974,20,20,0.5685261003070624,0.014269868645189403
cd4_BL,2.0,SDAN_18,sciRED_2,1974,20,20,0.46353633572159675,0.010520260593295708
cd4_BL,2.0,SDAN_18,sciRED_3,1974,20,20,0.4800665301944729,0.0102740712016436
cd4_BL,2.0,SDAN_18,sciRED_4,1974,20,20,0.4963920163766633,0.01022631146908016
cd4_BL,2.0,SDAN_18,sciRED_5,1974,20,20,0.5447799385875127,0.011103542362385619
cd4_BL,2.0,SDAN_18,sciRED_6,1974,20,20,0.543193449334698,0.01696723882425942
cd4_BL,2.0,SDAN_18,sciRED_7,1974,20,20,0.5439611054247697,0.014000273526150245
cd4_BL,2.0,SDAN_18,sciRED_8,1974,20,20,0.45504094165813713,0.01047732462607022
cd4_BL,2.0,SDAN_18,sciRED_9,1974,20,20,0.37801944728761516,0.008184835874201409
cd4_BL,2.0,SDAN_18,sciRED_10,1974,20,20,0.4632804503582395,0.009430445705417808
cd4_BL,2.0,SDAN_18,sciRED_11,1974,20,20,0.4121801432958035,0.008428219072214735
cd4_BL,2.0,SDAN_18,sciRED_12,1974,20,20,0.6011514841351075,0.020850004806830986
cd4_BL,2.0,SDAN_18,sciRED_13,1974,20,20,0.46156601842374617,0.010680581600471306
cd4_BL,2.0,SDAN_18,sciRED_14,1974,20,20,0.5250767656090072,0.011442684438821932
cd4_BL,2.0,SDAN_18,sciRED_15,1974,20,20,0.4098771750255885,0.008591294656749748
cd4_BL,2.0,SDAN_18,sciRED_16,1974,20,20,0.4914534288638689,0.010788325731736425
cd4_BL,2.0,SDAN_18,sciRED_17,1974,20,20,0.36890992835209824,0.008138382919016677
cd4_BL,2.0,SDAN_18,sciRED_18,1974,20,20,0.47001023541453435,0.012308230103061488
cd4_BL,2.0,SDAN_18,sciRED_19,1974,20,20,0.42722620266120775,0.010702358163997814
cd4_BL,2.0,SDAN_18,sciRED_20,1974,20,20,0.43505629477993857,0.012967045769409715
cd4_BL,2.0,SDAN_18,sciRED_21,1974,20,20,0.5528659160696008,0.015199107059698935
cd4_BL,2.0,SDAN_18,sciRED_22,1974,20,20,0.45885363357215964,0.017786080182479666
cd4_BL,2.0,SDAN_18,sciRED_23,1974,20,20,0.502942681678608,0.011785738168300985
cd4_BL,2.0,SDAN_18,sciRED_24,1974,20,20,0.6533520982599795,0.028541641529900644
cd4_BL,2.0,SDAN_18,sciRED_25,1974,20,20,0.36251279426816785,0.010271787300569574
cd4_BL,2.0,SDAN_18,sciRED_26,1974,20,20,0.392093142272262,0.008218568892493706
cd4_BL,2.0,SDAN_18,sciRED_27,1974,20,20,0.4962384851586489,0.011199261321113376
cd4_BL,2.0,SDAN_18,sciRED_28,1974,20,20,0.5876663254861821,0.012790465643344582
cd4_BL,2.0,SDAN_18,sciRED_29,1974,20,20,0.5141248720573184,0.01856273240873007
cd4_BL,2.0,SDAN_18,sciRED_30,1974,20,20,0.4190890481064483,0.011827083498387838
cd4_BL,2.0,SDAN_18,sciRED_31,1974,20,20,0.43006653019447294,0.009212066457882681
cd4_BL,2.0,SDAN_18,sciRED_32,1974,20,20,0.5230808597748209,0.011441059107024438
cd4_BL,2.0,SDAN_18,sciRED_33,1974,20,20,0.437128966223132,0.00866887158891506
cd4_BL,2.0,SDAN_18,sciRED_34,1974,20,20,0.458828045035824,0.00986303933388573
cd4_BL,2.0,SDAN_18,sciRED_35,1974,20,20,0.606525076765609,0.014987831277196911
cd4_BL,2.0,SDAN_18,sciRED_36,1974,20,20,0.5421187308085977,0.014582383145073412
cd4_BL,2.0,SDAN_18,sciRED_37,1974,20,20,0.5821647901740021,0.01829664987482383
cd4_BL,2.0,SDAN_18,sciRED_38,1974,20,20,0.5342374616171955,0.03718104376634565
cd4_BL,2.0,SDAN_18,sciRED_39,1974,20,20,0.558546571136131,0.015175368883937071
cd4_BL,2.0,SDAN_19,sciRED_0,1974,20,20,0.36617195496417604,0.007662302823566074
cd4_BL,2.0,SDAN_19,sciRED_1,1974,20,20,0.5792221084953941,0.014704123792711249
cd4_BL,2.0,SDAN_19,sciRED_2,1974,20,20,0.45429887410440123,0.010425021837324602
cd4_BL,2.0,SDAN_19,sciRED_3,1974,20,20,0.4204452405322415,0.008462464722779065
cd4_BL,2.0,SDAN_19,sciRED_4,1974,20,20,0.41780962128966226,0.008840187614923741
cd4_BL,2.0,SDAN_19,sciRED_5,1974,20,20,0.42200614124872055,0.009686022435814037
cd4_BL,2.0,SDAN_19,sciRED_6,1974,20,20,0.4731320368474923,0.010247300382108422
cd4_BL,2.0,SDAN_19,sciRED_7,1974,20,20,0.46502047082906856,0.009729083184388487
cd4_BL,2.0,SDAN_19,sciRED_8,1974,20,20,0.471136131013306,0.012180325811497687
cd4_BL,2.0,SDAN_19,sciRED_9,1974,20,20,0.5485158648925281,0.011397278130749772
cd4_BL,2.0,SDAN_19,sciRED_10,1974,20,20,0.3969293756397134,0.010522773120833719
cd4_BL,2.0,SDAN_19,sciRED_11,1974,20,20,0.5059877175025589,0.009962741299027796
cd4_BL,2.0,SDAN_19,sciRED_12,1974,20,20,0.5718526100307063,0.013918864598764496
cd4_BL,2.0,SDAN_19,sciRED_13,1974,20,20,0.4193449334698055,0.009574657798901804
cd4_BL,2.0,SDAN_19,sciRED_14,1974,20,20,0.48336745138178094,0.009951765345101985
cd4_BL,2.0,SDAN_19,sciRED_15,1974,20,20,0.4655578300921187,0.010173427174730038
cd4_BL,2.0,SDAN_19,sciRED_16,1974,20,20,0.5025588536335721,0.011075787482963792
cd4_BL,2.0,SDAN_19,sciRED_17,1974,20,20,0.45432446264073695,0.010752182060132433
cd4_BL,2.0,SDAN_19,sciRED_18,1974,20,20,0.46821903787103375,0.011054425830106244
cd4_BL,2.0,SDAN_19,sciRED_19,1974,20,20,0.4667860798362333,0.009699345615580095
cd4_BL,2.0,SDAN_19,sciRED_20,1974,20,20,0.554682702149437,0.01150780497149503
cd4_BL,2.0,SDAN_19,sciRED_21,1974,20,20,0.45665301944728764,0.009200504449647193
cd4_BL,2.0,SDAN_19,sciRED_22,1974,20,20,0.4109518935516888,0.009378605456933304
cd4_BL,2.0,SDAN_19,sciRED_23,1974,20,20,0.5224923234390992,0.013947213041960003
cd4_BL,2.0,SDAN_19,sciRED_24,1974,20,20,0.5364892528147389,0.011307837053312108
cd4_BL,2.0,SDAN_19,sciRED_25,1974,20,20,0.4146366427840327,0.008618167105131781
cd4_BL,2.0,SDAN_19,sciRED_26,1974,20,20,0.44439611054247696,0.009261797263815744
cd4_BL,2.0,SDAN_19,sciRED_27,1974,20,20,0.5502302968270214,0.014901508647059936
cd4_BL,2.0,SDAN_19,sciRED_28,1974,20,20,0.5315762538382804,0.01276574908869393
cd4_BL,2.0,SDAN_19,sciRED_29,1974,20,20,0.4849539406345957,0.011024168470354432
cd4_BL,2.0,SDAN_19,sciRED_30,1974,20,20,0.4467246673490276,0.008933332093664327
cd4_BL,2.0,SDAN_19,sciRED_31,1974,20,20,0.5990788126919141,0.013341650315438602
cd4_BL,2.0,SDAN_19,sciRED_32,1974,20,20,0.4078045035823951,0.008522449732643204
cd4_BL,2.0,SDAN_19,sciRED_33,1974,20,20,0.48283009211873085,0.010300754941194082
cd4_BL,2.0,SDAN_19,sciRED_34,1974,20,20,0.634288638689867,0.020792077726054847
cd4_BL,2.0,SDAN_19,sciRED_35,1974,20,20,0.48544012282497445,0.009684884554070544
cd4_BL,2.0,SDAN_19,sciRED_36,1974,20,20,0.4692937563971341,0.009877333822138526
cd4_BL,2.0,SDAN_19,sciRED_37,1974,20,20,0.4466734902763562,0.009033439174772881
cd4_BL,2.0,SDAN_19,sciRED_38,1974,20,20,0.5366427840327533,0.015040460587672725
cd4_BL,2.0,SDAN_19,sciRED_39,1974,20,20,0.603403275332651,0.019639876097702902
cd4_BL,2.0,SDAN_20,sciRED_0,1974,20,20,0.4356704196519959,0.008653685328203296
cd4_BL,2.0,SDAN_20,sciRED_1,1974,20,20,0.40657625383828044,0.008414432096491804
cd4_BL,2.0,SDAN_20,sciRED_2,1974,20,20,0.5549129989764585,0.015493900955529497
cd4_BL,2.0,SDAN_20,sciRED_3,1974,20,20,0.4519191402251791,0.010137391411706912
cd4_BL,2.0,SDAN_20,sciRED_4,1974,20,20,0.36839815762538386,0.008007612055310639
cd4_BL,2.0,SDAN_20,sciRED_5,1974,20,20,0.4135619242579324,0.009324285211220263
cd4_BL,2.0,SDAN_20,sciRED_6,1974,20,20,0.44403787103377684,0.010428292201174857
cd4_BL,2.0,SDAN_20,sciRED_7,1974,20,20,0.501663254861822,0.010754077844944674
cd4_BL,2.0,SDAN_20,sciRED_8,1974,20,20,0.4955220061412487,0.010759897685878223
cd4_BL,2.0,SDAN_20,sciRED_9,1974,20,20,0.5182190378710337,0.013884762891327382
cd4_BL,2.0,SDAN_20,sciRED_10,1974,20,20,0.3653787103377687,0.007879281449323528
cd4_BL,2.0,SDAN_20,sciRED_11,1974,20,20,0.39946264073694987,0.008090872842746639
cd4_BL,2.0,SDAN_20,sciRED_12,1974,20,20,0.5773029682702149,0.012245263798383517
cd4_BL,2.0,SDAN_20,sciRED_13,1974,20,20,0.462231320368475,0.017718372645215842
cd4_BL,2.0,SDAN_20,sciRED_14,1974,20,20,0.45452917093142275,0.01055941134115301
cd4_BL,2.0,SDAN_20,sciRED_15,1974,20,20,0.4957011258955988,0.01034686568814895
cd4_BL,2.0,SDAN_20,sciRED_16,1974,20,20,0.45156090071647903,0.009482106157665121
cd4_BL,2.0,SDAN_20,sciRED_17,1974,20,20,0.5307574206755374,0.01100994626058971
cd4_BL,2.0,SDAN_20,sciRED_18,1974,20,20,0.4796315250767656,0.011251128953152074
cd4_BL,2.0,SDAN_20,sciRED_19,1974,20,20,0.4334186284544524,0.011156186955052896
cd4_BL,2.0,SDAN_20,sciRED_20,1974,20,20,0.4468526100307062,0.009184030203706641
cd4_BL,2.0,SDAN_20,sciRED_21,1974,20,20,0.4683469805527124,0.009951836897909443
cd4_BL,2.0,SDAN_20,sciRED_22,1974,20,20,0.4395854657113613,0.008969902085400869
cd4_BL,2.0,SDAN_20,sciRED_23,1974,20,20,0.6094933469805528,0.015818086580034644
cd4_BL,2.0,SDAN_20,sciRED_24,1974,20,20,0.33884339815762543,0.0074171001703065955
cd4_BL,2.0,SDAN_20,sciRED_25,1974,20,20,0.48170419651995905,0.01003886029803697
cd4_BL,2.0,SDAN_20,sciRED_26,1974,20,20,0.4687308085977482,0.009463709338808442
cd4_BL,2.0,SDAN_20,sciRED_27,1974,20,20,0.42246673490276354,0.009093132011189798
cd4_BL,2.0,SDAN_20,sciRED_28,1974,20,20,0.4137154554759468,0.008992215410258042
cd4_BL,2.0,SDAN_20,sciRED_29,1974,20,20,0.3817809621289663,0.008860473091753595
cd4_BL,2.0,SDAN_20,sciRED_30,1974,20,20,0.47285056294779937,0.010759818110369315
cd4_BL,2.0,SDAN_20,sciRED_31,1974,20,20,0.4976202661207779,0.010764382004277196
cd4_BL,2.0,SDAN_20,sciRED_32,1974,20,20,0.47223643807574206,0.010253759179035305
cd4_BL,2.0,SDAN_20,sciRED_33,1974,20,20,0.46839815762538384,0.011036801644999181
cd4_BL,2.0,SDAN_20,sciRED_34,1974,20,20,0.6183469805527124,0.015261242055180866
cd4_BL,2.0,SDAN_20,sciRED_35,1974,20,20,0.5214687819856704,0.012306106385427777
cd4_BL,2.0,SDAN_20,sciRED_36,1974,20,20,0.4797850562947799,0.014828908526200814
cd4_BL,2.0,SDAN_20,sciRED_37,1974,20,20,0.5589815762538383,0.013873749930259673
cd4_BL,2.0,SDAN_20,sciRED_38,1974,20,20,0.560849539406346,0.021024453344074663
cd4_BL,2.0,SDAN_20,sciRED_39,1974,20,20,0.5354912998976459,0.012569118695194295
cd4_BL,2.0,SDAN_21,sciRED_0,1974,19,19,0.41779512720419976,0.009321596033928046
cd4_BL,2.0,SDAN_21,sciRED_1,1974,19,19,0.43766321173778433,0.008983547140141527
cd4_BL,2.0,SDAN_21,sciRED_2,1974,19,19,0.4722573697671288,0.009412268460792355
cd4_BL,2.0,SDAN_21,sciRED_3,1974,19,19,0.33740745726208105,0.006997284802587642
cd4_BL,2.0,SDAN_21,sciRED_4,1974,19,19,0.5182931753937272,0.011509234857806708
cd4_BL,2.0,SDAN_21,sciRED_5,1974,19,19,0.5902274868757571,0.0269594346076287
cd4_BL,2.0,SDAN_21,sciRED_6,1974,19,19,0.47726477318616223,0.012568313486511492
cd4_BL,2.0,SDAN_21,sciRED_7,1974,19,19,0.5198277022479473,0.014995416835376621
cd4_BL,2.0,SDAN_21,sciRED_8,1974,19,19,0.44643962848297214,0.008931842277141801
cd4_BL,2.0,SDAN_21,sciRED_9,1974,19,19,0.39749629829048316,0.007920130722025723
cd4_BL,2.0,SDAN_21,sciRED_10,1974,19,19,0.44229371382420246,0.008825824099795977
cd4_BL,2.0,SDAN_21,sciRED_11,1974,19,19,0.418925831202046,0.008040515015465127
cd4_BL,2.0,SDAN_21,sciRED_12,1974,19,19,0.4874949522142953,0.010337902259071444
cd4_BL,2.0,SDAN_21,sciRED_13,1974,19,19,0.40080764571274735,0.007777475501985246
cd4_BL,2.0,SDAN_21,sciRED_14,1974,19,19,0.46178489702517167,0.009592475571615073
cd4_BL,2.0,SDAN_21,sciRED_15,1974,19,19,0.4685691210122493,0.010587644540240188
cd4_BL,2.0,SDAN_21,sciRED_16,1974,19,19,0.2917216314443397,0.006516009950657446
cd4_BL,2.0,SDAN_21,sciRED_17,1974,19,19,0.33611522412168526,0.007170991091511806
cd4_BL,2.0,SDAN_21,sciRED_18,1974,19,19,0.5325346614618387,0.01042590845719229
cd4_BL,2.0,SDAN_21,sciRED_19,1974,19,19,0.5204199757706286,0.013584579421919749
cd4_BL,2.0,SDAN_21,sciRED_20,1974,19,19,0.6172566967290348,0.017727360596335173
cd4_BL,2.0,SDAN_21,sciRED_21,1974,19,19,0.534876834028806,0.012835758697634649
cd4_BL,2.0,SDAN_21,sciRED_22,1974,19,19,0.5636828644501279,0.014882644763577091
cd4_BL,2.0,SDAN_21,sciRED_23,1974,19,19,0.6691883160586889,0.07358308813557057
cd4_BL,2.0,SDAN_21,sciRED_24,1974,19,19,0.4824067842239871,0.00976692247265289
cd4_BL,2.0,SDAN_21,sciRED_25,1974,19,19,0.41569524835105665,0.008337839375050412
cd4_BL,2.0,SDAN_21,sciRED_26,1974,19,19,0.5064207834163414,0.012234551812761374
cd4_BL,2.0,SDAN_21,sciRED_27,1974,19,19,0.5448108762955983,0.011059993029625452
cd4_BL,2.0,SDAN_21,sciRED_28,1974,19,19,0.4065150087494952,0.008305232339035188
cd4_BL,2.0,SDAN_21,sciRED_29,1974,19,19,0.43249427917620137,0.00865482827408965
cd4_BL,2.0,SDAN_21,sciRED_30,1974,19,19,0.4904024767801857,0.010813757240007667
cd4_BL,2.0,SDAN_21,sciRED_31,1974,19,19,0.4849374074572621,0.009456714108790829
cd4_BL,2.0,SDAN_21,sciRED_32,1974,19,19,0.5937003634405706,0.016069848417023885
cd4_BL,2.0,SDAN_21,sciRED_33,1974,19,19,0.4063265580831875,0.007968317447563954
cd4_BL,2.0,SDAN_21,sciRED_34,1974,19,19,0.46294252254677615,0.010066969507669294
cd4_BL,2.0,SDAN_21,sciRED_35,1974,19,19,0.41219545026248483,0.009965174485518525
cd4_BL,2.0,SDAN_21,sciRED_36,1974,19,19,0.6082918293175393,0.0152240416885315
cd4_BL,2.0,SDAN_21,sciRED_37,1974,19,19,0.6100686498855835,0.01879224043632663
cd4_BL,2.0,SDAN_21,sciRED_38,1974,19,19,0.4831605868892179,0.01258100771984181
cd4_BL,2.0,SDAN_21,sciRED_39,1974,19,19,0.5326154260331135,0.012030998298191563
cd4_BL,2.0,SDAN_22,sciRED_0,1974,20,20,0.6337512794268169,0.022342121540515382
cd4_BL,2.0,SDAN_22,sciRED_1,1974,20,20,0.4579324462640737,0.009346760556297032
cd4_BL,2.0,SDAN_22,sciRED_2,1974,20,20,0.5346212896622313,0.011561858625736283
cd4_BL,2.0,SDAN_22,sciRED_3,1974,20,20,0.4940890481064483,0.01030684976107521
cd4_BL,2.0,SDAN_22,sciRED_4,1974,20,20,0.4960849539406346,0.010752568771645831
cd4_BL,2.0,SDAN_22,sciRED_5,1974,20,20,0.6310644831115659,0.01909958968295966
cd4_BL,2.0,SDAN_22,sciRED_6,1974,20,20,0.48856192425793243,0.010820017739174527
cd4_BL,2.0,SDAN_22,sciRED_7,1974,20,20,0.5480552712384852,0.012757896205568692
cd4_BL,2.0,SDAN_22,sciRED_8,1974,20,20,0.5895854657113613,0.022419860488572405
cd4_BL,2.0,SDAN_22,sciRED_9,1974,20,20,0.34045547594677583,0.007378419519152973
cd4_BL,2.0,SDAN_22,sciRED_10,1974,20,20,0.579042988741044,0.012913816593821953
cd4_BL,2.0,SDAN_22,sciRED_11,1974,20,20,0.48781985670419653,0.01277553114740641
cd4_BL,2.0,SDAN_22,sciRED_12,1974,20,20,0.5500511770726715,0.029235407997990924
cd4_BL,2.0,SDAN_22,sciRED_13,1974,20,20,0.5478249744114636,0.011504442523675393
cd4_BL,2.0,SDAN_22,sciRED_14,1974,20,20,0.5877942681678607,0.01298018989507325
cd4_BL,2.0,SDAN_22,sciRED_15,1974,20,20,0.49390992835209824,0.013794288536493175
cd4_BL,2.0,SDAN_22,sciRED_16,1974,20,20,0.5396366427840328,0.012119882357285242
cd4_BL,2.0,SDAN_22,sciRED_17,1974,20,20,0.37569089048106447,0.00833322140645886
cd4_BL,2.0,SDAN_22,sciRED_18,1974,20,20,0.6005885363357215,0.017738200432506596
cd4_BL,2.0,SDAN_22,sciRED_19,1974,20,20,0.6150204708290685,0.021124812110315916
cd4_BL,2.0,SDAN_22,sciRED_20,1974,20,20,0.5183213920163766,0.011845327574248176
cd4_BL,2.0,SDAN_22,sciRED_21,1974,20,20,0.5960849539406347,0.014203468009290284
cd4_BL,2.0,SDAN_22,sciRED_22,1974,20,20,0.530783009211873,0.011775641828161324
cd4_BL,2.0,SDAN_22,sciRED_23,1974,20,20,0.5858239508700102,0.015622722350256024
cd4_BL,2.0,SDAN_22,sciRED_24,1974,20,20,0.5190634595701126,0.010665624963975287
cd4_BL,2.0,SDAN_22,sciRED_25,1974,20,20,0.4685005117707267,0.009490141734987505
cd4_BL,2.0,SDAN_22,sciRED_26,1974,20,20,0.4687308085977482,0.009361414110591878
cd4_BL,2.0,SDAN_22,sciRED_27,1974,20,20,0.5881780962128966,0.013219511193514383
cd4_BL,2.0,SDAN_22,sciRED_28,1974,20,20,0.5493858751279427,0.018444039967679956
cd4_BL,2.0,SDAN_22,sciRED_29,1974,20,20,0.5396878198567042,0.014097299517813508
cd4_BL,2.0,SDAN_22,sciRED_30,1974,20,20,0.504503582395087,0.011303767275183032
cd4_BL,2.0,SDAN_22,sciRED_31,1974,20,20,0.5892528147389969,0.02155008073923073
cd4_BL,2.0,SDAN_22,sciRED_32,1974,20,20,0.5118986693961105,0.01187217390012447
cd4_BL,2.0,SDAN_22,sciRED_33,1974,20,20,0.546417604912999,0.012432051843023748
cd4_BL,2.0,SDAN_22,sciRED_34,1974,20,20,0.45207267144319346,0.009253187542206661
cd4_BL,2.0,SDAN_22,sciRED_35,1974,20,20,0.5448822927328557,0.015686746936626843
cd4_BL,2.0,SDAN_22,sciRED_36,1974,20,20,0.5461873080859775,0.018187601178806884
cd4_BL,2.0,SDAN_22,sciRED_37,1974,20,20,0.49833674513817805,0.032651201835785376
cd4_BL,2.0,SDAN_22,sciRED_38,1974,20,20,0.5862589559877174,0.017760795800521863
cd4_BL,2.0,SDAN_22,sciRED_39,1974,20,20,0.49365404298874105,0.011697548749519119
cd4_BL,2.0,SDAN_23,sciRED_0,1974,20,20,0.7467502558853634,0.023895424684159353
cd4_BL,2.0,SDAN_23,sciRED_1,1974,20,20,0.5052456499488229,0.011491544507799507
cd4_BL,2.0,SDAN_23,sciRED_2,1974,20,20,0.48815250767656093,0.016227827898025432
cd4_BL,2.0,SDAN_23,sciRED_3,1974,20,20,0.5397901740020471,0.026130662303084855
cd4_BL,2.0,SDAN_23,sciRED_4,1974,20,20,0.4869754350051177,0.014309120231559207
cd4_BL,2.0,SDAN_23,sciRED_5,1974,20,20,0.6762794268167861,0.025580034430193938
cd4_BL,2.0,SDAN_23,sciRED_6,1974,20,20,0.5588024564994882,0.014942498550388744
cd4_BL,2.0,SDAN_23,sciRED_7,1974,20,20,0.577021494370522,0.01929688198641291
cd4_BL,2.0,SDAN_23,sciRED_8,1974,20,20,0.498259979529171,0.016506133215309374
cd4_BL,2.0,SDAN_23,sciRED_9,1974,20,20,0.5425793244626407,0.01404569539012078
cd4_BL,2.0,SDAN_23,sciRED_10,1974,20,20,0.39864380757420675,0.008218376803177429
cd4_BL,2.0,SDAN_23,sciRED_11,1974,20,20,0.5302456499488228,0.013101808563001615
cd4_BL,2.0,SDAN_23,sciRED_12,1974,20,20,0.5631780962128966,0.01825241337411909
cd4_BL,2.0,SDAN_23,sciRED_13,1974,20,20,0.5936028659160696,0.026161723365743496
cd4_BL,2.0,SDAN_23,sciRED_14,1974,20,20,0.48139713408393037,0.013173559735921126
cd4_BL,2.0,SDAN_23,sciRED_15,1974,20,20,0.5308085977482089,0.016818372397364396
cd4_BL,2.0,SDAN_23,sciRED_16,1974,20,20,0.6053735926305015,0.016534779305461586
cd4_BL,2.0,SDAN_23,sciRED_17,1974,20,20,0.5177328556806551,0.04044439622655297
cd4_BL,2.0,SDAN_23,sciRED_18,1974,20,20,0.5122824974411464,0.011855545855696738
cd4_BL,2.0,SDAN_23,sciRED_19,1974,20,20,0.5215455475946775,0.01705243964872388
cd4_BL,2.0,SDAN_23,sciRED_20,1974,20,20,0.5769447287615148,0.013784600341162929
cd4_BL,2.0,SDAN_23,sciRED_21,1974,20,20,0.6397134083930399,0.01835868611080382
cd4_BL,2.0,SDAN_23,sciRED_22,1974,20,20,0.6760491299897646,0.04216438372044166
cd4_BL,2.0,SDAN_23,sciRED_23,1974,20,20,0.4987717502558854,0.012427813567282002
cd4_BL,2.0,SDAN_23,sciRED_24,1974,20,20,0.7430910951893552,0.07163848185798766
cd4_BL,2.0,SDAN_23,sciRED_25,1974,20,20,0.6112589559877175,0.020312194375529117
cd4_BL,2.0,SDAN_23,sciRED_26,1974,20,20,0.39777379733879226,0.008556550818952253
cd4_BL,2.0,SDAN_23,sciRED_27,1974,20,20,0.6132804503582394,0.026515065940081965
cd4_BL,2.0,SDAN_23,sciRED_28,1974,20,20,0.5833930399181166,0.017288124342848307
cd4_BL,2.0,SDAN_23,sciRED_29,1974,20,20,0.681166837256909,0.041704380274005116
cd4_BL,2.0,SDAN_23,sciRED_30,1974,20,20,0.5124616171954964,0.012101892636917605
cd4_BL,2.0,SDAN_23,sciRED_31,1974,20,20,0.4633828045035824,0.014687581342501319
cd4_BL,2.0,SDAN_23,sciRED_32,1974,20,20,0.4574974411463664,0.013988359342818172
cd4_BL,2.0,SDAN_23,sciRED_33,1974,20,20,0.45951893551688844,0.009127763560452685
cd4_BL,2.0,SDAN_23,sciRED_34,1974,20,20,0.4730296827021494,0.009940001891409743
cd4_BL,2.0,SDAN_23,sciRED_35,1974,20,20,0.5511003070624361,0.013883214313843505
cd4_BL,2.0,SDAN_23,sciRED_36,1974,20,20,0.500742067553736,0.010794163601875233
cd4_BL,2.0,SDAN_23,sciRED_37,1974,20,20,0.5191146366427841,0.06151808761161031
cd4_BL,2.0,SDAN_23,sciRED_38,1974,20,20,0.5569600818833162,0.01237726806386701
cd4_BL,2.0,SDAN_23,sciRED_39,1974,20,20,0.5278147389969294,0.012359296700374733
cd4_BL,2.0,SDAN_24,sciRED_0,1974,19,18,0.6720063621904113,0.015762457349799777
cd4_BL,2.0,SDAN_24,sciRED_1,1974,19,18,0.5271529197909566,0.01029421210158123
cd4_BL,2.0,SDAN_24,sciRED_2,1974,19,18,0.5624005907748238,0.010043227421483222
cd4_BL,2.0,SDAN_24,sciRED_3,1974,19,18,0.46716655305612365,0.008672661436139591
cd4_BL,2.0,SDAN_24,sciRED_4,1974,19,18,0.6370711201999546,0.036118233306966764
cd4_BL,2.0,SDAN_24,sciRED_5,1974,19,18,0.5547886843899115,0.02666110507659065
cd4_BL,2.0,SDAN_24,sciRED_6,1974,19,18,0.5165019313792321,0.01626536745596514
cd4_BL,2.0,SDAN_24,sciRED_7,1974,19,18,0.5626562144967053,0.029422880715372825
cd4_BL,2.0,SDAN_24,sciRED_8,1974,19,18,0.5556975687343786,0.01168768619044073
cd4_BL,2.0,SDAN_24,sciRED_9,1974,19,18,0.5267836855260167,0.009938133070730451
cd4_BL,2.0,SDAN_24,sciRED_10,1974,19,18,0.5007952738014088,0.011126691004677737
cd4_BL,2.0,SDAN_24,sciRED_11,1974,19,18,0.5556975687343785,0.08187338732277191
cd4_BL,2.0,SDAN_24,sciRED_12,1974,19,18,0.5787605089752329,0.012152217098435192
cd4_BL,2.0,SDAN_24,sciRED_13,1974,19,18,0.4999147920927062,0.00946930349219145
cd4_BL,2.0,SDAN_24,sciRED_14,1974,19,18,0.49037150647580097,0.009834800868648129
cd4_BL,2.0,SDAN_24,sciRED_15,1974,19,18,0.5852647125653261,0.0295470507965028
cd4_BL,2.0,SDAN_24,sciRED_16,1974,19,18,0.5203362872074528,0.010389509886055172
cd4_BL,2.0,SDAN_24,sciRED_17,1974,19,18,0.5377187002953874,0.01220481353620235
cd4_BL,2.0,SDAN_24,sciRED_18,1974,19,18,0.5839581913201545,0.013827952747766322
cd4_BL,2.0,SDAN_24,sciRED_19,1974,19,18,0.5807202908429902,0.011126587323024944
cd4_BL,2.0,SDAN_24,sciRED_20,1974,19,18,0.6525221540558964,0.036494587701859725
cd4_BL,2.0,SDAN_24,sciRED_21,1974,19,18,0.5806350829356964,0.016804787760678855
cd4_BL,2.0,SDAN_24,sciRED_22,1974,19,18,0.44330833901386046,0.01779000128310811
cd4_BL,2.0,SDAN_24,sciRED_23,1974,19,18,0.5713758236764372,0.020960949873427732
cd4_BL,2.0,SDAN_24,sciRED_24,1974,19,18,0.5296807543740059,0.012727144747756531
cd4_BL,2.0,SDAN_24,sciRED_25,1974,19,18,0.6532038173142468,0.03784650888676541
cd4_BL,2.0,SDAN_24,sciRED_26,1974,19,18,0.5243694614860259,0.01481151387900336
cd4_BL,2.0,SDAN_24,sciRED_27,1974,19,18,0.5261872301749602,0.009512554804931985
cd4_BL,2.0,SDAN_24,sciRED_28,1974,19,18,0.47636900704385365,0.013335081499722266
cd4_BL,2.0,SDAN_24,sciRED_29,1974,19,18,0.3700579413769598,0.007000129236075791
cd4_BL,2.0,SDAN_24,sciRED_30,1974,19,18,0.5871960917973188,0.01759563130460658
cd4_BL,2.0,SDAN_24,sciRED_31,1974,19,18,0.5019597818677572,0.010984144599376688
cd4_BL,2.0,SDAN_24,sciRED_32,1974,19,18,0.5132640309020677,0.011152210793420436
cd4_BL,2.0,SDAN_24,sciRED_33,1974,19,18,0.5631958645762327,0.021514856992266712
cd4_BL,2.0,SDAN_24,sciRED_34,1974,19,18,0.46015110202226767,0.008937701114819854
cd4_BL,2.0,SDAN_24,sciRED_35,1974,19,18,0.5973358327652806,0.06905145880826535
cd4_BL,2.0,SDAN_24,sciRED_36,1974,19,18,0.655873665076119,0.020249010671559393
cd4_BL,2.0,SDAN_24,sciRED_37,1974,19,18,0.478044762553965,0.009517806733773764
cd4_BL,2.0,SDAN_24,sciRED_38,1974,19,18,0.4662292660758919,0.009018518155935696
cd4_BL,2.0,SDAN_24,sciRED_39,1974,19,18,0.4591854124062713,0.009986719550361794
cd4_BL,2.0,SDAN_25,sciRED_0,1974,19,19,0.5943734015345268,0.019406094345813387
cd4_BL,2.0,SDAN_25,sciRED_1,1974,19,19,0.41652981558756225,0.008458994189614773
cd4_BL,2.0,SDAN_25,sciRED_2,1974,19,19,0.42498317404765107,0.008398491790998372
cd4_BL,2.0,SDAN_25,sciRED_3,1974,19,19,0.5381612599273118,0.011110673816103577
cd4_BL,2.0,SDAN_25,sciRED_4,1974,19,19,0.3872661192623502,0.00947022876681107
cd4_BL,2.0,SDAN_25,sciRED_5,1974,19,19,0.5913043478260869,0.014961468645318748
cd4_BL,2.0,SDAN_25,sciRED_6,1974,19,19,0.50935522950599,0.010018270210191055
cd4_BL,2.0,SDAN_25,sciRED_7,1974,19,19,0.4279983847085745,0.008673992576343144
cd4_BL,2.0,SDAN_25,sciRED_8,1974,19,19,0.4681922196796338,0.015179285853434716
cd4_BL,2.0,SDAN_25,sciRED_9,1974,19,19,0.3833086552698883,0.00765059880498426
cd4_BL,2.0,SDAN_25,sciRED_10,1974,19,19,0.5265580831875084,0.012842841779221185
cd4_BL,2.0,SDAN_25,sciRED_11,1974,19,19,0.5755283349037557,0.014271960480401143
cd4_BL,2.0,SDAN_25,sciRED_12,1974,19,19,0.5682864450127878,0.03028338410726247
cd4_BL,2.0,SDAN_25,sciRED_13,1974,19,19,0.5342576389823663,0.010521081707304803
cd4_BL,2.0,SDAN_25,sciRED_14,1974,19,19,0.43343653250773995,0.008411600015619086
cd4_BL,2.0,SDAN_25,sciRED_15,1974,19,19,0.6040920716112531,0.02142614088816443
cd4_BL,2.0,SDAN_25,sciRED_16,1974,19,19,0.50076726342711,0.009879559012130432
cd4_BL,2.0,SDAN_25,sciRED_17,1974,19,19,0.5111051285502759,0.015420326114737178
cd4_BL,2.0,SDAN_25,sciRED_18,1974,19,19,0.5996500201911428,0.012866503584290038
cd4_BL,2.0,SDAN_25,sciRED_19,1974,19,19,0.3865123165971194,0.009098549509112035
cd4_BL,2.0,SDAN_25,sciRED_20,1974,19,19,0.5726477318616234,0.013658007249095933
cd4_BL,2.0,SDAN_25,sciRED_21,1974,19,19,0.3917350922062189,0.009256868210662243
cd4_BL,2.0,SDAN_25,sciRED_22,1974,19,19,0.5238120877641675,0.012175245873925895
cd4_BL,2.0,SDAN_25,sciRED_23,1974,19,19,0.5721362229102167,0.011948584824761316
cd4_BL,2.0,SDAN_25,sciRED_24,1974,19,19,0.5707363036747879,0.019328103305657256
cd4_BL,2.0,SDAN_25,sciRED_25,1974,19,19,0.5898236640193835,0.012550861768375093
cd4_BL,2.0,SDAN_25,sciRED_26,1974,19,19,0.5171086283483645,0.011338361366086416
cd4_BL,2.0,SDAN_25,sciRED_27,1974,19,19,0.542361017633598,0.015765643502695336
cd4_BL,2.0,SDAN_25,sciRED_28,1974,19,19,0.48902947906851524,0.014767431618039546
cd4_BL,2.0,SDAN_25,sciRED_29,1974,19,19,0.596150222102571,0.011841972570476193
cd4_BL,2.0,SDAN_25,sciRED_30,1974,19,19,0.6398438551622022,0.015110489053520679
cd4_BL,2.0,SDAN_25,sciRED_31,1974,19,19,0.6037690133261542,0.012348211124802931
cd4_BL,2.0,SDAN_25,sciRED_32,1974,19,19,0.48526046574236104,0.009146106204264945
cd4_BL,2.0,SDAN_25,sciRED_33,1974,19,19,0.4131646251177817,0.008616217095017094
cd4_BL,2.0,SDAN_25,sciRED_34,1974,19,19,0.4894871449724054,0.017443871485018032
cd4_BL,2.0,SDAN_25,sciRED_35,1974,19,19,0.5981962579081976,0.014408389793290916
cd4_BL,2.0,SDAN_25,sciRED_36,1974,19,19,0.5097590523623636,0.017096789945555697
cd4_BL,2.0,SDAN_25,sciRED_37,1974,19,19,0.5328577197469376,0.013774097539028599
cd4_BL,2.0,SDAN_25,sciRED_38,1974,19,19,0.43747476107147665,0.008221336623223217
cd4_BL,2.0,SDAN_25,sciRED_39,1974,19,19,0.5984923946695383,0.016773418998337973
cd4_BL,2.0,SDAN_26,sciRED_0,1974,22,22,0.40599385245901637,0.009005183731826193
cd4_BL,2.0,SDAN_26,sciRED_1,1974,22,22,0.47901918777943375,0.01098839162981603
cd4_BL,2.0,SDAN_26,sciRED_2,1974,22,22,0.5956361773472428,0.020098376929960426
cd4_BL,2.0,SDAN_26,sciRED_3,1974,22,22,0.4419010804769002,0.01035166449213798
cd4_BL,2.0,SDAN_26,sciRED_4,1974,22,22,0.42988543219076003,0.010029875062538052
cd4_BL,2.0,SDAN_26,sciRED_5,1974,22,22,0.4696348733233979,0.013540814623933365
cd4_BL,2.0,SDAN_26,sciRED_6,1974,22,22,0.5046805141579732,0.0115885420033199
cd4_BL,2.0,SDAN_26,sciRED_7,1974,22,22,0.46532693740685543,0.014233957885881533
cd4_BL,2.0,SDAN_26,sciRED_8,1974,22,22,0.44828148286140096,0.01007426097748603
cd4_BL,2.0,SDAN_26,sciRED_9,1974,22,22,0.47343051415797316,0.010787569124378182
cd4_BL,2.0,SDAN_26,sciRED_10,1974,22,22,0.43163189269746643,0.010150610586362092
cd4_BL,2.0,SDAN_26,sciRED_11,1974,22,22,0.5035627794336811,0.011560969472104493
cd4_BL,2.0,SDAN_26,sciRED_12,1974,22,22,0.4684472801788376,0.010754431962076564
cd4_BL,2.0,SDAN_26,sciRED_13,1974,22,22,0.6015741430700448,0.014778949303814903
cd4_BL,2.0,SDAN_26,sciRED_14,1974,22,22,0.5872764530551416,0.0149024349169393
cd4_BL,2.0,SDAN_26,sciRED_15,1974,22,22,0.4791589046199702,0.010623280432313979
cd4_BL,2.0,SDAN_26,sciRED_16,1974,22,22,0.4430421013412817,0.009820186386116547
cd4_BL,2.0,SDAN_26,sciRED_17,1974,22,22,0.5302021236959762,0.012716305130320491
cd4_BL,2.0,SDAN_26,sciRED_18,1974,22,22,0.43908345752608047,0.012420152418975778
cd4_BL,2.0,SDAN_26,sciRED_19,1974,22,22,0.49902198211624443,0.011224115654799886
cd4_BL,2.0,SDAN_26,sciRED_20,1974,22,22,0.46108885991058124,0.010388142435128915
cd4_BL,2.0,SDAN_26,sciRED_21,1974,22,22,0.44632544709388966,0.009632531967253947
cd4_BL,2.0,SDAN_26,sciRED_22,1974,22,22,0.4703334575260804,0.011893013369493385
cd4_BL,2.0,SDAN_26,sciRED_23,1974,22,22,0.5934938524590164,0.020815490351410393
cd4_BL,2.0,SDAN_26,sciRED_24,1974,22,22,0.40003260059612517,0.009658145942787657
cd4_BL,2.0,SDAN_26,sciRED_25,1974,22,22,0.5182796199701938,0.011329825738131842
cd4_BL,2.0,SDAN_26,sciRED_26,1974,22,22,0.32106929955290614,0.00782260590035245
cd4_BL,2.0,SDAN_26,sciRED_27,1974,22,22,0.5763785394932935,0.015258966064340592
cd4_BL,2.0,SDAN_26,sciRED_28,1974,22,22,0.5332758941877794,0.012451745283763051
cd4_BL,2.0,SDAN_26,sciRED_29,1974,22,22,0.48032321162444114,0.011513575292911023
cd4_BL,2.0,SDAN_26,sciRED_30,1974,22,22,0.5503912071535022,0.012703441649134038
cd4_BL,2.0,SDAN_26,sciRED_31,1974,22,22,0.5207013785394933,0.012622237090612873
cd4_BL,2.0,SDAN_26,sciRED_32,1974,22,22,0.502887481371088,0.012950883180042795
cd4_BL,2.0,SDAN_26,sciRED_33,1974,22,22,0.4314456035767511,0.010975045044025359
cd4_BL,2.0,SDAN_26,sciRED_34,1974,22,22,0.42776639344262296,0.010002735635583118
cd4_BL,2.0,SDAN_26,sciRED_35,1974,22,22,0.45957526080476907,0.010512111774417323
cd4_BL,2.0,SDAN_26,sciRED_36,1974,22,22,0.5482721684053651,0.01396632140682152
cd4_BL,2.0,SDAN_26,sciRED_37,1974,22,22,0.4161000372578242,0.010350216263398482
cd4_BL,2.0,SDAN_26,sciRED_38,1974,22,22,0.5357442250372579,0.011728381123836479
cd4_BL,2.0,SDAN_26,sciRED_39,1974,22,22,0.5210506706408347,0.012537940191615405
cd4_BL,2.0,SDAN_27,sciRED_0,1974,21,20,0.5183469805527123,0.01143212217835586
cd4_BL,2.0,SDAN_27,sciRED_1,1974,21,20,0.5266376663254861,0.011184954416209264
cd4_BL,2.0,SDAN_27,sciRED_2,1974,21,20,0.5119498464687819,0.012015177518129574
cd4_BL,2.0,SDAN_27,sciRED_3,1974,21,20,0.45271238485158655,0.015118439988663851
cd4_BL,2.0,SDAN_27,sciRED_4,1974,21,20,0.4643295803480041,0.009878756688563993
cd4_BL,2.0,SDAN_27,sciRED_5,1974,21,20,0.5303480040941658,0.012137349311847085
cd4_BL,2.0,SDAN_27,sciRED_6,1974,21,20,0.5004350051177073,0.010276214170842329
cd4_BL,2.0,SDAN_27,sciRED_7,1974,21,20,0.6433213920163767,0.025089485808962083
cd4_BL,2.0,SDAN_27,sciRED_8,1974,21,20,0.538971340839304,0.01771371889758421
cd4_BL,2.0,SDAN_27,sciRED_9,1974,21,20,0.5781985670419653,0.01573338086662044
cd4_BL,2.0,SDAN_27,sciRED_10,1974,21,20,0.49605936540429885,0.009962004153374652
cd4_BL,2.0,SDAN_27,sciRED_11,1974,21,20,0.4802968270214944,0.01451077224362098
cd4_BL,2.0,SDAN_27,sciRED_12,1974,21,20,0.6295035823950871,0.02051151286025022
cd4_BL,2.0,SDAN_27,sciRED_13,1974,21,20,0.6046315250767655,0.016881371822991275
cd4_BL,2.0,SDAN_27,sciRED_14,1974,21,20,0.5053224155578301,0.010717975488629034
cd4_BL,2.0,SDAN_27,sciRED_15,1974,21,20,0.4762026612077789,0.011756107323794795
cd4_BL,2.0,SDAN_27,sciRED_16,1974,21,20,0.48664278403275335,0.010080685732168134
cd4_BL,2.0,SDAN_27,sciRED_17,1974,21,20,0.4786079836233368,0.010984960106758508
cd4_BL,2.0,SDAN_27,sciRED_18,1974,21,20,0.5700870010235415,0.012574011022685221
cd4_BL,2.0,SDAN_27,sciRED_19,1974,21,20,0.5604657113613102,0.012383953830633246
cd4_BL,2.0,SDAN_27,sciRED_20,1974,21,20,0.49971852610030704,0.011752237662054677
cd4_BL,2.0,SDAN_27,sciRED_21,1974,21,20,0.5995649948822928,0.017832523635710106
cd4_BL,2.0,SDAN_27,sciRED_22,1974,21,20,0.483085977482088,0.016662420549093004
cd4_BL,2.0,SDAN_27,sciRED_23,1974,21,20,0.5577277379733879,0.015845709614721197
cd4_BL,2.0,SDAN_27,sciRED_24,1974,21,20,0.695854657113613,0.04117702366229224
cd4_BL,2.0,SDAN_27,sciRED_25,1974,21,20,0.5639457523029683,0.012879421272307599
cd4_BL,2.0,SDAN_27,sciRED_26,1974,21,20,0.5362845445240532,0.01350769031337722
cd4_BL,2.0,SDAN_27,sciRED_27,1974,21,20,0.6251535312180143,0.02324449422858578
cd4_BL,2.0,SDAN_27,sciRED_28,1974,21,20,0.5067809621289662,0.01659573410867355
cd4_BL,2.0,SDAN_27,sciRED_29,1974,21,20,0.6594421699078813,0.021782133895891193
cd4_BL,2.0,SDAN_27,sciRED_30,1974,21,20,0.44370522006141244,0.008931265119315865
cd4_BL,2.0,SDAN_27,sciRED_31,1974,21,20,0.49214431934493347,0.014502824386254637
cd4_BL,2.0,SDAN_27,sciRED_32,1974,21,20,0.4795291709314228,0.012395200460662732
cd4_BL,2.0,SDAN_27,sciRED_33,1974,21,20,0.5978505629477994,0.015413052315004332
cd4_BL,2.0,SDAN_27,sciRED_34,1974,21,20,0.47011258955987717,0.010837069180113588
cd4_BL,2.0,SDAN_27,sciRED_35,1974,21,20,0.5074974411463664,0.013099437183194323
cd4_BL,2.0,SDAN_27,sciRED_36,1974,21,20,0.4653019447287615,0.023986626186417937
cd4_BL,2.0,SDAN_27,sciRED_37,1974,21,20,0.6560644831115661,0.019016334326741574
cd4_BL,2.0,SDAN_27,sciRED_38,1974,21,20,0.5045291709314227,0.010060828162766332
cd4_BL,2.0,SDAN_27,sciRED_39,1974,21,20,0.5317041965199591,0.01112644943256362
cd4_BL,2.0,SDAN_28,sciRED_0,1974,21,21,0.5183478409284861,0.012979659162182466
cd4_BL,2.0,SDAN_28,sciRED_1,1974,21,21,0.4589764221100627,0.009655411322356096
cd4_BL,2.0,SDAN_28,sciRED_2,1974,21,21,0.44593177772901277,0.00969862503269879
cd4_BL,2.0,SDAN_28,sciRED_3,1974,21,21,0.5041084534172091,0.01094827048224625
cd4_BL,2.0,SDAN_28,sciRED_4,1974,21,21,0.4651451978640918,0.00992837856963101
cd4_BL,2.0,SDAN_28,sciRED_5,1974,21,21,0.4414210128495843,0.00945099337516212
cd4_BL,2.0,SDAN_28,sciRED_6,1974,21,21,0.5870821446858313,0.013927780065173284
cd4_BL,2.0,SDAN_28,sciRED_7,1974,21,21,0.47314266208275424,0.011248148295629213
cd4_BL,2.0,SDAN_28,sciRED_8,1974,21,21,0.5432180040474971,0.040063157896596084
cd4_BL,2.0,SDAN_28,sciRED_9,1974,21,21,0.5211518299075902,0.011266178117046912
cd4_BL,2.0,SDAN_28,sciRED_10,1974,21,21,0.5083510106551581,0.010838762224791274
cd4_BL,2.0,SDAN_28,sciRED_11,1974,21,21,0.42252456538170824,0.00939263793601565
cd4_BL,2.0,SDAN_28,sciRED_12,1974,21,21,0.47943335040109236,0.009949431402463965
cd4_BL,2.0,SDAN_28,sciRED_13,1974,21,21,0.5161290322580645,0.015469253065181883
cd4_BL,2.0,SDAN_28,sciRED_14,1974,21,21,0.47116767854095043,0.010091727637393064
cd4_BL,2.0,SDAN_28,sciRED_15,1974,21,21,0.4330334284251335,0.009335384108148582
cd4_BL,2.0,SDAN_28,sciRED_16,1974,21,21,0.5200058518030868,0.012808526381758964
cd4_BL,2.0,SDAN_28,sciRED_17,1974,21,21,0.6813449394094555,0.024865552470143805
cd4_BL,2.0,SDAN_28,sciRED_18,1974,21,21,0.5115451198400507,0.010985739673107463
cd4_BL,2.0,SDAN_28,sciRED_19,1974,21,21,0.6138785263209227,0.015027212541835384
cd4_BL,2.0,SDAN_28,sciRED_20,1974,21,21,0.44488332967595634,0.010815255154266927
cd4_BL,2.0,SDAN_28,sciRED_21,1974,21,21,0.5177626606198035,0.018503696626990522
cd4_BL,2.0,SDAN_28,sciRED_22,1974,21,21,0.36651793333820987,0.008629090260136675
cd4_BL,2.0,SDAN_28,sciRED_23,1974,21,21,0.5009631092580401,0.010702377306863263
cd4_BL,2.0,SDAN_28,sciRED_24,1974,21,21,0.47918952527247455,0.012090601979429356
cd4_BL,2.0,SDAN_28,sciRED_25,1974,21,21,0.533026113671275,0.0121573086275693
cd4_BL,2.0,SDAN_28,sciRED_26,1974,21,21,0.433959963913881,0.00941043128899255
cd4_BL,2.0,SDAN_28,sciRED_27,1974,21,21,0.44993050983834393,0.010950643876475413
cd4_BL,2.0,SDAN_28,sciRED_28,1974,21,21,0.4788237875795479,0.010424622218020988
cd4_BL,2.0,SDAN_28,sciRED_29,1974,21,21,0.4850413283593007,0.00986511935913783
cd4_BL,2.0,SDAN_28,sciRED_30,1974,21,21,0.44688269573062195,0.009339017537097993
cd4_BL,2.0,SDAN_28,sciRED_31,1974,21,21,0.4505156901470265,0.0093193716345247
cd4_BL,2.0,SDAN_28,sciRED_32,1974,21,21,0.5634067246970472,0.013996576687620287
cd4_BL,2.0,SDAN_28,sciRED_33,1974,21,21,0.45441689220491066,0.010328405625001924
cd4_BL,2.0,SDAN_28,sciRED_34,1974,21,21,0.5668934240362812,0.01577338647559469
cd4_BL,2.0,SDAN_28,sciRED_35,1974,21,21,0.4189891010167508,0.008714978909330328
cd4_BL,2.0,SDAN_28,sciRED_36,1974,21,21,0.5337088240314047,0.012508243268386747
cd4_BL,2.0,SDAN_28,sciRED_37,1974,21,21,0.413966303367225,0.011499253192676095
cd4_BL,2.0,SDAN_28,sciRED_38,1974,21,21,0.4820666617901641,0.01085295489839277
cd4_BL,2.0,SDAN_28,sciRED_39,1974,21,21,0.4567819959525028,0.010359735989186722
cd4_BL,2.0,SDAN_29,sciRED_0,1974,20,20,0.5657113613101331,0.014745498902505155
cd4_BL,2.0,SDAN_29,sciRED_1,1974,20,20,0.3828556806550665,0.007919448053217324
cd4_BL,2.0,SDAN_29,sciRED_2,1974,20,20,0.36806550665301946,0.0077638164029728745
cd4_BL,2.0,SDAN_29,sciRED_3,1974,20,20,0.4010491299897646,0.00871755048345605
cd4_BL,2.0,SDAN_29,sciRED_4,1974,20,20,0.5674002047082907,0.02500941625103595
cd4_BL,2.0,SDAN_29,sciRED_5,1974,20,20,0.5467758444216991,0.037355595787279164
cd4_BL,2.0,SDAN_29,sciRED_6,1974,20,20,0.37310644831115664,0.007853887795229046
cd4_BL,2.0,SDAN_29,sciRED_7,1974,20,20,0.5055271238485158,0.01141875110937825
cd4_BL,2.0,SDAN_29,sciRED_8,1974,20,20,0.468474923234391,0.009761349137100367
cd4_BL,2.0,SDAN_29,sciRED_9,1974,20,20,0.3942681678607983,0.008194852491849534
cd4_BL,2.0,SDAN_29,sciRED_10,1974,20,20,0.46392016376663253,0.009311826573883027
cd4_BL,2.0,SDAN_29,sciRED_11,1974,20,20,0.4964687819856704,0.014658420174931528
cd4_BL,2.0,SDAN_29,sciRED_12,1974,20,20,0.4081371545547594,0.008510262394883259
cd4_BL,2.0,SDAN_29,sciRED_13,1974,20,20,0.5140992835209826,0.010991964566102064
cd4_BL,2.0,SDAN_29,sciRED_14,1974,20,20,0.44564994882292736,0.009133346844059202
cd4_BL,2.0,SDAN_29,sciRED_15,1974,20,20,0.587128966223132,0.0168095280474249
cd4_BL,2.0,SDAN_29,sciRED_16,1974,20,20,0.2939611054247697,0.006876926202467612
cd4_BL,2.0,SDAN_29,sciRED_17,1974,20,20,0.4255117707267144,0.00861402702216363
cd4_BL,2.0,SDAN_29,sciRED_18,1974,20,20,0.5528403275332652,0.015351671770347866
cd4_BL,2.0,SDAN_29,sciRED_19,1974,20,20,0.49777379733879223,0.01033940197500749
cd4_BL,2.0,SDAN_29,sciRED_20,1974,20,20,0.4981320368474923,0.016015274934904636
cd4_BL,2.0,SDAN_29,sciRED_21,1974,20,20,0.5377430910951894,0.011927713235355597
cd4_BL,2.0,SDAN_29,sciRED_22,1974,20,20,0.43147389969293753,0.009718174182047887
cd4_BL,2.0,SDAN_29,sciRED_23,1974,20,20,0.43449334698055275,0.008753079918194967
cd4_BL,2.0,SDAN_29,sciRED_24,1974,20,20,0.4100307062436029,0.00963015019231514
cd4_BL,2.0,SDAN_29,sciRED_25,1974,20,20,0.6085721596724668,0.018965113777557056
cd4_BL,2.0,SDAN_29,sciRED_26,1974,20,20,0.5153019447287616,0.011686161414484305
cd4_BL,2.0,SDAN_29,sciRED_27,1974,20,20,0.48567041965199587,0.01058275021084845
cd4_BL,2.0,SDAN_29,sciRED_28,1974,20,20,0.44557318321392014,0.009764176686157413
cd4_BL,2.0,SDAN_29,sciRED_29,1974,20,20,0.44050665301944736,0.008890374902763926
cd4_BL,2.0,SDAN_29,sciRED_30,1974,20,20,0.31852610030706247,0.007276550747560918
cd4_BL,2.0,SDAN_29,sciRED_31,1974,20,20,0.5788382804503582,0.02947043882745362
cd4_BL,2.0,SDAN_29,sciRED_32,1974,20,20,0.4352865916069601,0.008638102081942725
cd4_BL,2.0,SDAN_29,sciRED_33,1974,20,20,0.49007164790174,0.025230264202411132
cd4_BL,2.0,SDAN_29,sciRED_34,1974,20,20,0.4679375639713409,0.012601162321514838
cd4_BL,2.0,SDAN_29,sciRED_35,1974,20,20,0.442835209825998,0.009034751659890383
cd4_BL,2.0,SDAN_29,sciRED_36,1974,20,20,0.48738485158648925,0.02992299249522816
cd4_BL,2.0,SDAN_29,sciRED_37,1974,20,20,0.6392272262026613,0.026016684217607677
cd4_BL,2.0,SDAN_29,sciRED_38,1974,20,20,0.4242579324462641,0.008800973718343031
cd4_BL,2.0,SDAN_29,sciRED_39,1974,20,20,0.4711873080859775,0.009814614226336773
cd4_BL,2.0,SDAN_30,sciRED_0,1974,20,19,0.4981827971463185,0.01014434372646984
cd4_BL,2.0,SDAN_30,sciRED_1,1974,20,19,0.3593484991250505,0.007279620263374502
cd4_BL,2.0,SDAN_30,sciRED_2,1974,20,19,0.4650962444474357,0.010166077607835094
cd4_BL,2.0,SDAN_30,sciRED_3,1974,20,19,0.3832009691748553,0.007789899512248429
cd4_BL,2.0,SDAN_30,sciRED_4,1974,20,19,0.5226544622425628,0.012115624344114412
cd4_BL,2.0,SDAN_30,sciRED_5,1974,20,19,0.43335576793646513,0.014134734920562182
cd4_BL,2.0,SDAN_30,sciRED_6,1974,20,19,0.4629963655942927,0.008774015519949692
cd4_BL,2.0,SDAN_30,sciRED_7,1974,20,19,0.613083860546507,0.0137634060229104
cd4_BL,2.0,SDAN_30,sciRED_8,1974,20,19,0.4905370843989769,0.00942826262149994
cd4_BL,2.0,SDAN_30,sciRED_9,1974,20,19,0.36564813568447974,0.0072771365466336585
cd4_BL,2.0,SDAN_30,sciRED_10,1974,20,19,0.5112397361690671,0.010061093887985251
cd4_BL,2.0,SDAN_30,sciRED_11,1974,20,19,0.41515681787589176,0.00865772905632576
cd4_BL,2.0,SDAN_30,sciRED_12,1974,20,19,0.45190469780589576,0.008992882329390717
cd4_BL,2.0,SDAN_30,sciRED_13,1974,20,19,0.353237313231929,0.007650930762986103
cd4_BL,2.0,SDAN_30,sciRED_14,1974,20,19,0.44942791762013723,0.008807961388482098
cd4_BL,2.0,SDAN_30,sciRED_15,1974,20,19,0.5198546237717054,0.010571639087429707
cd4_BL,2.0,SDAN_30,sciRED_16,1974,20,19,0.3548526046574236,0.007140864702565639
cd4_BL,2.0,SDAN_30,sciRED_17,1974,20,19,0.48579889621752587,0.009433663498163814
cd4_BL,2.0,SDAN_30,sciRED_18,1974,20,19,0.5749629829048324,0.01316217792225046
cd4_BL,2.0,SDAN_30,sciRED_19,1974,20,19,0.4103917081706825,0.009099501823034171
cd4_BL,2.0,SDAN_30,sciRED_20,1974,20,19,0.560075380266523,0.012561640280034932
cd4_BL,2.0,SDAN_30,sciRED_21,1974,20,19,0.5782474088033382,0.01548354074513261
cd4_BL,2.0,SDAN_30,sciRED_22,1974,20,19,0.6001615291425495,0.012965803756575179
cd4_BL,2.0,SDAN_30,sciRED_23,1974,20,19,0.4046035805626598,0.008049896040259493
cd4_BL,2.0,SDAN_30,sciRED_24,1974,20,19,0.47672634271099745,0.02232486900240085
cd4_BL,2.0,SDAN_30,sciRED_25,1974,20,19,0.4878180104993943,0.009588184791881733
cd4_BL,2.0,SDAN_30,sciRED_26,1974,20,19,0.6842374478395477,0.03049418691360569
cd4_BL,2.0,SDAN_30,sciRED_27,1974,20,19,0.5247004980481895,0.009992153840263964
cd4_BL,2.0,SDAN_30,sciRED_28,1974,20,19,0.508036074841836,0.009742276643444106
cd4_BL,2.0,SDAN_30,sciRED_29,1974,20,19,0.37038632386593073,0.007390899021556859
cd4_BL,2.0,SDAN_30,sciRED_30,1974,20,19,0.5636290214026114,0.013476843396638148
cd4_BL,2.0,SDAN_30,sciRED_31,1974,20,19,0.556333288464127,0.01467630774874647
cd4_BL,2.0,SDAN_30,sciRED_32,1974,20,19,0.5418225871584331,0.015306866923424318
cd4_BL,2.0,SDAN_30,sciRED_33,1974,20,19,0.5349037555525643,0.010747325947466649
cd4_BL,2.0,SDAN_30,sciRED_34,1974,20,19,0.4851258581235698,0.015055508704136054
cd4_BL,2.0,SDAN_30,sciRED_35,1974,20,19,0.49858662000269216,0.010391184063386759
cd4_BL,2.0,SDAN_30,sciRED_36,1974,20,19,0.5979270426706151,0.01553253026717517
cd4_BL,2.0,SDAN_30,sciRED_37,1974,20,19,0.5130434782608696,0.012020074708461979
cd4_BL,2.0,SDAN_30,sciRED_38,1974,20,19,0.47433032709651357,0.01246001333351016
cd4_BL,2.0,SDAN_30,sciRED_39,1974,20,19,0.5250504778570467,0.06504159924840983
cd4_BL,2.0,SDAN_31,sciRED_0,1974,21,21,0.5196157315972985,0.010768465815195487
cd4_BL,2.0,SDAN_31,sciRED_1,1974,21,21,0.5783288225684539,0.013820948003377027
cd4_BL,2.0,SDAN_31,sciRED_2,1974,21,21,0.4666812961743837,0.009599155165190084
cd4_BL,2.0,SDAN_31,sciRED_3,1974,21,21,0.5173237753882916,0.013305252978749266
cd4_BL,2.0,SDAN_31,sciRED_4,1974,21,21,0.62784970619072,0.016861301175847002
cd4_BL,2.0,SDAN_31,sciRED_5,1974,21,21,0.582010582010582,0.015329058725712889
cd4_BL,2.0,SDAN_31,sciRED_6,1974,21,21,0.39068100358422936,0.008349993984412043
cd4_BL,2.0,SDAN_31,sciRED_7,1974,21,21,0.4120644673640065,0.010348692169539986
cd4_BL,2.0,SDAN_31,sciRED_8,1974,21,21,0.576792724258162,0.014249911884720804
cd4_BL,2.0,SDAN_31,sciRED_9,1974,21,21,0.5126667154316923,0.012697220036289876
cd4_BL,2.0,SDAN_31,sciRED_10,1974,21,21,0.49837856289469196,0.011046733683717266
cd4_BL,2.0,SDAN_31,sciRED_11,1974,21,21,0.5896666910491795,0.06554832779666311
cd4_BL,2.0,SDAN_31,sciRED_12,1974,21,21,0.5257601248384658,0.011185891789876019
cd4_BL,2.0,SDAN_31,sciRED_13,1974,21,21,0.5487040694413966,0.014463748811989072
cd4_BL,2.0,SDAN_31,sciRED_14,1974,21,21,0.510642966864165,0.013509662750277951
cd4_BL,2.0,SDAN_31,sciRED_15,1974,21,21,0.5915197620266746,0.0212829412754286
cd4_BL,2.0,SDAN_31,sciRED_16,1974,21,21,0.43513032453124617,0.010048825265396095
cd4_BL,2.0,SDAN_31,sciRED_17,1974,21,21,0.4482481164508814,0.009979393451739989
cd4_BL,2.0,SDAN_31,sciRED_18,1974,21,21,0.5992734011167191,0.021412545608815555
cd4_BL,2.0,SDAN_31,sciRED_19,1974,21,21,0.43461829176114886,0.010882915717929886
cd4_BL,2.0,SDAN_31,sciRED_20,1974,21,21,0.5450710750249921,0.012627170152311622
cd4_BL,2.0,SDAN_31,sciRED_21,1974,21,21,0.46353595201521464,0.01002309193972727
cd4_BL,2.0,SDAN_31,sciRED_22,1974,21,21,0.5779387023626654,0.014630879436317275
cd4_BL,2.0,SDAN_31,sciRED_23,1974,21,21,0.4263526199010069,0.009050418525098313
cd4_BL,2.0,SDAN_31,sciRED_24,1974,21,21,0.49652549191719697,0.010640509530640255
cd4_BL,2.0,SDAN_31,sciRED_25,1974,21,21,0.6487942847389851,0.12290469080447661
cd4_BL,2.0,SDAN_31,sciRED_26,1974,21,21,0.3967278667739497,0.012128002824952844
cd4_BL,2.0,SDAN_31,sciRED_27,1974,21,21,0.5147148465120814,0.034737160726121805
cd4_BL,2.0,SDAN_31,sciRED_28,1974,21,21,0.5729159047131398,0.012920780869380144
cd4_BL,2.0,SDAN_31,sciRED_29,1974,21,21,0.4816765415843756,0.011716500800646934
cd4_BL,2.0,SDAN_31,sciRED_30,1974,21,21,0.5162265623095116,0.013780353664261044
cd4_BL,2.0,SDAN_31,sciRED_31,1974,21,21,0.547363031233999,0.012520491576775027
cd4_BL,2.0,SDAN_31,sciRED_32,1974,21,21,0.3731499768366128,0.008957968785783827
cd4_BL,2.0,SDAN_31,sciRED_33,1974,21,21,0.49676931704581473,0.01073072710225854
cd4_BL,2.0,SDAN_31,sciRED_34,1974,21,21,0.5658205934703631,0.015505404462119506
cd4_BL,2.0,SDAN_31,sciRED_35,1974,21,21,0.5595786701777485,0.013992611525763761
cd4_BL,2.0,SDAN_31,sciRED_36,1974,21,21,0.5320508131568039,0.011401530014187086
cd4_BL,2.0,SDAN_31,sciRED_37,1974,21,21,0.48199351425157877,0.012673981709057997
cd4_BL,2.0,SDAN_31,sciRED_38,1974,21,21,0.598420013166557,0.019705939844583218
cd4_BL,2.0,SDAN_31,sciRED_39,1974,21,21,0.6378221539511862,0.020956574709535734
cd4_BL,2.0,SDAN_32,sciRED_0,1974,19,19,0.3675057208237986,0.0074260259468297216
cd4_BL,2.0,SDAN_32,sciRED_1,1974,19,19,0.517162471395881,0.009970883381468615
cd4_BL,2.0,SDAN_32,sciRED_2,1974,19,19,0.5434109570601695,0.016178178498340762
cd4_BL,2.0,SDAN_32,sciRED_3,1974,19,19,0.40724188989096777,0.007970313383590936
cd4_BL,2.0,SDAN_32,sciRED_4,1974,19,19,0.40495356037151703,0.007965551128348647
cd4_BL,2.0,SDAN_32,sciRED_5,1974,19,19,0.473711132050074,0.009475797764754504
cd4_BL,2.0,SDAN_32,sciRED_6,1974,19,19,0.4634271099744245,0.009572580609381567
cd4_BL,2.0,SDAN_32,sciRED_7,1974,19,19,0.5970924754341096,0.016290633791705436
cd4_BL,2.0,SDAN_32,sciRED_8,1974,19,19,0.45685825817741277,0.00856059305546076
cd4_BL,2.0,SDAN_32,sciRED_9,1974,19,19,0.5739399650020192,0.017944643178385993
cd4_BL,2.0,SDAN_32,sciRED_10,1974,19,19,0.40220756494817606,0.008308931002993269
cd4_BL,2.0,SDAN_32,sciRED_11,1974,19,19,0.48806030421321844,0.009076748572601434
cd4_BL,2.0,SDAN_32,sciRED_12,1974,19,19,0.4519854623771706,0.008551178908466999
cd4_BL,2.0,SDAN_32,sciRED_13,1974,19,19,0.45766590389016015,0.008577727001902865
cd4_BL,2.0,SDAN_32,sciRED_14,1974,19,19,0.5415264503970925,0.010704545202740124
cd4_BL,2.0,SDAN_32,sciRED_15,1974,19,19,0.5570332480818414,0.012567026971460327
cd4_BL,2.0,SDAN_32,sciRED_16,1974,19,19,0.5355229505990039,0.012515708265408735
cd4_BL,2.0,SDAN_32,sciRED_17,1974,19,19,0.5360075380266524,0.01247662908784172
cd4_BL,2.0,SDAN_32,sciRED_18,1974,19,19,0.531027056131377,0.014224476495795793
cd4_BL,2.0,SDAN_32,sciRED_19,1974,19,19,0.4833759590792839,0.009095059085182511
cd4_BL,2.0,SDAN_32,sciRED_20,1974,19,19,0.5162740611118589,0.009817684893263966
cd4_BL,2.0,SDAN_32,sciRED_21,1974,19,19,0.42159106205411223,0.008586838443906198
cd4_BL,2.0,SDAN_32,sciRED_22,1974,19,19,0.5094090725535065,0.010893488862006029
cd4_BL,2.0,SDAN_32,sciRED_23,1974,19,19,0.4796069457531297,0.010465479852572856
cd4_BL,2.0,SDAN_32,sciRED_24,1974,19,19,0.3567101897967425,0.0077288162650756085
cd4_BL,2.0,SDAN_32,sciRED_25,1974,19,19,0.49199084668192217,0.009600232771969409
cd4_BL,2.0,SDAN_32,sciRED_26,1974,19,19,0.36589042939830396,0.008304139940941344
cd4_BL,2.0,SDAN_32,sciRED_27,1974,19,19,0.5981154933369228,0.012394874669165563
cd4_BL,2.0,SDAN_32,sciRED_28,1974,19,19,0.38691613945349307,0.00798835119891662
cd4_BL,2.0,SDAN_32,sciRED_29,1974,19,19,0.44730111724323596,0.00855232201004491
cd4_BL,2.0,SDAN_32,sciRED_30,1974,19,19,0.5628482972136223,0.020292261855853345
cd4_BL,2.0,SDAN_32,sciRED_31,1974,19,19,0.42667923004442043,0.008763234258163607
cd4_BL,2.0,SDAN_32,sciRED_32,1974,19,19,0.5616368286445013,0.011666104149278295
cd4_BL,2.0,SDAN_32,sciRED_33,1974,19,19,0.5247812626194642,0.010192375796591872
cd4_BL,2.0,SDAN_32,sciRED_34,1974,19,19,0.5699555794857989,0.018904649061697393
cd4_BL,2.0,SDAN_32,sciRED_35,1974,19,19,0.5311885852739264,0.011749369230750272
cd4_BL,2.0,SDAN_32,sciRED_36,1974,19,19,0.5442993673441917,0.01433502738178498
cd4_BL,2.0,SDAN_32,sciRED_37,1974,19,19,0.47489567909543684,0.009493436666480146
cd4_BL,2.0,SDAN_32,sciRED_38,1974,19,19,0.5773859200430744,0.011740872170481075
cd4_BL,2.0,SDAN_32,sciRED_39,1974,19,19,0.49075245658904293,0.014273047178959672
cd4_BL,2.0,SDAN_33,sciRED_0,1974,19,19,0.5605868892179298,0.011846165029878486
cd4_BL,2.0,SDAN_33,sciRED_1,1974,19,19,0.4803876699421187,0.01040242133899048
cd4_BL,2.0,SDAN_33,sciRED_2,1974,19,19,0.6000807645712747,0.012421955785172172
cd4_BL,2.0,SDAN_33,sciRED_3,1974,19,19,0.5532103917081708,0.03703960974017534
cd4_BL,2.0,SDAN_33,sciRED_4,1974,19,19,0.4538699690402476,0.008541748949261914
cd4_BL,2.0,SDAN_33,sciRED_5,1974,19,19,0.43806703459415797,0.008756776906842286
cd4_BL,2.0,SDAN_33,sciRED_6,1974,19,19,0.5419841163009826,0.011010175459315123
cd4_BL,2.0,SDAN_33,sciRED_7,1974,19,19,0.5470184412437743,0.012142305752279127
cd4_BL,2.0,SDAN_33,sciRED_8,1974,19,19,0.48439897698209716,0.018362930888510588
cd4_BL,2.0,SDAN_33,sciRED_9,1974,19,19,0.5312155067976848,0.01923085629201182
cd4_BL,2.0,SDAN_33,sciRED_10,1974,19,19,0.43079822317943195,0.00871169570172053
cd4_BL,2.0,SDAN_33,sciRED_11,1974,19,19,0.4575582177951271,0.008836950512934988
cd4_BL,2.0,SDAN_33,sciRED_12,1974,19,19,0.6079418495086821,0.03506914924434304
cd4_BL,2.0,SDAN_33,sciRED_13,1974,19,19,0.44124377439763085,0.015729122568032123
cd4_BL,2.0,SDAN_33,sciRED_14,1974,19,19,0.5410957060169606,0.012299468363286777
cd4_BL,2.0,SDAN_33,sciRED_15,1974,19,19,0.5910082110647462,0.01412017746290933
cd4_BL,2.0,SDAN_33,sciRED_16,1974,19,19,0.5103782474088033,0.009846356716939335
cd4_BL,2.0,SDAN_33,sciRED_17,1974,19,19,0.6241486068111455,0.01612930074300755
cd4_BL,2.0,SDAN_33,sciRED_18,1974,19,19,0.5575986000807646,0.019888090936905974
cd4_BL,2.0,SDAN_33,sciRED_19,1974,19,19,0.5433301924888949,0.012179499296153527
cd4_BL,2.0,SDAN_33,sciRED_20,1974,19,19,0.4149952887333423,0.00874675491605106
cd4_BL,2.0,SDAN_33,sciRED_21,1974,19,19,0.5456723650558621,0.012035974121853575
cd4_BL,2.0,SDAN_33,sciRED_22,1974,19,19,0.5456185220083456,0.06755719173794326
cd4_BL,2.0,SDAN_33,sciRED_23,1974,19,19,0.5443801319154664,0.02238596149629473
cd4_BL,2.0,SDAN_33,sciRED_24,1974,19,19,0.6782339480414592,0.033505282648980526
cd4_BL,2.0,SDAN_33,sciRED_25,1974,19,19,0.5322923677480145,0.012037989495120915
cd4_BL,2.0,SDAN_33,sciRED_26,1974,19,19,0.505182393323462,0.013323176378069228
cd4_BL,2.0,SDAN_33,sciRED_27,1974,19,19,0.4553237313231929,0.008820339810127049
cd4_BL,2.0,SDAN_33,sciRED_28,1974,19,19,0.4922062188719881,0.00949292337838455
cd4_BL,2.0,SDAN_33,sciRED_29,1974,19,19,0.5176739803472876,0.01391311756081344
cd4_BL,2.0,SDAN_33,sciRED_30,1974,19,19,0.53312693498452,0.011394044497296044
cd4_BL,2.0,SDAN_33,sciRED_31,1974,19,19,0.5347153048862565,0.013025007860979322
cd4_BL,2.0,SDAN_33,sciRED_32,1974,19,19,0.49640597657827434,0.010281304660678198
cd4_BL,2.0,SDAN_33,sciRED_33,1974,19,19,0.5698478933907659,0.015513548402502448
cd4_BL,2.0,SDAN_33,sciRED_34,1974,19,19,0.493067707632252,0.009695731003826981
cd4_BL,2.0,SDAN_33,sciRED_35,1974,19,19,0.5000942253331538,0.013534088354544492
cd4_BL,2.0,SDAN_33,sciRED_36,1974,19,19,0.44923946695382955,0.009470751855459932
cd4_BL,2.0,SDAN_33,sciRED_37,1974,19,19,0.46342710997442454,0.008783470644852989
cd4_BL,2.0,SDAN_33,sciRED_38,1974,19,19,0.4878449320231525,0.01068085498177316
cd4_BL,2.0,SDAN_33,sciRED_39,1974,19,19,0.5940772647731862,0.015053754781938098
cd4_BL,2.0,SDAN_34,sciRED_0,1974,20,20,0.6214431934493347,0.013218106391513001
cd4_BL,2.0,SDAN_34,sciRED_1,1974,20,20,0.416914022517912,0.008449397586295829
cd4_BL,2.0,SDAN_34,sciRED_2,1974,20,20,0.44048106448311164,0.009081422460496764
cd4_BL,2.0,SDAN_34,sciRED_3,1974,20,20,0.5210849539406346,0.013048689887903933
cd4_BL,2.0,SDAN_34,sciRED_4,1974,20,20,0.6249232343909928,0.05756803824935488
cd4_BL,2.0,SDAN_34,sciRED_5,1974,20,20,0.7728761514841351,0.14301916364702189
cd4_BL,2.0,SDAN_34,sciRED_6,1974,20,20,0.4266888433981576,0.009354416743190222
cd4_BL,2.0,SDAN_34,sciRED_7,1974,20,20,0.5375127942681679,0.017425632875230874
cd4_BL,2.0,SDAN_34,sciRED_8,1974,20,20,0.5108239508700103,0.013130848765586003
cd4_BL,2.0,SDAN_34,sciRED_9,1974,20,20,0.5303480040941657,0.011231338393371006
cd4_BL,2.0,SDAN_34,sciRED_10,1974,20,20,0.4505629477993859,0.009164151819107276
cd4_BL,2.0,SDAN_34,sciRED_11,1974,20,20,0.5834186284544524,0.017088187088488267
cd4_BL,2.0,SDAN_34,sciRED_12,1974,20,20,0.5154298874104402,0.011231844787148008
cd4_BL,2.0,SDAN_34,sciRED_13,1974,20,20,0.39255373592630505,0.008135713338790828
cd4_BL,2.0,SDAN_34,sciRED_14,1974,20,20,0.5044012282497441,0.010493476569569872
cd4_BL,2.0,SDAN_34,sciRED_15,1974,20,20,0.5322927328556807,0.014092437863202072
cd4_BL,2.0,SDAN_34,sciRED_16,1974,20,20,0.4538126919140225,0.010032302366999604
cd4_BL,2.0,SDAN_34,sciRED_17,1974,20,20,0.4649948822927329,0.009730064913736671
cd4_BL,2.0,SDAN_34,sciRED_18,1974,20,20,0.45373592630501536,0.012720491774686198
cd4_BL,2.0,SDAN_34,sciRED_19,1974,20,20,0.5464943705220061,0.014259732811647536
cd4_BL,2.0,SDAN_34,sciRED_20,1974,20,20,0.5873848515864892,0.02549808093343843
cd4_BL,2.0,SDAN_34,sciRED_21,1974,20,20,0.48298362333674516,0.012018391259996231
cd4_BL,2.0,SDAN_34,sciRED_22,1974,20,20,0.6887154554759468,0.030667253598109102
cd4_BL,2.0,SDAN_34,sciRED_23,1974,20,20,0.4706499488229273,0.009422245657394746
cd4_BL,2.0,SDAN_34,sciRED_24,1974,20,20,0.39408904810644835,0.008499023718618864
cd4_BL,2.0,SDAN_34,sciRED_25,1974,20,20,0.5553480040941658,0.011457553712848245
cd4_BL,2.0,SDAN_34,sciRED_26,1974,20,20,0.5334186284544524,0.014638319373263023
cd4_BL,2.0,SDAN_34,sciRED_27,1974,20,20,0.48523541453428864,0.010393853812585098
cd4_BL,2.0,SDAN_34,sciRED_28,1974,20,20,0.5123848515864893,0.01149966141038619
cd4_BL,2.0,SDAN_34,sciRED_29,1974,20,20,0.5547082906857728,0.020156371180311702
cd4_BL,2.0,SDAN_34,sciRED_30,1974,20,20,0.4301944728761515,0.009643767528092085
cd4_BL,2.0,SDAN_34,sciRED_31,1974,20,20,0.506525076765609,0.011334842635555155
cd4_BL,2.0,SDAN_34,sciRED_32,1974,20,20,0.5049641760491299,0.013044748774980887
cd4_BL,2.0,SDAN_34,sciRED_33,1974,20,20,0.5866427840327534,0.013628963667621983
cd4_BL,2.0,SDAN_34,sciRED_34,1974,20,20,0.3532497441146366,0.05842641923250617
cd4_BL,2.0,SDAN_34,sciRED_35,1974,20,20,0.40053735926305023,0.010467370379900594
cd4_BL,2.0,SDAN_34,sciRED_36,1974,20,20,0.4705987717502559,0.010432914058977682
cd4_BL,2.0,SDAN_34,sciRED_37,1974,20,20,0.45,0.009180950041185704
cd4_BL,2.0,SDAN_34,sciRED_38,1974,20,20,0.397978505629478,0.0086430673284966
cd4_BL,2.0,SDAN_34,sciRED_39,1974,20,20,0.457164790174002,0.009620683370302736
cd4_BL,2.0,SDAN_35,sciRED_0,1974,22,22,0.5488543219076006,0.012467290387993643
cd4_BL,2.0,SDAN_35,sciRED_1,1974,22,22,0.42748695976154993,0.010277029069858126
cd4_BL,2.0,SDAN_35,sciRED_2,1974,22,22,0.5656669150521609,0.06260247176057787
cd4_BL,2.0,SDAN_35,sciRED_3,1974,22,22,0.5908858047690015,0.013847298265300624
cd4_BL,2.0,SDAN_35,sciRED_4,1974,22,22,0.45475502980625926,0.010056527953050001
cd4_BL,2.0,SDAN_35,sciRED_5,1974,22,22,0.4074143070044709,0.009258841961449292
cd4_BL,2.0,SDAN_35,sciRED_6,1974,22,22,0.6309146795827124,0.020350461097872384
cd4_BL,2.0,SDAN_35,sciRED_7,1974,22,22,0.5541402757078987,0.0141288165078696
cd4_BL,2.0,SDAN_35,sciRED_8,1974,22,22,0.444672131147541,0.010048712366535323
cd4_BL,2.0,SDAN_35,sciRED_9,1974,22,22,0.48814735469448584,0.01100041916799601
cd4_BL,2.0,SDAN_35,sciRED_10,1974,22,22,0.4579452309985097,0.010498148054879542
cd4_BL,2.0,SDAN_35,sciRED_11,1974,22,22,0.45943554396423253,0.011706961515639387
cd4_BL,2.0,SDAN_35,sciRED_12,1974,22,22,0.5050298062593145,0.012539721106653301
cd4_BL,2.0,SDAN_35,sciRED_13,1974,22,22,0.4063198584202683,0.009702531474856307
cd4_BL,2.0,SDAN_35,sciRED_14,1974,22,22,0.5042613636363635,0.012977553346695994
cd4_BL,2.0,SDAN_35,sciRED_15,1974,22,22,0.3735329731743666,0.008554233610152104
cd4_BL,2.0,SDAN_35,sciRED_16,1974,22,22,0.5691365499254842,0.015948226250563552
cd4_BL,2.0,SDAN_35,sciRED_17,1974,22,22,0.5752608047690014,0.016907360834201364
cd4_BL,2.0,SDAN_35,sciRED_18,1974,22,22,0.5274310730253353,0.01791069199770662
cd4_BL,2.0,SDAN_35,sciRED_19,1974,22,22,0.4242734724292101,0.009678205831603216
cd4_BL,2.0,SDAN_35,sciRED_20,1974,22,22,0.38880868107302535,0.009365163597772445
cd4_BL,2.0,SDAN_35,sciRED_21,1974,22,22,0.45466188524590156,0.010087182150587213
cd4_BL,2.0,SDAN_35,sciRED_22,1974,22,22,0.6160814083457526,0.016406659462946567
cd4_BL,2.0,SDAN_35,sciRED_23,1974,22,22,0.5723733233979137,0.014976043083046928
cd4_BL,2.0,SDAN_35,sciRED_24,1974,22,22,0.3696674739195231,0.010414404079491596
cd4_BL,2.0,SDAN_35,sciRED_25,1974,22,22,0.629284649776453,0.019141701253389
cd4_BL,2.0,SDAN_35,sciRED_26,1974,22,22,0.49110469448584204,0.011026304004295707
cd4_BL,2.0,SDAN_35,sciRED_27,1974,22,22,0.5752142324888226,0.013308647081642734
cd4_BL,2.0,SDAN_35,sciRED_28,1974,22,22,0.4987425484351714,0.01152090217721117
cd4_BL,2.0,SDAN_35,sciRED_29,1974,22,22,0.4372671385991059,0.010416381569708972
cd4_BL,2.0,SDAN_35,sciRED_30,1974,22,22,0.4991384128166915,0.011925248591670799
cd4_BL,2.0,SDAN_35,sciRED_31,1974,22,22,0.4258103576751118,0.009474471235239867
cd4_BL,2.0,SDAN_35,sciRED_32,1974,22,22,0.5019560357675112,0.011628791774437314
cd4_BL,2.0,SDAN_35,sciRED_33,1974,22,22,0.48532973174366617,0.011391945118686086
cd4_BL,2.0,SDAN_35,sciRED_34,1974,22,22,0.49236214605067063,0.01233654210585029
cd4_BL,2.0,SDAN_35,sciRED_35,1974,22,22,0.5216561102831594,0.012531039892496258
cd4_BL,2.0,SDAN_35,sciRED_36,1974,22,22,0.5730719076005961,0.02221081490567004
cd4_BL,2.0,SDAN_35,sciRED_37,1974,22,22,0.5136689642324889,0.04266479320905022
cd4_BL,2.0,SDAN_35,sciRED_38,1974,22,22,0.42727738450074515,0.009351441091237844
cd4_BL,2.0,SDAN_35,sciRED_39,1974,22,22,0.5329498882265276,0.016243040279680827
cd4_BL,2.0,SDAN_36,sciRED_0,1974,20,20,0.5703684749232344,0.01273695231859755
cd4_BL,2.0,SDAN_36,sciRED_1,1974,20,20,0.47080348004094164,0.010398399896699299
cd4_BL,2.0,SDAN_36,sciRED_2,1974,20,20,0.4904042988741044,0.00977516437963118
cd4_BL,2.0,SDAN_36,sciRED_3,1974,20,20,0.568654042988741,0.013137842052185168
cd4_BL,2.0,SDAN_36,sciRED_4,1974,20,20,0.5850562947799386,0.013034659975231127
cd4_BL,2.0,SDAN_36,sciRED_5,1974,20,20,0.4892272262026612,0.025675260334709703
cd4_BL,2.0,SDAN_36,sciRED_6,1974,20,20,0.5521494370522007,0.012995307335359502
cd4_BL,2.0,SDAN_36,sciRED_7,1974,20,20,0.6001023541453429,0.018797286092894567
cd4_BL,2.0,SDAN_36,sciRED_8,1974,20,20,0.5612845445240532,0.015296249827670963
cd4_BL,2.0,SDAN_36,sciRED_9,1974,20,20,0.4735414534288639,0.009280252828452972
cd4_BL,2.0,SDAN_36,sciRED_10,1974,20,20,0.5298106448311157,0.01305391697885852
cd4_BL,2.0,SDAN_36,sciRED_11,1974,20,20,0.617374616171955,0.01434481648565646
cd4_BL,2.0,SDAN_36,sciRED_12,1974,20,20,0.6102098259979529,0.015824817544800227
cd4_BL,2.0,SDAN_36,sciRED_13,1974,20,20,0.43638689866939606,0.01293582342055428
cd4_BL,2.0,SDAN_36,sciRED_14,1974,20,20,0.431243602865916,0.009504485757017763
cd4_BL,2.0,SDAN_36,sciRED_15,1974,20,20,0.644114636642784,0.020197703121550958
cd4_BL,2.0,SDAN_36,sciRED_16,1974,20,20,0.5738229273285568,0.012311556264883538
cd4_BL,2.0,SDAN_36,sciRED_17,1974,20,20,0.4844933469805527,0.00978000414741479
cd4_BL,2.0,SDAN_36,sciRED_18,1974,20,20,0.5563715455475947,0.012328061389528945
cd4_BL,2.0,SDAN_36,sciRED_19,1974,20,20,0.6388945752302968,0.026639373717322504
cd4_BL,2.0,SDAN_36,sciRED_20,1974,20,20,0.6178863868986695,0.020339859886846057
cd4_BL,2.0,SDAN_36,sciRED_21,1974,20,20,0.49718526100307064,0.01173483046501279
cd4_BL,2.0,SDAN_36,sciRED_22,1974,20,20,0.5656090071647901,0.012648425787233276
cd4_BL,2.0,SDAN_36,sciRED_23,1974,20,20,0.5888433981576253,0.01520420680751687
cd4_BL,2.0,SDAN_36,sciRED_24,1974,20,20,0.5029170931422723,0.010883566806228187
cd4_BL,2.0,SDAN_36,sciRED_25,1974,20,20,0.5301688843398158,0.020742594005844068
cd4_BL,2.0,SDAN_36,sciRED_26,1974,20,20,0.5446264073694984,0.011956103937586896
cd4_BL,2.0,SDAN_36,sciRED_27,1974,20,20,0.6157369498464688,0.02114289419136202
cd4_BL,2.0,SDAN_36,sciRED_28,1974,20,20,0.48613101330603886,0.010328809316646937
cd4_BL,2.0,SDAN_36,sciRED_29,1974,20,20,0.49086489252814736,0.01061946284706412
cd4_BL,2.0,SDAN_36,sciRED_30,1974,20,20,0.4816018423746162,0.010073503824411096
cd4_BL,2.0,SDAN_36,sciRED_31,1974,20,20,0.5662231320368475,0.013737956022354005
cd4_BL,2.0,SDAN_36,sciRED_32,1974,20,20,0.4225946775844422,0.009405746156087556
cd4_BL,2.0,SDAN_36,sciRED_33,1974,20,20,0.5425537359263051,0.011653587221895799
cd4_BL,2.0,SDAN_36,sciRED_34,1974,20,20,0.43689866939611055,0.010529610228452028
cd4_BL,2.0,SDAN_36,sciRED_35,1974,20,20,0.5074974411463664,0.012428325649344905
cd4_BL,2.0,SDAN_36,sciRED_36,1974,20,20,0.4561924257932446,0.00946254966641085
cd4_BL,2.0,SDAN_36,sciRED_37,1974,20,20,0.5851842374616172,0.020641024318246333
cd4_BL,2.0,SDAN_36,sciRED_38,1974,20,20,0.4940122824974411,0.010020988195040121
cd4_BL,2.0,SDAN_36,sciRED_39,1974,20,20,0.4809365404298874,0.010063602022286292
cd4_BL,2.0,SDAN_37,sciRED_0,1974,21,21,0.3747348401726282,0.008176797251000562
cd4_BL,2.0,SDAN_37,sciRED_1,1974,21,21,0.38795016214371053,0.008335447647694292
cd4_BL,2.0,SDAN_37,sciRED_2,1974,21,21,0.48313949235608217,0.010477371791455551
cd4_BL,2.0,SDAN_37,sciRED_3,1974,21,21,0.5355375124960379,0.018696978646514845
cd4_BL,2.0,SDAN_37,sciRED_4,1974,21,21,0.5049374588545095,0.010678612189997532
cd4_BL,2.0,SDAN_37,sciRED_5,1974,21,21,0.3610562504571721,0.008065451320900308
cd4_BL,2.0,SDAN_37,sciRED_6,1974,21,21,0.48055494599273396,0.011835419497197857
cd4_BL,2.0,SDAN_37,sciRED_7,1974,21,21,0.48065247604418115,0.012048437783913185
cd4_BL,2.0,SDAN_37,sciRED_8,1974,21,21,0.40557871894277425,0.00971278717057017
cd4_BL,2.0,SDAN_37,sciRED_9,1974,21,21,0.7691463682247093,0.031558101821423316
cd4_BL,2.0,SDAN_37,sciRED_10,1974,21,21,0.42369492599907344,0.009129994937699441
cd4_BL,2.0,SDAN_37,sciRED_11,1974,21,21,0.497281349815912,0.013918021693944082
cd4_BL,2.0,SDAN_37,sciRED_12,1974,21,21,0.49225855216638625,0.010225331314469482
cd4_BL,2.0,SDAN_37,sciRED_13,1974,21,21,0.5530929217565161,0.020749259220502136
cd4_BL,2.0,SDAN_37,sciRED_14,1974,21,21,0.8509740813888279,0.09548375108078241
cd4_BL,2.0,SDAN_37,sciRED_15,1974,21,21,0.47075317582230025,0.01157946482621933
cd4_BL,2.0,SDAN_37,sciRED_16,1974,21,21,0.4938677980152635,0.010610274447436466
cd4_BL,2.0,SDAN_37,sciRED_17,1974,21,21,0.5109599395313681,0.012226913450415778
cd4_BL,2.0,SDAN_37,sciRED_18,1974,21,21,0.42340233584473214,0.010064159962653373
cd4_BL,2.0,SDAN_37,sciRED_19,1974,21,21,0.46811986443322845,0.010412976871376139
cd4_BL,2.0,SDAN_37,sciRED_20,1974,21,21,0.35993465486553045,0.008071471067914053
cd4_BL,2.0,SDAN_37,sciRED_21,1974,21,21,0.4568063784653646,0.009467082777883142
cd4_BL,2.0,SDAN_37,sciRED_22,1974,21,21,0.38475605295881793,0.008409565336079908
cd4_BL,2.0,SDAN_37,sciRED_23,1974,21,21,0.4215492648672372,0.01402742137230318
cd4_BL,2.0,SDAN_37,sciRED_24,1974,21,21,0.3954843586179992,0.008433405616023846
cd4_BL,2.0,SDAN_37,sciRED_25,1974,21,21,0.37239411893789776,0.02051676579622915
cd4_BL,2.0,SDAN_37,sciRED_26,1974,21,21,0.43971423694926,0.009239406615969241
cd4_BL,2.0,SDAN_37,sciRED_27,1974,21,21,0.6153170945797674,0.019111501952123085
cd4_BL,2.0,SDAN_37,sciRED_28,1974,21,21,0.42949796406017604,0.009170983498790215
cd4_BL,2.0,SDAN_37,sciRED_29,1974,21,21,0.651964011411016,0.017629905204500924
cd4_BL,2.0,SDAN_37,sciRED_30,1974,21,21,0.5491185721600468,0.031310569993347276
cd4_BL,2.0,SDAN_37,sciRED_31,1974,21,21,0.4758491210104113,0.010676405483602307
cd4_BL,2.0,SDAN_37,sciRED_32,1974,21,21,0.5542876648867432,0.014108778387175006
cd4_BL,2.0,SDAN_37,sciRED_33,1974,21,21,0.5291736766391144,0.029344561558551488
cd4_BL,2.0,SDAN_37,sciRED_34,1974,21,21,0.4841879404091386,0.012179540727321324
cd4_BL,2.0,SDAN_37,sciRED_35,1974,21,21,0.40140930924341056,0.008997952002457899
cd4_BL,2.0,SDAN_37,sciRED_36,1974,21,21,0.40470094847975024,0.009528647707281127
cd4_BL,2.0,SDAN_37,sciRED_37,1974,21,21,0.48862555774998173,0.010295281594590443
cd4_BL,2.0,SDAN_37,sciRED_38,1974,21,21,0.4973301148416356,0.012590596843747207
cd4_BL,2.0,SDAN_37,sciRED_39,1974,21,21,0.5120815351230097,0.012190776287321308
cd4_BL,2.0,SDAN_38,sciRED_0,1974,20,18,0.585264712565326,0.012254474880077089
cd4_BL,2.0,SDAN_38,sciRED_1,1974,20,18,0.3441831401954102,0.006710462160476165
cd4_BL,2.0,SDAN_38,sciRED_2,1974,20,18,0.4353271983640082,0.008538948561365424
cd4_BL,2.0,SDAN_38,sciRED_3,1974,20,18,0.38920131788229945,0.0072638942815690475
cd4_BL,2.0,SDAN_38,sciRED_4,1974,20,18,0.8589525107930016,0.22721286795458526
cd4_BL,2.0,SDAN_38,sciRED_5,1974,20,18,0.6569813678709384,0.01824721410139587
cd4_BL,2.0,SDAN_38,sciRED_6,1974,20,18,0.39235401045217,0.007496249202639214
cd4_BL,2.0,SDAN_38,sciRED_7,1974,20,18,0.4856850715746422,0.00984340028182324
cd4_BL,2.0,SDAN_38,sciRED_8,1974,20,18,0.3983753692342649,0.007752837563309894
cd4_BL,2.0,SDAN_38,sciRED_9,1974,20,18,0.408571915473756,0.007577158017758061
cd4_BL,2.0,SDAN_38,sciRED_10,1974,20,18,0.42731765507839126,0.007979142741303225
cd4_BL,2.0,SDAN_38,sciRED_11,1974,20,18,0.6821177005226084,0.026238326523621174
cd4_BL,2.0,SDAN_38,sciRED_12,1974,20,18,0.4257271074755738,0.008083955968155728
cd4_BL,2.0,SDAN_38,sciRED_13,1974,20,18,0.46378663940013637,0.008685337100479102
cd4_BL,2.0,SDAN_38,sciRED_14,1974,20,18,0.3783231083844581,0.007235062902581321
cd4_BL,2.0,SDAN_38,sciRED_15,1974,20,18,0.597591456487162,0.011750842739714433
cd4_BL,2.0,SDAN_38,sciRED_16,1974,20,18,0.34966484889797766,0.0068950213399099555
cd4_BL,2.0,SDAN_38,sciRED_17,1974,20,18,0.3997955010224949,0.007745993007771138
cd4_BL,2.0,SDAN_38,sciRED_18,1974,20,18,0.5728811633719608,0.01174018920953706
cd4_BL,2.0,SDAN_38,sciRED_19,1974,20,18,0.49312656214496703,0.011036327960900531
cd4_BL,2.0,SDAN_38,sciRED_20,1974,20,18,0.8049591002044989,0.12210663748476977
cd4_BL,2.0,SDAN_38,sciRED_21,1974,20,18,0.5337139286525789,0.013354718491113422
cd4_BL,2.0,SDAN_38,sciRED_22,1974,20,18,0.3452056350829357,0.006772862179105539
cd4_BL,2.0,SDAN_38,sciRED_23,1974,20,18,0.5742160872528971,0.011336865264559796
cd4_BL,2.0,SDAN_38,sciRED_24,1974,20,18,0.5187741422403999,0.010594075662199182
cd4_BL,2.0,SDAN_38,sciRED_25,1974,20,18,0.6925414678482164,0.04466040033168932
cd4_BL,2.0,SDAN_38,sciRED_26,1974,20,18,0.5408713928652579,0.0255483845448818
cd4_BL,2.0,SDAN_38,sciRED_27,1974,20,18,0.4777891388320836,0.009418208214286388
cd4_BL,2.0,SDAN_38,sciRED_28,1974,20,18,0.37613610543058396,0.007111679803205547
cd4_BL,2.0,SDAN_38,sciRED_29,1974,20,18,0.42283003862758467,0.007628363344547608
cd4_BL,2.0,SDAN_38,sciRED_30,1974,20,18,0.551209952283572,0.01274512463341768
cd4_BL,2.0,SDAN_38,sciRED_31,1974,20,18,0.5733924108157237,0.012594357554260187
cd4_BL,2.0,SDAN_38,sciRED_32,1974,20,18,0.6009997727789138,0.012660025568172866
cd4_BL,2.0,SDAN_38,sciRED_33,1974,20,18,0.4950295387411952,0.00895289812935908
cd4_BL,2.0,SDAN_38,sciRED_34,1974,20,18,0.5335151102022267,0.010196403339300622
cd4_BL,2.0,SDAN_38,sciRED_35,1974,20,18,0.3736082708475346,0.00717539931762166
cd4_BL,2.0,SDAN_38,sciRED_36,1974,20,18,0.5201374687571007,0.00991425111213242
cd4_BL,2.0,SDAN_38,sciRED_37,1974,20,18,0.38724153601454214,0.007308798348435354
cd4_BL,2.0,SDAN_38,sciRED_38,1974,20,18,0.36528629856850714,0.006906903008060749
cd4_BL,2.0,SDAN_38,sciRED_39,1974,20,18,0.4326289479663713,0.00950109124649962
cd4_BL,2.0,SDAN_39,sciRED_0,1974,20,20,0.40898157625383824,0.00902342964311318
cd4_BL,2.0,SDAN_39,sciRED_1,1974,20,20,0.405424769703173,0.0082447848835711
cd4_BL,2.0,SDAN_39,sciRED_2,1974,20,20,0.5071392016376663,0.010312094246698341
cd4_BL,2.0,SDAN_39,sciRED_3,1974,20,20,0.5141248720573183,0.011740835189859793
cd4_BL,2.0,SDAN_39,sciRED_4,1974,20,20,0.41637666325486183,0.008509702848550378
cd4_BL,2.0,SDAN_39,sciRED_5,1974,20,20,0.5072415557830092,0.011431302552014595
cd4_BL,2.0,SDAN_39,sciRED_6,1974,20,20,0.5078300921187309,0.010263855929658089
cd4_BL,2.0,SDAN_39,sciRED_7,1974,20,20,0.4980296827021494,0.010237663439135458
cd4_BL,2.0,SDAN_39,sciRED_8,1974,20,20,0.5499744114636643,0.01519283392505326
cd4_BL,2.0,SDAN_39,sciRED_9,1974,20,20,0.4871545547594678,0.010652239690756628
cd4_BL,2.0,SDAN_39,sciRED_10,1974,20,20,0.4181678607983623,0.008371571644280805
cd4_BL,2.0,SDAN_39,sciRED_11,1974,20,20,0.5603633572159673,0.016183884555502917
cd4_BL,2.0,SDAN_39,sciRED_12,1974,20,20,0.5833930399181166,0.01893564589692255
cd4_BL,2.0,SDAN_39,sciRED_13,1974,20,20,0.5252814738996929,0.012498509107479426
cd4_BL,2.0,SDAN_39,sciRED_14,1974,20,20,0.49191402251791194,0.010104028440281274
cd4_BL,2.0,SDAN_39,sciRED_15,1974,20,20,0.49401228249744117,0.012341739010694158
cd4_BL,2.0,SDAN_39,sciRED_16,1974,20,20,0.4378966223132037,0.008804883956700819
cd4_BL,2.0,SDAN_39,sciRED_17,1974,20,20,0.44557318321392014,0.01102368429934911
cd4_BL,2.0,SDAN_39,sciRED_18,1974,20,20,0.4758188331627431,0.013655881332202306
cd4_BL,2.0,SDAN_39,sciRED_19,1974,20,20,0.48441658137154553,0.010216499668046185
cd4_BL,2.0,SDAN_39,sciRED_20,1974,20,20,0.5018167860798363,0.011616065070397669
cd4_BL,2.0,SDAN_39,sciRED_21,1974,20,20,0.553300921187308,0.01561297683052109
cd4_BL,2.0,SDAN_39,sciRED_22,1974,20,20,0.36596724667349023,0.007753809918819176
cd4_BL,2.0,SDAN_39,sciRED_23,1974,20,20,0.5105168884339816,0.011564483835370145
cd4_BL,2.0,SDAN_39,sciRED_24,1974,20,20,0.5196775844421699,0.013881672832010104
cd4_BL,2.0,SDAN_39,sciRED_25,1974,20,20,0.456064483111566,0.014871767653765862
cd4_BL,2.0,SDAN_39,sciRED_26,1974,20,20,0.33259979529170935,0.007383182524223511
cd4_BL,2.0,SDAN_39,sciRED_27,1974,20,20,0.4818833162743091,0.012799426258102979
cd4_BL,2.0,SDAN_39,sciRED_28,1974,20,20,0.5070880245649949,0.01684114948571424
cd4_BL,2.0,SDAN_39,sciRED_29,1974,20,20,0.3684493346980553,0.008726217424745742
cd4_BL,2.0,SDAN_39,sciRED_30,1974,20,20,0.5494370522006141,0.011987822127094212
cd4_BL,2.0,SDAN_39,sciRED_31,1974,20,20,0.4778147389969294,0.010106140046915294
cd4_BL,2.0,SDAN_39,sciRED_32,1974,20,20,0.4907113613101331,0.011035231507573226
cd4_BL,2.0,SDAN_39,sciRED_33,1974,20,20,0.43902251791197544,0.009309398967438397
cd4_BL,2.0,SDAN_39,sciRED_34,1974,20,20,0.5040174002047083,0.016391832817010645
cd4_BL,2.0,SDAN_39,sciRED_35,1974,20,20,0.581525076765609,0.016190535370976682
cd4_BL,2.0,SDAN_39,sciRED_36,1974,20,20,0.46519959058341864,0.026335927759150213
cd4_BL,2.0,SDAN_39,sciRED_37,1974,20,20,0.4923234390992835,0.012349517600943567
cd4_BL,2.0,SDAN_39,sciRED_38,1974,20,20,0.5298106448311157,0.013397167343152754
cd4_BL,2.0,SDAN_39,sciRED_39,1974,20,20,0.4732855680655067,0.020437957229928284
