cell_type,sdan_weight,program,factor,n_genes_overlap,n_program_genes_total,n_program_genes_overlap,auroc,average_precision
cd8_BL,2.0,SDAN_0,sciRED_0,1616,19,18,0.6452162425253789,0.018569223577572447
cd8_BL,2.0,SDAN_0,sciRED_1,1616,19,18,0.3605200945626478,0.008538105259151666
cd8_BL,2.0,SDAN_0,sciRED_2,1616,19,18,0.42740926157697123,0.009542630120279675
cd8_BL,2.0,SDAN_0,sciRED_3,1616,19,18,0.5742247253511333,0.014451507958701064
cd8_BL,2.0,SDAN_0,sciRED_4,1616,19,18,0.4792448894451398,0.01293354387877435
cd8_BL,2.0,SDAN_0,sciRED_5,1616,19,18,0.5358086497010152,0.01160354483478185
cd8_BL,2.0,SDAN_0,sciRED_6,1616,19,18,0.4566124322069254,0.009999730320298201
cd8_BL,2.0,SDAN_0,sciRED_7,1616,19,18,0.5487067167292449,0.014752571589917461
cd8_BL,2.0,SDAN_0,sciRED_8,1616,19,18,0.4500417188151857,0.011089750838184271
cd8_BL,2.0,SDAN_0,sciRED_9,1616,19,18,0.5174176053400084,0.014271356798910903
cd8_BL,2.0,SDAN_0,sciRED_10,1616,19,18,0.4054025865665415,0.009151742665355971
cd8_BL,2.0,SDAN_0,sciRED_11,1616,19,18,0.4325198164372131,0.01323821990056836
cd8_BL,2.0,SDAN_0,sciRED_12,1616,19,18,0.5573286052009456,0.014006126978341991
cd8_BL,2.0,SDAN_0,sciRED_13,1616,19,18,0.5559379780280908,0.014291112729020186
cd8_BL,2.0,SDAN_0,sciRED_14,1616,19,18,0.47608121262689473,0.012384521338315455
cd8_BL,2.0,SDAN_0,sciRED_15,1616,19,18,0.43276317619246274,0.009747737117584523
cd8_BL,2.0,SDAN_0,sciRED_16,1616,19,18,0.442358503685162,0.01117947695393074
cd8_BL,2.0,SDAN_0,sciRED_17,1616,19,18,0.47674176053400086,0.01329537220512983
cd8_BL,2.0,SDAN_0,sciRED_18,1616,19,18,0.5102558753998053,0.018104783893849043
cd8_BL,2.0,SDAN_0,sciRED_19,1616,19,18,0.5500625782227785,0.018628566568859674
cd8_BL,2.0,SDAN_0,sciRED_20,1616,19,18,0.5204074537616465,0.014349137510988184
cd8_BL,2.0,SDAN_0,sciRED_21,1616,19,18,0.44889445139758033,0.009983818077229156
cd8_BL,2.0,SDAN_0,sciRED_22,1616,19,18,0.5616395494367961,0.013342487247413297
cd8_BL,2.0,SDAN_0,sciRED_23,1616,19,18,0.46234876929495206,0.01074249314950208
cd8_BL,2.0,SDAN_0,sciRED_24,1616,19,18,0.5158531497705465,0.02934013827704965
cd8_BL,2.0,SDAN_0,sciRED_25,1616,19,18,0.5260047281323876,0.015835284792801566
cd8_BL,2.0,SDAN_0,sciRED_26,1616,19,18,0.5040328188012794,0.020254243908658025
cd8_BL,2.0,SDAN_0,sciRED_27,1616,19,18,0.4709011264080101,0.012889474413897331
cd8_BL,2.0,SDAN_0,sciRED_28,1616,19,18,0.545473508552357,0.03366231677912957
cd8_BL,2.0,SDAN_0,sciRED_29,1616,19,18,0.6025935196773745,0.05403827981203518
cd8_BL,2.0,SDAN_0,sciRED_30,1616,19,18,0.5777360589625922,0.015235124916703825
cd8_BL,2.0,SDAN_0,sciRED_31,1616,19,18,0.6176818245028508,0.017248419722888916
cd8_BL,2.0,SDAN_0,sciRED_32,1616,19,18,0.5544778194965929,0.016230774146305256
cd8_BL,2.0,SDAN_0,sciRED_33,1616,19,18,0.4713878459185093,0.02197445020048488
cd8_BL,2.0,SDAN_0,sciRED_34,1616,19,18,0.549749687108886,0.018345279618577816
cd8_BL,2.0,SDAN_0,sciRED_35,1616,19,18,0.501112501738284,0.03201428603900942
cd8_BL,2.0,SDAN_0,sciRED_36,1616,19,18,0.47698512028925044,0.010727177231679154
cd8_BL,2.0,SDAN_0,sciRED_37,1616,19,18,0.4755597274370742,0.01279633157939234
cd8_BL,2.0,SDAN_0,sciRED_38,1616,19,18,0.5322973160895564,0.012126494422593972
cd8_BL,2.0,SDAN_0,sciRED_39,1616,19,18,0.5564942288972327,0.01435766995251141
cd8_BL,2.0,SDAN_1,sciRED_0,1616,18,18,0.47875816993464054,0.010892606240707717
cd8_BL,2.0,SDAN_1,sciRED_1,1616,18,18,0.5277430120984564,0.011943480085470809
cd8_BL,2.0,SDAN_1,sciRED_2,1616,18,18,0.5415449867890418,0.01341302187147587
cd8_BL,2.0,SDAN_1,sciRED_3,1616,18,18,0.6175427617855653,0.017485057776352883
cd8_BL,2.0,SDAN_1,sciRED_4,1616,18,18,0.5175219023779725,0.011200572466497307
cd8_BL,2.0,SDAN_1,sciRED_5,1616,18,18,0.42146433041301623,0.011258141053949757
cd8_BL,2.0,SDAN_1,sciRED_6,1616,18,18,0.3397302183284661,0.008885709009973562
cd8_BL,2.0,SDAN_1,sciRED_7,1616,18,18,0.40783618411903766,0.00958792570416218
cd8_BL,2.0,SDAN_1,sciRED_8,1616,18,18,0.4139201780002781,0.009379115715561761
cd8_BL,2.0,SDAN_1,sciRED_9,1616,18,18,0.4770546516478932,0.01088033111902903
cd8_BL,2.0,SDAN_1,sciRED_10,1616,18,18,0.4330413016270338,0.009537294441863301
cd8_BL,2.0,SDAN_1,sciRED_11,1616,18,18,0.41225142539285226,0.009757097742897233
cd8_BL,2.0,SDAN_1,sciRED_12,1616,18,18,0.48598943123348637,0.010768469288194334
cd8_BL,2.0,SDAN_1,sciRED_13,1616,18,18,0.5064316506744542,0.012332106907253698
cd8_BL,2.0,SDAN_1,sciRED_14,1616,18,18,0.4822347378667779,0.011250806489243172
cd8_BL,2.0,SDAN_1,sciRED_15,1616,18,18,0.46864135725212075,0.011221115856239573
cd8_BL,2.0,SDAN_1,sciRED_16,1616,18,18,0.425810040328188,0.010523702805206918
cd8_BL,2.0,SDAN_1,sciRED_17,1616,18,18,0.43196356556807125,0.01016304496900647
cd8_BL,2.0,SDAN_1,sciRED_18,1616,18,18,0.547976637463496,0.015038045245662558
cd8_BL,2.0,SDAN_1,sciRED_19,1616,18,18,0.49203865943540537,0.012693734253181994
cd8_BL,2.0,SDAN_1,sciRED_20,1616,18,18,0.4964539007092198,0.012166632886648654
cd8_BL,2.0,SDAN_1,sciRED_21,1616,18,18,0.526213322208316,0.012708542278568786
cd8_BL,2.0,SDAN_1,sciRED_22,1616,18,18,0.5048671951049923,0.01646004269463453
cd8_BL,2.0,SDAN_1,sciRED_23,1616,18,18,0.5158531497705465,0.012993105773390235
cd8_BL,2.0,SDAN_1,sciRED_24,1616,18,18,0.4205604227506605,0.010474582478358876
cd8_BL,2.0,SDAN_1,sciRED_25,1616,18,18,0.605340008343763,0.02631371737852659
cd8_BL,2.0,SDAN_1,sciRED_26,1616,18,18,0.4662077596996246,0.011064102975848908
cd8_BL,2.0,SDAN_1,sciRED_27,1616,18,18,0.5179043248505075,0.014963654790598337
cd8_BL,2.0,SDAN_1,sciRED_28,1616,18,18,0.5386942010846891,0.01372257431765876
cd8_BL,2.0,SDAN_1,sciRED_29,1616,18,18,0.6372201362814629,0.015380440371183895
cd8_BL,2.0,SDAN_1,sciRED_30,1616,18,18,0.5224933945209289,0.014514012448224062
cd8_BL,2.0,SDAN_1,sciRED_31,1616,18,18,0.4739257405089696,0.011135827212933692
cd8_BL,2.0,SDAN_1,sciRED_32,1616,18,18,0.4736128493950772,0.01062403401101533
cd8_BL,2.0,SDAN_1,sciRED_33,1616,18,18,0.669482686691698,0.01949007249170831
cd8_BL,2.0,SDAN_1,sciRED_34,1616,18,18,0.5640731469892921,0.017954276241232112
cd8_BL,2.0,SDAN_1,sciRED_35,1616,18,18,0.6024196912807677,0.015874294752841276
cd8_BL,2.0,SDAN_1,sciRED_36,1616,18,18,0.48317341120845503,0.011834445268639936
cd8_BL,2.0,SDAN_1,sciRED_37,1616,18,18,0.45358781810596577,0.013411512561278083
cd8_BL,2.0,SDAN_1,sciRED_38,1616,18,18,0.5111250173828397,0.013683473842420704
cd8_BL,2.0,SDAN_1,sciRED_39,1616,18,18,0.5045195383117786,0.012631795077489606
cd8_BL,2.0,SDAN_2,sciRED_0,1616,18,18,0.581907940481157,0.014898996493909675
cd8_BL,2.0,SDAN_2,sciRED_1,1616,18,18,0.4025865665415102,0.009219917662715224
cd8_BL,2.0,SDAN_2,sciRED_2,1616,18,18,0.601063829787234,0.017628276946238426
cd8_BL,2.0,SDAN_2,sciRED_3,1616,18,18,0.508448060075094,0.011604392515666109
cd8_BL,2.0,SDAN_2,sciRED_4,1616,18,18,0.4756987901543597,0.011402548104059678
cd8_BL,2.0,SDAN_2,sciRED_5,1616,18,18,0.5934501460158532,0.030408487627871662
cd8_BL,2.0,SDAN_2,sciRED_6,1616,18,18,0.5726602697816715,0.015021155776184219
cd8_BL,2.0,SDAN_2,sciRED_7,1616,18,18,0.5316715338617717,0.012977907446151453
cd8_BL,2.0,SDAN_2,sciRED_8,1616,18,18,0.5647684605757196,0.013331501926365725
cd8_BL,2.0,SDAN_2,sciRED_9,1616,18,18,0.6437908496732027,0.023485428265878645
cd8_BL,2.0,SDAN_2,sciRED_10,1616,18,18,0.5208594075928243,0.011612363186060173
cd8_BL,2.0,SDAN_2,sciRED_11,1616,18,18,0.512167987762481,0.014496396148547228
cd8_BL,2.0,SDAN_2,sciRED_12,1616,18,18,0.46540814907523287,0.011678568719945994
cd8_BL,2.0,SDAN_2,sciRED_13,1616,18,18,0.5303156723682381,0.012779350882761591
cd8_BL,2.0,SDAN_2,sciRED_14,1616,18,18,0.520268391044361,0.013388021572209106
cd8_BL,2.0,SDAN_2,sciRED_15,1616,18,18,0.40300375469336674,0.009401527183078084
cd8_BL,2.0,SDAN_2,sciRED_16,1616,18,18,0.32415519399249065,0.008929970132359855
cd8_BL,2.0,SDAN_2,sciRED_17,1616,18,18,0.5210332359894312,0.019683991113347787
cd8_BL,2.0,SDAN_2,sciRED_18,1616,18,18,0.5110902517035183,0.012726468165084024
cd8_BL,2.0,SDAN_2,sciRED_19,1616,18,18,0.42800027812543456,0.009934772708724376
cd8_BL,2.0,SDAN_2,sciRED_20,1616,18,18,0.5549297733277709,0.013355939380062808
cd8_BL,2.0,SDAN_2,sciRED_21,1616,18,18,0.4826519260186344,0.011344619129759922
cd8_BL,2.0,SDAN_2,sciRED_22,1616,18,18,0.5774579335280211,0.016222026407544898
cd8_BL,2.0,SDAN_2,sciRED_23,1616,18,18,0.486615213461271,0.011432552009359505
cd8_BL,2.0,SDAN_2,sciRED_24,1616,18,18,0.5872618550966486,0.013967458405630712
cd8_BL,2.0,SDAN_2,sciRED_25,1616,18,18,0.4761159783062161,0.011511241666643655
cd8_BL,2.0,SDAN_2,sciRED_26,1616,18,18,0.5933806146572104,0.015186578166168106
cd8_BL,2.0,SDAN_2,sciRED_27,1616,18,18,0.48014879710749553,0.015085021272707173
cd8_BL,2.0,SDAN_2,sciRED_28,1616,18,18,0.4852941176470588,0.01153142760123006
cd8_BL,2.0,SDAN_2,sciRED_29,1616,18,18,0.5891392017800027,0.01639721735673917
cd8_BL,2.0,SDAN_2,sciRED_30,1616,18,18,0.488005840634126,0.011230560031779704
cd8_BL,2.0,SDAN_2,sciRED_31,1616,18,18,0.410095953274927,0.011272503938983129
cd8_BL,2.0,SDAN_2,sciRED_32,1616,18,18,0.4389514671116674,0.011519096490755642
cd8_BL,2.0,SDAN_2,sciRED_33,1616,18,18,0.47524683632318176,0.02223199914908039
cd8_BL,2.0,SDAN_2,sciRED_34,1616,18,18,0.5460992907801419,0.0142252569818502
cd8_BL,2.0,SDAN_2,sciRED_35,1616,18,18,0.49923515505492977,0.022880429871488524
cd8_BL,2.0,SDAN_2,sciRED_36,1616,18,18,0.5082394659991656,0.016798284847665265
cd8_BL,2.0,SDAN_2,sciRED_37,1616,18,18,0.44388819357530246,0.01165433692685895
cd8_BL,2.0,SDAN_2,sciRED_38,1616,18,18,0.5330273953553053,0.0176795601170602
cd8_BL,2.0,SDAN_2,sciRED_39,1616,18,18,0.47628980670282295,0.012273007124817568
cd8_BL,2.0,SDAN_3,sciRED_0,1616,18,18,0.36921151439299127,0.012182060902897408
cd8_BL,2.0,SDAN_3,sciRED_1,1616,18,18,0.5046586010290641,0.011463957339852834
cd8_BL,2.0,SDAN_3,sciRED_2,1616,18,18,0.5101515783618412,0.011724125153666928
cd8_BL,2.0,SDAN_3,sciRED_3,1616,18,18,0.5473508552357114,0.012359538999729715
cd8_BL,2.0,SDAN_3,sciRED_4,1616,18,18,0.4576206369072452,0.011752065481339568
cd8_BL,2.0,SDAN_3,sciRED_5,1616,18,18,0.5943192879988874,0.015939248364413423
cd8_BL,2.0,SDAN_3,sciRED_6,1616,18,18,0.5065359477124183,0.016936891033648194
cd8_BL,2.0,SDAN_3,sciRED_7,1616,18,18,0.5009734390209986,0.018186780302332138
cd8_BL,2.0,SDAN_3,sciRED_8,1616,18,18,0.4604018912529551,0.010708368179506444
cd8_BL,2.0,SDAN_3,sciRED_9,1616,18,18,0.4760812126268947,0.011514547517894021
cd8_BL,2.0,SDAN_3,sciRED_10,1616,18,18,0.44715616743151165,0.009867461675577482
cd8_BL,2.0,SDAN_3,sciRED_11,1616,18,18,0.6077040745376164,0.023493105980991788
cd8_BL,2.0,SDAN_3,sciRED_12,1616,18,18,0.4481991378111529,0.010228910342618688
cd8_BL,2.0,SDAN_3,sciRED_13,1616,18,18,0.46116673619802534,0.010040002969184026
cd8_BL,2.0,SDAN_3,sciRED_14,1616,18,18,0.624774023084411,0.01866920556069873
cd8_BL,2.0,SDAN_3,sciRED_15,1616,18,18,0.48324294256709777,0.012128598447815669
cd8_BL,2.0,SDAN_3,sciRED_16,1616,18,18,0.5558684466694479,0.014030625970100949
cd8_BL,2.0,SDAN_3,sciRED_17,1616,18,18,0.4899179529968016,0.015916369780366958
cd8_BL,2.0,SDAN_3,sciRED_18,1616,18,18,0.45692532332081776,0.010642572422500062
cd8_BL,2.0,SDAN_3,sciRED_19,1616,18,18,0.4740300375469336,0.017602013674447747
cd8_BL,2.0,SDAN_3,sciRED_20,1616,18,18,0.42737449589764975,0.01658365077810032
cd8_BL,2.0,SDAN_3,sciRED_21,1616,18,18,0.5348699763593381,0.015755220308114395
cd8_BL,2.0,SDAN_3,sciRED_22,1616,18,18,0.4737519121123626,0.019909638195068052
cd8_BL,2.0,SDAN_3,sciRED_23,1616,18,18,0.4454178834654429,0.009697751540884538
cd8_BL,2.0,SDAN_3,sciRED_24,1616,18,18,0.6885342789598109,0.09102760249007812
cd8_BL,2.0,SDAN_3,sciRED_25,1616,18,18,0.682415519399249,0.02005136663574434
cd8_BL,2.0,SDAN_3,sciRED_26,1616,18,18,0.660095953274927,0.0372654146091511
cd8_BL,2.0,SDAN_3,sciRED_27,1616,18,18,0.6196287025448477,0.04795288823504054
cd8_BL,2.0,SDAN_3,sciRED_28,1616,18,18,0.4817480183562787,0.012497006931037832
cd8_BL,2.0,SDAN_3,sciRED_29,1616,18,18,0.4590460297594215,0.010532752511632625
cd8_BL,2.0,SDAN_3,sciRED_30,1616,18,18,0.5491239048811015,0.01917447535329641
cd8_BL,2.0,SDAN_3,sciRED_31,1616,18,18,0.47375191211236267,0.012171740488099244
cd8_BL,2.0,SDAN_3,sciRED_32,1616,18,18,0.5246141009595328,0.011835299221563518
cd8_BL,2.0,SDAN_3,sciRED_33,1616,18,18,0.4732999582811848,0.0151787431518633
cd8_BL,2.0,SDAN_3,sciRED_34,1616,18,18,0.45240578500903905,0.010409927095284387
cd8_BL,2.0,SDAN_3,sciRED_35,1616,18,18,0.5902169378389653,0.01684399393676423
cd8_BL,2.0,SDAN_3,sciRED_36,1616,18,18,0.44670421360033374,0.011835229293969535
cd8_BL,2.0,SDAN_3,sciRED_37,1616,18,18,0.5677235433180364,0.015517169836349798
cd8_BL,2.0,SDAN_3,sciRED_38,1616,18,18,0.5080656376025587,0.011366634530792157
cd8_BL,2.0,SDAN_3,sciRED_39,1616,18,18,0.4238979279655124,0.010717355620178861
cd8_BL,2.0,SDAN_4,sciRED_0,1616,18,17,0.6075120479711584,0.024970535180112628
cd8_BL,2.0,SDAN_4,sciRED_1,1616,18,17,0.5138137806717433,0.012825550692607456
cd8_BL,2.0,SDAN_4,sciRED_2,1616,18,17,0.43446271566788064,0.009076505370091727
cd8_BL,2.0,SDAN_4,sciRED_3,1616,18,17,0.44009123349152046,0.009492255506218315
cd8_BL,2.0,SDAN_4,sciRED_4,1616,18,17,0.7512415848140381,0.02808492851003132
cd8_BL,2.0,SDAN_4,sciRED_5,1616,18,17,0.6440422322775264,0.12569938670529673
cd8_BL,2.0,SDAN_4,sciRED_6,1616,18,17,0.6065555678181216,0.013714638573105304
cd8_BL,2.0,SDAN_4,sciRED_7,1616,18,17,0.6244343891402715,0.01922219660377293
cd8_BL,2.0,SDAN_4,sciRED_8,1616,18,17,0.5037707390648567,0.011370524846742927
cd8_BL,2.0,SDAN_4,sciRED_9,1616,18,17,0.5948202920943236,0.01457083495402764
cd8_BL,2.0,SDAN_4,sciRED_10,1616,18,17,0.4351984696317551,0.009393397684479433
cd8_BL,2.0,SDAN_4,sciRED_11,1616,18,17,0.5888606849869403,0.015118422156752017
cd8_BL,2.0,SDAN_4,sciRED_12,1616,18,17,0.4406062612662326,0.009596519532202476
cd8_BL,2.0,SDAN_4,sciRED_13,1616,18,17,0.43843578707280284,0.00964854186878776
cd8_BL,2.0,SDAN_4,sciRED_14,1616,18,17,0.48438362211676417,0.018891627681217545
cd8_BL,2.0,SDAN_4,sciRED_15,1616,18,17,0.5012691755876835,0.010731659256107792
cd8_BL,2.0,SDAN_4,sciRED_16,1616,18,17,0.43814148548725307,0.010610962701931351
cd8_BL,2.0,SDAN_4,sciRED_17,1616,18,17,0.5200309016664827,0.011683188441048825
cd8_BL,2.0,SDAN_4,sciRED_18,1616,18,17,0.66541588492808,0.026937835690262497
cd8_BL,2.0,SDAN_4,sciRED_19,1616,18,17,0.5474009491226134,0.020368905996573556
cd8_BL,2.0,SDAN_4,sciRED_20,1616,18,17,0.5993819666703454,0.018843554045386804
cd8_BL,2.0,SDAN_4,sciRED_21,1616,18,17,0.5554574550270389,0.016397587690555847
cd8_BL,2.0,SDAN_4,sciRED_22,1616,18,17,0.37677960490012136,0.008203067979554106
cd8_BL,2.0,SDAN_4,sciRED_23,1616,18,17,0.41551705109811277,0.008822854813863325
cd8_BL,2.0,SDAN_4,sciRED_24,1616,18,17,0.5986094250082772,0.09473436187318887
cd8_BL,2.0,SDAN_4,sciRED_25,1616,18,17,0.6102711253356877,0.023211113096473397
cd8_BL,2.0,SDAN_4,sciRED_26,1616,18,17,0.5547584887613582,0.03820242780068851
cd8_BL,2.0,SDAN_4,sciRED_27,1616,18,17,0.4876577272560056,0.015611814260563694
cd8_BL,2.0,SDAN_4,sciRED_28,1616,18,17,0.6165250340286209,0.015295505520255425
cd8_BL,2.0,SDAN_4,sciRED_29,1616,18,17,0.5748445719751315,0.020222762586321906
cd8_BL,2.0,SDAN_4,sciRED_30,1616,18,17,0.5594305264319611,0.026464348268233403
cd8_BL,2.0,SDAN_4,sciRED_31,1616,18,17,0.5630725085531398,0.014682384122118565
cd8_BL,2.0,SDAN_4,sciRED_32,1616,18,17,0.618621932825663,0.08326223634178645
cd8_BL,2.0,SDAN_4,sciRED_33,1616,18,17,0.5294485524040762,0.012990107274928178
cd8_BL,2.0,SDAN_4,sciRED_34,1616,18,17,0.5514108082257293,0.03184842199910063
cd8_BL,2.0,SDAN_4,sciRED_35,1616,18,17,0.4499871243056322,0.010281721758606463
cd8_BL,2.0,SDAN_4,sciRED_36,1616,18,17,0.6129566273038295,0.014437836186797769
cd8_BL,2.0,SDAN_4,sciRED_37,1616,18,17,0.5882720818158408,0.014494698156048166
cd8_BL,2.0,SDAN_4,sciRED_38,1616,18,17,0.49170437405731526,0.011461898833294308
cd8_BL,2.0,SDAN_4,sciRED_39,1616,18,17,0.5964021631166537,0.025003644784055076
cd8_BL,2.0,SDAN_5,sciRED_0,1616,17,17,0.46713019166390757,0.01055401851350862
cd8_BL,2.0,SDAN_5,sciRED_1,1616,17,17,0.5034396497811131,0.010311497462875914
cd8_BL,2.0,SDAN_5,sciRED_2,1616,17,17,0.5034764374793069,0.010730178528360057
cd8_BL,2.0,SDAN_5,sciRED_3,1616,17,17,0.5911047345767575,0.01508641416486568
cd8_BL,2.0,SDAN_5,sciRED_4,1616,17,17,0.5359231872861715,0.012969059923173683
cd8_BL,2.0,SDAN_5,sciRED_5,1616,17,17,0.42769377920023544,0.00938477398182046
cd8_BL,2.0,SDAN_5,sciRED_6,1616,17,17,0.4412316521355259,0.011387882035583313
cd8_BL,2.0,SDAN_5,sciRED_7,1616,17,17,0.66916823014384,0.03772076420971713
cd8_BL,2.0,SDAN_5,sciRED_8,1616,17,17,0.5191847846080271,0.010786519966054127
cd8_BL,2.0,SDAN_5,sciRED_9,1616,17,17,0.5178236397748592,0.011332447222374326
cd8_BL,2.0,SDAN_5,sciRED_10,1616,17,17,0.35893757127616527,0.008142235071906251
cd8_BL,2.0,SDAN_5,sciRED_11,1616,17,17,0.5135194790861936,0.014672892835338272
cd8_BL,2.0,SDAN_5,sciRED_12,1616,17,17,0.503071772799176,0.014484686137016556
cd8_BL,2.0,SDAN_5,sciRED_13,1616,17,17,0.4887245705036236,0.010432192392255239
cd8_BL,2.0,SDAN_5,sciRED_14,1616,17,17,0.5716072545340838,0.015241631572845507
cd8_BL,2.0,SDAN_5,sciRED_15,1616,17,17,0.5049847331052496,0.013576914166617582
cd8_BL,2.0,SDAN_5,sciRED_16,1616,17,17,0.5018209910605893,0.012625701320897697
cd8_BL,2.0,SDAN_5,sciRED_17,1616,17,17,0.62649450023912,0.018993561283246325
cd8_BL,2.0,SDAN_5,sciRED_18,1616,17,17,0.6109700916013685,0.02842218372452492
cd8_BL,2.0,SDAN_5,sciRED_19,1616,17,17,0.7322223448478828,0.0318651376734099
cd8_BL,2.0,SDAN_5,sciRED_20,1616,17,17,0.5952617444726485,0.0491288828224683
cd8_BL,2.0,SDAN_5,sciRED_21,1616,17,17,0.47423021741529636,0.010119450645429046
cd8_BL,2.0,SDAN_5,sciRED_22,1616,17,17,0.38932420998418127,0.009631999730229195
cd8_BL,2.0,SDAN_5,sciRED_23,1616,17,17,0.4406062612662326,0.01056264163505738
cd8_BL,2.0,SDAN_5,sciRED_24,1616,17,17,0.5793694588529595,0.025676897766682274
cd8_BL,2.0,SDAN_5,sciRED_25,1616,17,17,0.5693632049442667,0.017285542716696516
cd8_BL,2.0,SDAN_5,sciRED_26,1616,17,17,0.5042857668395688,0.01054728916112773
cd8_BL,2.0,SDAN_5,sciRED_27,1616,17,17,0.44443218187837985,0.011157443784632879
cd8_BL,2.0,SDAN_5,sciRED_28,1616,17,17,0.7185741088180113,0.030397688840615476
cd8_BL,2.0,SDAN_5,sciRED_29,1616,17,17,0.5004598462274217,0.013133949705417926
cd8_BL,2.0,SDAN_5,sciRED_30,1616,17,17,0.4735312511496156,0.01286594029210894
cd8_BL,2.0,SDAN_5,sciRED_31,1616,17,17,0.43689070374866645,0.009121197257594891
cd8_BL,2.0,SDAN_5,sciRED_32,1616,17,17,0.5249972409226354,0.015117173948662955
cd8_BL,2.0,SDAN_5,sciRED_33,1616,17,17,0.5432807269249164,0.024985709679196375
cd8_BL,2.0,SDAN_5,sciRED_34,1616,17,17,0.5571129014457565,0.018422762815046026
cd8_BL,2.0,SDAN_5,sciRED_35,1616,17,17,0.6585365853658537,0.022652704660902554
cd8_BL,2.0,SDAN_5,sciRED_36,1616,17,17,0.48614943163006286,0.012928959760802761
cd8_BL,2.0,SDAN_5,sciRED_37,1616,17,17,0.5354449472096531,0.01904347582438956
cd8_BL,2.0,SDAN_5,sciRED_38,1616,17,17,0.5515211713203105,0.016119852316359
cd8_BL,2.0,SDAN_5,sciRED_39,1616,17,17,0.6420556965750653,0.06823000558478558
cd8_BL,2.0,SDAN_6,sciRED_0,1616,18,18,0.5498887498261716,0.01926899826738339
cd8_BL,2.0,SDAN_6,sciRED_1,1616,18,18,0.4404811570018078,0.009767516450312055
cd8_BL,2.0,SDAN_6,sciRED_2,1616,18,18,0.40446391322486447,0.009000349438497614
cd8_BL,2.0,SDAN_6,sciRED_3,1616,18,18,0.5797177026839104,0.020591176288449482
cd8_BL,2.0,SDAN_6,sciRED_4,1616,18,18,0.48265192601863444,0.01750832974328063
cd8_BL,2.0,SDAN_6,sciRED_5,1616,18,18,0.39073146989292173,0.008887206206356283
cd8_BL,2.0,SDAN_6,sciRED_6,1616,18,18,0.42111667361980254,0.010767009901887621
cd8_BL,2.0,SDAN_6,sciRED_7,1616,18,18,0.5397719371436518,0.013463777827355273
cd8_BL,2.0,SDAN_6,sciRED_8,1616,18,18,0.4496245306633292,0.010499323840735344
cd8_BL,2.0,SDAN_6,sciRED_9,1616,18,18,0.5208941732721457,0.01184366900572545
cd8_BL,2.0,SDAN_6,sciRED_10,1616,18,18,0.32891809205951883,0.007982621805996274
cd8_BL,2.0,SDAN_6,sciRED_11,1616,18,18,0.5170004171881518,0.01228419705319394
cd8_BL,2.0,SDAN_6,sciRED_12,1616,18,18,0.5851411486580448,0.017533953380528877
cd8_BL,2.0,SDAN_6,sciRED_13,1616,18,18,0.5669586983729662,0.014835687314456277
cd8_BL,2.0,SDAN_6,sciRED_14,1616,18,18,0.5033027395355305,0.011243245584266023
cd8_BL,2.0,SDAN_6,sciRED_15,1616,18,18,0.3828744263662912,0.008679185601298064
cd8_BL,2.0,SDAN_6,sciRED_16,1616,18,18,0.5418231122236128,0.01419997414443261
cd8_BL,2.0,SDAN_6,sciRED_17,1616,18,18,0.37679043248505084,0.009367945071773444
cd8_BL,2.0,SDAN_6,sciRED_18,1616,18,18,0.5698790154359616,0.014739535301550491
cd8_BL,2.0,SDAN_6,sciRED_19,1616,18,18,0.4928035043804756,0.013829866792357648
cd8_BL,2.0,SDAN_6,sciRED_20,1616,18,18,0.40401195939368656,0.009725236942216466
cd8_BL,2.0,SDAN_6,sciRED_21,1616,18,18,0.5532610207203449,0.013571490037987818
cd8_BL,2.0,SDAN_6,sciRED_22,1616,18,18,0.49447225698790154,0.011384466262879454
cd8_BL,2.0,SDAN_6,sciRED_23,1616,18,18,0.44100264219162844,0.009978291326130567
cd8_BL,2.0,SDAN_6,sciRED_24,1616,18,18,0.5949103045473508,0.020462918437427282
cd8_BL,2.0,SDAN_6,sciRED_25,1616,18,18,0.44816437213183147,0.009836090083677106
cd8_BL,2.0,SDAN_6,sciRED_26,1616,18,18,0.5589625921290502,0.031900820177395914
cd8_BL,2.0,SDAN_6,sciRED_27,1616,18,18,0.48018356278681684,0.01340180880352824
cd8_BL,2.0,SDAN_6,sciRED_28,1616,18,18,0.6485885134195521,0.01857774896567589
cd8_BL,2.0,SDAN_6,sciRED_29,1616,18,18,0.36903768599638437,0.008913189527157243
cd8_BL,2.0,SDAN_6,sciRED_30,1616,18,18,0.5102558753998053,0.013570669371869393
cd8_BL,2.0,SDAN_6,sciRED_31,1616,18,18,0.49548046168822135,0.012892427315820538
cd8_BL,2.0,SDAN_6,sciRED_32,1616,18,18,0.5696008900013906,0.013204758291433498
cd8_BL,2.0,SDAN_6,sciRED_33,1616,18,18,0.6530732860520094,0.020128859938542885
cd8_BL,2.0,SDAN_6,sciRED_34,1616,18,18,0.518773466833542,0.018375765165259777
cd8_BL,2.0,SDAN_6,sciRED_35,1616,18,18,0.5034765679321375,0.01182302853717713
cd8_BL,2.0,SDAN_6,sciRED_36,1616,18,18,0.4424280350438048,0.01965276410354788
cd8_BL,2.0,SDAN_6,sciRED_37,1616,18,18,0.4803573911834238,0.012575006643251334
cd8_BL,2.0,SDAN_6,sciRED_38,1616,18,18,0.42122097065776665,0.010756304893636558
cd8_BL,2.0,SDAN_6,sciRED_39,1616,18,18,0.5167918231122236,0.014109672740894894
cd8_BL,2.0,SDAN_7,sciRED_0,1616,18,17,0.47901261818048047,0.009859483704865377
cd8_BL,2.0,SDAN_7,sciRED_1,1616,18,17,0.6164882463304271,0.014960106864040907
cd8_BL,2.0,SDAN_7,sciRED_2,1616,18,17,0.6738770555126365,0.026487887245655154
cd8_BL,2.0,SDAN_7,sciRED_3,1616,18,17,0.5394180186145753,0.011454837017074934
cd8_BL,2.0,SDAN_7,sciRED_4,1616,18,17,0.6214545855865798,0.015219756086087468
cd8_BL,2.0,SDAN_7,sciRED_5,1616,18,17,0.6867895375786338,0.03552074025460062
cd8_BL,2.0,SDAN_7,sciRED_6,1616,18,17,0.49398521134532614,0.011765030321291317
cd8_BL,2.0,SDAN_7,sciRED_7,1616,18,17,0.4680866718169444,0.009877553660860731
cd8_BL,2.0,SDAN_7,sciRED_8,1616,18,17,0.5959607107383291,0.04852060079990781
cd8_BL,2.0,SDAN_7,sciRED_9,1616,18,17,0.4445057572747673,0.015234255234317507
cd8_BL,2.0,SDAN_7,sciRED_10,1616,18,17,0.578633704889085,0.012934165439370492
cd8_BL,2.0,SDAN_7,sciRED_11,1616,18,17,0.4284295331641099,0.01053878068342362
cd8_BL,2.0,SDAN_7,sciRED_12,1616,18,17,0.4839053820402457,0.013566745795529925
cd8_BL,2.0,SDAN_7,sciRED_13,1616,18,17,0.43365338630761874,0.009814247653573735
cd8_BL,2.0,SDAN_7,sciRED_14,1616,18,17,0.45502703895817237,0.010368723723348482
cd8_BL,2.0,SDAN_7,sciRED_15,1616,18,17,0.46032446749806866,0.010307250960675803
cd8_BL,2.0,SDAN_7,sciRED_16,1616,18,17,0.548798881653975,0.013155759726898347
cd8_BL,2.0,SDAN_7,sciRED_17,1616,18,17,0.6045322444174668,0.016332023284616776
cd8_BL,2.0,SDAN_7,sciRED_18,1616,18,17,0.4923665526248023,0.011992377642046803
cd8_BL,2.0,SDAN_7,sciRED_19,1616,18,17,0.5077438104697789,0.013577679747888824
cd8_BL,2.0,SDAN_7,sciRED_20,1616,18,17,0.48714269948129346,0.010554541751472732
cd8_BL,2.0,SDAN_7,sciRED_21,1616,18,17,0.4625317293896921,0.010415363076487964
cd8_BL,2.0,SDAN_7,sciRED_22,1616,18,17,0.5262848103594159,0.01193018472447258
cd8_BL,2.0,SDAN_7,sciRED_23,1616,18,17,0.5887503218923592,0.020454865468685808
cd8_BL,2.0,SDAN_7,sciRED_24,1616,18,17,0.4110289519184785,0.0087923853756455
cd8_BL,2.0,SDAN_7,sciRED_25,1616,18,17,0.6917558768347865,0.0554880572480216
cd8_BL,2.0,SDAN_7,sciRED_26,1616,18,17,0.5673398815436119,0.014493051799809704
cd8_BL,2.0,SDAN_7,sciRED_27,1616,18,17,0.5533237685318029,0.013812363013999324
cd8_BL,2.0,SDAN_7,sciRED_28,1616,18,17,0.47084574918147376,0.009866602284499358
cd8_BL,2.0,SDAN_7,sciRED_29,1616,18,17,0.4150020233234007,0.009133628437812897
cd8_BL,2.0,SDAN_7,sciRED_30,1616,18,17,0.6234779089872347,0.017102943497673963
cd8_BL,2.0,SDAN_7,sciRED_31,1616,18,17,0.5533973439281904,0.014372355361977973
cd8_BL,2.0,SDAN_7,sciRED_32,1616,18,17,0.4827649633962403,0.015729688200447497
cd8_BL,2.0,SDAN_7,sciRED_33,1616,18,17,0.46690946547474527,0.009744778314295991
cd8_BL,2.0,SDAN_7,sciRED_34,1616,18,17,0.40219990435198466,0.009049976973240559
cd8_BL,2.0,SDAN_7,sciRED_35,1616,18,17,0.5064930287311923,0.010333629065333107
cd8_BL,2.0,SDAN_7,sciRED_36,1616,18,17,0.5513372328293419,0.012236898872889573
cd8_BL,2.0,SDAN_7,sciRED_37,1616,18,17,0.5190008461170584,0.015179174930958963
cd8_BL,2.0,SDAN_7,sciRED_38,1616,18,17,0.4890188720891734,0.010363274533484877
cd8_BL,2.0,SDAN_7,sciRED_39,1616,18,17,0.5486517308612,0.03324721524550733
cd8_BL,2.0,SDAN_8,sciRED_0,1616,19,19,0.682760438980984,0.08632900176205213
cd8_BL,2.0,SDAN_8,sciRED_1,1616,19,19,0.5492535345878785,0.013904749912009849
cd8_BL,2.0,SDAN_8,sciRED_2,1616,19,19,0.40737567148930565,0.009764692789248033
cd8_BL,2.0,SDAN_8,sciRED_3,1616,19,19,0.44079359325050255,0.010737613064946167
cd8_BL,2.0,SDAN_8,sciRED_4,1616,19,19,0.5366970965296773,0.013786189856851193
cd8_BL,2.0,SDAN_8,sciRED_5,1616,19,19,0.44771446462116465,0.010505990563889359
cd8_BL,2.0,SDAN_8,sciRED_6,1616,19,19,0.445704116270639,0.010560183864309073
cd8_BL,2.0,SDAN_8,sciRED_7,1616,19,19,0.7618561117885508,0.07169859226695274
cd8_BL,2.0,SDAN_8,sciRED_8,1616,19,19,0.5744652802952905,0.015174041455774681
cd8_BL,2.0,SDAN_8,sciRED_9,1616,19,19,0.5344560524667963,0.019301975497201015
cd8_BL,2.0,SDAN_8,sciRED_10,1616,19,19,0.4001252348152786,0.011901634178977988
cd8_BL,2.0,SDAN_8,sciRED_11,1616,19,19,0.6040602445374551,0.024507463099254535
cd8_BL,2.0,SDAN_8,sciRED_12,1616,19,19,0.5841215436838809,0.017925160845345442
cd8_BL,2.0,SDAN_8,sciRED_13,1616,19,19,0.7178921003196783,0.03523031358843323
cd8_BL,2.0,SDAN_8,sciRED_14,1616,19,19,0.5950631117555943,0.02172346975988332
cd8_BL,2.0,SDAN_8,sciRED_15,1616,19,19,0.5167254391457667,0.01268567277477805
cd8_BL,2.0,SDAN_8,sciRED_16,1616,19,19,0.5311933559634842,0.013279941579174323
cd8_BL,2.0,SDAN_8,sciRED_17,1616,19,19,0.6587351283656857,0.03623940502081056
cd8_BL,2.0,SDAN_8,sciRED_18,1616,19,19,0.6496720825231519,0.02822000288584373
cd8_BL,2.0,SDAN_8,sciRED_19,1616,19,19,0.5830998912434499,0.02121330731322511
cd8_BL,2.0,SDAN_8,sciRED_20,1616,19,19,0.8040404706192532,0.06677499052025304
cd8_BL,2.0,SDAN_8,sciRED_21,1616,19,19,0.5129024816267344,0.012795545896115663
cd8_BL,2.0,SDAN_8,sciRED_22,1616,19,19,0.519460831163695,0.014039057976546896
cd8_BL,2.0,SDAN_8,sciRED_23,1616,19,19,0.3547440925419372,0.009490731321657904
cd8_BL,2.0,SDAN_8,sciRED_24,1616,19,19,0.5028177833437695,0.014461073137791894
cd8_BL,2.0,SDAN_8,sciRED_25,1616,19,19,0.4406617671291566,0.0110905506872074
cd8_BL,2.0,SDAN_8,sciRED_26,1616,19,19,0.41495567346669743,0.010632912151422685
cd8_BL,2.0,SDAN_8,sciRED_27,1616,19,19,0.4908875193619615,0.012579216681372775
cd8_BL,2.0,SDAN_8,sciRED_28,1616,19,19,0.5135616122334641,0.01419048061825718
cd8_BL,2.0,SDAN_8,sciRED_29,1616,19,19,0.4879543881620143,0.012348075072084352
cd8_BL,2.0,SDAN_8,sciRED_30,1616,19,19,0.3879313185907788,0.009563276446361199
cd8_BL,2.0,SDAN_8,sciRED_31,1616,19,19,0.42652341561480406,0.010172738298267883
cd8_BL,2.0,SDAN_8,sciRED_32,1616,19,19,0.41030880268925285,0.016064092636632176
cd8_BL,2.0,SDAN_8,sciRED_33,1616,19,19,0.48722934449461164,0.014665232871211277
cd8_BL,2.0,SDAN_8,sciRED_34,1616,19,19,0.5744652802952905,0.013978344200079486
cd8_BL,2.0,SDAN_8,sciRED_35,1616,19,19,0.45868898922321455,0.010516530997813214
cd8_BL,2.0,SDAN_8,sciRED_36,1616,19,19,0.4879873446923508,0.014624225249722003
cd8_BL,2.0,SDAN_8,sciRED_37,1616,19,19,0.5607883202056487,0.015034608921514474
cd8_BL,2.0,SDAN_8,sciRED_38,1616,19,19,0.525425963154599,0.013809851239452667
cd8_BL,2.0,SDAN_8,sciRED_39,1616,19,19,0.46409386019839827,0.012525842507186396
cd8_BL,2.0,SDAN_9,sciRED_0,1616,17,15,0.4635019779304601,0.010483573797258151
cd8_BL,2.0,SDAN_9,sciRED_1,1616,17,15,0.4165313345825526,0.008155420872357707
cd8_BL,2.0,SDAN_9,sciRED_2,1616,17,15,0.4649594003747658,0.008741361502488193
cd8_BL,2.0,SDAN_9,sciRED_3,1616,17,15,0.49419113054341035,0.00967085753898872
cd8_BL,2.0,SDAN_9,sciRED_4,1616,17,15,0.5171351238809078,0.0851714212359342
cd8_BL,2.0,SDAN_9,sciRED_5,1616,17,15,0.4062877368311472,0.007896290635638833
cd8_BL,2.0,SDAN_9,sciRED_6,1616,17,15,0.3654382677493233,0.007225336583707764
cd8_BL,2.0,SDAN_9,sciRED_7,1616,17,15,0.4743701853008537,0.011030634119900063
cd8_BL,2.0,SDAN_9,sciRED_8,1616,17,15,0.5095148865292525,0.010561159475012826
cd8_BL,2.0,SDAN_9,sciRED_9,1616,17,15,0.5055173849677286,0.009982643558147495
cd8_BL,2.0,SDAN_9,sciRED_10,1616,17,15,0.3867166354361857,0.0076431674331455856
cd8_BL,2.0,SDAN_9,sciRED_11,1616,17,15,0.4108682073703934,0.008591338496417801
cd8_BL,2.0,SDAN_9,sciRED_12,1616,17,15,0.5718509265042682,0.0135014405253345
cd8_BL,2.0,SDAN_9,sciRED_13,1616,17,15,0.5281282531750989,0.011218709843099181
cd8_BL,2.0,SDAN_9,sciRED_14,1616,17,15,0.48436393920466375,0.009747132710531584
cd8_BL,2.0,SDAN_9,sciRED_15,1616,17,15,0.46283572767020614,0.00864346572576549
cd8_BL,2.0,SDAN_9,sciRED_16,1616,17,15,0.5347491151363731,0.010710621341298916
cd8_BL,2.0,SDAN_9,sciRED_17,1616,17,15,0.4888611284613783,0.010671572637690915
cd8_BL,2.0,SDAN_9,sciRED_18,1616,17,15,0.5267957526545908,0.011179541408408667
cd8_BL,2.0,SDAN_9,sciRED_19,1616,17,15,0.48565479908390585,0.009273898675423005
cd8_BL,2.0,SDAN_9,sciRED_20,1616,17,15,0.6755777638975641,0.01575889843118828
cd8_BL,2.0,SDAN_9,sciRED_21,1616,17,15,0.3967936706225276,0.00771611739277016
cd8_BL,2.0,SDAN_9,sciRED_22,1616,17,15,0.5396627108057463,0.010927116801280907
cd8_BL,2.0,SDAN_9,sciRED_23,1616,17,15,0.5957526545908807,0.014128445693466914
cd8_BL,2.0,SDAN_9,sciRED_24,1616,17,15,0.5540287320424735,0.011201154288307029
cd8_BL,2.0,SDAN_9,sciRED_25,1616,17,15,0.49823027274620024,0.021064544694036798
cd8_BL,2.0,SDAN_9,sciRED_26,1616,17,15,0.33479075577763895,0.006985312233198689
cd8_BL,2.0,SDAN_9,sciRED_27,1616,17,15,0.6020403914220278,0.012263794907025501
cd8_BL,2.0,SDAN_9,sciRED_28,1616,17,15,0.49335831771809285,0.013586130324284337
cd8_BL,2.0,SDAN_9,sciRED_29,1616,17,15,0.5726420986883197,0.01270097034351765
cd8_BL,2.0,SDAN_9,sciRED_30,1616,17,15,0.4206537580678743,0.008178280363580964
cd8_BL,2.0,SDAN_9,sciRED_31,1616,17,15,0.5471163855923381,0.014116622862992803
cd8_BL,2.0,SDAN_9,sciRED_32,1616,17,15,0.42606704143243807,0.008055538481846567
cd8_BL,2.0,SDAN_9,sciRED_33,1616,17,15,0.5235477826358526,0.07627954836011042
cd8_BL,2.0,SDAN_9,sciRED_34,1616,17,15,0.49985425775556935,0.011284154623301332
cd8_BL,2.0,SDAN_9,sciRED_35,1616,17,15,0.5412866958151156,0.010546505812172147
cd8_BL,2.0,SDAN_9,sciRED_36,1616,17,15,0.5271288777847178,0.02100376656291921
cd8_BL,2.0,SDAN_9,sciRED_37,1616,17,15,0.5560691234645013,0.011087900368240412
cd8_BL,2.0,SDAN_9,sciRED_38,1616,17,15,0.5435769310847387,0.011603797875866451
cd8_BL,2.0,SDAN_9,sciRED_39,1616,17,15,0.4853216739537789,0.00908612790997373
cd8_BL,2.0,SDAN_10,sciRED_0,1616,18,18,0.5486024196912808,0.012066142100918918
cd8_BL,2.0,SDAN_10,sciRED_1,1616,18,18,0.3844041162564316,0.00930843060284569
cd8_BL,2.0,SDAN_10,sciRED_2,1616,18,18,0.5852802113753303,0.015868083713770152
cd8_BL,2.0,SDAN_10,sciRED_3,1616,18,18,0.4451397580308719,0.010492060627127705
cd8_BL,2.0,SDAN_10,sciRED_4,1616,18,18,0.5196426088165763,0.01233075541694097
cd8_BL,2.0,SDAN_10,sciRED_5,1616,18,18,0.5018425810040328,0.011927550550018953
cd8_BL,2.0,SDAN_10,sciRED_6,1616,18,18,0.3218954248366013,0.007949041622356347
cd8_BL,2.0,SDAN_10,sciRED_7,1616,18,18,0.40863579474342926,0.009414867656651239
cd8_BL,2.0,SDAN_10,sciRED_8,1616,18,18,0.529376999026561,0.01572042849190685
cd8_BL,2.0,SDAN_10,sciRED_9,1616,18,18,0.530767626199416,0.012620667573679764
cd8_BL,2.0,SDAN_10,sciRED_10,1616,18,18,0.4327979418717842,0.009539837993614894
cd8_BL,2.0,SDAN_10,sciRED_11,1616,18,18,0.49756640244750383,0.010745895418068821
cd8_BL,2.0,SDAN_10,sciRED_12,1616,18,18,0.39208733138645535,0.009078702996002141
cd8_BL,2.0,SDAN_10,sciRED_13,1616,18,18,0.4675636211931581,0.01072325198208212
cd8_BL,2.0,SDAN_10,sciRED_14,1616,18,18,0.539702405785009,0.012286945656821022
cd8_BL,2.0,SDAN_10,sciRED_15,1616,18,18,0.3691072173550271,0.009005728000238454
cd8_BL,2.0,SDAN_10,sciRED_16,1616,18,18,0.704074537616465,0.0374239117230068
cd8_BL,2.0,SDAN_10,sciRED_17,1616,18,18,0.34939507717980806,0.00883831331276881
cd8_BL,2.0,SDAN_10,sciRED_18,1616,18,18,0.511994159365874,0.013058208232955185
cd8_BL,2.0,SDAN_10,sciRED_19,1616,18,18,0.47409956890557636,0.02380956948627018
cd8_BL,2.0,SDAN_10,sciRED_20,1616,18,18,0.44058545403977195,0.010035712583287355
cd8_BL,2.0,SDAN_10,sciRED_21,1616,18,18,0.5377902934223334,0.012372469315950051
cd8_BL,2.0,SDAN_10,sciRED_22,1616,18,18,0.587574746210541,0.016798098456400158
cd8_BL,2.0,SDAN_10,sciRED_23,1616,18,18,0.5995341398970936,0.014442577401879347
cd8_BL,2.0,SDAN_10,sciRED_24,1616,18,18,0.5026769573077459,0.012078386348314747
cd8_BL,2.0,SDAN_10,sciRED_25,1616,18,18,0.45390070921985815,0.009977382213766161
cd8_BL,2.0,SDAN_10,sciRED_26,1616,18,18,0.46262689472952295,0.010549106660632794
cd8_BL,2.0,SDAN_10,sciRED_27,1616,18,18,0.3761298845779447,0.008744261114835842
cd8_BL,2.0,SDAN_10,sciRED_28,1616,18,18,0.47601168126825194,0.013679545200711199
cd8_BL,2.0,SDAN_10,sciRED_29,1616,18,18,0.4368307606730636,0.011277780426657669
cd8_BL,2.0,SDAN_10,sciRED_30,1616,18,18,0.5138715060492283,0.01309783761934911
cd8_BL,2.0,SDAN_10,sciRED_31,1616,18,18,0.5888263106661105,0.01711029607440803
cd8_BL,2.0,SDAN_10,sciRED_32,1616,18,18,0.43401474064803225,0.009901314274959635
cd8_BL,2.0,SDAN_10,sciRED_33,1616,18,18,0.6205673758865249,0.017933972111866217
cd8_BL,2.0,SDAN_10,sciRED_34,1616,18,18,0.5774579335280211,0.017555537516702024
cd8_BL,2.0,SDAN_10,sciRED_35,1616,18,18,0.4499026560979002,0.016835490350722786
cd8_BL,2.0,SDAN_10,sciRED_36,1616,18,18,0.45595188429981914,0.01562651675648285
cd8_BL,2.0,SDAN_10,sciRED_37,1616,18,18,0.49169100264219157,0.010795200869272166
cd8_BL,2.0,SDAN_10,sciRED_38,1616,18,18,0.5643860381031846,0.014253421745226886
cd8_BL,2.0,SDAN_10,sciRED_39,1616,18,18,0.5307676261994159,0.018162813141354147
cd8_BL,2.0,SDAN_11,sciRED_0,1616,18,18,0.456681963565568,0.029273700774396297
cd8_BL,2.0,SDAN_11,sciRED_1,1616,18,18,0.36517869559171184,0.008527729770505359
cd8_BL,2.0,SDAN_11,sciRED_2,1616,18,18,0.41013071895424835,0.00921820436965012
cd8_BL,2.0,SDAN_11,sciRED_3,1616,18,18,0.500834376303713,0.012794447999157308
cd8_BL,2.0,SDAN_11,sciRED_4,1616,18,18,0.5301766096509526,0.015456978125026695
cd8_BL,2.0,SDAN_11,sciRED_5,1616,18,18,0.3302391878737311,0.00822889291187599
cd8_BL,2.0,SDAN_11,sciRED_6,1616,18,18,0.5814559866499791,0.013217932244271488
cd8_BL,2.0,SDAN_11,sciRED_7,1616,18,18,0.4593936865526353,0.011186425630774537
cd8_BL,2.0,SDAN_11,sciRED_8,1616,18,18,0.5313934084272007,0.01248101400602707
cd8_BL,2.0,SDAN_11,sciRED_9,1616,18,18,0.5070921985815602,0.01140995752255759
cd8_BL,2.0,SDAN_11,sciRED_10,1616,18,18,0.5032332081768878,0.011131360741759178
cd8_BL,2.0,SDAN_11,sciRED_11,1616,18,18,0.44253233208176884,0.013162945914913328
cd8_BL,2.0,SDAN_11,sciRED_12,1616,18,18,0.4665206508135169,0.010646230065537034
cd8_BL,2.0,SDAN_11,sciRED_13,1616,18,18,0.5651508830482548,0.014406326693471435
cd8_BL,2.0,SDAN_11,sciRED_14,1616,18,18,0.47090112640801,0.01109007461362706
cd8_BL,2.0,SDAN_11,sciRED_15,1616,18,18,0.452962035878181,0.01158504275622661
cd8_BL,2.0,SDAN_11,sciRED_16,1616,18,18,0.49975664024475036,0.012176263972104416
cd8_BL,2.0,SDAN_11,sciRED_17,1616,18,18,0.4628354888054512,0.010649896724176372
cd8_BL,2.0,SDAN_11,sciRED_18,1616,18,18,0.5136976776526213,0.027106963289944302
cd8_BL,2.0,SDAN_11,sciRED_19,1616,18,18,0.5110207203448754,0.012141738704327668
cd8_BL,2.0,SDAN_11,sciRED_20,1616,18,18,0.5541301627033792,0.019857669508840062
cd8_BL,2.0,SDAN_11,sciRED_21,1616,18,18,0.5289250451953831,0.012791161878109972
cd8_BL,2.0,SDAN_11,sciRED_22,1616,18,18,0.35026421916284245,0.008440624495759158
cd8_BL,2.0,SDAN_11,sciRED_23,1616,18,18,0.43992490613266577,0.010176958154018013
cd8_BL,2.0,SDAN_11,sciRED_24,1616,18,18,0.33698372966207757,0.00936392379367466
cd8_BL,2.0,SDAN_11,sciRED_25,1616,18,18,0.4920734251147267,0.016280079108419457
cd8_BL,2.0,SDAN_11,sciRED_26,1616,18,18,0.5344527882074817,0.01678016288619304
cd8_BL,2.0,SDAN_11,sciRED_27,1616,18,18,0.4390905298289528,0.01128692664732796
cd8_BL,2.0,SDAN_11,sciRED_28,1616,18,18,0.6238701154220554,0.019759434789914862
cd8_BL,2.0,SDAN_11,sciRED_29,1616,18,18,0.5282644972882771,0.012424165341028756
cd8_BL,2.0,SDAN_11,sciRED_30,1616,18,18,0.5752329300514533,0.017171180712638415
cd8_BL,2.0,SDAN_11,sciRED_31,1616,18,18,0.42528855513836733,0.0183386396298598
cd8_BL,2.0,SDAN_11,sciRED_32,1616,18,18,0.5968919482686692,0.019307720180163298
cd8_BL,2.0,SDAN_11,sciRED_33,1616,18,18,0.5414406897510777,0.013370377731619958
cd8_BL,2.0,SDAN_11,sciRED_34,1616,18,18,0.5827075511055486,0.022547392584611393
cd8_BL,2.0,SDAN_11,sciRED_35,1616,18,18,0.48863162286191075,0.011434007562980323
cd8_BL,2.0,SDAN_11,sciRED_36,1616,18,18,0.466068696982339,0.011778324170194063
cd8_BL,2.0,SDAN_11,sciRED_37,1616,18,18,0.552530941454596,0.01421168295582531
cd8_BL,2.0,SDAN_11,sciRED_38,1616,18,18,0.4570643860381032,0.010128871893699754
cd8_BL,2.0,SDAN_11,sciRED_39,1616,18,18,0.521380892782645,0.018813178346025715
cd8_BL,2.0,SDAN_12,sciRED_0,1616,18,18,0.6120150187734669,0.01970665369873941
cd8_BL,2.0,SDAN_12,sciRED_1,1616,18,18,0.48897927965512444,0.011360720605103819
cd8_BL,2.0,SDAN_12,sciRED_2,1616,18,18,0.7899457655402586,0.0327849375952473
cd8_BL,2.0,SDAN_12,sciRED_3,1616,18,18,0.44739952718676124,0.010850433247954832
cd8_BL,2.0,SDAN_12,sciRED_4,1616,18,18,0.316750104297038,0.00857107873495554
cd8_BL,2.0,SDAN_12,sciRED_5,1616,18,18,0.521207064386038,0.01253276142766653
cd8_BL,2.0,SDAN_12,sciRED_6,1616,18,18,0.4079404811570019,0.009158713469565455
cd8_BL,2.0,SDAN_12,sciRED_7,1616,18,18,0.5432137393964678,0.012012715786705753
cd8_BL,2.0,SDAN_12,sciRED_8,1616,18,18,0.5415797524683632,0.031236769012417665
cd8_BL,2.0,SDAN_12,sciRED_9,1616,18,18,0.5101168126825198,0.013046827763793402
cd8_BL,2.0,SDAN_12,sciRED_10,1616,18,18,0.6137533027395355,0.015406282898451137
cd8_BL,2.0,SDAN_12,sciRED_11,1616,18,18,0.6393756083993881,0.021075858580235862
cd8_BL,2.0,SDAN_12,sciRED_12,1616,18,18,0.4781323877068558,0.011016643916565518
cd8_BL,2.0,SDAN_12,sciRED_13,1616,18,18,0.4484772632457238,0.010420810709778402
cd8_BL,2.0,SDAN_12,sciRED_14,1616,18,18,0.40581977471839803,0.013195691972421843
cd8_BL,2.0,SDAN_12,sciRED_15,1616,18,18,0.31817549714921434,0.007903960290680304
cd8_BL,2.0,SDAN_12,sciRED_16,1616,18,18,0.5512098456403838,0.012401359502977882
cd8_BL,2.0,SDAN_12,sciRED_17,1616,18,18,0.4655819774718398,0.011023144391174935
cd8_BL,2.0,SDAN_12,sciRED_18,1616,18,18,0.533375052148519,0.01204592875148923
cd8_BL,2.0,SDAN_12,sciRED_19,1616,18,18,0.48035739118342374,0.011055908086751418
cd8_BL,2.0,SDAN_12,sciRED_20,1616,18,18,0.5584411069392295,0.012974815422289501
cd8_BL,2.0,SDAN_12,sciRED_21,1616,18,18,0.41172994020303155,0.009169053147601672
cd8_BL,2.0,SDAN_12,sciRED_22,1616,18,18,0.4249408983451537,0.00994620675777717
cd8_BL,2.0,SDAN_12,sciRED_23,1616,18,18,0.6095814212209706,0.032781737794089126
cd8_BL,2.0,SDAN_12,sciRED_24,1616,18,18,0.4005701571408706,0.009228395751708439
cd8_BL,2.0,SDAN_12,sciRED_25,1616,18,18,0.481226533166458,0.018706279623303346
cd8_BL,2.0,SDAN_12,sciRED_26,1616,18,18,0.4837991934362398,0.013741567018057038
cd8_BL,2.0,SDAN_12,sciRED_27,1616,18,18,0.5489153108051732,0.01442866847317187
cd8_BL,2.0,SDAN_12,sciRED_28,1616,18,18,0.5897649840077875,0.0221417234820344
cd8_BL,2.0,SDAN_12,sciRED_29,1616,18,18,0.5012863301348909,0.01415059489126047
cd8_BL,2.0,SDAN_12,sciRED_30,1616,18,18,0.5743985537477403,0.014738609258151392
cd8_BL,2.0,SDAN_12,sciRED_31,1616,18,18,0.4650604922820191,0.011120566831742243
cd8_BL,2.0,SDAN_12,sciRED_32,1616,18,18,0.5871575580586845,0.01593207033806297
cd8_BL,2.0,SDAN_12,sciRED_33,1616,18,18,0.5220066750104297,0.02007380803586503
cd8_BL,2.0,SDAN_12,sciRED_34,1616,18,18,0.4644347100542345,0.010641989925981372
cd8_BL,2.0,SDAN_12,sciRED_35,1616,18,18,0.5507926574885273,0.01653950600103698
cd8_BL,2.0,SDAN_12,sciRED_36,1616,18,18,0.44726046446947576,0.013465945389540605
cd8_BL,2.0,SDAN_12,sciRED_37,1616,18,18,0.5365039632874425,0.021193914618722734
cd8_BL,2.0,SDAN_12,sciRED_38,1616,18,18,0.6658322903629538,0.024433260058002282
cd8_BL,2.0,SDAN_12,sciRED_39,1616,18,18,0.5363996662494785,0.026930456792590478
cd8_BL,2.0,SDAN_13,sciRED_0,1616,17,17,0.6242872383474966,0.03821666997903193
cd8_BL,2.0,SDAN_13,sciRED_1,1616,17,17,0.37523452157598497,0.008304098085327075
cd8_BL,2.0,SDAN_13,sciRED_2,1616,17,17,0.38748482507449516,0.00890588454505157
cd8_BL,2.0,SDAN_13,sciRED_3,1616,17,17,0.6424235735570025,0.04514993790977829
cd8_BL,2.0,SDAN_13,sciRED_4,1616,17,17,0.4263694220652614,0.015205404634369795
cd8_BL,2.0,SDAN_13,sciRED_5,1616,17,17,0.5012323878894898,0.010444967402404273
cd8_BL,2.0,SDAN_13,sciRED_6,1616,17,17,0.37869256520619504,0.00827934273312703
cd8_BL,2.0,SDAN_13,sciRED_7,1616,17,17,0.5799948497222529,0.013679650224289512
cd8_BL,2.0,SDAN_13,sciRED_8,1616,17,17,0.49600853474598094,0.011047581491759698
cd8_BL,2.0,SDAN_13,sciRED_9,1616,17,17,0.5151381378067175,0.011536981987324892
cd8_BL,2.0,SDAN_13,sciRED_10,1616,17,17,0.40996210867086047,0.008720473325885492
cd8_BL,2.0,SDAN_13,sciRED_11,1616,17,17,0.4840893205312144,0.0104343062347035
cd8_BL,2.0,SDAN_13,sciRED_12,1616,17,17,0.5676341831291616,0.040713185733353786
cd8_BL,2.0,SDAN_13,sciRED_13,1616,17,17,0.5611963359452599,0.01977700446452159
cd8_BL,2.0,SDAN_13,sciRED_14,1616,17,17,0.46801309642055694,0.010966773702687997
cd8_BL,2.0,SDAN_13,sciRED_15,1616,17,17,0.4353088327263363,0.009416970412773864
cd8_BL,2.0,SDAN_13,sciRED_16,1616,17,17,0.43221866607806353,0.010350521132611302
cd8_BL,2.0,SDAN_13,sciRED_17,1616,17,17,0.5093624691903027,0.014045639788267613
cd8_BL,2.0,SDAN_13,sciRED_18,1616,17,17,0.4850458006842512,0.010333373475602488
cd8_BL,2.0,SDAN_13,sciRED_19,1616,17,17,0.48728985027406835,0.010576887958536504
cd8_BL,2.0,SDAN_13,sciRED_20,1616,17,17,0.4910421954898282,0.012462806097889162
cd8_BL,2.0,SDAN_13,sciRED_21,1616,17,17,0.45900011036309457,0.010059979364976926
cd8_BL,2.0,SDAN_13,sciRED_22,1616,17,17,0.5135562667843874,0.011145685647189658
cd8_BL,2.0,SDAN_13,sciRED_23,1616,17,17,0.5261008718684472,0.012693856768759827
cd8_BL,2.0,SDAN_13,sciRED_24,1616,17,17,0.4917779494537027,0.01429592039009738
cd8_BL,2.0,SDAN_13,sciRED_25,1616,17,17,0.44145237832468825,0.009420817996204998
cd8_BL,2.0,SDAN_13,sciRED_26,1616,17,17,0.35043961299341503,0.007884132648984986
cd8_BL,2.0,SDAN_13,sciRED_27,1616,17,17,0.33760070632380534,0.008442542844043789
cd8_BL,2.0,SDAN_13,sciRED_28,1616,17,17,0.524261486958761,0.01149034574656031
cd8_BL,2.0,SDAN_13,sciRED_29,1616,17,17,0.5760217783173307,0.01259740475451339
cd8_BL,2.0,SDAN_13,sciRED_30,1616,17,17,0.5770886215649487,0.013432956899337975
cd8_BL,2.0,SDAN_13,sciRED_31,1616,17,17,0.5978736710444028,0.01446843668271287
cd8_BL,2.0,SDAN_13,sciRED_32,1616,17,17,0.4111393150130596,0.009685471035027206
cd8_BL,2.0,SDAN_13,sciRED_33,1616,17,17,0.49034322922414747,0.014414677689819189
cd8_BL,2.0,SDAN_13,sciRED_34,1616,17,17,0.47544421145568927,0.012888528721633836
cd8_BL,2.0,SDAN_13,sciRED_35,1616,17,17,0.43328550932568144,0.010137954681732968
cd8_BL,2.0,SDAN_13,sciRED_36,1616,17,17,0.42475076334473755,0.00976545519082293
cd8_BL,2.0,SDAN_13,sciRED_37,1616,17,17,0.4470441084501343,0.009621198792290604
cd8_BL,2.0,SDAN_13,sciRED_38,1616,17,17,0.4616856123312364,0.009679638585382311
cd8_BL,2.0,SDAN_13,sciRED_39,1616,17,17,0.4667255269837766,0.010102328626751114
cd8_BL,2.0,SDAN_14,sciRED_0,1616,17,17,0.5669352168634808,0.036512017424858684
cd8_BL,2.0,SDAN_14,sciRED_1,1616,17,17,0.424824338741125,0.00899901459915042
cd8_BL,2.0,SDAN_14,sciRED_2,1616,17,17,0.5513372328293419,0.013503461168439864
cd8_BL,2.0,SDAN_14,sciRED_3,1616,17,17,0.5532134054372218,0.019263473261462393
cd8_BL,2.0,SDAN_14,sciRED_4,1616,17,17,0.5523672883787661,0.01228488288932856
cd8_BL,2.0,SDAN_14,sciRED_5,1616,17,17,0.43188757679431994,0.0115891655943926
cd8_BL,2.0,SDAN_14,sciRED_6,1616,17,17,0.5135930544825811,0.012128379308503136
cd8_BL,2.0,SDAN_14,sciRED_7,1616,17,17,0.5477320384063569,0.024191056015477566
cd8_BL,2.0,SDAN_14,sciRED_8,1616,17,17,0.39922010079829306,0.009545244754626517
cd8_BL,2.0,SDAN_14,sciRED_9,1616,17,17,0.4354191958209175,0.011633337811961412
cd8_BL,2.0,SDAN_14,sciRED_10,1616,17,17,0.4294595887135342,0.009143005547081274
cd8_BL,2.0,SDAN_14,sciRED_11,1616,17,17,0.35967332524003975,0.007935783431420507
cd8_BL,2.0,SDAN_14,sciRED_12,1616,17,17,0.5975425817606592,0.016737591347868636
cd8_BL,2.0,SDAN_14,sciRED_13,1616,17,17,0.5435382408122724,0.023888763922385085
cd8_BL,2.0,SDAN_14,sciRED_14,1616,17,17,0.5019681418533641,0.015677983803513644
cd8_BL,2.0,SDAN_14,sciRED_15,1616,17,17,0.501342750984071,0.0109419845488416
cd8_BL,2.0,SDAN_14,sciRED_16,1616,17,17,0.5220174373689438,0.018997919684873063
cd8_BL,2.0,SDAN_14,sciRED_17,1616,17,17,0.6041275797373358,0.02578568064317399
cd8_BL,2.0,SDAN_14,sciRED_18,1616,17,17,0.48169812014862234,0.015266613483277281
cd8_BL,2.0,SDAN_14,sciRED_19,1616,17,17,0.5517418975094728,0.012267038000197425
cd8_BL,2.0,SDAN_14,sciRED_20,1616,17,17,0.5417356436007799,0.012839735383696359
cd8_BL,2.0,SDAN_14,sciRED_21,1616,17,17,0.5803995144023838,0.014293669345856214
cd8_BL,2.0,SDAN_14,sciRED_22,1616,17,17,0.49402199904351984,0.010099785830044453
cd8_BL,2.0,SDAN_14,sciRED_23,1616,17,17,0.3909428687047052,0.012544375936201793
cd8_BL,2.0,SDAN_14,sciRED_24,1616,17,17,0.5993819666703454,0.017461768299590764
cd8_BL,2.0,SDAN_14,sciRED_25,1616,17,17,0.49759040576831115,0.012505585995342013
cd8_BL,2.0,SDAN_14,sciRED_26,1616,17,17,0.6045322444174668,0.019299683563437368
cd8_BL,2.0,SDAN_14,sciRED_27,1616,17,17,0.47673178089246954,0.010899871824085836
cd8_BL,2.0,SDAN_14,sciRED_28,1616,17,17,0.3800537100393629,0.00888026009277719
cd8_BL,2.0,SDAN_14,sciRED_29,1616,17,17,0.4361917374829857,0.00945811888474533
cd8_BL,2.0,SDAN_14,sciRED_30,1616,17,17,0.5385719015561197,0.01329933537316925
cd8_BL,2.0,SDAN_14,sciRED_31,1616,17,17,0.4413788029283008,0.009808184992058449
cd8_BL,2.0,SDAN_14,sciRED_32,1616,17,17,0.46985248133024315,0.01191364392587492
cd8_BL,2.0,SDAN_14,sciRED_33,1616,17,17,0.460545193687231,0.012157343815957445
cd8_BL,2.0,SDAN_14,sciRED_34,1616,17,17,0.5226428282382372,0.013302326508745
cd8_BL,2.0,SDAN_14,sciRED_35,1616,17,17,0.4375896700143472,0.011683607500826008
cd8_BL,2.0,SDAN_14,sciRED_36,1616,17,17,0.3556634661369238,0.00826658826497095
cd8_BL,2.0,SDAN_14,sciRED_37,1616,17,17,0.47658463009969465,0.010095328907625318
cd8_BL,2.0,SDAN_14,sciRED_38,1616,17,17,0.5189272707206709,0.011874496499663618
cd8_BL,2.0,SDAN_14,sciRED_39,1616,17,17,0.5917301254460509,0.027566819237318633
cd8_BL,2.0,SDAN_15,sciRED_0,1616,19,19,0.47945160333520087,0.011823247759729953
cd8_BL,2.0,SDAN_15,sciRED_1,1616,19,19,0.54595788155423,0.013135831513223437
cd8_BL,2.0,SDAN_15,sciRED_2,1616,19,19,0.6413999934086939,0.03836820177214891
cd8_BL,2.0,SDAN_15,sciRED_3,1616,19,19,0.33553043535576577,0.008591565541449237
cd8_BL,2.0,SDAN_15,sciRED_4,1616,19,19,0.2717265926243285,0.007859725758098585
cd8_BL,2.0,SDAN_15,sciRED_5,1616,19,19,0.557756319414692,0.023213547387240793
cd8_BL,2.0,SDAN_15,sciRED_6,1616,19,19,0.49467752035065743,0.011495202071640804
cd8_BL,2.0,SDAN_15,sciRED_7,1616,19,19,0.38549253534587874,0.0095009415602148
cd8_BL,2.0,SDAN_15,sciRED_8,1616,19,19,0.6399499060738885,0.019964229608031167
cd8_BL,2.0,SDAN_15,sciRED_9,1616,19,19,0.6244273802854036,0.030858373628083743
cd8_BL,2.0,SDAN_15,sciRED_10,1616,19,19,0.46379725142536987,0.011053102758409983
cd8_BL,2.0,SDAN_15,sciRED_11,1616,19,19,0.512605872853706,0.017516694277769
cd8_BL,2.0,SDAN_15,sciRED_12,1616,19,19,0.3989058431928286,0.0095012991472527
cd8_BL,2.0,SDAN_15,sciRED_13,1616,19,19,0.5546913620933989,0.015398055618255985
cd8_BL,2.0,SDAN_15,sciRED_14,1616,19,19,0.5503411000889826,0.014483004787550323
cd8_BL,2.0,SDAN_15,sciRED_15,1616,19,19,0.3337837392479319,0.008521166349591828
cd8_BL,2.0,SDAN_15,sciRED_16,1616,19,19,0.48864647529908056,0.018466189465249937
cd8_BL,2.0,SDAN_15,sciRED_17,1616,19,19,0.42734732887321625,0.010454216476183189
cd8_BL,2.0,SDAN_15,sciRED_18,1616,19,19,0.5378176185611179,0.014646915907054556
cd8_BL,2.0,SDAN_15,sciRED_19,1616,19,19,0.5286886596579111,0.013100872997620498
cd8_BL,2.0,SDAN_15,sciRED_20,1616,19,19,0.40922123718814885,0.010682251664453817
cd8_BL,2.0,SDAN_15,sciRED_21,1616,19,19,0.4312691559832581,0.010392571078162126
cd8_BL,2.0,SDAN_15,sciRED_22,1616,19,19,0.5453317074778368,0.025386754712588232
cd8_BL,2.0,SDAN_15,sciRED_23,1616,19,19,0.47259664502521176,0.014368040888360675
cd8_BL,2.0,SDAN_15,sciRED_24,1616,19,19,0.5104966549121708,0.013519611519967842
cd8_BL,2.0,SDAN_15,sciRED_25,1616,19,19,0.5772006723132188,0.016587508010737002
cd8_BL,2.0,SDAN_15,sciRED_26,1616,19,19,0.5305342253567544,0.01437554697052972
cd8_BL,2.0,SDAN_15,sciRED_27,1616,19,19,0.5113535247009195,0.01247966741527667
cd8_BL,2.0,SDAN_15,sciRED_28,1616,19,19,0.5431236199452921,0.018089676573702362
cd8_BL,2.0,SDAN_15,sciRED_29,1616,19,19,0.5180107438288897,0.013847377888011833
cd8_BL,2.0,SDAN_15,sciRED_30,1616,19,19,0.5532083182282569,0.01633420558801324
cd8_BL,2.0,SDAN_15,sciRED_31,1616,19,19,0.43466367860791616,0.010449173434677477
cd8_BL,2.0,SDAN_15,sciRED_32,1616,19,19,0.44072768018982955,0.010536843839247054
cd8_BL,2.0,SDAN_15,sciRED_33,1616,19,19,0.3929077546715882,0.00947284451746067
cd8_BL,2.0,SDAN_15,sciRED_34,1616,19,19,0.5157696997660086,0.012105926231512052
cd8_BL,2.0,SDAN_15,sciRED_35,1616,19,19,0.39587384240187196,0.009921554908612157
cd8_BL,2.0,SDAN_15,sciRED_36,1616,19,19,0.4390468971426688,0.02151175695585131
cd8_BL,2.0,SDAN_15,sciRED_37,1616,19,19,0.5184062221929275,0.017548425575120593
cd8_BL,2.0,SDAN_15,sciRED_38,1616,19,19,0.5352140526645355,0.014287707815677826
cd8_BL,2.0,SDAN_15,sciRED_39,1616,19,19,0.5598325808258907,0.06954772981451661
cd8_BL,2.0,SDAN_16,sciRED_0,1616,18,17,0.4237207077953133,0.008913256935766879
cd8_BL,2.0,SDAN_16,sciRED_1,1616,18,17,0.3335908472206894,0.007705547617060585
cd8_BL,2.0,SDAN_16,sciRED_2,1616,18,17,0.3710039362837067,0.008167243246234395
cd8_BL,2.0,SDAN_16,sciRED_3,1616,18,17,0.46724055475848875,0.009833387720235709
cd8_BL,2.0,SDAN_16,sciRED_4,1616,18,17,0.5660523121068316,0.022966501388554668
cd8_BL,2.0,SDAN_16,sciRED_5,1616,18,17,0.3629842180774749,0.007990637855274825
cd8_BL,2.0,SDAN_16,sciRED_6,1616,18,17,0.4294595887135342,0.009068466661535324
cd8_BL,2.0,SDAN_16,sciRED_7,1616,18,17,0.46889600117720637,0.010442375213912511
cd8_BL,2.0,SDAN_16,sciRED_8,1616,18,17,0.3468712062686238,0.008291930573011724
cd8_BL,2.0,SDAN_16,sciRED_9,1616,18,17,0.39226722583967916,0.00874848327836661
cd8_BL,2.0,SDAN_16,sciRED_10,1616,18,17,0.4647389912813155,0.009826733471135945
cd8_BL,2.0,SDAN_16,sciRED_11,1616,18,17,0.37924438067910093,0.008213936648491153
cd8_BL,2.0,SDAN_16,sciRED_12,1616,18,17,0.5308832726336313,0.012740595577661728
cd8_BL,2.0,SDAN_16,sciRED_13,1616,18,17,0.45046536438215057,0.009538585988488928
cd8_BL,2.0,SDAN_16,sciRED_14,1616,18,17,0.5038811021594378,0.015226323528564201
cd8_BL,2.0,SDAN_16,sciRED_15,1616,18,17,0.3078026707868889,0.007498444448289914
cd8_BL,2.0,SDAN_16,sciRED_16,1616,18,17,0.49920906448883495,0.01137088213765236
cd8_BL,2.0,SDAN_16,sciRED_17,1616,18,17,0.5120847588566384,0.012809152766058651
cd8_BL,2.0,SDAN_16,sciRED_18,1616,18,17,0.5417356436007799,0.016648455960481874
cd8_BL,2.0,SDAN_16,sciRED_19,1616,18,17,0.3998454916675863,0.008637368655032313
cd8_BL,2.0,SDAN_16,sciRED_20,1616,18,17,0.5590626494500239,0.01273026913855335
cd8_BL,2.0,SDAN_16,sciRED_21,1616,18,17,0.5328698083360924,0.011985359467957455
cd8_BL,2.0,SDAN_16,sciRED_22,1616,18,17,0.5753595997498436,0.017603961212745232
cd8_BL,2.0,SDAN_16,sciRED_23,1616,18,17,0.4681602472133318,0.011649402773750957
cd8_BL,2.0,SDAN_16,sciRED_24,1616,18,17,0.46326748335356654,0.010581473667196029
cd8_BL,2.0,SDAN_16,sciRED_25,1616,18,17,0.413751241584814,0.00893314925620781
cd8_BL,2.0,SDAN_16,sciRED_26,1616,18,17,0.558768347864474,0.012761424620633973
cd8_BL,2.0,SDAN_16,sciRED_27,1616,18,17,0.5533973439281904,0.014946616700060613
cd8_BL,2.0,SDAN_16,sciRED_28,1616,18,17,0.47938049516241765,0.01403993966705433
cd8_BL,2.0,SDAN_16,sciRED_29,1616,18,17,0.5999337821432513,0.020116118705096605
cd8_BL,2.0,SDAN_16,sciRED_30,1616,18,17,0.5568185998602068,0.013219504485620325
cd8_BL,2.0,SDAN_16,sciRED_31,1616,18,17,0.5188536953242835,0.01955928572280073
cd8_BL,2.0,SDAN_16,sciRED_32,1616,18,17,0.6688371408600964,0.021597890980270387
cd8_BL,2.0,SDAN_16,sciRED_33,1616,18,17,0.4335430232130375,0.009277804042998453
cd8_BL,2.0,SDAN_16,sciRED_34,1616,18,17,0.4331015708347129,0.01579835083566264
cd8_BL,2.0,SDAN_16,sciRED_35,1616,18,17,0.4352720450281426,0.010522011604686642
cd8_BL,2.0,SDAN_16,sciRED_36,1616,18,17,0.4504653643821506,0.009615598077876767
cd8_BL,2.0,SDAN_16,sciRED_37,1616,18,17,0.4926608542103521,0.012668510878910898
cd8_BL,2.0,SDAN_16,sciRED_38,1616,18,17,0.512526211234963,0.015577157440087891
cd8_BL,2.0,SDAN_16,sciRED_39,1616,18,17,0.5520729867932163,0.012866237736238541
cd8_BL,2.0,SDAN_17,sciRED_0,1616,17,15,0.3780553820528836,0.008623616982438105
cd8_BL,2.0,SDAN_17,sciRED_1,1616,17,15,0.3825525713095982,0.007350765278078609
cd8_BL,2.0,SDAN_17,sciRED_2,1616,17,15,0.46745783885071834,0.008736343377814298
cd8_BL,2.0,SDAN_17,sciRED_3,1616,17,15,0.42269414948990214,0.008153211730053987
cd8_BL,2.0,SDAN_17,sciRED_4,1616,17,15,0.5051842598376015,0.010413028017190459
cd8_BL,2.0,SDAN_17,sciRED_5,1616,17,15,0.4299396210701645,0.00801644452696496
cd8_BL,2.0,SDAN_17,sciRED_6,1616,17,15,0.4225692275661045,0.008209974715478461
cd8_BL,2.0,SDAN_17,sciRED_7,1616,17,15,0.40849469081823864,0.0085646623800265
cd8_BL,2.0,SDAN_17,sciRED_8,1616,17,15,0.3737663960024984,0.007321418465175462
cd8_BL,2.0,SDAN_17,sciRED_9,1616,17,15,0.48648761190922346,0.009103350157946569
cd8_BL,2.0,SDAN_17,sciRED_10,1616,17,15,0.25038517593170934,0.006056050330640864
cd8_BL,2.0,SDAN_17,sciRED_11,1616,17,15,0.5115969185925464,0.009648489579099188
cd8_BL,2.0,SDAN_17,sciRED_12,1616,17,15,0.6151571934207787,0.018294281001925143
cd8_BL,2.0,SDAN_17,sciRED_13,1616,17,15,0.5225900478867375,0.010085032241456968
cd8_BL,2.0,SDAN_17,sciRED_14,1616,17,15,0.6943993337497397,0.03295093569407963
cd8_BL,2.0,SDAN_17,sciRED_15,1616,17,15,0.4585883822610868,0.00892400407551228
cd8_BL,2.0,SDAN_17,sciRED_16,1616,17,15,0.40191546949823026,0.007603376210322669
cd8_BL,2.0,SDAN_17,sciRED_17,1616,17,15,0.579221320008328,0.011209110910299563
cd8_BL,2.0,SDAN_17,sciRED_18,1616,17,15,0.5663127212159067,0.011175011459806605
cd8_BL,2.0,SDAN_17,sciRED_19,1616,17,15,0.5226316885280033,0.009859012273302417
cd8_BL,2.0,SDAN_17,sciRED_20,1616,17,15,0.3868831980012492,0.008038670289201941
cd8_BL,2.0,SDAN_17,sciRED_21,1616,17,15,0.45088486362689983,0.00865673910604401
cd8_BL,2.0,SDAN_17,sciRED_22,1616,17,15,0.5579845929627316,0.013354565064318482
cd8_BL,2.0,SDAN_17,sciRED_23,1616,17,15,0.4980637101811368,0.011412746656716963
cd8_BL,2.0,SDAN_17,sciRED_24,1616,17,15,0.6209452425567353,0.01609105117401131
cd8_BL,2.0,SDAN_17,sciRED_25,1616,17,15,0.5309598167811784,0.011037751537799938
cd8_BL,2.0,SDAN_17,sciRED_26,1616,17,15,0.45563189673120963,0.011863241211489427
cd8_BL,2.0,SDAN_17,sciRED_27,1616,17,15,0.6515511138871539,0.014844756585163103
cd8_BL,2.0,SDAN_17,sciRED_28,1616,17,15,0.5510306058713303,0.01165287513864088
cd8_BL,2.0,SDAN_17,sciRED_29,1616,17,15,0.3277951280449719,0.007263638259509833
cd8_BL,2.0,SDAN_17,sciRED_30,1616,17,15,0.4663335415365397,0.00968821964709822
cd8_BL,2.0,SDAN_17,sciRED_31,1616,17,15,0.5641474078700812,0.017062620796854173
cd8_BL,2.0,SDAN_17,sciRED_32,1616,17,15,0.4044971892567146,0.008192125023373492
cd8_BL,2.0,SDAN_17,sciRED_33,1616,17,15,0.5901311680199876,0.014987823954202907
cd8_BL,2.0,SDAN_17,sciRED_34,1616,17,15,0.5683531126379346,0.01815642370717272
cd8_BL,2.0,SDAN_17,sciRED_35,1616,17,15,0.45596502186133664,0.008890445500546885
cd8_BL,2.0,SDAN_17,sciRED_36,1616,17,15,0.6003747657713929,0.012546909790772717
cd8_BL,2.0,SDAN_17,sciRED_37,1616,17,15,0.5938371850926505,0.01615644055730381
cd8_BL,2.0,SDAN_17,sciRED_38,1616,17,15,0.5021444930251926,0.009820048314206416
cd8_BL,2.0,SDAN_17,sciRED_39,1616,17,15,0.44567978346866544,0.00888763980252126
cd8_BL,2.0,SDAN_18,sciRED_0,1616,18,18,0.43265887915449874,0.009749673185263416
cd8_BL,2.0,SDAN_18,sciRED_1,1616,18,18,0.4205604227506605,0.009601519925068431
cd8_BL,2.0,SDAN_18,sciRED_2,1616,18,18,0.3784591850924767,0.00871756085905032
cd8_BL,2.0,SDAN_18,sciRED_3,1616,18,18,0.5945278820748157,0.018057217139593226
cd8_BL,2.0,SDAN_18,sciRED_4,1616,18,18,0.5440481157001809,0.012271953514938403
cd8_BL,2.0,SDAN_18,sciRED_5,1616,18,18,0.4313377833402865,0.009696734433867392
cd8_BL,2.0,SDAN_18,sciRED_6,1616,18,18,0.5637254901960784,0.01387377967189576
cd8_BL,2.0,SDAN_18,sciRED_7,1616,18,18,0.5562508691419832,0.01722430179853509
cd8_BL,2.0,SDAN_18,sciRED_8,1616,18,18,0.34056459463217903,0.008142310562913282
cd8_BL,2.0,SDAN_18,sciRED_9,1616,18,18,0.5091781393408428,0.018126579094223348
cd8_BL,2.0,SDAN_18,sciRED_10,1616,18,18,0.5079265748852733,0.011119118140863218
cd8_BL,2.0,SDAN_18,sciRED_11,1616,18,18,0.2921707690168266,0.007845102782025225
cd8_BL,2.0,SDAN_18,sciRED_12,1616,18,18,0.4324850507578918,0.010243905731382187
cd8_BL,2.0,SDAN_18,sciRED_13,1616,18,18,0.4827214573772771,0.011131157214534138
cd8_BL,2.0,SDAN_18,sciRED_14,1616,18,18,0.4645390070921986,0.017807533208047736
cd8_BL,2.0,SDAN_18,sciRED_15,1616,18,18,0.5714782366847448,0.01318292300611032
cd8_BL,2.0,SDAN_18,sciRED_16,1616,18,18,0.4470171047142261,0.010771316196428463
cd8_BL,2.0,SDAN_18,sciRED_17,1616,18,18,0.4158322903629537,0.011707449002688941
cd8_BL,2.0,SDAN_18,sciRED_18,1616,18,18,0.6065568071200111,0.028680695665530883
cd8_BL,2.0,SDAN_18,sciRED_19,1616,18,18,0.585349742733973,0.013392203443621926
cd8_BL,2.0,SDAN_18,sciRED_20,1616,18,18,0.5314281741065221,0.024224937436369158
cd8_BL,2.0,SDAN_18,sciRED_21,1616,18,18,0.4788972326519261,0.015192037595111656
cd8_BL,2.0,SDAN_18,sciRED_22,1616,18,18,0.6036017243776943,0.01744844789922919
cd8_BL,2.0,SDAN_18,sciRED_23,1616,18,18,0.5391809205951884,0.01377100070776224
cd8_BL,2.0,SDAN_18,sciRED_24,1616,18,18,0.5191211236267557,0.01472520271389216
cd8_BL,2.0,SDAN_18,sciRED_25,1616,18,18,0.6011681268251982,0.015564312914372904
cd8_BL,2.0,SDAN_18,sciRED_26,1616,18,18,0.417535808649701,0.00951474171401214
cd8_BL,2.0,SDAN_18,sciRED_27,1616,18,18,0.5593450146015853,0.01436718223939484
cd8_BL,2.0,SDAN_18,sciRED_28,1616,18,18,0.5550340703657349,0.021440261579207753
cd8_BL,2.0,SDAN_18,sciRED_29,1616,18,18,0.5461340564594632,0.021776849932931778
cd8_BL,2.0,SDAN_18,sciRED_30,1616,18,18,0.4537616465025726,0.009945432228691684
cd8_BL,2.0,SDAN_18,sciRED_31,1616,18,18,0.5850716172994019,0.015987173586647495
cd8_BL,2.0,SDAN_18,sciRED_32,1616,18,18,0.4703101098595467,0.023909337035855436
cd8_BL,2.0,SDAN_18,sciRED_33,1616,18,18,0.4755249617577527,0.011422232373348135
cd8_BL,2.0,SDAN_18,sciRED_34,1616,18,18,0.5045195383117786,0.01217434156304671
cd8_BL,2.0,SDAN_18,sciRED_35,1616,18,18,0.40022250034765683,0.009050655106486921
cd8_BL,2.0,SDAN_18,sciRED_36,1616,18,18,0.506223056598526,0.012385636273863129
cd8_BL,2.0,SDAN_18,sciRED_37,1616,18,18,0.430642469753859,0.010354332424208813
cd8_BL,2.0,SDAN_18,sciRED_38,1616,18,18,0.4620358781810597,0.010490564905389542
cd8_BL,2.0,SDAN_18,sciRED_39,1616,18,18,0.5487067167292449,0.01604938724244394
cd8_BL,2.0,SDAN_19,sciRED_0,1616,19,19,0.3651253995979303,0.009073119918782376
cd8_BL,2.0,SDAN_19,sciRED_1,1616,19,19,0.4361796790033945,0.010084821570913635
cd8_BL,2.0,SDAN_19,sciRED_2,1616,19,19,0.4170978479385691,0.009961127665501954
cd8_BL,2.0,SDAN_19,sciRED_3,1616,19,19,0.44389150710213227,0.010325480521456161
cd8_BL,2.0,SDAN_19,sciRED_4,1616,19,19,0.39722506014566783,0.009846501913394961
cd8_BL,2.0,SDAN_19,sciRED_5,1616,19,19,0.4473848993177998,0.01161492721033593
cd8_BL,2.0,SDAN_19,sciRED_6,1616,19,19,0.4889430840721089,0.011140281439323052
cd8_BL,2.0,SDAN_19,sciRED_7,1616,19,19,0.34851530830834127,0.008647543120583296
cd8_BL,2.0,SDAN_19,sciRED_8,1616,19,19,0.3471970470948818,0.008640230153942404
cd8_BL,2.0,SDAN_19,sciRED_9,1616,19,19,0.365850443265333,0.008893094766172057
cd8_BL,2.0,SDAN_19,sciRED_10,1616,19,19,0.392083841413176,0.00934743173977708
cd8_BL,2.0,SDAN_19,sciRED_11,1616,19,19,0.4890089971327819,0.011490038131042896
cd8_BL,2.0,SDAN_19,sciRED_12,1616,19,19,0.5285238770062288,0.014598097929246167
cd8_BL,2.0,SDAN_19,sciRED_13,1616,19,19,0.4615232508321524,0.010711973990103742
cd8_BL,2.0,SDAN_19,sciRED_14,1616,19,19,0.5158685693570181,0.012272084375668188
cd8_BL,2.0,SDAN_19,sciRED_15,1616,19,19,0.494512737698975,0.011810268478823546
cd8_BL,2.0,SDAN_19,sciRED_16,1616,19,19,0.5242395280624856,0.013234608008182543
cd8_BL,2.0,SDAN_19,sciRED_17,1616,19,19,0.3379033055399927,0.008518158700949513
cd8_BL,2.0,SDAN_19,sciRED_18,1616,19,19,0.4963253468674818,0.01267172740524423
cd8_BL,2.0,SDAN_19,sciRED_19,1616,19,19,0.4301486339518175,0.010211185374411045
cd8_BL,2.0,SDAN_19,sciRED_20,1616,19,19,0.3984444517681178,0.009940831593794443
cd8_BL,2.0,SDAN_19,sciRED_21,1616,19,19,0.44979072603236325,0.010550918549346196
cd8_BL,2.0,SDAN_19,sciRED_22,1616,19,19,0.45364664008173217,0.012104323665000576
cd8_BL,2.0,SDAN_19,sciRED_23,1616,19,19,0.5718617143987081,0.02912149948304346
cd8_BL,2.0,SDAN_19,sciRED_24,1616,19,19,0.5401245756846719,0.014908209317664707
cd8_BL,2.0,SDAN_19,sciRED_25,1616,19,19,0.4908545628316251,0.013372706699380479
cd8_BL,2.0,SDAN_19,sciRED_26,1616,19,19,0.4796822990475562,0.01775504154046887
cd8_BL,2.0,SDAN_19,sciRED_27,1616,19,19,0.5804963253468675,0.01933298976835421
cd8_BL,2.0,SDAN_19,sciRED_28,1616,19,19,0.41647167386217576,0.011431010670676624
cd8_BL,2.0,SDAN_19,sciRED_29,1616,19,19,0.6441024288962859,0.05497787992726755
cd8_BL,2.0,SDAN_19,sciRED_30,1616,19,19,0.4601061200276835,0.01151490460585702
cd8_BL,2.0,SDAN_19,sciRED_31,1616,19,19,0.4473519427874633,0.014717553432395909
cd8_BL,2.0,SDAN_19,sciRED_32,1616,19,19,0.5604257983719474,0.014811017579400905
cd8_BL,2.0,SDAN_19,sciRED_33,1616,19,19,0.4299838513001351,0.010660432317361525
cd8_BL,2.0,SDAN_19,sciRED_34,1616,19,19,0.5117819595952937,0.013377307807717703
cd8_BL,2.0,SDAN_19,sciRED_35,1616,19,19,0.49105230201364397,0.016663978276717915
cd8_BL,2.0,SDAN_19,sciRED_36,1616,19,19,0.7678542003097913,0.04749062340998472
cd8_BL,2.0,SDAN_19,sciRED_37,1616,19,19,0.4805391688363049,0.012186320725955315
cd8_BL,2.0,SDAN_19,sciRED_38,1616,19,19,0.6918893978841907,0.0957843161835147
cd8_BL,2.0,SDAN_19,sciRED_39,1616,19,19,0.49494117259334935,0.01309895254695559
cd8_BL,2.0,SDAN_20,sciRED_0,1616,19,19,0.4765514286655901,0.018474848579595655
cd8_BL,2.0,SDAN_20,sciRED_1,1616,19,19,0.4209867185182744,0.009884267593117032
cd8_BL,2.0,SDAN_20,sciRED_2,1616,19,19,0.5152094387502884,0.03775437218375345
cd8_BL,2.0,SDAN_20,sciRED_3,1616,19,19,0.5497808390732624,0.014352881436324197
cd8_BL,2.0,SDAN_20,sciRED_4,1616,19,19,0.50881587186501,0.021268967454650463
cd8_BL,2.0,SDAN_20,sciRED_5,1616,19,19,0.3993013215568665,0.009792849292817603
cd8_BL,2.0,SDAN_20,sciRED_6,1616,19,19,0.2601918070065583,0.007670431020274744
cd8_BL,2.0,SDAN_20,sciRED_7,1616,19,19,0.5363016181656395,0.019851611392713783
cd8_BL,2.0,SDAN_20,sciRED_8,1616,19,19,0.4162080216194839,0.010567872629734406
cd8_BL,2.0,SDAN_20,sciRED_9,1616,19,19,0.3580397455755858,0.010746604948127667
cd8_BL,2.0,SDAN_20,sciRED_10,1616,19,19,0.4757275154071779,0.011349501829636795
cd8_BL,2.0,SDAN_20,sciRED_11,1616,19,19,0.5356754440892462,0.015050744228042505
cd8_BL,2.0,SDAN_20,sciRED_12,1616,19,19,0.61592459545859,0.0287843048810795
cd8_BL,2.0,SDAN_20,sciRED_13,1616,19,19,0.5556141449428205,0.014301068527889045
cd8_BL,2.0,SDAN_20,sciRED_14,1616,19,19,0.4463962034077052,0.01132107750054712
cd8_BL,2.0,SDAN_20,sciRED_15,1616,19,19,0.4559535972052863,0.010526040611616279
cd8_BL,2.0,SDAN_20,sciRED_16,1616,19,19,0.41996506607784334,0.01021056168214449
cd8_BL,2.0,SDAN_20,sciRED_17,1616,19,19,0.5053883927100155,0.014050752361838052
cd8_BL,2.0,SDAN_20,sciRED_18,1616,19,19,0.46636786079161585,0.025720773180191447
cd8_BL,2.0,SDAN_20,sciRED_19,1616,19,19,0.3799558382493491,0.009992847883975307
cd8_BL,2.0,SDAN_20,sciRED_20,1616,19,19,0.46409386019839827,0.013899348277588645
cd8_BL,2.0,SDAN_20,sciRED_21,1616,19,19,0.4665985565039712,0.020058356653176845
cd8_BL,2.0,SDAN_20,sciRED_22,1616,19,19,0.42612793725076625,0.01084999978682901
cd8_BL,2.0,SDAN_20,sciRED_23,1616,19,19,0.5665557130145338,0.01962733160732809
cd8_BL,2.0,SDAN_20,sciRED_24,1616,19,19,0.5500115347856178,0.017903669254521144
cd8_BL,2.0,SDAN_20,sciRED_25,1616,19,19,0.4667962956859902,0.011481059919073696
cd8_BL,2.0,SDAN_20,sciRED_26,1616,19,19,0.4152193257093893,0.009846798289929806
cd8_BL,2.0,SDAN_20,sciRED_27,1616,19,19,0.48940447549681965,0.014279530939220013
cd8_BL,2.0,SDAN_20,sciRED_28,1616,19,19,0.5946676333915566,0.018933250666399427
cd8_BL,2.0,SDAN_20,sciRED_29,1616,19,19,0.5232178756220545,0.015134104992921428
cd8_BL,2.0,SDAN_20,sciRED_30,1616,19,19,0.5650067560887189,0.016599297732910672
cd8_BL,2.0,SDAN_20,sciRED_31,1616,19,19,0.5464192729789408,0.017648414168746525
cd8_BL,2.0,SDAN_20,sciRED_32,1616,19,19,0.5275351810961342,0.02649160624437393
cd8_BL,2.0,SDAN_20,sciRED_33,1616,19,19,0.5578881455360379,0.03426146369964729
cd8_BL,2.0,SDAN_20,sciRED_34,1616,19,19,0.5154401344626438,0.02265136801228332
cd8_BL,2.0,SDAN_20,sciRED_35,1616,19,19,0.44794516033352005,0.010517679272740218
cd8_BL,2.0,SDAN_20,sciRED_36,1616,19,19,0.4774742115150117,0.01655907987243666
cd8_BL,2.0,SDAN_20,sciRED_37,1616,19,19,0.6466730382625318,0.023205284028456806
cd8_BL,2.0,SDAN_20,sciRED_38,1616,19,19,0.5349174438915072,0.02092610513191274
cd8_BL,2.0,SDAN_20,sciRED_39,1616,19,19,0.5760471937514419,0.015522184149314177
cd8_BL,2.0,SDAN_21,sciRED_0,1616,18,17,0.5901850421219145,0.07018226364281734
cd8_BL,2.0,SDAN_21,sciRED_1,1616,18,17,0.45506382665636613,0.00979567823044781
cd8_BL,2.0,SDAN_21,sciRED_2,1616,18,17,0.5103189493433397,0.012124484614501486
cd8_BL,2.0,SDAN_21,sciRED_3,1616,18,17,0.5010852370967148,0.01638112594462827
cd8_BL,2.0,SDAN_21,sciRED_4,1616,18,17,0.5404480741639995,0.01274378499387194
cd8_BL,2.0,SDAN_21,sciRED_5,1616,18,17,0.5830850163705257,0.014500536694545601
cd8_BL,2.0,SDAN_21,sciRED_6,1616,18,17,0.5687378140749733,0.012431583832758789
cd8_BL,2.0,SDAN_21,sciRED_7,1616,18,17,0.6016628039583564,0.01621274305085587
cd8_BL,2.0,SDAN_21,sciRED_8,1616,18,17,0.49906191369606007,0.013574680079267577
cd8_BL,2.0,SDAN_21,sciRED_9,1616,18,17,0.5552367288378766,0.012169499167086331
cd8_BL,2.0,SDAN_21,sciRED_10,1616,18,17,0.5784865540963101,0.012285705805515225
cd8_BL,2.0,SDAN_21,sciRED_11,1616,18,17,0.552919103851672,0.013626411265174332
cd8_BL,2.0,SDAN_21,sciRED_12,1616,18,17,0.6206084685281242,0.01892962169935837
cd8_BL,2.0,SDAN_21,sciRED_13,1616,18,17,0.48030018761726073,0.01662572174778984
cd8_BL,2.0,SDAN_21,sciRED_14,1616,18,17,0.39922010079829306,0.010999707728141439
cd8_BL,2.0,SDAN_21,sciRED_15,1616,18,17,0.5713497406467277,0.01289811119544025
cd8_BL,2.0,SDAN_21,sciRED_16,1616,18,17,0.4763639039105323,0.010131611957929608
cd8_BL,2.0,SDAN_21,sciRED_17,1616,18,17,0.5740352426148696,0.015253418727331039
cd8_BL,2.0,SDAN_21,sciRED_18,1616,18,17,0.5703932604936909,0.01735510633566423
cd8_BL,2.0,SDAN_21,sciRED_19,1616,18,17,0.6154949784791965,0.026701504914106194
cd8_BL,2.0,SDAN_21,sciRED_20,1616,18,17,0.38119412868336827,0.012399931557175458
cd8_BL,2.0,SDAN_21,sciRED_21,1616,18,17,0.5304418202553066,0.01319625514752298
cd8_BL,2.0,SDAN_21,sciRED_22,1616,18,17,0.550123238788949,0.013049113898528173
cd8_BL,2.0,SDAN_21,sciRED_23,1616,18,17,0.5677077585255491,0.016739268189873112
cd8_BL,2.0,SDAN_21,sciRED_24,1616,18,17,0.5901850421219144,0.01496588767805079
cd8_BL,2.0,SDAN_21,sciRED_25,1616,18,17,0.4797483721443549,0.011513788022440538
cd8_BL,2.0,SDAN_21,sciRED_26,1616,18,17,0.4468601699591656,0.01127042915304884
cd8_BL,2.0,SDAN_21,sciRED_27,1616,18,17,0.6088731928043262,0.03167037321302824
cd8_BL,2.0,SDAN_21,sciRED_28,1616,18,17,0.3355405952249568,0.007669852138036972
cd8_BL,2.0,SDAN_21,sciRED_29,1616,18,17,0.48133024316668505,0.020131768845373203
cd8_BL,2.0,SDAN_21,sciRED_30,1616,18,17,0.47592245153220764,0.013206788404214336
cd8_BL,2.0,SDAN_21,sciRED_31,1616,18,17,0.5315086635029246,0.01291183336828432
cd8_BL,2.0,SDAN_21,sciRED_32,1616,18,17,0.40484861862193283,0.009402076141434759
cd8_BL,2.0,SDAN_21,sciRED_33,1616,18,17,0.4086009638376927,0.008891852593134091
cd8_BL,2.0,SDAN_21,sciRED_34,1616,18,17,0.5276827428907773,0.013690017539176376
cd8_BL,2.0,SDAN_21,sciRED_35,1616,18,17,0.3672148033697532,0.020688505150381044
cd8_BL,2.0,SDAN_21,sciRED_36,1616,18,17,0.4847882867968951,0.01166220011911093
cd8_BL,2.0,SDAN_21,sciRED_37,1616,18,17,0.4331383585329066,0.009878554867072644
cd8_BL,2.0,SDAN_21,sciRED_38,1616,18,17,0.4047750432255454,0.01146355526638402
cd8_BL,2.0,SDAN_21,sciRED_39,1616,18,17,0.5608284589633227,0.020642674510190112
cd8_BL,2.0,SDAN_22,sciRED_0,1616,19,18,0.4273744958976498,0.009586660107229472
cd8_BL,2.0,SDAN_22,sciRED_1,1616,19,18,0.4337713808927826,0.009959645738663894
cd8_BL,2.0,SDAN_22,sciRED_2,1616,19,18,0.4550827423167848,0.012839319953700544
cd8_BL,2.0,SDAN_22,sciRED_3,1616,19,18,0.5494020303156724,0.014477854890513744
cd8_BL,2.0,SDAN_22,sciRED_4,1616,19,18,0.404707272980114,0.009045125363036817
cd8_BL,2.0,SDAN_22,sciRED_5,1616,19,18,0.5464121818940342,0.017593021495831203
cd8_BL,2.0,SDAN_22,sciRED_6,1616,19,18,0.46457377277151995,0.01055180290691387
cd8_BL,2.0,SDAN_22,sciRED_7,1616,19,18,0.41621471283548883,0.009675688717827674
cd8_BL,2.0,SDAN_22,sciRED_8,1616,19,18,0.5037894590460297,0.013405607540988162
cd8_BL,2.0,SDAN_22,sciRED_9,1616,19,18,0.4813655958837436,0.012404838360079651
cd8_BL,2.0,SDAN_22,sciRED_10,1616,19,18,0.5144277569183702,0.012338530019240297
cd8_BL,2.0,SDAN_22,sciRED_11,1616,19,18,0.40787094979835903,0.01000473358847373
cd8_BL,2.0,SDAN_22,sciRED_12,1616,19,18,0.508830482547629,0.01132226938694842
cd8_BL,2.0,SDAN_22,sciRED_13,1616,19,18,0.3443192879988875,0.008180579356680305
cd8_BL,2.0,SDAN_22,sciRED_14,1616,19,18,0.5677930746766792,0.015262306931007495
cd8_BL,2.0,SDAN_22,sciRED_15,1616,19,18,0.5593450146015854,0.01423103382740877
cd8_BL,2.0,SDAN_22,sciRED_16,1616,19,18,0.41892643582255595,0.01188610208766231
cd8_BL,2.0,SDAN_22,sciRED_17,1616,19,18,0.42142956473369486,0.01088489714634324
cd8_BL,2.0,SDAN_22,sciRED_18,1616,19,18,0.5202683910443611,0.014881017198880474
cd8_BL,2.0,SDAN_22,sciRED_19,1616,19,18,0.5394938117090807,0.013749977287957068
cd8_BL,2.0,SDAN_22,sciRED_20,1616,19,18,0.4625225976915589,0.011373925838989305
cd8_BL,2.0,SDAN_22,sciRED_21,1616,19,18,0.3629189264358225,0.008480305175256463
cd8_BL,2.0,SDAN_22,sciRED_22,1616,19,18,0.5209289389514672,0.011818231839119658
cd8_BL,2.0,SDAN_22,sciRED_23,1616,19,18,0.5543735224586288,0.01358583760188473
cd8_BL,2.0,SDAN_22,sciRED_24,1616,19,18,0.33235989431233487,0.008068132277357145
cd8_BL,2.0,SDAN_22,sciRED_25,1616,19,18,0.44489639827562233,0.01177807404738377
cd8_BL,2.0,SDAN_22,sciRED_26,1616,19,18,0.5166179947156168,0.012356957764394244
cd8_BL,2.0,SDAN_22,sciRED_27,1616,19,18,0.5737727715199554,0.013206832452151743
cd8_BL,2.0,SDAN_22,sciRED_28,1616,19,18,0.6156654151022112,0.016920729374340672
cd8_BL,2.0,SDAN_22,sciRED_29,1616,19,18,0.5092824363788069,0.011629046742446546
cd8_BL,2.0,SDAN_22,sciRED_30,1616,19,18,0.5981087470449172,0.01510439008597557
cd8_BL,2.0,SDAN_22,sciRED_31,1616,19,18,0.48713669865109166,0.015703673710041242
cd8_BL,2.0,SDAN_22,sciRED_32,1616,19,18,0.5403629536921151,0.013636988078591884
cd8_BL,2.0,SDAN_22,sciRED_33,1616,19,18,0.5191906549853984,0.018246413358940776
cd8_BL,2.0,SDAN_22,sciRED_34,1616,19,18,0.41729244889445144,0.010333477969665921
cd8_BL,2.0,SDAN_22,sciRED_35,1616,19,18,0.603949381170908,0.060955763012406815
cd8_BL,2.0,SDAN_22,sciRED_36,1616,19,18,0.6155958837435683,0.024838329427293734
cd8_BL,2.0,SDAN_22,sciRED_37,1616,19,18,0.5527395355305242,0.012410424989306564
cd8_BL,2.0,SDAN_22,sciRED_38,1616,19,18,0.48491169517452365,0.011176583562280044
cd8_BL,2.0,SDAN_22,sciRED_39,1616,19,18,0.6166388541232096,0.01812066002892219
cd8_BL,2.0,SDAN_23,sciRED_0,1616,18,18,0.4762202753441802,0.011756374657415015
cd8_BL,2.0,SDAN_23,sciRED_1,1616,18,18,0.3859685718258935,0.008720394897925567
cd8_BL,2.0,SDAN_23,sciRED_2,1616,18,18,0.5448477263245723,0.012891030311232295
cd8_BL,2.0,SDAN_23,sciRED_3,1616,18,18,0.5041718815185648,0.011311213310537629
cd8_BL,2.0,SDAN_23,sciRED_4,1616,18,18,0.5527047698512029,0.01500509931285331
cd8_BL,2.0,SDAN_23,sciRED_5,1616,18,18,0.5272910582672785,0.014809204619138358
cd8_BL,2.0,SDAN_23,sciRED_6,1616,18,18,0.5123418161590878,0.011036079600600318
cd8_BL,2.0,SDAN_23,sciRED_7,1616,18,18,0.46227923793630926,0.011093889983009038
cd8_BL,2.0,SDAN_23,sciRED_8,1616,18,18,0.4918995967181199,0.01417431805673064
cd8_BL,2.0,SDAN_23,sciRED_9,1616,18,18,0.6253650396328744,0.02263317064155354
cd8_BL,2.0,SDAN_23,sciRED_10,1616,18,18,0.45842024753163674,0.010638476732278784
cd8_BL,2.0,SDAN_23,sciRED_11,1616,18,18,0.5830204422194409,0.015542725510352358
cd8_BL,2.0,SDAN_23,sciRED_12,1616,18,18,0.5509664858851342,0.013634166738520678
cd8_BL,2.0,SDAN_23,sciRED_13,1616,18,18,0.5562856348213044,0.014477092821823079
cd8_BL,2.0,SDAN_23,sciRED_14,1616,18,18,0.488005840634126,0.01282276428579281
cd8_BL,2.0,SDAN_23,sciRED_15,1616,18,18,0.35554860241969133,0.008411159338352188
cd8_BL,2.0,SDAN_23,sciRED_16,1616,18,18,0.46829370045890695,0.06574468684501436
cd8_BL,2.0,SDAN_23,sciRED_17,1616,18,18,0.4737171464330413,0.01836475424084185
cd8_BL,2.0,SDAN_23,sciRED_18,1616,18,18,0.43064246975385895,0.010606727889427094
cd8_BL,2.0,SDAN_23,sciRED_19,1616,18,18,0.47722848004450014,0.011239435642322246
cd8_BL,2.0,SDAN_23,sciRED_20,1616,18,18,0.49575858712279247,0.01215548731765868
cd8_BL,2.0,SDAN_23,sciRED_21,1616,18,18,0.5387984981226533,0.013927791012896144
cd8_BL,2.0,SDAN_23,sciRED_22,1616,18,18,0.5817341120845502,0.023880376995052466
cd8_BL,2.0,SDAN_23,sciRED_23,1616,18,18,0.45470031984424975,0.010665620758908019
cd8_BL,2.0,SDAN_23,sciRED_24,1616,18,18,0.43366708385481845,0.009667303438908358
cd8_BL,2.0,SDAN_23,sciRED_25,1616,18,18,0.35777360589625923,0.008722888945280156
cd8_BL,2.0,SDAN_23,sciRED_26,1616,18,18,0.4228897232651926,0.009316211582878273
cd8_BL,2.0,SDAN_23,sciRED_27,1616,18,18,0.5348699763593381,0.02256369279649003
cd8_BL,2.0,SDAN_23,sciRED_28,1616,18,18,0.5132804895007649,0.02214762679978586
cd8_BL,2.0,SDAN_23,sciRED_29,1616,18,18,0.4514323459880406,0.010093687859321233
cd8_BL,2.0,SDAN_23,sciRED_30,1616,18,18,0.4053678208872201,0.009059740299958517
cd8_BL,2.0,SDAN_23,sciRED_31,1616,18,18,0.6361076345431789,0.042761590808047284
cd8_BL,2.0,SDAN_23,sciRED_32,1616,18,18,0.535600055625087,0.014416805056211334
cd8_BL,2.0,SDAN_23,sciRED_33,1616,18,18,0.5832638019746906,0.01624500388708053
cd8_BL,2.0,SDAN_23,sciRED_34,1616,18,18,0.5087261855096649,0.013457585245486781
cd8_BL,2.0,SDAN_23,sciRED_35,1616,18,18,0.5344180225281602,0.011989165407217547
cd8_BL,2.0,SDAN_23,sciRED_36,1616,18,18,0.454352663051036,0.010571115880115872
cd8_BL,2.0,SDAN_23,sciRED_37,1616,18,18,0.4923167848699764,0.01428280730746669
cd8_BL,2.0,SDAN_23,sciRED_38,1616,18,18,0.5361215408149075,0.016591600035091907
cd8_BL,2.0,SDAN_23,sciRED_39,1616,18,18,0.46304408288137955,0.014225862628742706
cd8_BL,2.0,SDAN_24,sciRED_0,1616,17,17,0.5368428797410146,0.012217672882827994
cd8_BL,2.0,SDAN_24,sciRED_1,1616,17,17,0.517455762792922,0.011328340702948265
cd8_BL,2.0,SDAN_24,sciRED_2,1616,17,17,0.5720119192142148,0.017295822775512094
cd8_BL,2.0,SDAN_24,sciRED_3,1616,17,17,0.5579590185042123,0.013452051813539725
cd8_BL,2.0,SDAN_24,sciRED_4,1616,17,17,0.4393922672258397,0.014875604857541505
cd8_BL,2.0,SDAN_24,sciRED_5,1616,17,17,0.6472427620203803,0.020962786303834222
cd8_BL,2.0,SDAN_24,sciRED_6,1616,17,17,0.5553838796306515,0.013652881699019112
cd8_BL,2.0,SDAN_24,sciRED_7,1616,17,17,0.5875363278519663,0.020007105388749717
cd8_BL,2.0,SDAN_24,sciRED_8,1616,17,17,0.6326012581392783,0.03506166450164057
cd8_BL,2.0,SDAN_24,sciRED_9,1616,17,17,0.6206084685281241,0.0196741229374087
cd8_BL,2.0,SDAN_24,sciRED_10,1616,17,17,0.5356288857006217,0.012353028284745222
cd8_BL,2.0,SDAN_24,sciRED_11,1616,17,17,0.6176286649744326,0.03000036507010692
cd8_BL,2.0,SDAN_24,sciRED_12,1616,17,17,0.5393812309163815,0.013015414098594823
cd8_BL,2.0,SDAN_24,sciRED_13,1616,17,17,0.5275723797961962,0.0221133902424688
cd8_BL,2.0,SDAN_24,sciRED_14,1616,17,17,0.5884192326086156,0.025714674676035554
cd8_BL,2.0,SDAN_24,sciRED_15,1616,17,17,0.4016113011808851,0.008934656023045601
cd8_BL,2.0,SDAN_24,sciRED_16,1616,17,17,0.4886877828054299,0.022886955898649232
cd8_BL,2.0,SDAN_24,sciRED_17,1616,17,17,0.45797005481367037,0.013036339172499755
cd8_BL,2.0,SDAN_24,sciRED_18,1616,17,17,0.5735202148401575,0.020468370029750958
cd8_BL,2.0,SDAN_24,sciRED_19,1616,17,17,0.6290696391126808,0.05393160785250077
cd8_BL,2.0,SDAN_24,sciRED_20,1616,17,17,0.5557517566125887,0.015139284124506616
cd8_BL,2.0,SDAN_24,sciRED_21,1616,17,17,0.45035500128756945,0.009515993432791098
cd8_BL,2.0,SDAN_24,sciRED_22,1616,17,17,0.39484236471323997,0.009011838798781232
cd8_BL,2.0,SDAN_24,sciRED_23,1616,17,17,0.5252179671117978,0.011728723676035694
cd8_BL,2.0,SDAN_24,sciRED_24,1616,17,17,0.4963764117279182,0.011318716357326265
cd8_BL,2.0,SDAN_24,sciRED_25,1616,17,17,0.7198984659529853,0.14571759561441305
cd8_BL,2.0,SDAN_24,sciRED_26,1616,17,17,0.6326012581392783,0.018552303951320466
cd8_BL,2.0,SDAN_24,sciRED_27,1616,17,17,0.37129823786925653,0.010345291209340902
cd8_BL,2.0,SDAN_24,sciRED_28,1616,17,17,0.46915351506456243,0.013746106564102545
cd8_BL,2.0,SDAN_24,sciRED_29,1616,17,17,0.503733951366663,0.011279675845973672
cd8_BL,2.0,SDAN_24,sciRED_30,1616,17,17,0.3863811941286834,0.009005033873529834
cd8_BL,2.0,SDAN_24,sciRED_31,1616,17,17,0.6013317146746128,0.01675047778473944
cd8_BL,2.0,SDAN_24,sciRED_32,1616,17,17,0.5744399072950005,0.014145022642679327
cd8_BL,2.0,SDAN_24,sciRED_33,1616,17,17,0.4369642791450539,0.009833945567306235
cd8_BL,2.0,SDAN_24,sciRED_34,1616,17,17,0.556119633594526,0.012838142990571634
cd8_BL,2.0,SDAN_24,sciRED_35,1616,17,17,0.5181915167567965,0.014657053938258741
cd8_BL,2.0,SDAN_24,sciRED_36,1616,17,17,0.6048265460030166,0.01513073728802946
cd8_BL,2.0,SDAN_24,sciRED_37,1616,17,17,0.4836846558510834,0.011273616957987523
cd8_BL,2.0,SDAN_24,sciRED_38,1616,17,17,0.534929919434941,0.014821506861968429
cd8_BL,2.0,SDAN_24,sciRED_39,1616,17,17,0.6250597800095647,0.034195973857814144
cd8_BL,2.0,SDAN_25,sciRED_0,1616,18,16,0.569453125,0.01597521828917952
cd8_BL,2.0,SDAN_25,sciRED_1,1616,18,16,0.4745703125,0.009407292116213488
cd8_BL,2.0,SDAN_25,sciRED_2,1616,18,16,0.330703125,0.007428717515384127
cd8_BL,2.0,SDAN_25,sciRED_3,1616,18,16,0.42859375,0.009039436706792352
cd8_BL,2.0,SDAN_25,sciRED_4,1616,18,16,0.5693750000000001,0.04633595511379032
cd8_BL,2.0,SDAN_25,sciRED_5,1616,18,16,0.5063671875,0.009960733314198741
cd8_BL,2.0,SDAN_25,sciRED_6,1616,18,16,0.3598828125,0.00798608947216383
cd8_BL,2.0,SDAN_25,sciRED_7,1616,18,16,0.46796875,0.009747374116690834
cd8_BL,2.0,SDAN_25,sciRED_8,1616,18,16,0.4387109375,0.009003027197399621
cd8_BL,2.0,SDAN_25,sciRED_9,1616,18,16,0.38000000000000006,0.007746810592168949
cd8_BL,2.0,SDAN_25,sciRED_10,1616,18,16,0.4812109375,0.009558276032498602
cd8_BL,2.0,SDAN_25,sciRED_11,1616,18,16,0.466328125,0.01087471444643337
cd8_BL,2.0,SDAN_25,sciRED_12,1616,18,16,0.6876171875,0.02229639001028015
cd8_BL,2.0,SDAN_25,sciRED_13,1616,18,16,0.42734375,0.00978971381852497
cd8_BL,2.0,SDAN_25,sciRED_14,1616,18,16,0.37074218750000004,0.008168177157995636
cd8_BL,2.0,SDAN_25,sciRED_15,1616,18,16,0.5220703125,0.010345043068278745
cd8_BL,2.0,SDAN_25,sciRED_16,1616,18,16,0.52015625,0.01037277907461404
cd8_BL,2.0,SDAN_25,sciRED_17,1616,18,16,0.46550781249999995,0.00935838355181801
cd8_BL,2.0,SDAN_25,sciRED_18,1616,18,16,0.4607421875,0.010333071538525371
cd8_BL,2.0,SDAN_25,sciRED_19,1616,18,16,0.44695312499999995,0.010223056917179691
cd8_BL,2.0,SDAN_25,sciRED_20,1616,18,16,0.6261328125000001,0.015991026253688128
cd8_BL,2.0,SDAN_25,sciRED_21,1616,18,16,0.38492187499999997,0.007832777571742123
cd8_BL,2.0,SDAN_25,sciRED_22,1616,18,16,0.46671875,0.009703364893700096
cd8_BL,2.0,SDAN_25,sciRED_23,1616,18,16,0.42746093749999997,0.008427194918841252
cd8_BL,2.0,SDAN_25,sciRED_24,1616,18,16,0.6824218750000001,0.016844062035134038
cd8_BL,2.0,SDAN_25,sciRED_25,1616,18,16,0.4612109375,0.009747269550005433
cd8_BL,2.0,SDAN_25,sciRED_26,1616,18,16,0.5207421875,0.012747229704318203
cd8_BL,2.0,SDAN_25,sciRED_27,1616,18,16,0.5217578125,0.011534960879259225
cd8_BL,2.0,SDAN_25,sciRED_28,1616,18,16,0.5343359375,0.01430796917386356
cd8_BL,2.0,SDAN_25,sciRED_29,1616,18,16,0.47328125,0.015762030547323627
cd8_BL,2.0,SDAN_25,sciRED_30,1616,18,16,0.5325,0.010680770917601326
cd8_BL,2.0,SDAN_25,sciRED_31,1616,18,16,0.5717968749999999,0.015241759328089273
cd8_BL,2.0,SDAN_25,sciRED_32,1616,18,16,0.5159375,0.010648505035082318
cd8_BL,2.0,SDAN_25,sciRED_33,1616,18,16,0.46406250000000004,0.009602668036579227
cd8_BL,2.0,SDAN_25,sciRED_34,1616,18,16,0.62109375,0.016381835968942625
cd8_BL,2.0,SDAN_25,sciRED_35,1616,18,16,0.5079687500000001,0.013525775972061577
cd8_BL,2.0,SDAN_25,sciRED_36,1616,18,16,0.618828125,0.01492429241779122
cd8_BL,2.0,SDAN_25,sciRED_37,1616,18,16,0.36308593749999996,0.008128541820008536
cd8_BL,2.0,SDAN_25,sciRED_38,1616,18,16,0.5869921874999999,0.019095230434453485
cd8_BL,2.0,SDAN_25,sciRED_39,1616,18,16,0.3828125,0.008057356026554654
cd8_BL,2.0,SDAN_26,sciRED_0,1616,18,18,0.5147058823529411,0.016926336581790838
cd8_BL,2.0,SDAN_26,sciRED_1,1616,18,18,0.46175775274648867,0.01169241491121425
cd8_BL,2.0,SDAN_26,sciRED_2,1616,18,18,0.5492629675983869,0.016111941671358054
cd8_BL,2.0,SDAN_26,sciRED_3,1616,18,18,0.4115908774857461,0.009487250303478051
cd8_BL,2.0,SDAN_26,sciRED_4,1616,18,18,0.3477263245723821,0.008305544566288734
cd8_BL,2.0,SDAN_26,sciRED_5,1616,18,18,0.6724725351133362,0.02808645294461364
cd8_BL,2.0,SDAN_26,sciRED_6,1616,18,18,0.5214156584619664,0.013386422925855613
cd8_BL,2.0,SDAN_26,sciRED_7,1616,18,18,0.4804964539007092,0.020826499116649938
cd8_BL,2.0,SDAN_26,sciRED_8,1616,18,18,0.6632248644138505,0.01903319841283919
cd8_BL,2.0,SDAN_26,sciRED_9,1616,18,18,0.6504658601029065,0.03558134786257991
cd8_BL,2.0,SDAN_26,sciRED_10,1616,18,18,0.5391461549158671,0.012653364301216358
cd8_BL,2.0,SDAN_26,sciRED_11,1616,18,18,0.5075093867334168,0.013343316890775515
cd8_BL,2.0,SDAN_26,sciRED_12,1616,18,18,0.4611319705187039,0.010667726938157186
cd8_BL,2.0,SDAN_26,sciRED_13,1616,18,18,0.4904394381866221,0.01155636870863674
cd8_BL,2.0,SDAN_26,sciRED_14,1616,18,18,0.5581282158253372,0.026392321570890824
cd8_BL,2.0,SDAN_26,sciRED_15,1616,18,18,0.5077875121679878,0.012088199511751292
cd8_BL,2.0,SDAN_26,sciRED_16,1616,18,18,0.45758587122792377,0.010609011338177172
cd8_BL,2.0,SDAN_26,sciRED_17,1616,18,18,0.6894381866221666,0.11852872000229303
cd8_BL,2.0,SDAN_26,sciRED_18,1616,18,18,0.37978028090668897,0.009047032119287254
cd8_BL,2.0,SDAN_26,sciRED_19,1616,18,18,0.6706299541093033,0.017786952042933173
cd8_BL,2.0,SDAN_26,sciRED_20,1616,18,18,0.5659157279933249,0.02625602487611076
cd8_BL,2.0,SDAN_26,sciRED_21,1616,18,18,0.5973091364205256,0.018530042108631694
cd8_BL,2.0,SDAN_26,sciRED_22,1616,18,18,0.6339521624252539,0.037468333536039185
cd8_BL,2.0,SDAN_26,sciRED_23,1616,18,18,0.4396120150187735,0.026159260724448446
cd8_BL,2.0,SDAN_26,sciRED_24,1616,18,18,0.4904394381866221,0.013124008407390515
cd8_BL,2.0,SDAN_26,sciRED_25,1616,18,18,0.3981365595883744,0.009185134646452962
cd8_BL,2.0,SDAN_26,sciRED_26,1616,18,18,0.6450076484494506,0.021609826714374284
cd8_BL,2.0,SDAN_26,sciRED_27,1616,18,18,0.6471283548880544,0.045893957070214
cd8_BL,2.0,SDAN_26,sciRED_28,1616,18,18,0.5155750243359755,0.013656466923368842
cd8_BL,2.0,SDAN_26,sciRED_29,1616,18,18,0.5601793909052983,0.013389842308161922
cd8_BL,2.0,SDAN_26,sciRED_30,1616,18,18,0.5351133361145877,0.014414895795125865
cd8_BL,2.0,SDAN_26,sciRED_31,1616,18,18,0.4360659157279934,0.009725843814074426
cd8_BL,2.0,SDAN_26,sciRED_32,1616,18,18,0.4986789041857878,0.01456615746762292
cd8_BL,2.0,SDAN_26,sciRED_33,1616,18,18,0.5022250034765678,0.011559802733973314
cd8_BL,2.0,SDAN_26,sciRED_34,1616,18,18,0.4947851481017939,0.012001608630331187
cd8_BL,2.0,SDAN_26,sciRED_35,1616,18,18,0.4497288277012933,0.009794371719803994
cd8_BL,2.0,SDAN_26,sciRED_36,1616,18,18,0.4928035043804756,0.010720874401444876
cd8_BL,2.0,SDAN_26,sciRED_37,1616,18,18,0.36688221387845915,0.008469258231247731
cd8_BL,2.0,SDAN_26,sciRED_38,1616,18,18,0.4742038659435406,0.011418783644727488
cd8_BL,2.0,SDAN_26,sciRED_39,1616,18,18,0.547976637463496,0.013981198403761282
cd8_BL,2.0,SDAN_27,sciRED_0,1616,17,17,0.4103667733509915,0.009201444417297873
cd8_BL,2.0,SDAN_27,sciRED_1,1616,17,17,0.42177095979104584,0.009827140736346609
cd8_BL,2.0,SDAN_27,sciRED_2,1616,17,17,0.45373946952139205,0.009908211020556107
cd8_BL,2.0,SDAN_27,sciRED_3,1616,17,17,0.4223595629621454,0.009813643114276202
cd8_BL,2.0,SDAN_27,sciRED_4,1616,17,17,0.4264797851598426,0.00959552730963942
cd8_BL,2.0,SDAN_27,sciRED_5,1616,17,17,0.5769782584703675,0.04132117810024993
cd8_BL,2.0,SDAN_27,sciRED_6,1616,17,17,0.5106868263252768,0.013725735696676159
cd8_BL,2.0,SDAN_27,sciRED_7,1616,17,17,0.4065408527388441,0.008626831992753603
cd8_BL,2.0,SDAN_27,sciRED_8,1616,17,17,0.4950520545929441,0.011807593044075027
cd8_BL,2.0,SDAN_27,sciRED_9,1616,17,17,0.5596880403193172,0.013053807539555979
cd8_BL,2.0,SDAN_27,sciRED_10,1616,17,17,0.5143288084464555,0.011386525902489264
cd8_BL,2.0,SDAN_27,sciRED_11,1616,17,17,0.47603281462678876,0.011165187976411712
cd8_BL,2.0,SDAN_27,sciRED_12,1616,17,17,0.35971011293823346,0.011043263063907325
cd8_BL,2.0,SDAN_27,sciRED_13,1616,17,17,0.36066659309127025,0.008445860518639183
cd8_BL,2.0,SDAN_27,sciRED_14,1616,17,17,0.4576389655299268,0.009835586939857192
cd8_BL,2.0,SDAN_27,sciRED_15,1616,17,17,0.5175661258875033,0.012968042432480321
cd8_BL,2.0,SDAN_27,sciRED_16,1616,17,17,0.5491667586359121,0.012436744457062054
cd8_BL,2.0,SDAN_27,sciRED_17,1616,17,17,0.46275245557885447,0.00983158291978852
cd8_BL,2.0,SDAN_27,sciRED_18,1616,17,17,0.43409483868594345,0.009357034986714525
cd8_BL,2.0,SDAN_27,sciRED_19,1616,17,17,0.5234889452966928,0.010906365172968455
cd8_BL,2.0,SDAN_27,sciRED_20,1616,17,17,0.5003494831328403,0.012875581483531465
cd8_BL,2.0,SDAN_27,sciRED_21,1616,17,17,0.36964279145053897,0.009179359223464356
cd8_BL,2.0,SDAN_27,sciRED_22,1616,17,17,0.48960747526027293,0.010472873444698008
cd8_BL,2.0,SDAN_27,sciRED_23,1616,17,17,0.4949049038001692,0.010355485170269916
cd8_BL,2.0,SDAN_27,sciRED_24,1616,17,17,0.5041754037449877,0.014541184693018775
cd8_BL,2.0,SDAN_27,sciRED_25,1616,17,17,0.5692896295478792,0.013879154978081011
cd8_BL,2.0,SDAN_27,sciRED_26,1616,17,17,0.3982636206452563,0.023116844046805324
cd8_BL,2.0,SDAN_27,sciRED_27,1616,17,17,0.423757495493507,0.008926272880050082
cd8_BL,2.0,SDAN_27,sciRED_28,1616,17,17,0.4387668763565464,0.009672365654680489
cd8_BL,2.0,SDAN_27,sciRED_29,1616,17,17,0.43692749144686016,0.009256466679076305
cd8_BL,2.0,SDAN_27,sciRED_30,1616,17,17,0.5099510723614022,0.012308160774198641
cd8_BL,2.0,SDAN_27,sciRED_31,1616,17,17,0.6171136371997203,0.030785480101659587
cd8_BL,2.0,SDAN_27,sciRED_32,1616,17,17,0.5337895007909355,0.013235897635930702
cd8_BL,2.0,SDAN_27,sciRED_33,1616,17,17,0.4453886620314167,0.011301242010536436
cd8_BL,2.0,SDAN_27,sciRED_34,1616,17,17,0.444542544972961,0.011690829917149302
cd8_BL,2.0,SDAN_27,sciRED_35,1616,17,17,0.5332008976198359,0.012208294419139426
cd8_BL,2.0,SDAN_27,sciRED_36,1616,17,17,0.42909171173159694,0.009941614855521693
cd8_BL,2.0,SDAN_27,sciRED_37,1616,17,17,0.6848030018761726,0.021208597160669872
cd8_BL,2.0,SDAN_27,sciRED_38,1616,17,17,0.47654784240150094,0.01116903083955967
cd8_BL,2.0,SDAN_27,sciRED_39,1616,17,17,0.3993304638928742,0.009249971981222828
cd8_BL,2.0,SDAN_28,sciRED_0,1616,18,18,0.6177513558614934,0.024181425003172285
cd8_BL,2.0,SDAN_28,sciRED_1,1616,18,18,0.44253233208176884,0.010299415889775471
cd8_BL,2.0,SDAN_28,sciRED_2,1616,18,18,0.45299680155750244,0.010330535502226212
cd8_BL,2.0,SDAN_28,sciRED_3,1616,18,18,0.5788137950215546,0.037454058239940774
cd8_BL,2.0,SDAN_28,sciRED_4,1616,18,18,0.5656723682380753,0.018185125643555376
cd8_BL,2.0,SDAN_28,sciRED_5,1616,18,18,0.5266652760394938,0.013056153142390205
cd8_BL,2.0,SDAN_28,sciRED_6,1616,18,18,0.5119246280072312,0.012640975170445113
cd8_BL,2.0,SDAN_28,sciRED_7,1616,18,18,0.49780976220275347,0.01611583933090218
cd8_BL,2.0,SDAN_28,sciRED_8,1616,18,18,0.47559449311639546,0.010776376735460044
cd8_BL,2.0,SDAN_28,sciRED_9,1616,18,18,0.5903212348769296,0.01429973250469741
cd8_BL,2.0,SDAN_28,sciRED_10,1616,18,18,0.3616673619802531,0.008561650475776922
cd8_BL,2.0,SDAN_28,sciRED_11,1616,18,18,0.6196287025448477,0.019491402671429334
cd8_BL,2.0,SDAN_28,sciRED_12,1616,18,18,0.4942984285912947,0.011613225738927828
cd8_BL,2.0,SDAN_28,sciRED_13,1616,18,18,0.49944374913085793,0.013601339251399103
cd8_BL,2.0,SDAN_28,sciRED_14,1616,18,18,0.5007996106243916,0.014346536860424102
cd8_BL,2.0,SDAN_28,sciRED_15,1616,18,18,0.36510916423306905,0.008443627705542986
cd8_BL,2.0,SDAN_28,sciRED_16,1616,18,18,0.4929773327770825,0.012291897410527686
cd8_BL,2.0,SDAN_28,sciRED_17,1616,18,18,0.5859407592824364,0.018650135669795405
cd8_BL,2.0,SDAN_28,sciRED_18,1616,18,18,0.5247879293561396,0.03122828880372675
cd8_BL,2.0,SDAN_28,sciRED_19,1616,18,18,0.3317688777638715,0.00809636063877224
cd8_BL,2.0,SDAN_28,sciRED_20,1616,18,18,0.5422750660547907,0.014822941646097688
cd8_BL,2.0,SDAN_28,sciRED_21,1616,18,18,0.3320817688777638,0.013901585939248775
cd8_BL,2.0,SDAN_28,sciRED_22,1616,18,18,0.5321234876929495,0.011725036880726535
cd8_BL,2.0,SDAN_28,sciRED_23,1616,18,18,0.4429495202336253,0.010253376255668724
cd8_BL,2.0,SDAN_28,sciRED_24,1616,18,18,0.5067445417883465,0.01755308885528532
cd8_BL,2.0,SDAN_28,sciRED_25,1616,18,18,0.4560561813377833,0.011263451413789954
cd8_BL,2.0,SDAN_28,sciRED_26,1616,18,18,0.541927409261577,0.01889357870867893
cd8_BL,2.0,SDAN_28,sciRED_27,1616,18,18,0.5101515783618412,0.01277340495412102
cd8_BL,2.0,SDAN_28,sciRED_28,1616,18,18,0.42796551244611325,0.011832149456962291
cd8_BL,2.0,SDAN_28,sciRED_29,1616,18,18,0.4904742038659435,0.012885515161423384
cd8_BL,2.0,SDAN_28,sciRED_30,1616,18,18,0.5802391878737311,0.015553165253706532
cd8_BL,2.0,SDAN_28,sciRED_31,1616,18,18,0.5120984564038381,0.01173587629410605
cd8_BL,2.0,SDAN_28,sciRED_32,1616,18,18,0.5628911138923653,0.025508986793303275
cd8_BL,2.0,SDAN_28,sciRED_33,1616,18,18,0.5684883882631067,0.015430133080738996
cd8_BL,2.0,SDAN_28,sciRED_34,1616,18,18,0.5546168822138785,0.012661996674331613
cd8_BL,2.0,SDAN_28,sciRED_35,1616,18,18,0.4430190515922682,0.01012291242901325
cd8_BL,2.0,SDAN_28,sciRED_36,1616,18,18,0.48957029620358783,0.01111797115881181
cd8_BL,2.0,SDAN_28,sciRED_37,1616,18,18,0.4909956890557642,0.011847039152223286
cd8_BL,2.0,SDAN_28,sciRED_38,1616,18,18,0.37369628702544844,0.00857022016490541
cd8_BL,2.0,SDAN_28,sciRED_39,1616,18,18,0.5833680990126546,0.017328715498024824
cd8_BL,2.0,SDAN_29,sciRED_0,1616,19,19,0.3484823517780048,0.009107997605590053
cd8_BL,2.0,SDAN_29,sciRED_1,1616,19,19,0.4285337639653297,0.010138193176601883
cd8_BL,2.0,SDAN_29,sciRED_2,1616,19,19,0.5764426721154796,0.016179402140969707
cd8_BL,2.0,SDAN_29,sciRED_3,1616,19,19,0.4931615199551791,0.01175429329385159
cd8_BL,2.0,SDAN_29,sciRED_4,1616,19,19,0.46485186039613746,0.010867224633847868
cd8_BL,2.0,SDAN_29,sciRED_5,1616,19,19,0.5575915367630095,0.0149309736171668
cd8_BL,2.0,SDAN_29,sciRED_6,1616,19,19,0.3979501038130705,0.009561420173392662
cd8_BL,2.0,SDAN_29,sciRED_7,1616,19,19,0.5045315229212668,0.013512684194783063
cd8_BL,2.0,SDAN_29,sciRED_8,1616,19,19,0.4498236825626998,0.010679128762322148
cd8_BL,2.0,SDAN_29,sciRED_9,1616,19,19,0.5274692680354612,0.015489766357130815
cd8_BL,2.0,SDAN_29,sciRED_10,1616,19,19,0.4206571532149095,0.010153313497459716
cd8_BL,2.0,SDAN_29,sciRED_11,1616,19,19,0.42810532907095533,0.010648235998121033
cd8_BL,2.0,SDAN_29,sciRED_12,1616,19,19,0.348086873413967,0.014510152750098915
cd8_BL,2.0,SDAN_29,sciRED_13,1616,19,19,0.4774742115150117,0.012798552879950058
cd8_BL,2.0,SDAN_29,sciRED_14,1616,19,19,0.5720924101110636,0.01923343924166126
cd8_BL,2.0,SDAN_29,sciRED_15,1616,19,19,0.4363774181854134,0.010670762849581725
cd8_BL,2.0,SDAN_29,sciRED_16,1616,19,19,0.4946775203506575,0.011877962160720783
cd8_BL,2.0,SDAN_29,sciRED_17,1616,19,19,0.5569324061562799,0.018057818379747625
cd8_BL,2.0,SDAN_29,sciRED_18,1616,19,19,0.5423326632172165,0.12116728393902998
cd8_BL,2.0,SDAN_29,sciRED_19,1616,19,19,0.35879774577332496,0.009180587825228185
cd8_BL,2.0,SDAN_29,sciRED_20,1616,19,19,0.4872952575552846,0.011742054480636832
cd8_BL,2.0,SDAN_29,sciRED_21,1616,19,19,0.41676828263520416,0.01145170568036491
cd8_BL,2.0,SDAN_29,sciRED_22,1616,19,19,0.5856375440793593,0.017466206405381164
cd8_BL,2.0,SDAN_29,sciRED_23,1616,19,19,0.5840556306232079,0.01670551442194454
cd8_BL,2.0,SDAN_29,sciRED_24,1616,19,19,0.4733546452229509,0.017789969646776472
cd8_BL,2.0,SDAN_29,sciRED_25,1616,19,19,0.48007777741159413,0.013072268720534245
cd8_BL,2.0,SDAN_29,sciRED_26,1616,19,19,0.5527469268035461,0.014256527266055996
cd8_BL,2.0,SDAN_29,sciRED_27,1616,19,19,0.4660053389579145,0.011729901437224587
cd8_BL,2.0,SDAN_29,sciRED_28,1616,19,19,0.48281316942952246,0.011867804060178223
cd8_BL,2.0,SDAN_29,sciRED_29,1616,19,19,0.5562403190192136,0.01305275100855132
cd8_BL,2.0,SDAN_29,sciRED_30,1616,19,19,0.5215370925748937,0.012130297979543419
cd8_BL,2.0,SDAN_29,sciRED_31,1616,19,19,0.563787364466269,0.013750215107328094
cd8_BL,2.0,SDAN_29,sciRED_32,1616,19,19,0.5829021520614309,0.01527016111230389
cd8_BL,2.0,SDAN_29,sciRED_33,1616,19,19,0.5028836964044425,0.012469988537652632
cd8_BL,2.0,SDAN_29,sciRED_34,1616,19,19,0.5344560524667963,0.0165577753351521
cd8_BL,2.0,SDAN_29,sciRED_35,1616,19,19,0.6524074745410803,0.032588213455025605
cd8_BL,2.0,SDAN_29,sciRED_36,1616,19,19,0.3792307945819464,0.01216702015400575
cd8_BL,2.0,SDAN_29,sciRED_37,1616,19,19,0.7084665326434433,0.02644884482194499
cd8_BL,2.0,SDAN_29,sciRED_38,1616,19,19,0.4964901295191642,0.01137335182977809
cd8_BL,2.0,SDAN_29,sciRED_39,1616,19,19,0.5263487460040207,0.014065549351555854
cd8_BL,2.0,SDAN_30,sciRED_0,1616,18,18,0.36914198303434853,0.008632427447251397
cd8_BL,2.0,SDAN_30,sciRED_1,1616,18,18,0.6210888610763454,0.01668467476225453
cd8_BL,2.0,SDAN_30,sciRED_2,1616,18,18,0.7478445278820748,0.051831890577159
cd8_BL,2.0,SDAN_30,sciRED_3,1616,18,18,0.5028855513836741,0.012048697397826925
cd8_BL,2.0,SDAN_30,sciRED_4,1616,18,18,0.46697260464469476,0.010390009036142317
cd8_BL,2.0,SDAN_30,sciRED_5,1616,18,18,0.6384717007370324,0.020553307701182678
cd8_BL,2.0,SDAN_30,sciRED_6,1616,18,18,0.6410095953274927,0.024882867034290514
cd8_BL,2.0,SDAN_30,sciRED_7,1616,18,18,0.6265470727298011,0.029551508612006755
cd8_BL,2.0,SDAN_30,sciRED_8,1616,18,18,0.6331177861215408,0.029008690276189315
cd8_BL,2.0,SDAN_30,sciRED_9,1616,18,18,0.6687873731052706,0.05088925750349418
cd8_BL,2.0,SDAN_30,sciRED_10,1616,18,18,0.6403142817410653,0.01994868229880415
cd8_BL,2.0,SDAN_30,sciRED_11,1616,18,18,0.5129328327075511,0.011963912027084944
cd8_BL,2.0,SDAN_30,sciRED_12,1616,18,18,0.5480114031428174,0.01282741021820474
cd8_BL,2.0,SDAN_30,sciRED_13,1616,18,18,0.3887498261716034,0.009070959243052224
cd8_BL,2.0,SDAN_30,sciRED_14,1616,18,18,0.5255875399805312,0.016074687385633123
cd8_BL,2.0,SDAN_30,sciRED_15,1616,18,18,0.575302461410096,0.015288238944800598
cd8_BL,2.0,SDAN_30,sciRED_16,1616,18,18,0.6695869837296621,0.027360869501895663
cd8_BL,2.0,SDAN_30,sciRED_17,1616,18,18,0.44166319009873445,0.01207682376430522
cd8_BL,2.0,SDAN_30,sciRED_18,1616,18,18,0.4477124183006536,0.010013876884292124
cd8_BL,2.0,SDAN_30,sciRED_19,1616,18,18,0.5197469058545405,0.01850270336142839
cd8_BL,2.0,SDAN_30,sciRED_20,1616,18,18,0.5339660686969824,0.18790499590367277
cd8_BL,2.0,SDAN_30,sciRED_21,1616,18,18,0.3508552357113058,0.00829736859742666
cd8_BL,2.0,SDAN_30,sciRED_22,1616,18,18,0.43137254901960786,0.010552925028035204
cd8_BL,2.0,SDAN_30,sciRED_23,1616,18,18,0.750834376303713,0.1919766941648629
cd8_BL,2.0,SDAN_30,sciRED_24,1616,18,18,0.5193644833820052,0.04316487967494913
cd8_BL,2.0,SDAN_30,sciRED_25,1616,18,18,0.6197329995828119,0.021115674632273804
cd8_BL,2.0,SDAN_30,sciRED_26,1616,18,18,0.4953066332916145,0.017901409345148358
cd8_BL,2.0,SDAN_30,sciRED_27,1616,18,18,0.479731608955639,0.010448534971202555
cd8_BL,2.0,SDAN_30,sciRED_28,1616,18,18,0.5867056042275066,0.014551426858606189
cd8_BL,2.0,SDAN_30,sciRED_29,1616,18,18,0.6003337505214851,0.01592835001637819
cd8_BL,2.0,SDAN_30,sciRED_30,1616,18,18,0.4658253372270894,0.011384942010993493
cd8_BL,2.0,SDAN_30,sciRED_31,1616,18,18,0.4704144068975108,0.011561296764332218
cd8_BL,2.0,SDAN_30,sciRED_32,1616,18,18,0.5474203865943541,0.013382478923239313
cd8_BL,2.0,SDAN_30,sciRED_33,1616,18,18,0.41065220414406894,0.010577302214785433
cd8_BL,2.0,SDAN_30,sciRED_34,1616,18,18,0.4406202197190933,0.010215716110337168
cd8_BL,2.0,SDAN_30,sciRED_35,1616,18,18,0.46307884856070086,0.014331571136418529
cd8_BL,2.0,SDAN_30,sciRED_36,1616,18,18,0.4347100542344598,0.010879020609748456
cd8_BL,2.0,SDAN_30,sciRED_37,1616,18,18,0.3914963148379919,0.009586535414283913
cd8_BL,2.0,SDAN_30,sciRED_38,1616,18,18,0.5589625921290502,0.015142568909206957
cd8_BL,2.0,SDAN_30,sciRED_39,1616,18,18,0.494055068836045,0.01743486263537156
cd8_BL,2.0,SDAN_31,sciRED_0,1616,18,17,0.560791671265129,0.020044675727906816
cd8_BL,2.0,SDAN_31,sciRED_1,1616,18,17,0.4026781444285031,0.008564173227164053
cd8_BL,2.0,SDAN_31,sciRED_2,1616,18,17,0.5493874848250745,0.011451153335147037
cd8_BL,2.0,SDAN_31,sciRED_3,1616,18,17,0.4666887392855829,0.012440100833059848
cd8_BL,2.0,SDAN_31,sciRED_4,1616,18,17,0.5687746017731671,0.017737999509164902
cd8_BL,2.0,SDAN_31,sciRED_5,1616,18,17,0.44159952911746314,0.010202445451086447
cd8_BL,2.0,SDAN_31,sciRED_6,1616,18,17,0.41724607291321786,0.00914544537692029
cd8_BL,2.0,SDAN_31,sciRED_7,1616,18,17,0.5776772247360482,0.013714500555594327
cd8_BL,2.0,SDAN_31,sciRED_8,1616,18,17,0.41750358680057387,0.010645857386853225
cd8_BL,2.0,SDAN_31,sciRED_9,1616,18,17,0.4521943861972556,0.010071144405690888
cd8_BL,2.0,SDAN_31,sciRED_10,1616,18,17,0.39212007504690427,0.008375371004553931
cd8_BL,2.0,SDAN_31,sciRED_11,1616,18,17,0.4860390685354817,0.011074868833045266
cd8_BL,2.0,SDAN_31,sciRED_12,1616,18,17,0.639406982305117,0.025376026992966767
cd8_BL,2.0,SDAN_31,sciRED_13,1616,18,17,0.5376889967994702,0.016867663670534674
cd8_BL,2.0,SDAN_31,sciRED_14,1616,18,17,0.5520729867932164,0.012919017583717662
cd8_BL,2.0,SDAN_31,sciRED_15,1616,18,17,0.4266269359526174,0.008937211881988634
cd8_BL,2.0,SDAN_31,sciRED_16,1616,18,17,0.6610013611448332,0.01801628985646546
cd8_BL,2.0,SDAN_31,sciRED_17,1616,18,17,0.502262443438914,0.012615284094999485
cd8_BL,2.0,SDAN_31,sciRED_18,1616,18,17,0.4887613582018173,0.012673570060025676
cd8_BL,2.0,SDAN_31,sciRED_19,1616,18,17,0.466946253172939,0.010632851559249014
cd8_BL,2.0,SDAN_31,sciRED_20,1616,18,17,0.4585586579847699,0.0100271900300929
cd8_BL,2.0,SDAN_31,sciRED_21,1616,18,17,0.44104771364455725,0.0092828987420734
cd8_BL,2.0,SDAN_31,sciRED_22,1616,18,17,0.5627414192693964,0.014653455314772017
cd8_BL,2.0,SDAN_31,sciRED_23,1616,18,17,0.41882794393554795,0.009171942001195803
cd8_BL,2.0,SDAN_31,sciRED_24,1616,18,17,0.4633778464481478,0.01011789829760244
cd8_BL,2.0,SDAN_31,sciRED_25,1616,18,17,0.41614244196740613,0.009446702088853905
cd8_BL,2.0,SDAN_31,sciRED_26,1616,18,17,0.501857778758783,0.010932724173179541
cd8_BL,2.0,SDAN_31,sciRED_27,1616,18,17,0.5041018283486002,0.01101638216455763
cd8_BL,2.0,SDAN_31,sciRED_28,1616,18,17,0.5879409925320973,0.014305275691565918
cd8_BL,2.0,SDAN_31,sciRED_29,1616,18,17,0.5365485781554648,0.02054623096134585
cd8_BL,2.0,SDAN_31,sciRED_30,1616,18,17,0.6544163631681565,0.025019237725481435
cd8_BL,2.0,SDAN_31,sciRED_31,1616,18,17,0.5581797446933745,0.012611385094455797
cd8_BL,2.0,SDAN_31,sciRED_32,1616,18,17,0.6355074862965824,0.022554847818897612
cd8_BL,2.0,SDAN_31,sciRED_33,1616,18,17,0.3753080969723725,0.008191830309368308
cd8_BL,2.0,SDAN_31,sciRED_34,1616,18,17,0.5613434867380348,0.020907348066280775
cd8_BL,2.0,SDAN_31,sciRED_35,1616,18,17,0.5026303204208513,0.01304760387996892
cd8_BL,2.0,SDAN_31,sciRED_36,1616,18,17,0.47180222933451055,0.012105556694811028
cd8_BL,2.0,SDAN_31,sciRED_37,1616,18,17,0.5966596770040099,0.01444467171892089
cd8_BL,2.0,SDAN_31,sciRED_38,1616,18,17,0.4783872273111871,0.012103024309218209
cd8_BL,2.0,SDAN_31,sciRED_39,1616,18,17,0.44726483463929667,0.010868378279074595
cd8_BL,2.0,SDAN_32,sciRED_0,1616,16,16,0.49117187500000004,0.010097463837332663
cd8_BL,2.0,SDAN_32,sciRED_1,1616,16,16,0.3438671875,0.0073421151424959
cd8_BL,2.0,SDAN_32,sciRED_2,1616,16,16,0.4440234375,0.009138683521008663
cd8_BL,2.0,SDAN_32,sciRED_3,1616,16,16,0.5645312499999999,0.01163730599314318
cd8_BL,2.0,SDAN_32,sciRED_4,1616,16,16,0.44242187499999996,0.010174884972406083
cd8_BL,2.0,SDAN_32,sciRED_5,1616,16,16,0.55484375,0.013432047670795307
cd8_BL,2.0,SDAN_32,sciRED_6,1616,16,16,0.5934765625,0.014324404311283965
cd8_BL,2.0,SDAN_32,sciRED_7,1616,16,16,0.7095703124999999,0.2559835978716096
cd8_BL,2.0,SDAN_32,sciRED_8,1616,16,16,0.4448046875,0.009374055499233286
cd8_BL,2.0,SDAN_32,sciRED_9,1616,16,16,0.48257812499999997,0.011174835901027212
cd8_BL,2.0,SDAN_32,sciRED_10,1616,16,16,0.39371093749999997,0.00811294509445615
cd8_BL,2.0,SDAN_32,sciRED_11,1616,16,16,0.5375390625,0.012641464508372459
cd8_BL,2.0,SDAN_32,sciRED_12,1616,16,16,0.4623828125,0.009085358115974105
cd8_BL,2.0,SDAN_32,sciRED_13,1616,16,16,0.6319921875,0.014225918390339553
cd8_BL,2.0,SDAN_32,sciRED_14,1616,16,16,0.6528125,0.04434293975944688
cd8_BL,2.0,SDAN_32,sciRED_15,1616,16,16,0.5116015625,0.010951880308305567
cd8_BL,2.0,SDAN_32,sciRED_16,1616,16,16,0.43648437500000004,0.010496440173550576
cd8_BL,2.0,SDAN_32,sciRED_17,1616,16,16,0.5170312499999999,0.03398600842721862
cd8_BL,2.0,SDAN_32,sciRED_18,1616,16,16,0.683984375,0.052892826427546565
cd8_BL,2.0,SDAN_32,sciRED_19,1616,16,16,0.529296875,0.014744643937891015
cd8_BL,2.0,SDAN_32,sciRED_20,1616,16,16,0.6934375,0.07841821536388249
cd8_BL,2.0,SDAN_32,sciRED_21,1616,16,16,0.6032421875,0.014347993812721116
cd8_BL,2.0,SDAN_32,sciRED_22,1616,16,16,0.4798046875,0.010249158473108616
cd8_BL,2.0,SDAN_32,sciRED_23,1616,16,16,0.5020703125,0.012292002002313961
cd8_BL,2.0,SDAN_32,sciRED_24,1616,16,16,0.597890625,0.015450049999660665
cd8_BL,2.0,SDAN_32,sciRED_25,1616,16,16,0.44999999999999996,0.010141410733568845
cd8_BL,2.0,SDAN_32,sciRED_26,1616,16,16,0.50703125,0.012651109814347469
cd8_BL,2.0,SDAN_32,sciRED_27,1616,16,16,0.5446484375,0.01206804800193862
cd8_BL,2.0,SDAN_32,sciRED_28,1616,16,16,0.4019140625,0.008162458580301303
cd8_BL,2.0,SDAN_32,sciRED_29,1616,16,16,0.4147265625,0.008399816968915706
cd8_BL,2.0,SDAN_32,sciRED_30,1616,16,16,0.4552734375,0.009483213988720214
cd8_BL,2.0,SDAN_32,sciRED_31,1616,16,16,0.4543359375,0.008966496587203401
cd8_BL,2.0,SDAN_32,sciRED_32,1616,16,16,0.575546875,0.012250303859022312
cd8_BL,2.0,SDAN_32,sciRED_33,1616,16,16,0.46765625,0.011253908945235229
cd8_BL,2.0,SDAN_32,sciRED_34,1616,16,16,0.501015625,0.011265252909408196
cd8_BL,2.0,SDAN_32,sciRED_35,1616,16,16,0.3755078125,0.007783643453563337
cd8_BL,2.0,SDAN_32,sciRED_36,1616,16,16,0.351171875,0.007423857331195101
cd8_BL,2.0,SDAN_32,sciRED_37,1616,16,16,0.38429687500000004,0.007824813897827859
cd8_BL,2.0,SDAN_32,sciRED_38,1616,16,16,0.46203125,0.010450436561765265
cd8_BL,2.0,SDAN_32,sciRED_39,1616,16,16,0.493046875,0.01423484289912327
cd8_BL,2.0,SDAN_33,sciRED_0,1616,18,17,0.5803259390059964,0.019785458218979438
cd8_BL,2.0,SDAN_33,sciRED_1,1616,18,17,0.4149284479270132,0.008733450268093627
cd8_BL,2.0,SDAN_33,sciRED_2,1616,18,17,0.47077217378508623,0.010524924601584456
cd8_BL,2.0,SDAN_33,sciRED_3,1616,18,17,0.5560460581981386,0.01951617046166483
cd8_BL,2.0,SDAN_33,sciRED_4,1616,18,17,0.3637935474377369,0.009363450867495517
cd8_BL,2.0,SDAN_33,sciRED_5,1616,18,17,0.5960710738329102,0.014296275877317905
cd8_BL,2.0,SDAN_33,sciRED_6,1616,18,17,0.5410366773350992,0.012108096845377631
cd8_BL,2.0,SDAN_33,sciRED_7,1616,18,17,0.6122208733399551,0.01605720378888356
cd8_BL,2.0,SDAN_33,sciRED_8,1616,18,17,0.5062355148438362,0.015168731261600447
cd8_BL,2.0,SDAN_33,sciRED_9,1616,18,17,0.510392524739727,0.015904009012972762
cd8_BL,2.0,SDAN_33,sciRED_10,1616,18,17,0.38722731118713904,0.008312871121041917
cd8_BL,2.0,SDAN_33,sciRED_11,1616,18,17,0.45590994371482174,0.014671192038995213
cd8_BL,2.0,SDAN_33,sciRED_12,1616,18,17,0.5113857925909575,0.012851693141948381
cd8_BL,2.0,SDAN_33,sciRED_13,1616,18,17,0.4790494058786742,0.010110295834162574
cd8_BL,2.0,SDAN_33,sciRED_14,1616,18,17,0.523452157598499,0.012542232077295108
cd8_BL,2.0,SDAN_33,sciRED_15,1616,18,17,0.5106132509288894,0.011872877966834373
cd8_BL,2.0,SDAN_33,sciRED_16,1616,18,17,0.5332008976198359,0.017258986097069724
cd8_BL,2.0,SDAN_33,sciRED_17,1616,18,17,0.5384615384615384,0.026946051039713027
cd8_BL,2.0,SDAN_33,sciRED_18,1616,18,17,0.4893867490711106,0.01391029044554815
cd8_BL,2.0,SDAN_33,sciRED_19,1616,18,17,0.4574182393407644,0.009507440492637206
cd8_BL,2.0,SDAN_33,sciRED_20,1616,18,17,0.5486885185593937,0.012486984738787085
cd8_BL,2.0,SDAN_33,sciRED_21,1616,18,17,0.39763822977596297,0.008636174201716498
cd8_BL,2.0,SDAN_33,sciRED_22,1616,18,17,0.595850347643748,0.016669635522679468
cd8_BL,2.0,SDAN_33,sciRED_23,1616,18,17,0.4397969319059707,0.009471456562689128
cd8_BL,2.0,SDAN_33,sciRED_24,1616,18,17,0.6331530736121841,0.030301845989985504
cd8_BL,2.0,SDAN_33,sciRED_25,1616,18,17,0.46529080675422135,0.018594632586380597
cd8_BL,2.0,SDAN_33,sciRED_26,1616,18,17,0.6522091012765331,0.01811023032918753
cd8_BL,2.0,SDAN_33,sciRED_27,1616,18,17,0.5845933119964684,0.014493273598773183
cd8_BL,2.0,SDAN_33,sciRED_28,1616,18,17,0.5465548320641578,0.012038912625794786
cd8_BL,2.0,SDAN_33,sciRED_29,1616,18,17,0.5691424787551043,0.012377826587217774
cd8_BL,2.0,SDAN_33,sciRED_30,1616,18,17,0.5840782842217562,0.013157161752557961
cd8_BL,2.0,SDAN_33,sciRED_31,1616,18,17,0.4848618621932826,0.010715528818621235
cd8_BL,2.0,SDAN_33,sciRED_32,1616,18,17,0.5303314571607255,0.014069293767122237
cd8_BL,2.0,SDAN_33,sciRED_33,1616,18,17,0.5408895265423243,0.013734517283982641
cd8_BL,2.0,SDAN_33,sciRED_34,1616,18,17,0.4283559577677224,0.012002834587410811
cd8_BL,2.0,SDAN_33,sciRED_35,1616,18,17,0.6381194128683368,0.015609078750363754
cd8_BL,2.0,SDAN_33,sciRED_36,1616,18,17,0.4339109001949748,0.009679092942889968
cd8_BL,2.0,SDAN_33,sciRED_37,1616,18,17,0.5822756870102638,0.014328225890569724
cd8_BL,2.0,SDAN_33,sciRED_38,1616,18,17,0.5528087407570909,0.013684071475019096
cd8_BL,2.0,SDAN_33,sciRED_39,1616,18,17,0.6908361843799433,0.033966155535500406
cd8_BL,2.0,SDAN_34,sciRED_0,1616,18,18,0.559136420525657,0.014444196954590205
cd8_BL,2.0,SDAN_34,sciRED_1,1616,18,18,0.6156306494228897,0.01986740262109829
cd8_BL,2.0,SDAN_34,sciRED_2,1616,18,18,0.6225490196078431,0.01937800718873093
cd8_BL,2.0,SDAN_34,sciRED_3,1616,18,18,0.5659852593519676,0.014426988055234702
cd8_BL,2.0,SDAN_34,sciRED_4,1616,18,18,0.4884925601446252,0.01171268370008053
cd8_BL,2.0,SDAN_34,sciRED_5,1616,18,18,0.6821373939646781,0.030126697565435765
cd8_BL,2.0,SDAN_34,sciRED_6,1616,18,18,0.49711444861632603,0.011086597314788092
cd8_BL,2.0,SDAN_34,sciRED_7,1616,18,18,0.5329230983173411,0.013536937602662913
cd8_BL,2.0,SDAN_34,sciRED_8,1616,18,18,0.5706438603810319,0.017479123733236623
cd8_BL,2.0,SDAN_34,sciRED_9,1616,18,18,0.604679460436657,0.01727136826613803
cd8_BL,2.0,SDAN_34,sciRED_10,1616,18,18,0.5810040328188012,0.015108020114042584
cd8_BL,2.0,SDAN_34,sciRED_11,1616,18,18,0.5247183979974969,0.015157145794998049
cd8_BL,2.0,SDAN_34,sciRED_12,1616,18,18,0.42341120845501323,0.009910436478287389
cd8_BL,2.0,SDAN_34,sciRED_13,1616,18,18,0.555034070365735,0.014325984160177265
cd8_BL,2.0,SDAN_34,sciRED_14,1616,18,18,0.6096161869002921,0.021718368331075773
cd8_BL,2.0,SDAN_34,sciRED_15,1616,18,18,0.5036156306494229,0.013990362512232441
cd8_BL,2.0,SDAN_34,sciRED_16,1616,18,18,0.5038589904046725,0.011677981475469269
cd8_BL,2.0,SDAN_34,sciRED_17,1616,18,18,0.5933806146572104,0.0435634341836091
cd8_BL,2.0,SDAN_34,sciRED_18,1616,18,18,0.5660895563899319,0.018061684035069376
cd8_BL,2.0,SDAN_34,sciRED_19,1616,18,18,0.5143582255597274,0.01146497403591986
cd8_BL,2.0,SDAN_34,sciRED_20,1616,18,18,0.5474551522736754,0.017182808320795138
cd8_BL,2.0,SDAN_34,sciRED_21,1616,18,18,0.5983868724794883,0.022511885911623994
cd8_BL,2.0,SDAN_34,sciRED_22,1616,18,18,0.5813864552913364,0.02840101576697075
cd8_BL,2.0,SDAN_34,sciRED_23,1616,18,18,0.5725559727437074,0.020408879198861973
cd8_BL,2.0,SDAN_34,sciRED_24,1616,18,18,0.5099429842859129,0.017349550137510918
cd8_BL,2.0,SDAN_34,sciRED_25,1616,18,18,0.47218745654290084,0.01288832863982722
cd8_BL,2.0,SDAN_34,sciRED_26,1616,18,18,0.4340495063273537,0.010748757917565958
cd8_BL,2.0,SDAN_34,sciRED_27,1616,18,18,0.4874148240856626,0.011639470435803361
cd8_BL,2.0,SDAN_34,sciRED_28,1616,18,18,0.4398901404533444,0.010188766423261882
cd8_BL,2.0,SDAN_34,sciRED_29,1616,18,18,0.4437491308580169,0.010333317210176454
cd8_BL,2.0,SDAN_34,sciRED_30,1616,18,18,0.6485189820609095,0.022423846649014232
cd8_BL,2.0,SDAN_34,sciRED_31,1616,18,18,0.45734251147267413,0.012585096701510364
cd8_BL,2.0,SDAN_34,sciRED_32,1616,18,18,0.4029689890140453,0.00922952518337792
cd8_BL,2.0,SDAN_34,sciRED_33,1616,18,18,0.567132526769573,0.015471424167876332
cd8_BL,2.0,SDAN_34,sciRED_34,1616,18,18,0.43172020581282156,0.011661971917104018
cd8_BL,2.0,SDAN_34,sciRED_35,1616,18,18,0.4548393825615352,0.010155140731645714
cd8_BL,2.0,SDAN_34,sciRED_36,1616,18,18,0.5557293839521624,0.03296458196241948
cd8_BL,2.0,SDAN_34,sciRED_37,1616,18,18,0.5561813377833402,0.018969696067793626
cd8_BL,2.0,SDAN_34,sciRED_38,1616,18,18,0.5336879432624113,0.012051610356579926
cd8_BL,2.0,SDAN_34,sciRED_39,1616,18,18,0.5575024335975525,0.017703670542088573
cd8_BL,2.0,SDAN_35,sciRED_0,1616,18,18,0.4251147267417605,0.009453998199648032
cd8_BL,2.0,SDAN_35,sciRED_1,1616,18,18,0.5645598664997914,0.012917495097529381
cd8_BL,2.0,SDAN_35,sciRED_2,1616,18,18,0.9583854818523154,0.21875169418438423
cd8_BL,2.0,SDAN_35,sciRED_3,1616,18,18,0.46325267695730776,0.011097120871220008
cd8_BL,2.0,SDAN_35,sciRED_4,1616,18,18,0.4075232930051453,0.00957587205054261
cd8_BL,2.0,SDAN_35,sciRED_5,1616,18,18,0.4504241412877208,0.010444729339582483
cd8_BL,2.0,SDAN_35,sciRED_6,1616,18,18,0.6560283687943262,0.016277039255759643
cd8_BL,2.0,SDAN_35,sciRED_7,1616,18,18,0.41280767626199416,0.009755931145580588
cd8_BL,2.0,SDAN_35,sciRED_8,1616,18,18,0.6953135864274788,0.02802780115263378
cd8_BL,2.0,SDAN_35,sciRED_9,1616,18,18,0.5166527603949381,0.011379913638534467
cd8_BL,2.0,SDAN_35,sciRED_10,1616,18,18,0.5282992629675984,0.012481988906637268
cd8_BL,2.0,SDAN_35,sciRED_11,1616,18,18,0.41305103601724374,0.00965721983015351
cd8_BL,2.0,SDAN_35,sciRED_12,1616,18,18,0.3237727715199555,0.00791907592887599
cd8_BL,2.0,SDAN_35,sciRED_13,1616,18,18,0.3549923515505493,0.008369247377317682
cd8_BL,2.0,SDAN_35,sciRED_14,1616,18,18,0.4374217772215269,0.010134739969423299
cd8_BL,2.0,SDAN_35,sciRED_15,1616,18,18,0.47618550966485884,0.011177731431208286
cd8_BL,2.0,SDAN_35,sciRED_16,1616,18,18,0.7763176192462801,0.04862189500048941
cd8_BL,2.0,SDAN_35,sciRED_17,1616,18,18,0.4935335836462244,0.013475074509034918
cd8_BL,2.0,SDAN_35,sciRED_18,1616,18,18,0.3134473647615074,0.00788586263724867
cd8_BL,2.0,SDAN_35,sciRED_19,1616,18,18,0.5089000139062717,0.01136204436178083
cd8_BL,2.0,SDAN_35,sciRED_20,1616,18,18,0.4308858295091086,0.0100045756850018
cd8_BL,2.0,SDAN_35,sciRED_21,1616,18,18,0.41218189403420946,0.0091353455492695
cd8_BL,2.0,SDAN_35,sciRED_22,1616,18,18,0.4758030871923238,0.011644579758707769
cd8_BL,2.0,SDAN_35,sciRED_23,1616,18,18,0.4797663746349603,0.014596639065088445
cd8_BL,2.0,SDAN_35,sciRED_24,1616,18,18,0.4540397719371436,0.0099463954321503
cd8_BL,2.0,SDAN_35,sciRED_25,1616,18,18,0.6235919899874843,0.017630081267509187
cd8_BL,2.0,SDAN_35,sciRED_26,1616,18,18,0.545925462383535,0.012424164015270345
cd8_BL,2.0,SDAN_35,sciRED_27,1616,18,18,0.512828535669587,0.013378415912167665
cd8_BL,2.0,SDAN_35,sciRED_28,1616,18,18,0.4116604088443888,0.01002777526998043
cd8_BL,2.0,SDAN_35,sciRED_29,1616,18,18,0.4494159365874009,0.010402949250991752
cd8_BL,2.0,SDAN_35,sciRED_30,1616,18,18,0.5562856348213044,0.02115522951089398
cd8_BL,2.0,SDAN_35,sciRED_31,1616,18,18,0.6183076067306355,0.0314864947871913
cd8_BL,2.0,SDAN_35,sciRED_32,1616,18,18,0.35304547350855237,0.008814798162369006
cd8_BL,2.0,SDAN_35,sciRED_33,1616,18,18,0.49363788068418857,0.011194254436688955
cd8_BL,2.0,SDAN_35,sciRED_34,1616,18,18,0.5053191489361702,0.0147815563754639
cd8_BL,2.0,SDAN_35,sciRED_35,1616,18,18,0.5031984424975664,0.013709582707874285
cd8_BL,2.0,SDAN_35,sciRED_36,1616,18,18,0.3723751912112363,0.0086461054907533
cd8_BL,2.0,SDAN_35,sciRED_37,1616,18,18,0.35916423306911416,0.00842182042275238
cd8_BL,2.0,SDAN_35,sciRED_38,1616,18,18,0.5720692532332081,0.013811683376159817
cd8_BL,2.0,SDAN_35,sciRED_39,1616,18,18,0.5486371853706021,0.012743771177625202
cd8_BL,2.0,SDAN_36,sciRED_0,1616,17,17,0.4448736342567045,0.009869326878137134
cd8_BL,2.0,SDAN_36,sciRED_1,1616,17,17,0.4244564617591877,0.0089789092760595
cd8_BL,2.0,SDAN_36,sciRED_2,1616,17,17,0.4939852113453261,0.010880761136242015
cd8_BL,2.0,SDAN_36,sciRED_3,1616,17,17,0.46183276312401134,0.011798482489521187
cd8_BL,2.0,SDAN_36,sciRED_4,1616,17,17,0.6841408233086856,0.041752936121805154
cd8_BL,2.0,SDAN_36,sciRED_5,1616,17,17,0.46922709046094985,0.012859203835155668
cd8_BL,2.0,SDAN_36,sciRED_6,1616,17,17,0.4279145053893977,0.009264705750864828
cd8_BL,2.0,SDAN_36,sciRED_7,1616,17,17,0.4225435014531141,0.008950440783253964
cd8_BL,2.0,SDAN_36,sciRED_8,1616,17,17,0.41478129713423834,0.00877842009098199
cd8_BL,2.0,SDAN_36,sciRED_9,1616,17,17,0.5650958319537946,0.013576447819833056
cd8_BL,2.0,SDAN_36,sciRED_10,1616,17,17,0.4365964021631167,0.009210656029640647
cd8_BL,2.0,SDAN_36,sciRED_11,1616,17,17,0.43950263032042086,0.009501951542680775
cd8_BL,2.0,SDAN_36,sciRED_12,1616,17,17,0.4470073207519406,0.009704011898680719
cd8_BL,2.0,SDAN_36,sciRED_13,1616,17,17,0.5547952764595518,0.015564325054011629
cd8_BL,2.0,SDAN_36,sciRED_14,1616,17,17,0.4989883382996726,0.012866652521965068
cd8_BL,2.0,SDAN_36,sciRED_15,1616,17,17,0.45035500128756945,0.009857919892002466
cd8_BL,2.0,SDAN_36,sciRED_16,1616,17,17,0.4705146598977302,0.010035158446010616
cd8_BL,2.0,SDAN_36,sciRED_17,1616,17,17,0.5604973696795792,0.011694073340065697
cd8_BL,2.0,SDAN_36,sciRED_18,1616,17,17,0.4687120626862377,0.011672795876357124
cd8_BL,2.0,SDAN_36,sciRED_19,1616,17,17,0.4414523783246882,0.009164128770699826
cd8_BL,2.0,SDAN_36,sciRED_20,1616,17,17,0.6105286392230438,0.01586950705105528
cd8_BL,2.0,SDAN_36,sciRED_21,1616,17,17,0.49876761211051024,0.011491890696614111
cd8_BL,2.0,SDAN_36,sciRED_22,1616,17,17,0.43067358275392714,0.00957729997242732
cd8_BL,2.0,SDAN_36,sciRED_23,1616,17,17,0.5353345841150718,0.016188161909793976
cd8_BL,2.0,SDAN_36,sciRED_24,1616,17,17,0.5374682706103079,0.015519463718483366
cd8_BL,2.0,SDAN_36,sciRED_25,1616,17,17,0.430820733546702,0.009080492038388007
cd8_BL,2.0,SDAN_36,sciRED_26,1616,17,17,0.4584482948901887,0.009782643308466166
cd8_BL,2.0,SDAN_36,sciRED_27,1616,17,17,0.5044697053305374,0.015478939314520337
cd8_BL,2.0,SDAN_36,sciRED_28,1616,17,17,0.5170510981127912,0.012445815751663203
cd8_BL,2.0,SDAN_36,sciRED_29,1616,17,17,0.5271309274178715,0.013425678213044526
cd8_BL,2.0,SDAN_36,sciRED_30,1616,17,17,0.5247397270352794,0.011975632789507648
cd8_BL,2.0,SDAN_36,sciRED_31,1616,17,17,0.5812824191590332,0.015516659244122223
cd8_BL,2.0,SDAN_36,sciRED_32,1616,17,17,0.6151271014972594,0.01546525202181367
cd8_BL,2.0,SDAN_36,sciRED_33,1616,17,17,0.5529926792480595,0.01160954163148487
cd8_BL,2.0,SDAN_36,sciRED_34,1616,17,17,0.5237096714858551,0.04217611081269601
cd8_BL,2.0,SDAN_36,sciRED_35,1616,17,17,0.4717654416363168,0.012695299906970173
cd8_BL,2.0,SDAN_36,sciRED_36,1616,17,17,0.6492292977228414,0.022001119817641062
cd8_BL,2.0,SDAN_36,sciRED_37,1616,17,17,0.5442372070779531,0.01158122874878074
cd8_BL,2.0,SDAN_36,sciRED_38,1616,17,17,0.6011477761836442,0.03259255138767078
cd8_BL,2.0,SDAN_36,sciRED_39,1616,17,17,0.4331383585329066,0.009572215008269491
cd8_BL,2.0,SDAN_37,sciRED_0,1616,17,17,0.547180222933451,0.011697837459705365
cd8_BL,2.0,SDAN_37,sciRED_1,1616,17,17,0.5453776257219586,0.014065667557771378
cd8_BL,2.0,SDAN_37,sciRED_2,1616,17,17,0.48449398521134535,0.010377214272833384
cd8_BL,2.0,SDAN_37,sciRED_3,1616,17,17,0.5633300224404959,0.0166679143750464
cd8_BL,2.0,SDAN_37,sciRED_4,1616,17,17,0.4602508921016812,0.009940463354101897
cd8_BL,2.0,SDAN_37,sciRED_5,1616,17,17,0.5046168561233123,0.0158284754172359
cd8_BL,2.0,SDAN_37,sciRED_6,1616,17,17,0.601442077769194,0.017186272513282835
cd8_BL,2.0,SDAN_37,sciRED_7,1616,17,17,0.5512636574329545,0.013229516490472368
cd8_BL,2.0,SDAN_37,sciRED_8,1616,17,17,0.43803112239267195,0.009543279705978708
cd8_BL,2.0,SDAN_37,sciRED_9,1616,17,17,0.7159253945480631,0.06210551805338847
cd8_BL,2.0,SDAN_37,sciRED_10,1616,17,17,0.5111650664017953,0.010992010029525752
cd8_BL,2.0,SDAN_37,sciRED_11,1616,17,17,0.5151381378067175,0.012663360073262447
cd8_BL,2.0,SDAN_37,sciRED_12,1616,17,17,0.45175293381893095,0.009901253169387388
cd8_BL,2.0,SDAN_37,sciRED_13,1616,17,17,0.44428503108560496,0.009636064215723635
cd8_BL,2.0,SDAN_37,sciRED_14,1616,17,17,0.45109075525144393,0.010984812914973368
cd8_BL,2.0,SDAN_37,sciRED_15,1616,17,17,0.5099878600595961,0.014278430067334591
cd8_BL,2.0,SDAN_37,sciRED_16,1616,17,17,0.5944892028105802,0.017697191502869324
cd8_BL,2.0,SDAN_37,sciRED_17,1616,17,17,0.6094985836736195,0.020973386657565946
cd8_BL,2.0,SDAN_37,sciRED_18,1616,17,17,0.47934370746422394,0.01156456357375856
cd8_BL,2.0,SDAN_37,sciRED_19,1616,17,17,0.611963359452599,0.022755127890208407
cd8_BL,2.0,SDAN_37,sciRED_20,1616,17,17,0.46981569363204945,0.011250499104859197
cd8_BL,2.0,SDAN_37,sciRED_21,1616,17,17,0.4882831181252989,0.01048459860626012
cd8_BL,2.0,SDAN_37,sciRED_22,1616,17,17,0.38987602545708716,0.008646514376177543
cd8_BL,2.0,SDAN_37,sciRED_23,1616,17,17,0.5508957804510171,0.013887543997241535
cd8_BL,2.0,SDAN_37,sciRED_24,1616,17,17,0.5680756355074863,0.015722816009814913
cd8_BL,2.0,SDAN_37,sciRED_25,1616,17,17,0.5403009233712247,0.013628442239513221
cd8_BL,2.0,SDAN_37,sciRED_26,1616,17,17,0.5034764374793069,0.01754486213810977
cd8_BL,2.0,SDAN_37,sciRED_27,1616,17,17,0.5863223338115735,0.017620008858406574
cd8_BL,2.0,SDAN_37,sciRED_28,1616,17,17,0.4352352573299489,0.07219871708533139
cd8_BL,2.0,SDAN_37,sciRED_29,1616,17,17,0.7039693926351028,0.033094480368524935
cd8_BL,2.0,SDAN_37,sciRED_30,1616,17,17,0.44958245962550125,0.01033528626452212
cd8_BL,2.0,SDAN_37,sciRED_31,1616,17,17,0.5834161056542692,0.01757842864912212
cd8_BL,2.0,SDAN_37,sciRED_32,1616,17,17,0.5468123459515137,0.011803370688428754
cd8_BL,2.0,SDAN_37,sciRED_33,1616,17,17,0.6535702461097009,0.01961858885081064
cd8_BL,2.0,SDAN_37,sciRED_34,1616,17,17,0.5462973181768017,0.029744637988018553
cd8_BL,2.0,SDAN_37,sciRED_35,1616,17,17,0.5277931059853584,0.030054582545232467
cd8_BL,2.0,SDAN_37,sciRED_36,1616,17,17,0.6030607364897178,0.01444161142132816
cd8_BL,2.0,SDAN_37,sciRED_37,1616,17,17,0.5152117132031049,0.01091460961815098
cd8_BL,2.0,SDAN_37,sciRED_38,1616,17,17,0.5566714490674318,0.02527111269371009
cd8_BL,2.0,SDAN_37,sciRED_39,1616,17,17,0.4930287311922893,0.012801340398298462
cd8_BL,2.0,SDAN_38,sciRED_0,1616,17,17,0.5496817864106244,0.015295076009351413
cd8_BL,2.0,SDAN_38,sciRED_1,1616,17,17,0.4585586579847699,0.010114279813258277
cd8_BL,2.0,SDAN_38,sciRED_2,1616,17,17,0.665563035720855,0.025265026079554685
cd8_BL,2.0,SDAN_38,sciRED_3,1616,17,17,0.28882021851892725,0.007421579062850628
cd8_BL,2.0,SDAN_38,sciRED_4,1616,17,17,0.45329801714306733,0.009732435174375782
cd8_BL,2.0,SDAN_38,sciRED_5,1616,17,17,0.6962439760144207,0.06747893509100118
cd8_BL,2.0,SDAN_38,sciRED_6,1616,17,17,0.583048228672332,0.012336682050544783
cd8_BL,2.0,SDAN_38,sciRED_7,1616,17,17,0.5367693043446271,0.012568589120118108
cd8_BL,2.0,SDAN_38,sciRED_8,1616,17,17,0.5830850163705257,0.012849092810235024
cd8_BL,2.0,SDAN_38,sciRED_9,1616,17,17,0.6175918772762388,0.019310090339960964
cd8_BL,2.0,SDAN_38,sciRED_10,1616,17,17,0.5589890740536365,0.015332126892600858
cd8_BL,2.0,SDAN_38,sciRED_11,1616,17,17,0.45646175918772763,0.01333691993274249
cd8_BL,2.0,SDAN_38,sciRED_12,1616,17,17,0.44090056285178236,0.009249844966886592
cd8_BL,2.0,SDAN_38,sciRED_13,1616,17,17,0.4883934812198801,0.010653876778296677
cd8_BL,2.0,SDAN_38,sciRED_14,1616,17,17,0.45877938417393227,0.01005227473058854
cd8_BL,2.0,SDAN_38,sciRED_15,1616,17,17,0.4560938822057904,0.009872766187363359
cd8_BL,2.0,SDAN_38,sciRED_16,1616,17,17,0.4897914137512416,0.013141498330804822
cd8_BL,2.0,SDAN_38,sciRED_17,1616,17,17,0.46768200713681346,0.010489858652436904
cd8_BL,2.0,SDAN_38,sciRED_18,1616,17,17,0.4995033660743847,0.010689056401532258
cd8_BL,2.0,SDAN_38,sciRED_19,1616,17,17,0.5290806754221389,0.011553983827589098
cd8_BL,2.0,SDAN_38,sciRED_20,1616,17,17,0.4311886105286392,0.009207070817794219
cd8_BL,2.0,SDAN_38,sciRED_21,1616,17,17,0.42647978515984253,0.009418736839553427
cd8_BL,2.0,SDAN_38,sciRED_22,1616,17,17,0.4800426737299047,0.012484903966425973
cd8_BL,2.0,SDAN_38,sciRED_23,1616,17,17,0.5378361475922451,0.025821896877030244
cd8_BL,2.0,SDAN_38,sciRED_24,1616,17,17,0.5241879115623734,0.01604217223307091
cd8_BL,2.0,SDAN_38,sciRED_25,1616,17,17,0.6196887760732811,0.02870200603458512
cd8_BL,2.0,SDAN_38,sciRED_26,1616,17,17,0.5433543023213038,0.011766393743895865
cd8_BL,2.0,SDAN_38,sciRED_27,1616,17,17,0.3784718390170327,0.008940076362794723
cd8_BL,2.0,SDAN_38,sciRED_28,1616,17,17,0.49420593753448844,0.01131338450502235
cd8_BL,2.0,SDAN_38,sciRED_29,1616,17,17,0.47058823529411764,0.02184569644454526
cd8_BL,2.0,SDAN_38,sciRED_30,1616,17,17,0.48302247728359643,0.010487831460232888
cd8_BL,2.0,SDAN_38,sciRED_31,1616,17,17,0.4689695765735938,0.01107010139789438
cd8_BL,2.0,SDAN_38,sciRED_32,1616,17,17,0.5427656991502041,0.01979462377083205
cd8_BL,2.0,SDAN_38,sciRED_33,1616,17,17,0.38321745208402314,0.00852920660392821
cd8_BL,2.0,SDAN_38,sciRED_34,1616,17,17,0.5235625206930803,0.01217263786092168
cd8_BL,2.0,SDAN_38,sciRED_35,1616,17,17,0.3132104624213663,0.007889239646093497
cd8_BL,2.0,SDAN_38,sciRED_36,1616,17,17,0.42898134863701576,0.009834288143124282
cd8_BL,2.0,SDAN_38,sciRED_37,1616,17,17,0.6197623514696685,0.015356164868548019
cd8_BL,2.0,SDAN_38,sciRED_38,1616,17,17,0.4064304896442629,0.016725841089902396
cd8_BL,2.0,SDAN_38,sciRED_39,1616,17,17,0.5956664091527794,0.016720356775196395
cd8_BL,2.0,SDAN_39,sciRED_0,1616,17,16,0.364375,0.007946442020487072
cd8_BL,2.0,SDAN_39,sciRED_1,1616,17,16,0.48710937499999996,0.010999102047754568
cd8_BL,2.0,SDAN_39,sciRED_2,1616,17,16,0.4595703125,0.009382729800263789
cd8_BL,2.0,SDAN_39,sciRED_3,1616,17,16,0.4921875,0.013990406999575856
cd8_BL,2.0,SDAN_39,sciRED_4,1616,17,16,0.5941796875,0.018724054555804323
cd8_BL,2.0,SDAN_39,sciRED_5,1616,17,16,0.4021484375,0.008261677770699836
cd8_BL,2.0,SDAN_39,sciRED_6,1616,17,16,0.511875,0.010973172938830765
cd8_BL,2.0,SDAN_39,sciRED_7,1616,17,16,0.6388671874999999,0.013895491288298055
cd8_BL,2.0,SDAN_39,sciRED_8,1616,17,16,0.601953125,0.013410417204239277
cd8_BL,2.0,SDAN_39,sciRED_9,1616,17,16,0.5305859374999999,0.012853678856253612
cd8_BL,2.0,SDAN_39,sciRED_10,1616,17,16,0.36218749999999994,0.007814060887979455
cd8_BL,2.0,SDAN_39,sciRED_11,1616,17,16,0.3815234375,0.00784583827938322
cd8_BL,2.0,SDAN_39,sciRED_12,1616,17,16,0.4208203125,0.00842973909064626
cd8_BL,2.0,SDAN_39,sciRED_13,1616,17,16,0.4046484375,0.00839588470136945
cd8_BL,2.0,SDAN_39,sciRED_14,1616,17,16,0.5028515625000001,0.01033344573310712
cd8_BL,2.0,SDAN_39,sciRED_15,1616,17,16,0.57046875,0.012979450383498767
cd8_BL,2.0,SDAN_39,sciRED_16,1616,17,16,0.522265625,0.012047562770454509
cd8_BL,2.0,SDAN_39,sciRED_17,1616,17,16,0.391171875,0.008320759247104246
cd8_BL,2.0,SDAN_39,sciRED_18,1616,17,16,0.5081640625,0.010525785275119225
cd8_BL,2.0,SDAN_39,sciRED_19,1616,17,16,0.6796875000000001,0.3352918725139286
cd8_BL,2.0,SDAN_39,sciRED_20,1616,17,16,0.5474609375,0.01114570094322228
cd8_BL,2.0,SDAN_39,sciRED_21,1616,17,16,0.517578125,0.011527427082401571
cd8_BL,2.0,SDAN_39,sciRED_22,1616,17,16,0.4315234375,0.00894850720031836
cd8_BL,2.0,SDAN_39,sciRED_23,1616,17,16,0.4235546875,0.008876670368512871
cd8_BL,2.0,SDAN_39,sciRED_24,1616,17,16,0.4169921875,0.01586359215308511
cd8_BL,2.0,SDAN_39,sciRED_25,1616,17,16,0.5364453124999999,0.01725372969066319
cd8_BL,2.0,SDAN_39,sciRED_26,1616,17,16,0.49136718749999997,0.016790542091391813
cd8_BL,2.0,SDAN_39,sciRED_27,1616,17,16,0.4524609375,0.010511219548878615
cd8_BL,2.0,SDAN_39,sciRED_28,1616,17,16,0.5918359375,0.033351809811869054
cd8_BL,2.0,SDAN_39,sciRED_29,1616,17,16,0.4983984375,0.01823749885990929
cd8_BL,2.0,SDAN_39,sciRED_30,1616,17,16,0.5705859375,0.018157826467045966
cd8_BL,2.0,SDAN_39,sciRED_31,1616,17,16,0.4688671875,0.010300586527170348
cd8_BL,2.0,SDAN_39,sciRED_32,1616,17,16,0.458125,0.009019913044404113
cd8_BL,2.0,SDAN_39,sciRED_33,1616,17,16,0.4840234375,0.01114382688023291
cd8_BL,2.0,SDAN_39,sciRED_34,1616,17,16,0.538203125,0.07504344128395579
cd8_BL,2.0,SDAN_39,sciRED_35,1616,17,16,0.5338671875000001,0.011077756767154464
cd8_BL,2.0,SDAN_39,sciRED_36,1616,17,16,0.47796875,0.009569534328667542
cd8_BL,2.0,SDAN_39,sciRED_37,1616,17,16,0.47886718749999996,0.013651761022073602
cd8_BL,2.0,SDAN_39,sciRED_38,1616,17,16,0.55890625,0.01361709000654648
cd8_BL,2.0,SDAN_39,sciRED_39,1616,17,16,0.515,0.013500109500770166
