cell_type,sdan_weight,program,factor,n_sdan_genes,n_spectra_genes,n_genes_overlap,n_program_genes_total,n_program_genes_overlap,auroc,average_precision
Astro,2.0,SDAN_0,Spectra_0,2000,2847,1481,43,36,0.4024221453287197,0.019172938636127304
Astro,2.0,SDAN_0,Spectra_1,2000,2847,1481,43,36,0.33587081891580156,0.017542022491468905
Astro,2.0,SDAN_0,Spectra_2,2000,2847,1481,43,36,0.35169165705497885,0.017796270401302158
Astro,2.0,SDAN_0,Spectra_3,2000,2847,1481,43,36,0.31055363321799306,0.016804789563716754
Astro,2.0,SDAN_0,Spectra_4,2000,2847,1481,43,36,0.29730872741253367,0.01614393832754743
Astro,2.0,SDAN_0,Spectra_5,2000,2847,1481,43,36,0.23379469434832756,0.014989154824071146
Astro,2.0,SDAN_0,Spectra_6,2000,2847,1481,43,36,0.3209534794309881,0.016772864374222388
Astro,2.0,SDAN_0,Spectra_7,2000,2847,1481,43,36,0.2719915417147251,0.015586086443959497
Astro,2.0,SDAN_0,Spectra_8,2000,2847,1481,43,36,0.4342176086120723,0.021307351292959888
Astro,2.0,SDAN_0,Spectra_9,2000,2847,1481,43,36,0.44430988081507117,0.026171051253591274
Astro,2.0,SDAN_0,Spectra_10,2000,2847,1481,43,36,0.3296424452133795,0.01721779463561078
Astro,2.0,SDAN_0,Spectra_11,2000,2847,1481,43,36,0.5405036524413688,0.029359516014068235
Astro,2.0,SDAN_0,Spectra_12,2000,2847,1481,43,36,0.4500961168781238,0.028512621435799322
Astro,2.0,SDAN_0,Spectra_13,2000,2847,1481,43,36,0.34727028066128407,0.020129398953113626
Astro,2.0,SDAN_0,Spectra_14,2000,2847,1481,43,36,0.2583044982698962,0.015386802462099846
Astro,2.0,SDAN_0,Spectra_15,2000,2847,1481,43,36,0.35274894271434065,0.01767519845265724
Astro,2.0,SDAN_0,Spectra_16,2000,2847,1481,43,36,0.4883890811226451,0.022717627991945155
Astro,2.0,SDAN_0,Spectra_17,2000,2847,1481,43,36,0.2550941945405613,0.015412363051157209
Astro,2.0,SDAN_0,Spectra_18,2000,2847,1481,43,36,0.37193387158785085,0.018599197048447317
Astro,2.0,SDAN_0,Spectra_19,2000,2847,1481,43,36,0.40863129565551715,0.01983691342662953
Astro,2.0,SDAN_0,Spectra_20,2000,2847,1481,43,36,0.22149173394848135,0.014739694509499315
Astro,2.0,SDAN_0,Spectra_21,2000,2847,1481,43,36,0.3704536716647443,0.01805496757519297
Astro,2.0,SDAN_0,Spectra_22,2000,2847,1481,43,36,0.20603613994617453,0.014482926709245635
Astro,2.0,SDAN_0,Spectra_23,2000,2847,1481,43,36,0.27839292579777014,0.015860014215484712
Astro,2.0,SDAN_0,Spectra_24,2000,2847,1481,43,36,0.4286236063052672,0.020016303575607155
Astro,2.0,SDAN_0,Spectra_25,2000,2847,1481,43,36,0.31424452133794695,0.01670121911020991
Astro,2.0,SDAN_0,Spectra_26,2000,2847,1481,43,36,0.3271049596309112,0.01705382237317968
Astro,2.0,SDAN_0,Spectra_27,2000,2847,1481,43,36,0.338562091503268,0.0187499541885971
Astro,2.0,SDAN_0,Spectra_28,2000,2847,1481,43,36,0.3616301422529796,0.01781632728666104
Astro,2.0,SDAN_0,Spectra_29,2000,2847,1481,43,36,0.2736447520184544,0.015657000363269946
Astro,2.0,SDAN_0,Spectra_30,2000,2847,1481,43,36,0.48700499807766245,0.0489962407035823
Astro,2.0,SDAN_0,Spectra_31,2000,2847,1481,43,36,0.3902153018069973,0.024355133148625925
Astro,2.0,SDAN_0,Spectra_32,2000,2847,1481,43,36,0.5169934640522875,0.03289981290402302
Astro,2.0,SDAN_0,Spectra_33,2000,2847,1481,43,36,0.3567474048442907,0.021286734922550756
Astro,2.0,SDAN_0,Spectra_34,2000,2847,1481,43,36,0.3410611303344867,0.017222300242989375
Astro,2.0,SDAN_0,Spectra_35,2000,2847,1481,43,36,0.4913494809688582,0.024544680761274897
Astro,2.0,SDAN_0,Spectra_36,2000,2847,1481,43,36,0.44900038446751245,0.048061185803261124
Astro,2.0,SDAN_0,Spectra_37,2000,2847,1481,43,36,0.38558246828143017,0.034357892292477675
Astro,2.0,SDAN_0,Spectra_38,2000,2847,1481,43,36,0.4952326028450596,0.03043160079818867
Astro,2.0,SDAN_0,Spectra_39,2000,2847,1481,43,36,0.4858323721645521,0.024184167549202724
Astro,2.0,SDAN_1,Spectra_0,2000,2847,1481,45,29,0.3315284506507077,0.013821962500711231
Astro,2.0,SDAN_1,Spectra_1,2000,2847,1481,45,29,0.5309442386244895,0.03830701131443294
Astro,2.0,SDAN_1,Spectra_2,2000,2847,1481,45,29,0.44421487603305787,0.018355863856241425
Astro,2.0,SDAN_1,Spectra_3,2000,2847,1481,45,29,0.6381447705899117,0.047655772306065894
Astro,2.0,SDAN_1,Spectra_4,2000,2847,1481,45,29,0.48534720243184193,0.01787158222496185
Astro,2.0,SDAN_1,Spectra_5,2000,2847,1481,45,29,0.4893131946423483,0.03343227579777355
Astro,2.0,SDAN_1,Spectra_6,2000,2847,1481,45,29,0.33696684715493497,0.013993562045373059
Astro,2.0,SDAN_1,Spectra_7,2000,2847,1481,45,29,0.376270542414743,0.014750969584735346
Astro,2.0,SDAN_1,Spectra_8,2000,2847,1481,45,29,0.4119644723092999,0.015964200996908557
Astro,2.0,SDAN_1,Spectra_9,2000,2847,1481,45,29,0.5046072005319655,0.021804002103092943
Astro,2.0,SDAN_1,Spectra_10,2000,2847,1481,45,29,0.48670086444381117,0.018627182113071947
Astro,2.0,SDAN_1,Spectra_11,2000,2847,1481,45,29,0.48363731357461764,0.04773986776764612
Astro,2.0,SDAN_1,Spectra_12,2000,2847,1481,45,29,0.5050584212026218,0.02083382942589481
Astro,2.0,SDAN_1,Spectra_13,2000,2847,1481,45,29,0.5509641873278237,0.02735559409024473
Astro,2.0,SDAN_1,Spectra_14,2000,2847,1481,45,29,0.43378930369525975,0.01702045690124073
Astro,2.0,SDAN_1,Spectra_15,2000,2847,1481,45,29,0.4585351952123112,0.01778733806464226
Astro,2.0,SDAN_1,Spectra_16,2000,2847,1481,45,29,0.6953073050251735,0.047602134433278424
Astro,2.0,SDAN_1,Spectra_17,2000,2847,1481,45,29,0.41612045217060895,0.016557322731814025
Astro,2.0,SDAN_1,Spectra_18,2000,2847,1481,45,29,0.2640353377030493,0.012687325470178274
Astro,2.0,SDAN_1,Spectra_19,2000,2847,1481,45,29,0.5317991830531016,0.02781248216791542
Astro,2.0,SDAN_1,Spectra_20,2000,2847,1481,45,29,0.25213736107153034,0.012317432062869074
Astro,2.0,SDAN_1,Spectra_21,2000,2847,1481,45,29,0.6055618884772489,0.024589899003060543
Astro,2.0,SDAN_1,Spectra_22,2000,2847,1481,45,29,0.2903248788828726,0.012975477168786737
Astro,2.0,SDAN_1,Spectra_23,2000,2847,1481,45,29,0.43321934074285173,0.01909580196590402
Astro,2.0,SDAN_1,Spectra_24,2000,2847,1481,45,29,0.37593806402583835,0.014755124483106423
Astro,2.0,SDAN_1,Spectra_25,2000,2847,1481,45,29,0.2856226845255059,0.013039028765263173
Astro,2.0,SDAN_1,Spectra_26,2000,2847,1481,45,29,0.5046309489883157,0.042009560697700545
Astro,2.0,SDAN_1,Spectra_27,2000,2847,1481,45,29,0.43388429752066116,0.01924665490520188
Astro,2.0,SDAN_1,Spectra_28,2000,2847,1481,45,29,0.5301367911085779,0.021224790275579126
Astro,2.0,SDAN_1,Spectra_29,2000,2847,1481,45,29,0.41645293055951366,0.016297278070663036
Astro,2.0,SDAN_1,Spectra_30,2000,2847,1481,45,29,0.49693644913080653,0.021882012255224147
Astro,2.0,SDAN_1,Spectra_31,2000,2847,1481,45,29,0.46309489883157595,0.02687270214332526
Astro,2.0,SDAN_1,Spectra_32,2000,2847,1481,45,29,0.36135651182673123,0.01467546515203659
Astro,2.0,SDAN_1,Spectra_33,2000,2847,1481,45,29,0.47888762230455023,0.019314873944319855
Astro,2.0,SDAN_1,Spectra_34,2000,2847,1481,45,29,0.3105823121497103,0.013561361561800317
Astro,2.0,SDAN_1,Spectra_35,2000,2847,1481,45,29,0.4188515246508977,0.016798934217181392
Astro,2.0,SDAN_1,Spectra_36,2000,2847,1481,45,29,0.5763750356226847,0.02299934001011699
Astro,2.0,SDAN_1,Spectra_37,2000,2847,1481,45,29,0.479790063645863,0.019014350765634354
Astro,2.0,SDAN_1,Spectra_38,2000,2847,1481,45,29,0.5758288211266267,0.03343854239349875
Astro,2.0,SDAN_1,Spectra_39,2000,2847,1481,45,29,0.41543174693644913,0.018861938405677826
Astro,2.0,SDAN_2,Spectra_0,2000,2847,1481,45,26,0.6483743061062649,0.027413692095085637
Astro,2.0,SDAN_2,Spectra_1,2000,2847,1481,45,26,0.40174464710547186,0.01969882156660587
Astro,2.0,SDAN_2,Spectra_2,2000,2847,1481,45,26,0.35048902987047315,0.01302143280821968
Astro,2.0,SDAN_2,Spectra_3,2000,2847,1481,45,26,0.35432196669310073,0.014343273573550787
Astro,2.0,SDAN_2,Spectra_4,2000,2847,1481,45,26,0.3127676447264076,0.01211139051140305
Astro,2.0,SDAN_2,Spectra_5,2000,2847,1481,45,26,0.3139571768437748,0.012881964235622547
Astro,2.0,SDAN_2,Spectra_6,2000,2847,1481,45,26,0.24234734337827124,0.011027875190404123
Astro,2.0,SDAN_2,Spectra_7,2000,2847,1481,45,26,0.3458366375892149,0.012659045642913968
Astro,2.0,SDAN_2,Spectra_8,2000,2847,1481,45,26,0.5046788263283108,0.01675738146251602
Astro,2.0,SDAN_2,Spectra_9,2000,2847,1481,45,26,0.5399682791435368,0.028232720798443342
Astro,2.0,SDAN_2,Spectra_10,2000,2847,1481,45,26,0.4824477927570711,0.016527727699067546
Astro,2.0,SDAN_2,Spectra_11,2000,2847,1481,45,26,0.36423473433782716,0.013009531706155647
Astro,2.0,SDAN_2,Spectra_12,2000,2847,1481,45,26,0.6065292096219931,0.022480401390813188
Astro,2.0,SDAN_2,Spectra_13,2000,2847,1481,45,26,0.4205392545598732,0.014444276401591525
Astro,2.0,SDAN_2,Spectra_14,2000,2847,1481,45,26,0.3260375363468147,0.015625590116930817
Astro,2.0,SDAN_2,Spectra_15,2000,2847,1481,45,26,0.26574147501982553,0.011408923277365037
Astro,2.0,SDAN_2,Spectra_16,2000,2847,1481,45,26,0.47665873645255086,0.01580463346489576
Astro,2.0,SDAN_2,Spectra_17,2000,2847,1481,45,26,0.2654771345492995,0.0113453677993291
Astro,2.0,SDAN_2,Spectra_18,2000,2847,1481,45,26,0.17919640496960082,0.010358103335912253
Astro,2.0,SDAN_2,Spectra_19,2000,2847,1481,45,26,0.4814961670631773,0.018208042871044442
Astro,2.0,SDAN_2,Spectra_20,2000,2847,1481,45,26,0.5591329632566746,0.019097530820016
Astro,2.0,SDAN_2,Spectra_21,2000,2847,1481,45,26,0.8251123446999735,0.05367421372548407
Astro,2.0,SDAN_2,Spectra_22,2000,2847,1481,45,26,0.30346286016389107,0.012237318063386479
Astro,2.0,SDAN_2,Spectra_23,2000,2847,1481,45,26,0.38012159661644196,0.01407850725653847
Astro,2.0,SDAN_2,Spectra_24,2000,2847,1481,45,26,0.48049167327517844,0.016017768004160583
Astro,2.0,SDAN_2,Spectra_25,2000,2847,1481,45,26,0.36590007930214113,0.01336654444711807
Astro,2.0,SDAN_2,Spectra_26,2000,2847,1481,45,26,0.5985196933650542,0.029992488992199372
Astro,2.0,SDAN_2,Spectra_27,2000,2847,1481,45,26,0.33224953740417656,0.012442404781074124
Astro,2.0,SDAN_2,Spectra_28,2000,2847,1481,45,26,0.6446471054718477,0.023513330183612055
Astro,2.0,SDAN_2,Spectra_29,2000,2847,1481,45,26,0.37063177372455725,0.013159361548023513
Astro,2.0,SDAN_2,Spectra_30,2000,2847,1481,45,26,0.3694158075601375,0.01730501286525677
Astro,2.0,SDAN_2,Spectra_31,2000,2847,1481,45,26,0.2551942902458367,0.011183048878886544
Astro,2.0,SDAN_2,Spectra_32,2000,2847,1481,45,26,0.20481099656357388,0.010616885629535019
Astro,2.0,SDAN_2,Spectra_33,2000,2847,1481,45,26,0.3423209093312186,0.012641938531947833
Astro,2.0,SDAN_2,Spectra_34,2000,2847,1481,45,26,0.20803595030399152,0.010631390571231166
Astro,2.0,SDAN_2,Spectra_35,2000,2847,1481,45,26,0.2735659529473963,0.020801320182323974
Astro,2.0,SDAN_2,Spectra_36,2000,2847,1481,45,26,0.3652656621728787,0.01307508737042814
Astro,2.0,SDAN_2,Spectra_37,2000,2847,1481,45,26,0.4857784826856992,0.017656497986105024
Astro,2.0,SDAN_2,Spectra_38,2000,2847,1481,45,26,0.40454665609304785,0.013981575580143606
Astro,2.0,SDAN_2,Spectra_39,2000,2847,1481,45,26,0.32574676182923606,0.01294606587522178
Astro,2.0,SDAN_3,Spectra_0,2000,2847,1481,43,42,0.4982957741818062,0.029829997284791868
Astro,2.0,SDAN_3,Spectra_1,2000,2847,1481,43,42,0.5028458916575664,0.033236429538024304
Astro,2.0,SDAN_3,Spectra_2,2000,2847,1481,43,42,0.5188457592905126,0.04507244570446911
Astro,2.0,SDAN_3,Spectra_3,2000,2847,1481,43,42,0.4909328568119395,0.03074456714435376
Astro,2.0,SDAN_3,Spectra_4,2000,2847,1481,43,42,0.4824117277209703,0.029297008423452894
Astro,2.0,SDAN_3,Spectra_5,2000,2847,1481,43,42,0.5152553029550945,0.038251623827593194
Astro,2.0,SDAN_3,Spectra_6,2000,2847,1481,43,42,0.4727985704358185,0.03048719203617335
Astro,2.0,SDAN_3,Spectra_7,2000,2847,1481,43,42,0.4853072570237268,0.029561054520349763
Astro,2.0,SDAN_3,Spectra_8,2000,2847,1481,43,42,0.5786425758628677,0.04298405795319335
Astro,2.0,SDAN_3,Spectra_9,2000,2847,1481,43,42,0.4785068996326814,0.055930770236169935
Astro,2.0,SDAN_3,Spectra_10,2000,2847,1481,43,42,0.5206823521625467,0.041870431100433016
Astro,2.0,SDAN_3,Spectra_11,2000,2847,1481,43,42,0.5321817399649227,0.036199924156622335
Astro,2.0,SDAN_3,Spectra_12,2000,2847,1481,43,42,0.5019358681624144,0.029987108319459575
Astro,2.0,SDAN_3,Spectra_13,2000,2847,1481,43,42,0.5950064528938748,0.12797445205970504
Astro,2.0,SDAN_3,Spectra_14,2000,2847,1481,43,42,0.5345808928157781,0.06896897733293293
Astro,2.0,SDAN_3,Spectra_15,2000,2847,1481,43,42,0.3977464509083689,0.022205682524711022
Astro,2.0,SDAN_3,Spectra_16,2000,2847,1481,43,42,0.5700387173632483,0.05199836077448633
Astro,2.0,SDAN_3,Spectra_17,2000,2847,1481,43,42,0.5247857308315961,0.032446007460078356
Astro,2.0,SDAN_3,Spectra_18,2000,2847,1481,43,42,0.4237896687514478,0.023930341046946843
Astro,2.0,SDAN_3,Spectra_19,2000,2847,1481,43,42,0.5440947748105497,0.037446076274243914
Astro,2.0,SDAN_3,Spectra_20,2000,2847,1481,43,42,0.3457923822760515,0.022710129949965983
Astro,2.0,SDAN_3,Spectra_21,2000,2847,1481,43,42,0.3632317416195109,0.020742623541586985
Astro,2.0,SDAN_3,Spectra_22,2000,2847,1481,43,42,0.2754889308051226,0.018177936501373133
Astro,2.0,SDAN_3,Spectra_23,2000,2847,1481,43,42,0.3858003242992819,0.022017632407349476
Astro,2.0,SDAN_3,Spectra_24,2000,2847,1481,43,42,0.3832522585128561,0.021837754731845682
Astro,2.0,SDAN_3,Spectra_25,2000,2847,1481,43,42,0.30742248254409477,0.02385731367970905
Astro,2.0,SDAN_3,Spectra_26,2000,2847,1481,43,42,0.3074721201892849,0.019144213383599524
Astro,2.0,SDAN_3,Spectra_27,2000,2847,1481,43,42,0.3003573910453688,0.019320734429991025
Astro,2.0,SDAN_3,Spectra_28,2000,2847,1481,43,42,0.3764353552400807,0.02225181477509629
Astro,2.0,SDAN_3,Spectra_29,2000,2847,1481,43,42,0.48168370892484863,0.04305206707104346
Astro,2.0,SDAN_3,Spectra_30,2000,2847,1481,43,42,0.4890962639399053,0.029098934081946744
Astro,2.0,SDAN_3,Spectra_31,2000,2847,1481,43,42,0.4805585889672061,0.03332126901490676
Astro,2.0,SDAN_3,Spectra_32,2000,2847,1481,43,42,0.422135080578444,0.024706193274612247
Astro,2.0,SDAN_3,Spectra_33,2000,2847,1481,43,42,0.4536053476289751,0.024389793636441226
Astro,2.0,SDAN_3,Spectra_34,2000,2847,1481,43,42,0.40732651643006057,0.022417652437108953
Astro,2.0,SDAN_3,Spectra_35,2000,2847,1481,43,42,0.4571296204374731,0.02645512917925166
Astro,2.0,SDAN_3,Spectra_36,2000,2847,1481,43,42,0.5102915384360832,0.029698977402401683
Astro,2.0,SDAN_3,Spectra_37,2000,2847,1481,43,42,0.5186803004732122,0.05901874164121276
Astro,2.0,SDAN_3,Spectra_38,2000,2847,1481,43,42,0.551722426288097,0.03354559094371682
Astro,2.0,SDAN_3,Spectra_39,2000,2847,1481,43,42,0.5436480360038386,0.03506324484562978
Astro,2.0,SDAN_4,Spectra_0,2000,2847,1481,44,20,0.16293634496919915,0.007944437734579294
Astro,2.0,SDAN_4,Spectra_1,2000,2847,1481,44,20,0.3634839151266256,0.01032222225404091
Astro,2.0,SDAN_4,Spectra_2,2000,2847,1481,44,20,0.4403832991101986,0.012223429547271734
Astro,2.0,SDAN_4,Spectra_3,2000,2847,1481,44,20,0.5747433264887063,0.0383146094729391
Astro,2.0,SDAN_4,Spectra_4,2000,2847,1481,44,20,0.4036618754277892,0.011106359707232276
Astro,2.0,SDAN_4,Spectra_5,2000,2847,1481,44,20,0.4005475701574265,0.011050052089799488
Astro,2.0,SDAN_4,Spectra_6,2000,2847,1481,44,20,0.31875427789185495,0.010183092734253918
Astro,2.0,SDAN_4,Spectra_7,2000,2847,1481,44,20,0.5832991101984942,0.016129729534753442
Astro,2.0,SDAN_4,Spectra_8,2000,2847,1481,44,20,0.2965434633812457,0.009293802672275512
Astro,2.0,SDAN_4,Spectra_9,2000,2847,1481,44,20,0.513347022587269,0.01372146815359078
Astro,2.0,SDAN_4,Spectra_10,2000,2847,1481,44,20,0.39383983572895276,0.012733037278996849
Astro,2.0,SDAN_4,Spectra_11,2000,2847,1481,44,20,0.3322039698836413,0.009666828072604538
Astro,2.0,SDAN_4,Spectra_12,2000,2847,1481,44,20,0.5381930184804927,0.020899406530140743
Astro,2.0,SDAN_4,Spectra_13,2000,2847,1481,44,20,0.49969199178644763,0.013513411057615592
Astro,2.0,SDAN_4,Spectra_14,2000,2847,1481,44,20,0.32275838466803564,0.009564151666672873
Astro,2.0,SDAN_4,Spectra_15,2000,2847,1481,44,20,0.6383299110198495,0.03421139118238171
Astro,2.0,SDAN_4,Spectra_16,2000,2847,1481,44,20,0.4151266255989049,0.011092638747889436
Astro,2.0,SDAN_4,Spectra_17,2000,2847,1481,44,20,0.32306639288158795,0.010019868297347974
Astro,2.0,SDAN_4,Spectra_18,2000,2847,1481,44,20,0.1826488706365503,0.008391589906237309
Astro,2.0,SDAN_4,Spectra_19,2000,2847,1481,44,20,0.5600958247775497,0.020623166856546783
Astro,2.0,SDAN_4,Spectra_20,2000,2847,1481,44,20,0.31759069130732376,0.00966395925498227
Astro,2.0,SDAN_4,Spectra_21,2000,2847,1481,44,20,0.8258384668035591,0.06322633853184528
Astro,2.0,SDAN_4,Spectra_22,2000,2847,1481,44,20,0.3395277207392197,0.009911742347072603
Astro,2.0,SDAN_4,Spectra_23,2000,2847,1481,44,20,0.5397672826830937,0.015578718746145772
Astro,2.0,SDAN_4,Spectra_24,2000,2847,1481,44,20,0.36947296372347704,0.010545389341349048
Astro,2.0,SDAN_4,Spectra_25,2000,2847,1481,44,20,0.4457905544147844,0.011730340444158717
Astro,2.0,SDAN_4,Spectra_26,2000,2847,1481,44,20,0.40294318959616704,0.010917148977245602
Astro,2.0,SDAN_4,Spectra_27,2000,2847,1481,44,20,0.7566050650239562,0.14695016306792952
Astro,2.0,SDAN_4,Spectra_28,2000,2847,1481,44,20,0.6474674880219028,0.025980976970336713
Astro,2.0,SDAN_4,Spectra_29,2000,2847,1481,44,20,0.4760438056125941,0.012526850661107328
Astro,2.0,SDAN_4,Spectra_30,2000,2847,1481,44,20,0.3368583162217659,0.009879387900144575
Astro,2.0,SDAN_4,Spectra_31,2000,2847,1481,44,20,0.19623545516769336,0.008595498651608616
Astro,2.0,SDAN_4,Spectra_32,2000,2847,1481,44,20,0.215605749486653,0.008495185978711375
Astro,2.0,SDAN_4,Spectra_33,2000,2847,1481,44,20,0.3161875427789186,0.009622698127440522
Astro,2.0,SDAN_4,Spectra_34,2000,2847,1481,44,20,0.15588637919233403,0.007962740795261386
Astro,2.0,SDAN_4,Spectra_35,2000,2847,1481,44,20,0.24291581108829569,0.017056845152633376
Astro,2.0,SDAN_4,Spectra_36,2000,2847,1481,44,20,0.32327173169062284,0.009566048652685257
Astro,2.0,SDAN_4,Spectra_37,2000,2847,1481,44,20,0.3887063655030801,0.010755727945513698
Astro,2.0,SDAN_4,Spectra_38,2000,2847,1481,44,20,0.3840177960301163,0.010540778465334726
Astro,2.0,SDAN_4,Spectra_39,2000,2847,1481,44,20,0.33788501026694046,0.009766206276595212
Astro,2.0,SDAN_5,Spectra_0,2000,2847,1481,43,40,0.4397814018043026,0.022465182608198245
Astro,2.0,SDAN_5,Spectra_1,2000,2847,1481,43,40,0.4359472588480222,0.026813675154623545
Astro,2.0,SDAN_5,Spectra_2,2000,2847,1481,43,40,0.5336051353226926,0.04996675105595699
Astro,2.0,SDAN_5,Spectra_3,2000,2847,1481,43,40,0.38763011797362945,0.02173025927901824
Astro,2.0,SDAN_5,Spectra_4,2000,2847,1481,43,40,0.46120749479528106,0.02373502866384805
Astro,2.0,SDAN_5,Spectra_5,2000,2847,1481,43,40,0.4192574600971548,0.02183700207166522
Astro,2.0,SDAN_5,Spectra_6,2000,2847,1481,43,40,0.5404927133934767,0.032245535767068415
Astro,2.0,SDAN_5,Spectra_7,2000,2847,1481,43,40,0.4229875086745316,0.02310728583889879
Astro,2.0,SDAN_5,Spectra_8,2000,2847,1481,43,40,0.47649201943095076,0.026167357942092132
Astro,2.0,SDAN_5,Spectra_9,2000,2847,1481,43,40,0.4774288688410826,0.03474048837854044
Astro,2.0,SDAN_5,Spectra_10,2000,2847,1481,43,40,0.4333622484385843,0.023542045418670027
Astro,2.0,SDAN_5,Spectra_11,2000,2847,1481,43,40,0.4928001387925052,0.02634811207020079
Astro,2.0,SDAN_5,Spectra_12,2000,2847,1481,43,40,0.4991672449687717,0.030639134275531964
Astro,2.0,SDAN_5,Spectra_13,2000,2847,1481,43,40,0.5100624566273422,0.02835667462187222
Astro,2.0,SDAN_5,Spectra_14,2000,2847,1481,43,40,0.40575988896599585,0.021310405565699526
Astro,2.0,SDAN_5,Spectra_15,2000,2847,1481,43,40,0.47329979181124215,0.02397755274176466
Astro,2.0,SDAN_5,Spectra_16,2000,2847,1481,43,40,0.5347328244274809,0.03076620649759702
Astro,2.0,SDAN_5,Spectra_17,2000,2847,1481,43,40,0.46533657182512145,0.025827842704507484
Astro,2.0,SDAN_5,Spectra_18,2000,2847,1481,43,40,0.5609125607217211,0.02830826929009355
Astro,2.0,SDAN_5,Spectra_19,2000,2847,1481,43,40,0.5384975711311589,0.034666618820176895
Astro,2.0,SDAN_5,Spectra_20,2000,2847,1481,43,40,0.3914295628036086,0.020615797568599947
Astro,2.0,SDAN_5,Spectra_21,2000,2847,1481,43,40,0.3684247050659264,0.021426755419428276
Astro,2.0,SDAN_5,Spectra_22,2000,2847,1481,43,40,0.548941707147814,0.029311893242899307
Astro,2.0,SDAN_5,Spectra_23,2000,2847,1481,43,40,0.3473108952116586,0.01922877999031957
Astro,2.0,SDAN_5,Spectra_24,2000,2847,1481,43,40,0.3829458709229701,0.02038353721824635
Astro,2.0,SDAN_5,Spectra_25,2000,2847,1481,43,40,0.48187022900763354,0.024539155146945532
Astro,2.0,SDAN_5,Spectra_26,2000,2847,1481,43,40,0.36686328938237334,0.020224236018700947
Astro,2.0,SDAN_5,Spectra_27,2000,2847,1481,43,40,0.49772727272727274,0.02634208089906807
Astro,2.0,SDAN_5,Spectra_28,2000,2847,1481,43,40,0.40961138098542677,0.021543432734304178
Astro,2.0,SDAN_5,Spectra_29,2000,2847,1481,43,40,0.4069222761970854,0.021598171314998298
Astro,2.0,SDAN_5,Spectra_30,2000,2847,1481,43,40,0.5490631505898682,0.03085453794739021
Astro,2.0,SDAN_5,Spectra_31,2000,2847,1481,43,40,0.6246703678001388,0.04474308806125477
Astro,2.0,SDAN_5,Spectra_32,2000,2847,1481,43,40,0.6265614156835531,0.03664821331767894
Astro,2.0,SDAN_5,Spectra_33,2000,2847,1481,43,40,0.541412213740458,0.04181670749585309
Astro,2.0,SDAN_5,Spectra_34,2000,2847,1481,43,40,0.6508327550312283,0.041238173139711835
Astro,2.0,SDAN_5,Spectra_35,2000,2847,1481,43,40,0.6234385843164469,0.04010354465845319
Astro,2.0,SDAN_5,Spectra_36,2000,2847,1481,43,40,0.523056904927134,0.03216032681084552
Astro,2.0,SDAN_5,Spectra_37,2000,2847,1481,43,40,0.5506766134628731,0.047426130977378425
Astro,2.0,SDAN_5,Spectra_38,2000,2847,1481,43,40,0.49292158223455934,0.028967582418280888
Astro,2.0,SDAN_5,Spectra_39,2000,2847,1481,43,40,0.5893476752255379,0.0805741580062269
Astro,2.0,SDAN_6,Spectra_0,2000,2847,1481,42,37,0.5282997679119563,0.028042936531926403
Astro,2.0,SDAN_6,Spectra_1,2000,2847,1481,42,37,0.32967732275211503,0.01860907304247563
Astro,2.0,SDAN_6,Spectra_2,2000,2847,1481,42,37,0.43392977464999627,0.0331063142634518
Astro,2.0,SDAN_6,Spectra_3,2000,2847,1481,42,37,0.29327319008759456,0.01646150974084189
Astro,2.0,SDAN_6,Spectra_4,2000,2847,1481,42,37,0.31936437822864416,0.017493108961227834
Astro,2.0,SDAN_6,Spectra_5,2000,2847,1481,42,37,0.37940780115295347,0.019047565052282042
Astro,2.0,SDAN_6,Spectra_6,2000,2847,1481,42,37,0.42247510668563304,0.02463262624762732
Astro,2.0,SDAN_6,Spectra_7,2000,2847,1481,42,37,0.46921090065134385,0.03271013832018665
Astro,2.0,SDAN_6,Spectra_8,2000,2847,1481,42,37,0.49883955978138805,0.06733011499598807
Astro,2.0,SDAN_6,Spectra_9,2000,2847,1481,42,37,0.38689451224077265,0.02046075244936954
Astro,2.0,SDAN_6,Spectra_10,2000,2847,1481,42,37,0.31726809912405485,0.01756078857859332
Astro,2.0,SDAN_6,Spectra_11,2000,2847,1481,42,37,0.48255596316538146,0.022851492027123985
Astro,2.0,SDAN_6,Spectra_12,2000,2847,1481,42,37,0.38174739836789695,0.01904202522393265
Astro,2.0,SDAN_6,Spectra_13,2000,2847,1481,42,37,0.3565733323351052,0.018434443698632903
Astro,2.0,SDAN_6,Spectra_14,2000,2847,1481,42,37,0.3731563973946246,0.019654079890094107
Astro,2.0,SDAN_6,Spectra_15,2000,2847,1481,42,37,0.3438833570412518,0.017722566911279804
Astro,2.0,SDAN_6,Spectra_16,2000,2847,1481,42,37,0.23251852960994238,0.015326794279658797
Astro,2.0,SDAN_6,Spectra_17,2000,2847,1481,42,37,0.357864789997754,0.018063476127269454
Astro,2.0,SDAN_6,Spectra_18,2000,2847,1481,42,37,0.6142472112001198,0.06730525059628144
Astro,2.0,SDAN_6,Spectra_19,2000,2847,1481,42,37,0.37237029273040356,0.018827675874437608
Astro,2.0,SDAN_6,Spectra_20,2000,2847,1481,42,37,0.36437822864415664,0.01840066380593359
Astro,2.0,SDAN_6,Spectra_21,2000,2847,1481,42,37,0.23309874971924835,0.015380333709677405
Astro,2.0,SDAN_6,Spectra_22,2000,2847,1481,42,37,0.4856067979336677,0.024379250922373003
Astro,2.0,SDAN_6,Spectra_23,2000,2847,1481,42,37,0.29147637942651794,0.01672879063509945
Astro,2.0,SDAN_6,Spectra_24,2000,2847,1481,42,37,0.46286591300441715,0.02252012820539544
Astro,2.0,SDAN_6,Spectra_25,2000,2847,1481,42,37,0.30759152504304854,0.016852773844980996
Astro,2.0,SDAN_6,Spectra_26,2000,2847,1481,42,37,0.32400613910309206,0.017663086000416002
Astro,2.0,SDAN_6,Spectra_27,2000,2847,1481,42,37,0.3777420079359138,0.020167603378118654
Astro,2.0,SDAN_6,Spectra_28,2000,2847,1481,42,37,0.31442314891068357,0.017461077562173667
Astro,2.0,SDAN_6,Spectra_29,2000,2847,1481,42,37,0.39194804222505053,0.02566144019479628
Astro,2.0,SDAN_6,Spectra_30,2000,2847,1481,42,37,0.5234708392603129,0.031081857831027772
Astro,2.0,SDAN_6,Spectra_31,2000,2847,1481,42,37,0.5016845099947593,0.026005820936691904
Astro,2.0,SDAN_6,Spectra_32,2000,2847,1481,42,37,0.5496930448453994,0.030287803189067805
Astro,2.0,SDAN_6,Spectra_33,2000,2847,1481,42,37,0.4462454143894587,0.027156562338272967
Astro,2.0,SDAN_6,Spectra_34,2000,2847,1481,42,37,0.5964101220333907,0.0320739167104501
Astro,2.0,SDAN_6,Spectra_35,2000,2847,1481,42,37,0.45975892790297224,0.02304093389778012
Astro,2.0,SDAN_6,Spectra_36,2000,2847,1481,42,37,0.4268735494497267,0.02298180283188695
Astro,2.0,SDAN_6,Spectra_37,2000,2847,1481,42,37,0.4625477277831848,0.027612168676044973
Astro,2.0,SDAN_6,Spectra_38,2000,2847,1481,42,37,0.38960844501010705,0.02199260467255656
Astro,2.0,SDAN_6,Spectra_39,2000,2847,1481,42,37,0.6309051433705173,0.04965233145003409
Astro,2.0,SDAN_7,Spectra_0,2000,2847,1481,43,36,0.7740484429065744,0.10416226398842801
Astro,2.0,SDAN_7,Spectra_1,2000,2847,1481,43,36,0.47698961937716255,0.024043088580950653
Astro,2.0,SDAN_7,Spectra_2,2000,2847,1481,43,36,0.4224144559784698,0.01967886172525164
Astro,2.0,SDAN_7,Spectra_3,2000,2847,1481,43,36,0.44488658208381393,0.021094904050514764
Astro,2.0,SDAN_7,Spectra_4,2000,2847,1481,43,36,0.47264513648596695,0.022424045543848047
Astro,2.0,SDAN_7,Spectra_5,2000,2847,1481,43,36,0.5865820838139176,0.036681026625180975
Astro,2.0,SDAN_7,Spectra_6,2000,2847,1481,43,36,0.5069011918492887,0.024716993975995853
Astro,2.0,SDAN_7,Spectra_7,2000,2847,1481,43,36,0.5406766628219914,0.029370021673112576
Astro,2.0,SDAN_7,Spectra_8,2000,2847,1481,43,36,0.4984236831987697,0.028930595423134885
Astro,2.0,SDAN_7,Spectra_9,2000,2847,1481,43,36,0.4885236447520184,0.02449262582648673
Astro,2.0,SDAN_7,Spectra_10,2000,2847,1481,43,36,0.5563629373317955,0.03543646829965236
Astro,2.0,SDAN_7,Spectra_11,2000,2847,1481,43,36,0.4459246443675509,0.020917879372185342
Astro,2.0,SDAN_7,Spectra_12,2000,2847,1481,43,36,0.4350442137639369,0.020626073700494157
Astro,2.0,SDAN_7,Spectra_13,2000,2847,1481,43,36,0.49925028835063434,0.02753550887916142
Astro,2.0,SDAN_7,Spectra_14,2000,2847,1481,43,36,0.5550749711649365,0.04162347268349519
Astro,2.0,SDAN_7,Spectra_15,2000,2847,1481,43,36,0.4223567858515956,0.019626938866201253
Astro,2.0,SDAN_7,Spectra_16,2000,2847,1481,43,36,0.4485198000768935,0.021566490066427878
Astro,2.0,SDAN_7,Spectra_17,2000,2847,1481,43,36,0.4750865051903114,0.022419213192023044
Astro,2.0,SDAN_7,Spectra_18,2000,2847,1481,43,36,0.5729911572472126,0.05705381981194947
Astro,2.0,SDAN_7,Spectra_19,2000,2847,1481,43,36,0.5458285274894271,0.02954208592100951
Astro,2.0,SDAN_7,Spectra_20,2000,2847,1481,43,36,0.6699923106497501,0.08462416087914339
Astro,2.0,SDAN_7,Spectra_21,2000,2847,1481,43,36,0.37158785082660517,0.018452232263718202
Astro,2.0,SDAN_7,Spectra_22,2000,2847,1481,43,36,0.5204152249134948,0.0243150840960677
Astro,2.0,SDAN_7,Spectra_23,2000,2847,1481,43,36,0.5652056901191849,0.033728550929440486
Astro,2.0,SDAN_7,Spectra_24,2000,2847,1481,43,36,0.5794694348327566,0.04333781099285545
Astro,2.0,SDAN_7,Spectra_25,2000,2847,1481,43,36,0.5000768935024991,0.028265796949210477
Astro,2.0,SDAN_7,Spectra_26,2000,2847,1481,43,36,0.5483083429450211,0.031092359178123877
Astro,2.0,SDAN_7,Spectra_27,2000,2847,1481,43,36,0.421357170319108,0.01955936590519991
Astro,2.0,SDAN_7,Spectra_28,2000,2847,1481,43,36,0.38344867358708185,0.019578800754821067
Astro,2.0,SDAN_7,Spectra_29,2000,2847,1481,43,36,0.6841983852364475,0.13089022878466663
Astro,2.0,SDAN_7,Spectra_30,2000,2847,1481,43,36,0.5328911956939638,0.04126348125421272
Astro,2.0,SDAN_7,Spectra_31,2000,2847,1481,43,36,0.5058054594386774,0.03176713030492704
Astro,2.0,SDAN_7,Spectra_32,2000,2847,1481,43,36,0.4956170703575548,0.03319203762498303
Astro,2.0,SDAN_7,Spectra_33,2000,2847,1481,43,36,0.4746828143021915,0.04106744646662696
Astro,2.0,SDAN_7,Spectra_34,2000,2847,1481,43,36,0.49473279507881585,0.023350067259486674
Astro,2.0,SDAN_7,Spectra_35,2000,2847,1481,43,36,0.49761630142252977,0.028530435263755087
Astro,2.0,SDAN_7,Spectra_36,2000,2847,1481,43,36,0.4953863898500577,0.03557108033817381
Astro,2.0,SDAN_7,Spectra_37,2000,2847,1481,43,36,0.4925797770088427,0.03084476088612393
Astro,2.0,SDAN_7,Spectra_38,2000,2847,1481,43,36,0.44896193771626297,0.023772176766350905
Astro,2.0,SDAN_7,Spectra_39,2000,2847,1481,43,36,0.5052287581699346,0.030019444402249226
Astro,2.0,SDAN_8,Spectra_0,2000,2847,1481,43,36,0.5849288735101884,0.032548491496038744
Astro,2.0,SDAN_8,Spectra_1,2000,2847,1481,43,36,0.5217800845828527,0.030057766308831474
Astro,2.0,SDAN_8,Spectra_2,2000,2847,1481,43,36,0.5907920030757401,0.030733132485735355
Astro,2.0,SDAN_8,Spectra_3,2000,2847,1481,43,36,0.4402153018069973,0.02269539683627466
Astro,2.0,SDAN_8,Spectra_4,2000,2847,1481,43,36,0.6461168781237985,0.05242943365754745
Astro,2.0,SDAN_8,Spectra_5,2000,2847,1481,43,36,0.469204152249135,0.025069573107308913
Astro,2.0,SDAN_8,Spectra_6,2000,2847,1481,43,36,0.572798923490965,0.033992266245021455
Astro,2.0,SDAN_8,Spectra_7,2000,2847,1481,43,36,0.5924644367550942,0.03671295294274374
Astro,2.0,SDAN_8,Spectra_8,2000,2847,1481,43,36,0.48250672818146867,0.026229685221995702
Astro,2.0,SDAN_8,Spectra_9,2000,2847,1481,43,36,0.5691080353710112,0.033707895792763204
Astro,2.0,SDAN_8,Spectra_10,2000,2847,1481,43,36,0.5186082276047674,0.026735801858913177
Astro,2.0,SDAN_8,Spectra_11,2000,2847,1481,43,36,0.584313725490196,0.0289746034616781
Astro,2.0,SDAN_8,Spectra_12,2000,2847,1481,43,36,0.48769703960015376,0.023340419733680538
Astro,2.0,SDAN_8,Spectra_13,2000,2847,1481,43,36,0.4642252979623222,0.024217256935775772
Astro,2.0,SDAN_8,Spectra_14,2000,2847,1481,43,36,0.5175701653210304,0.028671176436356232
Astro,2.0,SDAN_8,Spectra_15,2000,2847,1481,43,36,0.4096885813148789,0.01920042309553393
Astro,2.0,SDAN_8,Spectra_16,2000,2847,1481,43,36,0.5496539792387543,0.030197229106319542
Astro,2.0,SDAN_8,Spectra_17,2000,2847,1481,43,36,0.5000768935024991,0.02371240111950184
Astro,2.0,SDAN_8,Spectra_18,2000,2847,1481,43,36,0.6451749327181853,0.032136943509845646
Astro,2.0,SDAN_8,Spectra_19,2000,2847,1481,43,36,0.5316993464052288,0.02811407309480185
Astro,2.0,SDAN_8,Spectra_20,2000,2847,1481,43,36,0.512322183775471,0.05069891518968699
Astro,2.0,SDAN_8,Spectra_21,2000,2847,1481,43,36,0.36272587466359096,0.01776964171753595
Astro,2.0,SDAN_8,Spectra_22,2000,2847,1481,43,36,0.5467128027681661,0.02575591158219131
Astro,2.0,SDAN_8,Spectra_23,2000,2847,1481,43,36,0.5439830834294502,0.03553619461487225
Astro,2.0,SDAN_8,Spectra_24,2000,2847,1481,43,36,0.4923106497500961,0.02276316667783364
Astro,2.0,SDAN_8,Spectra_25,2000,2847,1481,43,36,0.5556516724336794,0.027438521040554862
Astro,2.0,SDAN_8,Spectra_26,2000,2847,1481,43,36,0.5256439830834294,0.024514235888324187
Astro,2.0,SDAN_8,Spectra_27,2000,2847,1481,43,36,0.4494809688581315,0.021054962699220824
Astro,2.0,SDAN_8,Spectra_28,2000,2847,1481,43,36,0.35805459438677434,0.017760133415669302
Astro,2.0,SDAN_8,Spectra_29,2000,2847,1481,43,36,0.5280276816608996,0.026895014907298807
Astro,2.0,SDAN_8,Spectra_30,2000,2847,1481,43,36,0.5123798539023452,0.024091317072773885
Astro,2.0,SDAN_8,Spectra_31,2000,2847,1481,43,36,0.5232795078815841,0.023717429499512957
Astro,2.0,SDAN_8,Spectra_32,2000,2847,1481,43,36,0.6635332564398309,0.03770836063607366
Astro,2.0,SDAN_8,Spectra_33,2000,2847,1481,43,36,0.5536716647443292,0.02939369246555472
Astro,2.0,SDAN_8,Spectra_34,2000,2847,1481,43,36,0.5793540945790081,0.027526362320535458
Astro,2.0,SDAN_8,Spectra_35,2000,2847,1481,43,36,0.48427527873894655,0.022202951505257716
Astro,2.0,SDAN_8,Spectra_36,2000,2847,1481,43,36,0.5504421376393696,0.0266102509726299
Astro,2.0,SDAN_8,Spectra_37,2000,2847,1481,43,36,0.5545943867743175,0.029507414685811112
Astro,2.0,SDAN_8,Spectra_38,2000,2847,1481,43,36,0.5346981930026913,0.029347880226704356
Astro,2.0,SDAN_8,Spectra_39,2000,2847,1481,43,36,0.548635140330642,0.02664155304326589
Astro,2.0,SDAN_9,Spectra_0,2000,2847,1481,43,37,0.6090813805495245,0.033677010016783214
Astro,2.0,SDAN_9,Spectra_1,2000,2847,1481,43,37,0.6318035487010556,0.0345268487958691
Astro,2.0,SDAN_9,Spectra_2,2000,2847,1481,43,37,0.6419480422250505,0.033726144217525345
Astro,2.0,SDAN_9,Spectra_3,2000,2847,1481,43,37,0.5507224676199746,0.026348208557512257
Astro,2.0,SDAN_9,Spectra_4,2000,2847,1481,43,37,0.7697087669386838,0.09329420657813578
Astro,2.0,SDAN_9,Spectra_5,2000,2847,1481,43,37,0.6680579471438197,0.03761418606621991
Astro,2.0,SDAN_9,Spectra_6,2000,2847,1481,43,37,0.567960619899678,0.027822817907363566
Astro,2.0,SDAN_9,Spectra_7,2000,2847,1481,43,37,0.7356629482668264,0.05987533377195093
Astro,2.0,SDAN_9,Spectra_8,2000,2847,1481,43,37,0.6105225724339298,0.035044132899644004
Astro,2.0,SDAN_9,Spectra_9,2000,2847,1481,43,37,0.6029048439020739,0.03163854917339193
Astro,2.0,SDAN_9,Spectra_10,2000,2847,1481,43,37,0.6163809238601483,0.035211116931448835
Astro,2.0,SDAN_9,Spectra_11,2000,2847,1481,43,37,0.6602343340570487,0.039743699037960566
Astro,2.0,SDAN_9,Spectra_12,2000,2847,1481,43,37,0.41422100771131243,0.020063087626997503
Astro,2.0,SDAN_9,Spectra_13,2000,2847,1481,43,37,0.6413865388934641,0.04117926612480045
Astro,2.0,SDAN_9,Spectra_14,2000,2847,1481,43,37,0.6628546829377855,0.038279430229954094
Astro,2.0,SDAN_9,Spectra_15,2000,2847,1481,43,37,0.7371228569289511,0.05452160105233259
Astro,2.0,SDAN_9,Spectra_16,2000,2847,1481,43,37,0.5017968106610766,0.024104766330275723
Astro,2.0,SDAN_9,Spectra_17,2000,2847,1481,43,37,0.6486486486486487,0.03488697640673137
Astro,2.0,SDAN_9,Spectra_18,2000,2847,1481,43,37,0.7642247510668564,0.05047665583032022
Astro,2.0,SDAN_9,Spectra_19,2000,2847,1481,43,37,0.5341394025604552,0.030608928384424704
Astro,2.0,SDAN_9,Spectra_20,2000,2847,1481,43,37,0.6425469791120761,0.04241981684494763
Astro,2.0,SDAN_9,Spectra_21,2000,2847,1481,43,37,0.523096503705922,0.024691007164950776
Astro,2.0,SDAN_9,Spectra_22,2000,2847,1481,43,37,0.6793254473309875,0.04171604943746114
Astro,2.0,SDAN_9,Spectra_23,2000,2847,1481,43,37,0.6548813356292581,0.03798983897401489
Astro,2.0,SDAN_9,Spectra_24,2000,2847,1481,43,37,0.7400613910309202,0.069878042752706
Astro,2.0,SDAN_9,Spectra_25,2000,2847,1481,43,37,0.6406191510069628,0.036869036459372576
Astro,2.0,SDAN_9,Spectra_26,2000,2847,1481,43,37,0.605749794115445,0.031531797098669136
Astro,2.0,SDAN_9,Spectra_27,2000,2847,1481,43,37,0.7287564572883133,0.049039359139321365
Astro,2.0,SDAN_9,Spectra_28,2000,2847,1481,43,37,0.3719023732874148,0.018554499303423393
Astro,2.0,SDAN_9,Spectra_29,2000,2847,1481,43,37,0.7215504978662873,0.07969367804056858
Astro,2.0,SDAN_9,Spectra_30,2000,2847,1481,43,37,0.5988994534700907,0.033920131264978
Astro,2.0,SDAN_9,Spectra_31,2000,2847,1481,43,37,0.6771168675600808,0.049818972366828904
Astro,2.0,SDAN_9,Spectra_32,2000,2847,1481,43,37,0.6571460657333233,0.04318538179155068
Astro,2.0,SDAN_9,Spectra_33,2000,2847,1481,43,37,0.5949314965935464,0.035109363673287555
Astro,2.0,SDAN_9,Spectra_34,2000,2847,1481,43,37,0.6659055177060718,0.04126240325079662
Astro,2.0,SDAN_9,Spectra_35,2000,2847,1481,43,37,0.5876319532829228,0.0325038569101201
Astro,2.0,SDAN_9,Spectra_36,2000,2847,1481,43,37,0.5893913303885603,0.040763616993413916
Astro,2.0,SDAN_9,Spectra_37,2000,2847,1481,43,37,0.6062925806693119,0.04898937399908362
Astro,2.0,SDAN_9,Spectra_38,2000,2847,1481,43,37,0.6040652841206858,0.04182685244502017
Astro,2.0,SDAN_9,Spectra_39,2000,2847,1481,43,37,0.6712585161338624,0.04536287054976965
Astro,2.0,SDAN_10,Spectra_0,2000,2847,1481,41,36,0.4965205690119185,0.02774236333299484
Astro,2.0,SDAN_10,Spectra_1,2000,2847,1481,41,36,0.5333910034602076,0.03606699123955462
Astro,2.0,SDAN_10,Spectra_2,2000,2847,1481,41,36,0.5662245290272971,0.031797006748889634
Astro,2.0,SDAN_10,Spectra_3,2000,2847,1481,41,36,0.46897347174163784,0.02188335302019414
Astro,2.0,SDAN_10,Spectra_4,2000,2847,1481,41,36,0.5857939254133026,0.08004174527048169
Astro,2.0,SDAN_10,Spectra_5,2000,2847,1481,41,36,0.5806228373702422,0.029493166771552164
Astro,2.0,SDAN_10,Spectra_6,2000,2847,1481,41,36,0.7849096501345636,0.07858999467312333
Astro,2.0,SDAN_10,Spectra_7,2000,2847,1481,41,36,0.5066320645905421,0.025928465838890996
Astro,2.0,SDAN_10,Spectra_8,2000,2847,1481,41,36,0.5380622837370242,0.03297069114094072
Astro,2.0,SDAN_10,Spectra_9,2000,2847,1481,41,36,0.5634755863129566,0.02868309949861882
Astro,2.0,SDAN_10,Spectra_10,2000,2847,1481,41,36,0.5486351403306421,0.052507832732412205
Astro,2.0,SDAN_10,Spectra_11,2000,2847,1481,41,36,0.5780853517877739,0.03017269047956568
Astro,2.0,SDAN_10,Spectra_12,2000,2847,1481,41,36,0.5178200692041522,0.024925078734259268
Astro,2.0,SDAN_10,Spectra_13,2000,2847,1481,41,36,0.5112072279892349,0.027693653554323842
Astro,2.0,SDAN_10,Spectra_14,2000,2847,1481,41,36,0.5699730872741253,0.028155513363104397
Astro,2.0,SDAN_10,Spectra_15,2000,2847,1481,41,36,0.4867358708189158,0.02240766252430501
Astro,2.0,SDAN_10,Spectra_16,2000,2847,1481,41,36,0.3875624759707805,0.018666604441775526
Astro,2.0,SDAN_10,Spectra_17,2000,2847,1481,41,36,0.779354094579008,0.30799750869549203
Astro,2.0,SDAN_10,Spectra_18,2000,2847,1481,41,36,0.647366397539408,0.053323614657434605
Astro,2.0,SDAN_10,Spectra_19,2000,2847,1481,41,36,0.4654940407535563,0.024149205476216587
Astro,2.0,SDAN_10,Spectra_20,2000,2847,1481,41,36,0.4597078046905036,0.02095731687487674
Astro,2.0,SDAN_10,Spectra_21,2000,2847,1481,41,36,0.3340638216070742,0.017048518909505476
Astro,2.0,SDAN_10,Spectra_22,2000,2847,1481,41,36,0.6268358323721646,0.03397682940693315
Astro,2.0,SDAN_10,Spectra_23,2000,2847,1481,41,36,0.4715301806997309,0.022334702855541868
Astro,2.0,SDAN_10,Spectra_24,2000,2847,1481,41,36,0.4237793156478278,0.020772733226445853
Astro,2.0,SDAN_10,Spectra_25,2000,2847,1481,41,36,0.5672818146866591,0.028756979992922975
Astro,2.0,SDAN_10,Spectra_26,2000,2847,1481,41,36,0.4750288350634371,0.021829103638432275
Astro,2.0,SDAN_10,Spectra_27,2000,2847,1481,41,36,0.5701460976547481,0.028161559583720314
Astro,2.0,SDAN_10,Spectra_28,2000,2847,1481,41,36,0.434717416378316,0.022653399897708808
Astro,2.0,SDAN_10,Spectra_29,2000,2847,1481,41,36,0.5428489042675894,0.033598891730953345
Astro,2.0,SDAN_10,Spectra_30,2000,2847,1481,41,36,0.7081122645136486,0.049476370007783634
Astro,2.0,SDAN_10,Spectra_31,2000,2847,1481,41,36,0.6894079200307575,0.04320402710736022
Astro,2.0,SDAN_10,Spectra_32,2000,2847,1481,41,36,0.6533833141099576,0.05152400724659759
Astro,2.0,SDAN_10,Spectra_33,2000,2847,1481,41,36,0.5060553633217992,0.024980077471612936
Astro,2.0,SDAN_10,Spectra_34,2000,2847,1481,41,36,0.732564398308343,0.04890131707123418
Astro,2.0,SDAN_10,Spectra_35,2000,2847,1481,41,36,0.6442329873125722,0.047993902329382165
Astro,2.0,SDAN_10,Spectra_36,2000,2847,1481,41,36,0.481122645136486,0.02349754827252834
Astro,2.0,SDAN_10,Spectra_37,2000,2847,1481,41,36,0.4399077277970011,0.021182496076693418
Astro,2.0,SDAN_10,Spectra_38,2000,2847,1481,41,36,0.5521722414455978,0.028098695700692896
Astro,2.0,SDAN_10,Spectra_39,2000,2847,1481,41,36,0.5876778162245291,0.045951039905212085
Astro,2.0,SDAN_11,Spectra_0,2000,2847,1481,45,27,0.7440266951958836,0.08708552254494024
Astro,2.0,SDAN_11,Spectra_1,2000,2847,1481,45,27,0.2849100820214988,0.012155946241471944
Astro,2.0,SDAN_11,Spectra_2,2000,2847,1481,45,27,0.3117071679657649,0.012468626885045403
Astro,2.0,SDAN_11,Spectra_3,2000,2847,1481,45,27,0.29092159559834935,0.012624866422418786
Astro,2.0,SDAN_11,Spectra_4,2000,2847,1481,45,27,0.2384991594069998,0.011310248366267948
Astro,2.0,SDAN_11,Spectra_5,2000,2847,1481,45,27,0.2621376534719039,0.011735741344008087
Astro,2.0,SDAN_11,Spectra_6,2000,2847,1481,45,27,0.23320087625452138,0.011316806899826897
Astro,2.0,SDAN_11,Spectra_7,2000,2847,1481,45,27,0.2878139487492995,0.012178214085906407
Astro,2.0,SDAN_11,Spectra_8,2000,2847,1481,45,27,0.36871465688522087,0.014779076656093626
Astro,2.0,SDAN_11,Spectra_9,2000,2847,1481,45,27,0.38702939528249014,0.015335744813367093
Astro,2.0,SDAN_11,Spectra_10,2000,2847,1481,45,27,0.276071119262316,0.011923022570122224
Astro,2.0,SDAN_11,Spectra_11,2000,2847,1481,45,27,0.2609659177747211,0.01169983372097033
Astro,2.0,SDAN_11,Spectra_12,2000,2847,1481,45,27,0.34606959091140654,0.013300517430327927
Astro,2.0,SDAN_11,Spectra_13,2000,2847,1481,45,27,0.28717713587039584,0.012104889302220178
Astro,2.0,SDAN_11,Spectra_14,2000,2847,1481,45,27,0.28088542462682764,0.012005352234486878
Astro,2.0,SDAN_11,Spectra_15,2000,2847,1481,45,27,0.21182943603851445,0.011051638326526312
Astro,2.0,SDAN_11,Spectra_16,2000,2847,1481,45,27,0.3775281471292475,0.014231650900045774
Astro,2.0,SDAN_11,Spectra_17,2000,2847,1481,45,27,0.22359773804065414,0.011252942642357136
Astro,2.0,SDAN_11,Spectra_18,2000,2847,1481,45,27,0.21109073309898618,0.011088952031255463
Astro,2.0,SDAN_11,Spectra_19,2000,2847,1481,45,27,0.3673136685516328,0.014140469996489106
Astro,2.0,SDAN_11,Spectra_20,2000,2847,1481,45,27,0.4809720311783585,0.028086161912031296
Astro,2.0,SDAN_11,Spectra_21,2000,2847,1481,45,27,0.5327321819756483,0.018496843660079886
Astro,2.0,SDAN_11,Spectra_22,2000,2847,1481,45,27,0.26725762901828926,0.011777650959045885
Astro,2.0,SDAN_11,Spectra_23,2000,2847,1481,45,27,0.2311376025268735,0.011548846525947837
Astro,2.0,SDAN_11,Spectra_24,2000,2847,1481,45,27,0.4547608130826838,0.01610197721855788
Astro,2.0,SDAN_11,Spectra_25,2000,2847,1481,45,27,0.17932650669927147,0.010873676129967308
Astro,2.0,SDAN_11,Spectra_26,2000,2847,1481,45,27,0.23686891843700647,0.01294493935403471
Astro,2.0,SDAN_11,Spectra_27,2000,2847,1481,45,27,0.17155738957664682,0.010693610270425697
Astro,2.0,SDAN_11,Spectra_28,2000,2847,1481,45,27,0.3321870701513067,0.01292078215528262
Astro,2.0,SDAN_11,Spectra_29,2000,2847,1481,45,27,0.32811146772632327,0.013250599597872545
Astro,2.0,SDAN_11,Spectra_30,2000,2847,1481,45,27,0.37808854246268275,0.01397745307296884
Astro,2.0,SDAN_11,Spectra_31,2000,2847,1481,45,27,0.25240715268225583,0.011869657656308997
Astro,2.0,SDAN_11,Spectra_32,2000,2847,1481,45,27,0.32041876814916703,0.01987042768187591
Astro,2.0,SDAN_11,Spectra_33,2000,2847,1481,45,27,0.41800397371236436,0.015193055291614913
Astro,2.0,SDAN_11,Spectra_34,2000,2847,1481,45,27,0.25999796219878746,0.01164574633373026
Astro,2.0,SDAN_11,Spectra_35,2000,2847,1481,45,27,0.3942126445565235,0.051144424224694035
Astro,2.0,SDAN_11,Spectra_36,2000,2847,1481,45,27,0.32599724896836313,0.012752791671654495
Astro,2.0,SDAN_11,Spectra_37,2000,2847,1481,45,27,0.4837485353303785,0.037250263467753425
Astro,2.0,SDAN_11,Spectra_38,2000,2847,1481,45,27,0.3801518161903306,0.01552630079537964
Astro,2.0,SDAN_11,Spectra_39,2000,2847,1481,45,27,0.3969891487085435,0.014586382658864246
Astro,2.0,SDAN_12,Spectra_0,2000,2847,1481,42,37,0.6267313019390581,0.04311425404656519
Astro,2.0,SDAN_12,Spectra_1,2000,2847,1481,42,37,0.6326645204761548,0.03616325750681805
Astro,2.0,SDAN_12,Spectra_2,2000,2847,1481,42,37,0.7078498165755783,0.05960534330938541
Astro,2.0,SDAN_12,Spectra_3,2000,2847,1481,42,37,0.6312046118140301,0.03619357799786026
Astro,2.0,SDAN_12,Spectra_4,2000,2847,1481,42,37,0.7079059669087369,0.05321359731764164
Astro,2.0,SDAN_12,Spectra_5,2000,2847,1481,42,37,0.6303249232612114,0.036365029144276376
Astro,2.0,SDAN_12,Spectra_6,2000,2847,1481,42,37,0.677397619225874,0.04169625552202398
Astro,2.0,SDAN_12,Spectra_7,2000,2847,1481,42,37,0.5653215542412219,0.029320576565083335
Astro,2.0,SDAN_12,Spectra_8,2000,2847,1481,42,37,0.6494721868683088,0.050026305612904935
Astro,2.0,SDAN_12,Spectra_9,2000,2847,1481,42,37,0.6440068877742009,0.03851666042486077
Astro,2.0,SDAN_12,Spectra_10,2000,2847,1481,42,37,0.5903271692745378,0.03236539744727868
Astro,2.0,SDAN_12,Spectra_11,2000,2847,1481,42,37,0.6479374110953059,0.04622156234950897
Astro,2.0,SDAN_12,Spectra_12,2000,2847,1481,42,37,0.6503705921988471,0.042560649539628126
Astro,2.0,SDAN_12,Spectra_13,2000,2847,1481,42,37,0.5777494946470016,0.036525019749789944
Astro,2.0,SDAN_12,Spectra_14,2000,2847,1481,42,37,0.663659504379726,0.037681080581380665
Astro,2.0,SDAN_12,Spectra_15,2000,2847,1481,42,37,0.6989406303810737,0.044178819586842416
Astro,2.0,SDAN_12,Spectra_16,2000,2847,1481,42,37,0.8034925507224676,0.18642421420656333
Astro,2.0,SDAN_12,Spectra_17,2000,2847,1481,42,37,0.7169461705472787,0.054259167033651336
Astro,2.0,SDAN_12,Spectra_18,2000,2847,1481,42,37,0.7795912255746049,0.05553628529054512
Astro,2.0,SDAN_12,Spectra_19,2000,2847,1481,42,37,0.6617503930523321,0.04072533405024126
Astro,2.0,SDAN_12,Spectra_20,2000,2847,1481,42,37,0.621191135734072,0.036106669627809854
Astro,2.0,SDAN_12,Spectra_21,2000,2847,1481,42,37,0.44706895260911883,0.021581631717006326
Astro,2.0,SDAN_12,Spectra_22,2000,2847,1481,42,37,0.7210638616455791,0.05706645208462569
Astro,2.0,SDAN_12,Spectra_23,2000,2847,1481,42,37,0.6458036984352774,0.036164284540441176
Astro,2.0,SDAN_12,Spectra_24,2000,2847,1481,42,37,0.6673279928127573,0.04936659073107329
Astro,2.0,SDAN_12,Spectra_25,2000,2847,1481,42,37,0.6457475481021187,0.04234023018889477
Astro,2.0,SDAN_12,Spectra_26,2000,2847,1481,42,37,0.5895597813880363,0.03196030500721045
Astro,2.0,SDAN_12,Spectra_27,2000,2847,1481,42,37,0.6210788350677547,0.03242191593315916
Astro,2.0,SDAN_12,Spectra_28,2000,2847,1481,42,37,0.5301152953507524,0.025855537836237643
Astro,2.0,SDAN_12,Spectra_29,2000,2847,1481,42,37,0.6400576476753762,0.03828171492959616
Astro,2.0,SDAN_12,Spectra_30,2000,2847,1481,42,37,0.61216964887325,0.03505658516223188
Astro,2.0,SDAN_12,Spectra_31,2000,2847,1481,42,37,0.6108969079883207,0.03140049229369089
Astro,2.0,SDAN_12,Spectra_32,2000,2847,1481,42,37,0.6809350902148685,0.03824444795716998
Astro,2.0,SDAN_12,Spectra_33,2000,2847,1481,42,37,0.5459496893014899,0.02986974129055366
Astro,2.0,SDAN_12,Spectra_34,2000,2847,1481,42,37,0.7327431309425769,0.05245918929105235
Astro,2.0,SDAN_12,Spectra_35,2000,2847,1481,42,37,0.6907239649621921,0.04688812060743904
Astro,2.0,SDAN_12,Spectra_36,2000,2847,1481,42,37,0.6324399191435204,0.06611719068261235
Astro,2.0,SDAN_12,Spectra_37,2000,2847,1481,42,37,0.5263906565845624,0.0280583347393576
Astro,2.0,SDAN_12,Spectra_38,2000,2847,1481,42,37,0.6633600359362132,0.04695926058999867
Astro,2.0,SDAN_12,Spectra_39,2000,2847,1481,42,37,0.6572396496219212,0.037842736904862694
Astro,2.0,SDAN_13,Spectra_0,2000,2847,1481,44,21,0.4101108936725375,0.011776447403352113
Astro,2.0,SDAN_13,Spectra_1,2000,2847,1481,44,21,0.41969993476842793,0.011800365360208573
Astro,2.0,SDAN_13,Spectra_2,2000,2847,1481,44,21,0.4058708414872798,0.011959356978113653
Astro,2.0,SDAN_13,Spectra_3,2000,2847,1481,44,21,0.6052511415525115,0.026615177225711866
Astro,2.0,SDAN_13,Spectra_4,2000,2847,1481,44,21,0.5048597521200261,0.014754937129393325
Astro,2.0,SDAN_13,Spectra_5,2000,2847,1481,44,21,0.43809523809523815,0.014359629569900782
Astro,2.0,SDAN_13,Spectra_6,2000,2847,1481,44,21,0.3886497064579256,0.011212330503986501
Astro,2.0,SDAN_13,Spectra_7,2000,2847,1481,44,21,0.3784409654272668,0.01166313569628388
Astro,2.0,SDAN_13,Spectra_8,2000,2847,1481,44,21,0.3819634703196347,0.011097766174069656
Astro,2.0,SDAN_13,Spectra_9,2000,2847,1481,44,21,0.4235159817351598,0.014324264180131585
Astro,2.0,SDAN_13,Spectra_10,2000,2847,1481,44,21,0.4300065231572081,0.012283307013064168
Astro,2.0,SDAN_13,Spectra_11,2000,2847,1481,44,21,0.2870515329419438,0.011374154583838218
Astro,2.0,SDAN_13,Spectra_12,2000,2847,1481,44,21,0.3650032615786041,0.010796844291867214
Astro,2.0,SDAN_13,Spectra_13,2000,2847,1481,44,21,0.47071102413568167,0.013462803274992979
Astro,2.0,SDAN_13,Spectra_14,2000,2847,1481,44,21,0.3749184605348989,0.012698557065403668
Astro,2.0,SDAN_13,Spectra_15,2000,2847,1481,44,21,0.64853228962818,0.0374960056994519
Astro,2.0,SDAN_13,Spectra_16,2000,2847,1481,44,21,0.4902478799739074,0.013993149129101374
Astro,2.0,SDAN_13,Spectra_17,2000,2847,1481,44,21,0.4007827788649706,0.012361403067068042
Astro,2.0,SDAN_13,Spectra_18,2000,2847,1481,44,21,0.2330071754729289,0.008939329574681514
Astro,2.0,SDAN_13,Spectra_19,2000,2847,1481,44,21,0.35192433137638623,0.01099729792848191
Astro,2.0,SDAN_13,Spectra_20,2000,2847,1481,44,21,0.4682974559686888,0.013298436688793137
Astro,2.0,SDAN_13,Spectra_21,2000,2847,1481,44,21,0.7972276581865623,0.12436735774866003
Astro,2.0,SDAN_13,Spectra_22,2000,2847,1481,44,21,0.4249510763209393,0.01189626455088702
Astro,2.0,SDAN_13,Spectra_23,2000,2847,1481,44,21,0.6186888454011741,0.026593745831127343
Astro,2.0,SDAN_13,Spectra_24,2000,2847,1481,44,21,0.5677756033920418,0.021251736537658862
Astro,2.0,SDAN_13,Spectra_25,2000,2847,1481,44,21,0.6119373776908024,0.03944140094819702
Astro,2.0,SDAN_13,Spectra_26,2000,2847,1481,44,21,0.7111545988258317,0.04687882538935323
Astro,2.0,SDAN_13,Spectra_27,2000,2847,1481,44,21,0.648238747553816,0.027236511632879462
Astro,2.0,SDAN_13,Spectra_28,2000,2847,1481,44,21,0.7142530984996738,0.03188397457693334
Astro,2.0,SDAN_13,Spectra_29,2000,2847,1481,44,21,0.4971624266144814,0.014772846411602336
Astro,2.0,SDAN_13,Spectra_30,2000,2847,1481,44,21,0.4297455968688846,0.01182999033164845
Astro,2.0,SDAN_13,Spectra_31,2000,2847,1481,44,21,0.2917482061317678,0.010081997924183551
Astro,2.0,SDAN_13,Spectra_32,2000,2847,1481,44,21,0.21516634050880626,0.009870028838045995
Astro,2.0,SDAN_13,Spectra_33,2000,2847,1481,44,21,0.40169602087410305,0.01144021532138395
Astro,2.0,SDAN_13,Spectra_34,2000,2847,1481,44,21,0.2438682322243966,0.009014851824411961
Astro,2.0,SDAN_13,Spectra_35,2000,2847,1481,44,21,0.3239399869536856,0.010156251125671586
Astro,2.0,SDAN_13,Spectra_36,2000,2847,1481,44,21,0.4004566210045662,0.011729182524087814
Astro,2.0,SDAN_13,Spectra_37,2000,2847,1481,44,21,0.3516960208741031,0.010555704733268131
Astro,2.0,SDAN_13,Spectra_38,2000,2847,1481,44,21,0.43346379647749506,0.012337979027616828
Astro,2.0,SDAN_13,Spectra_39,2000,2847,1481,44,21,0.34259621656881933,0.010329581755190158
Astro,2.0,SDAN_14,Spectra_0,2000,2847,1481,41,37,0.5481021187392379,0.029244725468543523
Astro,2.0,SDAN_14,Spectra_1,2000,2847,1481,41,37,0.6242232537246388,0.08477695406074814
Astro,2.0,SDAN_14,Spectra_2,2000,2847,1481,41,37,0.5792094033091263,0.03273747893930434
Astro,2.0,SDAN_14,Spectra_3,2000,2847,1481,41,37,0.5453881859699035,0.030431255133718818
Astro,2.0,SDAN_14,Spectra_4,2000,2847,1481,41,37,0.701280227596017,0.04375244091134951
Astro,2.0,SDAN_14,Spectra_5,2000,2847,1481,41,37,0.6890394549674328,0.05472963998515791
Astro,2.0,SDAN_14,Spectra_6,2000,2847,1481,41,37,0.5909448229392829,0.028953306273160576
Astro,2.0,SDAN_14,Spectra_7,2000,2847,1481,41,37,0.5993860896907989,0.0367521638923554
Astro,2.0,SDAN_14,Spectra_8,2000,2847,1481,41,37,0.5351501085573108,0.031782311317303136
Astro,2.0,SDAN_14,Spectra_9,2000,2847,1481,41,37,0.5357490454443363,0.025424018199613554
Astro,2.0,SDAN_14,Spectra_10,2000,2847,1481,41,37,0.6598038481694991,0.061700102255282996
Astro,2.0,SDAN_14,Spectra_11,2000,2847,1481,41,37,0.5731638841057124,0.0300661733794702
Astro,2.0,SDAN_14,Spectra_12,2000,2847,1481,41,37,0.48942502058845555,0.026661533862387125
Astro,2.0,SDAN_14,Spectra_13,2000,2847,1481,41,37,0.6173167627461257,0.03959028035879158
Astro,2.0,SDAN_14,Spectra_14,2000,2847,1481,41,37,0.6541700980759152,0.04162656003692286
Astro,2.0,SDAN_14,Spectra_15,2000,2847,1481,41,37,0.6558358912929549,0.03808199789298558
Astro,2.0,SDAN_14,Spectra_16,2000,2847,1481,41,37,0.5449015497491951,0.02731828515758248
Astro,2.0,SDAN_14,Spectra_17,2000,2847,1481,41,37,0.6595979636145841,0.047649362777730145
Astro,2.0,SDAN_14,Spectra_18,2000,2847,1481,41,37,0.6808227895485514,0.038491240048998225
Astro,2.0,SDAN_14,Spectra_19,2000,2847,1481,41,37,0.5709178707793666,0.03380511389991779
Astro,2.0,SDAN_14,Spectra_20,2000,2847,1481,41,37,0.7285505727333983,0.05326598700247209
Astro,2.0,SDAN_14,Spectra_21,2000,2847,1481,41,37,0.6157819869731227,0.03380272414264624
Astro,2.0,SDAN_14,Spectra_22,2000,2847,1481,41,37,0.6792318634423897,0.042556143559943006
Astro,2.0,SDAN_14,Spectra_23,2000,2847,1481,41,37,0.6379426517930673,0.03915947615503044
Astro,2.0,SDAN_14,Spectra_24,2000,2847,1481,41,37,0.6275174066032791,0.03809509636928583
Astro,2.0,SDAN_14,Spectra_25,2000,2847,1481,41,37,0.5758216665418882,0.02919993381041741
Astro,2.0,SDAN_14,Spectra_26,2000,2847,1481,41,37,0.6322527513663248,0.05570227050145217
Astro,2.0,SDAN_14,Spectra_27,2000,2847,1481,41,37,0.5765141873175115,0.029215827992095808
Astro,2.0,SDAN_14,Spectra_28,2000,2847,1481,41,37,0.4760238077412593,0.02310082250183389
Astro,2.0,SDAN_14,Spectra_29,2000,2847,1481,41,37,0.6724938234633525,0.052118977225751796
Astro,2.0,SDAN_14,Spectra_30,2000,2847,1481,41,37,0.5679419031219586,0.03494315174207246
Astro,2.0,SDAN_14,Spectra_31,2000,2847,1481,41,37,0.629632402485588,0.045190528807653285
Astro,2.0,SDAN_14,Spectra_32,2000,2847,1481,41,37,0.6340869955828405,0.04208550367180215
Astro,2.0,SDAN_14,Spectra_33,2000,2847,1481,41,37,0.5727521149958823,0.03444279118474708
Astro,2.0,SDAN_14,Spectra_34,2000,2847,1481,41,37,0.6393464101220334,0.04045086650542648
Astro,2.0,SDAN_14,Spectra_35,2000,2847,1481,41,37,0.6111027925432357,0.03923575448627736
Astro,2.0,SDAN_14,Spectra_36,2000,2847,1481,41,37,0.5883057572808266,0.061279959142480675
Astro,2.0,SDAN_14,Spectra_37,2000,2847,1481,41,37,0.5404282398742233,0.029697925977876943
Astro,2.0,SDAN_14,Spectra_38,2000,2847,1481,41,37,0.5297971101295201,0.034483439547060506
Astro,2.0,SDAN_14,Spectra_39,2000,2847,1481,41,37,0.5106498465224227,0.02976829815426252
Astro,2.0,SDAN_15,Spectra_0,2000,2847,1481,42,34,0.48837351111833815,0.023092557936605466
Astro,2.0,SDAN_15,Spectra_1,2000,2847,1481,42,34,0.6687060449611772,0.04455124404080837
Astro,2.0,SDAN_15,Spectra_2,2000,2847,1481,42,34,0.6288873531444368,0.032530806924614436
Astro,2.0,SDAN_15,Spectra_3,2000,2847,1481,42,34,0.6486036017724297,0.045115646180615684
Astro,2.0,SDAN_15,Spectra_4,2000,2847,1481,42,34,0.7870238627586488,0.13179505214627324
Astro,2.0,SDAN_15,Spectra_5,2000,2847,1481,42,34,0.6952111874466442,0.04015908587688996
Astro,2.0,SDAN_15,Spectra_6,2000,2847,1481,42,34,0.5544737590958982,0.023875076238815116
Astro,2.0,SDAN_15,Spectra_7,2000,2847,1481,42,34,0.6174844505874222,0.029536843171743512
Astro,2.0,SDAN_15,Spectra_8,2000,2847,1481,42,34,0.5754502215537217,0.031073407760082286
Astro,2.0,SDAN_15,Spectra_9,2000,2847,1481,42,34,0.5438025936013658,0.02390921727287107
Astro,2.0,SDAN_15,Spectra_10,2000,2847,1481,42,34,0.7007195414447741,0.08170964106093179
Astro,2.0,SDAN_15,Spectra_11,2000,2847,1481,42,34,0.6001869994715233,0.04104781021791375
Astro,2.0,SDAN_15,Spectra_12,2000,2847,1481,42,34,0.4552624090410179,0.021269747103141896
Astro,2.0,SDAN_15,Spectra_13,2000,2847,1481,42,34,0.6195577055977886,0.02963702429898553
Astro,2.0,SDAN_15,Spectra_14,2000,2847,1481,42,34,0.647018171470385,0.033550575106527286
Astro,2.0,SDAN_15,Spectra_15,2000,2847,1481,42,34,0.7143379812187488,0.04781113510206742
Astro,2.0,SDAN_15,Spectra_16,2000,2847,1481,42,34,0.5143298508069434,0.023025799567925526
Astro,2.0,SDAN_15,Spectra_17,2000,2847,1481,42,34,0.6194967275092483,0.02857940583796779
Astro,2.0,SDAN_15,Spectra_18,2000,2847,1481,42,34,0.629720720354486,0.03146353715840787
Astro,2.0,SDAN_15,Spectra_19,2000,2847,1481,42,34,0.5115655107931216,0.024788343118197734
Astro,2.0,SDAN_15,Spectra_20,2000,2847,1481,42,34,0.6123622911500468,0.036707706003658046
Astro,2.0,SDAN_15,Spectra_21,2000,2847,1481,42,34,0.5028049920728486,0.021502545987964826
Astro,2.0,SDAN_15,Spectra_22,2000,2847,1481,42,34,0.6514695719338184,0.03375634431056961
Astro,2.0,SDAN_15,Spectra_23,2000,2847,1481,42,34,0.683259482092768,0.05721049946515236
Astro,2.0,SDAN_15,Spectra_24,2000,2847,1481,42,34,0.6063864384731086,0.04670013869429322
Astro,2.0,SDAN_15,Spectra_25,2000,2847,1481,42,34,0.662669214195699,0.046929754805161
Astro,2.0,SDAN_15,Spectra_26,2000,2847,1481,42,34,0.7769421521200048,0.059319435712668796
Astro,2.0,SDAN_15,Spectra_27,2000,2847,1481,42,34,0.6014268872718403,0.03243287115953043
Astro,2.0,SDAN_15,Spectra_28,2000,2847,1481,42,34,0.5118500752063091,0.02299090552468902
Astro,2.0,SDAN_15,Spectra_29,2000,2847,1481,42,34,0.7106386438473108,0.04689437103438796
Astro,2.0,SDAN_15,Spectra_30,2000,2847,1481,42,34,0.489755681125249,0.025123034536169053
Astro,2.0,SDAN_15,Spectra_31,2000,2847,1481,42,34,0.567746656368145,0.0277832097998207
Astro,2.0,SDAN_15,Spectra_32,2000,2847,1481,42,34,0.5886214886784015,0.030449958457109086
Astro,2.0,SDAN_15,Spectra_33,2000,2847,1481,42,34,0.5690068701979756,0.037104262518769804
Astro,2.0,SDAN_15,Spectra_34,2000,2847,1481,42,34,0.560226025448189,0.025900534100913704
Astro,2.0,SDAN_15,Spectra_35,2000,2847,1481,42,34,0.43804626204317254,0.01950649346203873
Astro,2.0,SDAN_15,Spectra_36,2000,2847,1481,42,34,0.5441481361030936,0.030076710534551934
Astro,2.0,SDAN_15,Spectra_37,2000,2847,1481,42,34,0.528415789259726,0.025847956638432333
Astro,2.0,SDAN_15,Spectra_38,2000,2847,1481,42,34,0.5409569494694906,0.027200504275070484
Astro,2.0,SDAN_15,Spectra_39,2000,2847,1481,42,34,0.5752876133176146,0.03260408261508399
Astro,2.0,SDAN_16,Spectra_0,2000,2847,1481,45,34,0.5028659701613887,0.021884778941094432
Astro,2.0,SDAN_16,Spectra_1,2000,2847,1481,45,34,0.502784666043335,0.031121440904086868
Astro,2.0,SDAN_16,Spectra_2,2000,2847,1481,45,34,0.35436399853652584,0.017154505535623032
Astro,2.0,SDAN_16,Spectra_3,2000,2847,1481,45,34,0.7124679865035164,0.07002861708554654
Astro,2.0,SDAN_16,Spectra_4,2000,2847,1481,45,34,0.41337046221391116,0.022766712602805626
Astro,2.0,SDAN_16,Spectra_5,2000,2847,1481,45,34,0.4184926216512866,0.027068773879436285
Astro,2.0,SDAN_16,Spectra_6,2000,2847,1481,45,34,0.3476360827675921,0.016795050848726914
Astro,2.0,SDAN_16,Spectra_7,2000,2847,1481,45,34,0.2972478556038863,0.015275357808492075
Astro,2.0,SDAN_16,Spectra_8,2000,2847,1481,45,34,0.4830887434448555,0.02197151300367811
Astro,2.0,SDAN_16,Spectra_9,2000,2847,1481,45,34,0.4219277206390504,0.019280422356515288
Astro,2.0,SDAN_16,Spectra_10,2000,2847,1481,45,34,0.45881946420586206,0.020385888141160425
Astro,2.0,SDAN_16,Spectra_11,2000,2847,1481,45,34,0.39278019431684214,0.018611989302221826
Astro,2.0,SDAN_16,Spectra_12,2000,2847,1481,45,34,0.40611406967762914,0.018855428177592642
Astro,2.0,SDAN_16,Spectra_13,2000,2847,1481,45,34,0.46377901540713035,0.020762655835037044
Astro,2.0,SDAN_16,Spectra_14,2000,2847,1481,45,34,0.3799951217529168,0.018975349750983
Astro,2.0,SDAN_16,Spectra_15,2000,2847,1481,45,34,0.37865360380503277,0.018293315046741997
Astro,2.0,SDAN_16,Spectra_16,2000,2847,1481,45,34,0.49410545144111545,0.022367519530207297
Astro,2.0,SDAN_16,Spectra_17,2000,2847,1481,45,34,0.33623318021057763,0.0168099336924748
Astro,2.0,SDAN_16,Spectra_18,2000,2847,1481,45,34,0.3105207528761332,0.015661340662231106
Astro,2.0,SDAN_16,Spectra_19,2000,2847,1481,45,34,0.45577055977885284,0.020977997295463943
Astro,2.0,SDAN_16,Spectra_20,2000,2847,1481,45,34,0.4073336314484328,0.01961603265438344
Astro,2.0,SDAN_16,Spectra_21,2000,2847,1481,45,34,0.6193137932436277,0.031092250144395008
Astro,2.0,SDAN_16,Spectra_22,2000,2847,1481,45,34,0.3922720435790073,0.017691297477551386
Astro,2.0,SDAN_16,Spectra_23,2000,2847,1481,45,34,0.5067075897394204,0.022983868180438814
Astro,2.0,SDAN_16,Spectra_24,2000,2847,1481,45,34,0.4384731086629538,0.01904745640702355
Astro,2.0,SDAN_16,Spectra_25,2000,2847,1481,45,34,0.3756860034960771,0.020897691281665777
Astro,2.0,SDAN_16,Spectra_26,2000,2847,1481,45,34,0.6359608114150982,0.0463051978036525
Astro,2.0,SDAN_16,Spectra_27,2000,2847,1481,45,34,0.35466888897922677,0.01677897448182456
Astro,2.0,SDAN_16,Spectra_28,2000,2847,1481,45,34,0.4817878775559982,0.021446960795842684
Astro,2.0,SDAN_16,Spectra_29,2000,2847,1481,45,34,0.44286353103784704,0.019648135863759138
Astro,2.0,SDAN_16,Spectra_30,2000,2847,1481,45,34,0.42580999227610883,0.019853305342993465
Astro,2.0,SDAN_16,Spectra_31,2000,2847,1481,45,34,0.44782308223911543,0.020830013391590727
Astro,2.0,SDAN_16,Spectra_32,2000,2847,1481,45,34,0.42426521403309075,0.030112779465311955
Astro,2.0,SDAN_16,Spectra_33,2000,2847,1481,45,34,0.5315866498638157,0.03487609265126252
Astro,2.0,SDAN_16,Spectra_34,2000,2847,1481,45,34,0.3958900768323916,0.018065883628445873
Astro,2.0,SDAN_16,Spectra_35,2000,2847,1481,45,34,0.33680230903695274,0.017902575308361694
Astro,2.0,SDAN_16,Spectra_36,2000,2847,1481,45,34,0.4438188544249766,0.020974780551818076
Astro,2.0,SDAN_16,Spectra_37,2000,2847,1481,45,34,0.5228667832025692,0.027829567084254842
Astro,2.0,SDAN_16,Spectra_38,2000,2847,1481,45,34,0.4401601691125655,0.025338130074826513
Astro,2.0,SDAN_16,Spectra_39,2000,2847,1481,45,34,0.4197121834220903,0.01991918455687837
Astro,2.0,SDAN_17,Spectra_0,2000,2847,1481,44,21,0.48447488584474885,0.013561921840138429
Astro,2.0,SDAN_17,Spectra_1,2000,2847,1481,44,21,0.6253098499673843,0.04268135136718321
Astro,2.0,SDAN_17,Spectra_2,2000,2847,1481,44,21,0.43277886497064577,0.012053793903808546
Astro,2.0,SDAN_17,Spectra_3,2000,2847,1481,44,21,0.5640574037834312,0.020748381652638738
Astro,2.0,SDAN_17,Spectra_4,2000,2847,1481,44,21,0.5178082191780823,0.015822130459735857
Astro,2.0,SDAN_17,Spectra_5,2000,2847,1481,44,21,0.5780495759947815,0.0376758409942427
Astro,2.0,SDAN_17,Spectra_6,2000,2847,1481,44,21,0.4808219178082192,0.01357721953784603
Astro,2.0,SDAN_17,Spectra_7,2000,2847,1481,44,21,0.5459882583170255,0.01572149451993156
Astro,2.0,SDAN_17,Spectra_8,2000,2847,1481,44,21,0.5289954337899543,0.01458261359852787
Astro,2.0,SDAN_17,Spectra_9,2000,2847,1481,44,21,0.5949771689497717,0.029776975236592798
Astro,2.0,SDAN_17,Spectra_10,2000,2847,1481,44,21,0.5612198303979127,0.01649806611986914
Astro,2.0,SDAN_17,Spectra_11,2000,2847,1481,44,21,0.4524787997390737,0.012900473101244146
Astro,2.0,SDAN_17,Spectra_12,2000,2847,1481,44,21,0.5613176777560338,0.01694092522659947
Astro,2.0,SDAN_17,Spectra_13,2000,2847,1481,44,21,0.529712981082844,0.015428677256728241
Astro,2.0,SDAN_17,Spectra_14,2000,2847,1481,44,21,0.4822896281800391,0.017004636281674784
Astro,2.0,SDAN_17,Spectra_15,2000,2847,1481,44,21,0.4863339856490541,0.014178047863183205
Astro,2.0,SDAN_17,Spectra_16,2000,2847,1481,44,21,0.4480756686236138,0.012441157406754763
Astro,2.0,SDAN_17,Spectra_17,2000,2847,1481,44,21,0.4344422700587084,0.012504802408761794
Astro,2.0,SDAN_17,Spectra_18,2000,2847,1481,44,21,0.27893020221787346,0.009579576864509783
Astro,2.0,SDAN_17,Spectra_19,2000,2847,1481,44,21,0.6716568819308544,0.021567396765456916
Astro,2.0,SDAN_17,Spectra_20,2000,2847,1481,44,21,0.6201891715590346,0.018701819511557603
Astro,2.0,SDAN_17,Spectra_21,2000,2847,1481,44,21,0.9323548597521201,0.18689760803710023
Astro,2.0,SDAN_17,Spectra_22,2000,2847,1481,44,21,0.44849967384213957,0.012256816838355488
Astro,2.0,SDAN_17,Spectra_23,2000,2847,1481,44,21,0.43887801696020873,0.012440808653239455
Astro,2.0,SDAN_17,Spectra_24,2000,2847,1481,44,21,0.5773646444879321,0.01678480244841366
Astro,2.0,SDAN_17,Spectra_25,2000,2847,1481,44,21,0.6108936725375081,0.01844768577057959
Astro,2.0,SDAN_17,Spectra_26,2000,2847,1481,44,21,0.7333659491193737,0.026887628346993788
Astro,2.0,SDAN_17,Spectra_27,2000,2847,1481,44,21,0.5121983039791259,0.014208695408336278
Astro,2.0,SDAN_17,Spectra_28,2000,2847,1481,44,21,0.7392694063926941,0.028499433976945193
Astro,2.0,SDAN_17,Spectra_29,2000,2847,1481,44,21,0.5291258969341162,0.014373581739836449
Astro,2.0,SDAN_17,Spectra_30,2000,2847,1481,44,21,0.5195042400521852,0.014813314810910878
Astro,2.0,SDAN_17,Spectra_31,2000,2847,1481,44,21,0.5029354207436398,0.014735141805924683
Astro,2.0,SDAN_17,Spectra_32,2000,2847,1481,44,21,0.33796477495107635,0.010228865011780271
Astro,2.0,SDAN_17,Spectra_33,2000,2847,1481,44,21,0.7029354207436399,0.02683564737543368
Astro,2.0,SDAN_17,Spectra_34,2000,2847,1481,44,21,0.3232876712328767,0.010042287768228169
Astro,2.0,SDAN_17,Spectra_35,2000,2847,1481,44,21,0.4956947162426615,0.014501084591085487
Astro,2.0,SDAN_17,Spectra_36,2000,2847,1481,44,21,0.5215264187866928,0.01433559184626057
Astro,2.0,SDAN_17,Spectra_37,2000,2847,1481,44,21,0.5912263535551207,0.0211026041612036
Astro,2.0,SDAN_17,Spectra_38,2000,2847,1481,44,21,0.5473255055446836,0.015955008473318114
Astro,2.0,SDAN_17,Spectra_39,2000,2847,1481,44,21,0.3539791258969341,0.010523572868595406
Astro,2.0,SDAN_18,Spectra_0,2000,2847,1481,45,31,0.6192436040044493,0.02824874928101653
Astro,2.0,SDAN_18,Spectra_1,2000,2847,1481,45,31,0.4478976640711902,0.019481817323879127
Astro,2.0,SDAN_18,Spectra_2,2000,2847,1481,45,31,0.3608898776418243,0.015690777532211913
Astro,2.0,SDAN_18,Spectra_3,2000,2847,1481,45,31,0.36209121245828696,0.015819624171537806
Astro,2.0,SDAN_18,Spectra_4,2000,2847,1481,45,31,0.7006451612903226,0.09240121519204925
Astro,2.0,SDAN_18,Spectra_5,2000,2847,1481,45,31,0.4140155728587319,0.018174119110605014
Astro,2.0,SDAN_18,Spectra_6,2000,2847,1481,45,31,0.2877641824249165,0.013872014757820622
Astro,2.0,SDAN_18,Spectra_7,2000,2847,1481,45,31,0.5255617352614015,0.032115494545148504
Astro,2.0,SDAN_18,Spectra_8,2000,2847,1481,45,31,0.5561512791991101,0.023445768049250144
Astro,2.0,SDAN_18,Spectra_9,2000,2847,1481,45,31,0.6100556173526139,0.028412333258454173
Astro,2.0,SDAN_18,Spectra_10,2000,2847,1481,45,31,0.4101890989988876,0.017106148739789048
Astro,2.0,SDAN_18,Spectra_11,2000,2847,1481,45,31,0.4960845383759733,0.022431572249544264
Astro,2.0,SDAN_18,Spectra_12,2000,2847,1481,45,31,0.40369299221357063,0.0170014573654979
Astro,2.0,SDAN_18,Spectra_13,2000,2847,1481,45,31,0.4969076751946608,0.0201161429520931
Astro,2.0,SDAN_18,Spectra_14,2000,2847,1481,45,31,0.4139265850945495,0.017036419858429942
Astro,2.0,SDAN_18,Spectra_15,2000,2847,1481,45,31,0.3528587319243604,0.015186099035627421
Astro,2.0,SDAN_18,Spectra_16,2000,2847,1481,45,31,0.4221802002224694,0.017018920650085378
Astro,2.0,SDAN_18,Spectra_17,2000,2847,1481,45,31,0.3731701890989989,0.01569909059260754
Astro,2.0,SDAN_18,Spectra_18,2000,2847,1481,45,31,0.2650723025583982,0.013475109286849082
Astro,2.0,SDAN_18,Spectra_19,2000,2847,1481,45,31,0.40789766407119016,0.01684685019307458
Astro,2.0,SDAN_18,Spectra_20,2000,2847,1481,45,31,0.47933259176863185,0.019881519338338188
Astro,2.0,SDAN_18,Spectra_21,2000,2847,1481,45,31,0.5117908787541712,0.020494211626193165
Astro,2.0,SDAN_18,Spectra_22,2000,2847,1481,45,31,0.3519688542825361,0.015237952176089462
Astro,2.0,SDAN_18,Spectra_23,2000,2847,1481,45,31,0.5192436040044494,0.022477820497987355
Astro,2.0,SDAN_18,Spectra_24,2000,2847,1481,45,31,0.682091212458287,0.03490685324818203
Astro,2.0,SDAN_18,Spectra_25,2000,2847,1481,45,31,0.4455617352614015,0.026140956249057913
Astro,2.0,SDAN_18,Spectra_26,2000,2847,1481,45,31,0.6867630700778643,0.09899829188665685
Astro,2.0,SDAN_18,Spectra_27,2000,2847,1481,45,31,0.4035150166852058,0.02046295438974924
Astro,2.0,SDAN_18,Spectra_28,2000,2847,1481,45,31,0.35259176863181313,0.01518448431199216
Astro,2.0,SDAN_18,Spectra_29,2000,2847,1481,45,31,0.49541713014460514,0.01974432365562156
Astro,2.0,SDAN_18,Spectra_30,2000,2847,1481,45,31,0.40642936596218016,0.016697998512584897
Astro,2.0,SDAN_18,Spectra_31,2000,2847,1481,45,31,0.4268075639599555,0.01988284921863065
Astro,2.0,SDAN_18,Spectra_32,2000,2847,1481,45,31,0.2887652947719689,0.015138579623598665
Astro,2.0,SDAN_18,Spectra_33,2000,2847,1481,45,31,0.43739710789766406,0.018608750322094525
Astro,2.0,SDAN_18,Spectra_34,2000,2847,1481,45,31,0.2541935483870968,0.013256277176150294
Astro,2.0,SDAN_18,Spectra_35,2000,2847,1481,45,31,0.3312791991101224,0.014888958199782164
Astro,2.0,SDAN_18,Spectra_36,2000,2847,1481,45,31,0.47619577308120137,0.01991077939125107
Astro,2.0,SDAN_18,Spectra_37,2000,2847,1481,45,31,0.5483203559510567,0.024554901140657746
Astro,2.0,SDAN_18,Spectra_38,2000,2847,1481,45,31,0.4846718576195773,0.019846708649990143
Astro,2.0,SDAN_18,Spectra_39,2000,2847,1481,45,31,0.5132146829810901,0.020740398631697826
Astro,2.0,SDAN_19,Spectra_0,2000,2847,1481,44,33,0.25816172777498747,0.014214202473328105
Astro,2.0,SDAN_19,Spectra_1,2000,2847,1481,44,33,0.3722584965678888,0.01668147941580711
Astro,2.0,SDAN_19,Spectra_2,2000,2847,1481,44,33,0.34511551983927674,0.021049310718613885
Astro,2.0,SDAN_19,Spectra_3,2000,2847,1481,44,33,0.38992131257324625,0.018695179562596528
Astro,2.0,SDAN_19,Spectra_4,2000,2847,1481,44,33,0.41369496065628664,0.018436440469808826
Astro,2.0,SDAN_19,Spectra_5,2000,2847,1481,44,33,0.3805457893855684,0.017046191535925487
Astro,2.0,SDAN_19,Spectra_6,2000,2847,1481,44,33,0.3412648585300519,0.015951856350555203
Astro,2.0,SDAN_19,Spectra_7,2000,2847,1481,44,33,0.7058011049723757,0.11343002439767796
Astro,2.0,SDAN_19,Spectra_8,2000,2847,1481,44,33,0.3607902226686757,0.01702172717411181
Astro,2.0,SDAN_19,Spectra_9,2000,2847,1481,44,33,0.39088397790055246,0.01733533817220023
Astro,2.0,SDAN_19,Spectra_10,2000,2847,1481,44,33,0.3577975891511803,0.019452419683504973
Astro,2.0,SDAN_19,Spectra_11,2000,2847,1481,44,33,0.5494935543278086,0.024394703519438732
Astro,2.0,SDAN_19,Spectra_12,2000,2847,1481,44,33,0.469655114682739,0.024227509749484746
Astro,2.0,SDAN_19,Spectra_13,2000,2847,1481,44,33,0.4410472124560523,0.023315561598951123
Astro,2.0,SDAN_19,Spectra_14,2000,2847,1481,44,33,0.3710028461409677,0.0172487988210957
Astro,2.0,SDAN_19,Spectra_15,2000,2847,1481,44,33,0.5931901891846644,0.05687062609753411
Astro,2.0,SDAN_19,Spectra_16,2000,2847,1481,44,33,0.41614347898878284,0.018865531574885828
Astro,2.0,SDAN_19,Spectra_17,2000,2847,1481,44,33,0.3823455549974887,0.01698644850402614
Astro,2.0,SDAN_19,Spectra_18,2000,2847,1481,44,33,0.21563703331659134,0.01361848732612944
Astro,2.0,SDAN_19,Spectra_19,2000,2847,1481,44,33,0.3462874602377365,0.016071019648202452
Astro,2.0,SDAN_19,Spectra_20,2000,2847,1481,44,33,0.3162983425414365,0.016877287237610054
Astro,2.0,SDAN_19,Spectra_21,2000,2847,1481,44,33,0.46628578603716725,0.020035269205871592
Astro,2.0,SDAN_19,Spectra_22,2000,2847,1481,44,33,0.26998576929516155,0.014401653883092997
Astro,2.0,SDAN_19,Spectra_23,2000,2847,1481,44,33,0.4598401138456388,0.0221330501342407
Astro,2.0,SDAN_19,Spectra_24,2000,2847,1481,44,33,0.48610413527540597,0.02332587153806448
Astro,2.0,SDAN_19,Spectra_25,2000,2847,1481,44,33,0.4677297840281266,0.03894073513098431
Astro,2.0,SDAN_19,Spectra_26,2000,2847,1481,44,33,0.39496484178804625,0.017982953340979647
Astro,2.0,SDAN_19,Spectra_27,2000,2847,1481,44,33,0.6115226854177129,0.0654468808439568
Astro,2.0,SDAN_19,Spectra_28,2000,2847,1481,44,33,0.4410472124560523,0.020679292292714223
Astro,2.0,SDAN_19,Spectra_29,2000,2847,1481,44,33,0.48099782353926,0.020946299459108808
Astro,2.0,SDAN_19,Spectra_30,2000,2847,1481,44,33,0.32238824711200403,0.019567779111876703
Astro,2.0,SDAN_19,Spectra_31,2000,2847,1481,44,33,0.304871923656454,0.01598018781668752
Astro,2.0,SDAN_19,Spectra_32,2000,2847,1481,44,33,0.23173028628829737,0.016165892910314932
Astro,2.0,SDAN_19,Spectra_33,2000,2847,1481,44,33,0.4278838104804956,0.019723193976512222
Astro,2.0,SDAN_19,Spectra_34,2000,2847,1481,44,33,0.22637284446676714,0.013587423730824668
Astro,2.0,SDAN_19,Spectra_35,2000,2847,1481,44,33,0.4193663150845471,0.020069954398293934
Astro,2.0,SDAN_19,Spectra_36,2000,2847,1481,44,33,0.3962832747363134,0.019596934606787887
Astro,2.0,SDAN_19,Spectra_37,2000,2847,1481,44,33,0.4470115519839276,0.02649323332625693
Astro,2.0,SDAN_19,Spectra_38,2000,2847,1481,44,33,0.5169512807634356,0.023203660689784546
Astro,2.0,SDAN_19,Spectra_39,2000,2847,1481,44,33,0.38088062949941404,0.017200182790998747
Astro,2.0,SDAN_20,Spectra_0,2000,2847,1481,42,34,0.5203666815724215,0.033797826111263904
Astro,2.0,SDAN_20,Spectra_1,2000,2847,1481,42,34,0.4767266962071629,0.022491951213118172
Astro,2.0,SDAN_20,Spectra_2,2000,2847,1481,42,34,0.5649213382657832,0.02602228005725784
Astro,2.0,SDAN_20,Spectra_3,2000,2847,1481,42,34,0.3884710760600024,0.017591972977086343
Astro,2.0,SDAN_20,Spectra_4,2000,2847,1481,42,34,0.625858774746941,0.03686913077563844
Astro,2.0,SDAN_20,Spectra_5,2000,2847,1481,42,34,0.4596731574454246,0.020376524558905984
Astro,2.0,SDAN_20,Spectra_6,2000,2847,1481,42,34,0.4151998048701167,0.01888863543248902
Astro,2.0,SDAN_20,Spectra_7,2000,2847,1481,42,34,0.622565957965771,0.05721723143455061
Astro,2.0,SDAN_20,Spectra_8,2000,2847,1481,42,34,0.4783121265092077,0.0236333758979183
Astro,2.0,SDAN_20,Spectra_9,2000,2847,1481,42,34,0.476116915321761,0.026496644700898884
Astro,2.0,SDAN_20,Spectra_10,2000,2847,1481,42,34,0.487336883613155,0.025088168637908935
Astro,2.0,SDAN_20,Spectra_11,2000,2847,1481,42,34,0.5571771210211797,0.028328949115776502
Astro,2.0,SDAN_20,Spectra_12,2000,2847,1481,42,34,0.45837229155656734,0.022749133797595016
Astro,2.0,SDAN_20,Spectra_13,2000,2847,1481,42,34,0.5775031505345746,0.06567815397878576
Astro,2.0,SDAN_20,Spectra_14,2000,2847,1481,42,34,0.4610959795113622,0.020880895050992457
Astro,2.0,SDAN_20,Spectra_15,2000,2847,1481,42,34,0.4534533924143258,0.01961045591023536
Astro,2.0,SDAN_20,Spectra_16,2000,2847,1481,42,34,0.49044676612870447,0.02207062498208153
Astro,2.0,SDAN_20,Spectra_17,2000,2847,1481,42,34,0.4689011748445059,0.02054048245893337
Astro,2.0,SDAN_20,Spectra_18,2000,2847,1481,42,34,0.4802634253424936,0.0230255144560687
Astro,2.0,SDAN_20,Spectra_19,2000,2847,1481,42,34,0.5233952599699174,0.037644933840105615
Astro,2.0,SDAN_20,Spectra_20,2000,2847,1481,42,34,0.5343103378186105,0.025530799492165895
Astro,2.0,SDAN_20,Spectra_21,2000,2847,1481,42,34,0.4880686206756372,0.021291979429756663
Astro,2.0,SDAN_20,Spectra_22,2000,2847,1481,42,34,0.4961177283629416,0.02159975379541442
Astro,2.0,SDAN_20,Spectra_23,2000,2847,1481,42,34,0.46743770071954144,0.02099563232955017
Astro,2.0,SDAN_20,Spectra_24,2000,2847,1481,42,34,0.6295174600593519,0.030784666277623156
Astro,2.0,SDAN_20,Spectra_25,2000,2847,1481,42,34,0.5911215903085492,0.06200610695213043
Astro,2.0,SDAN_20,Spectra_26,2000,2847,1481,42,34,0.5788649945119719,0.03483135039400748
Astro,2.0,SDAN_20,Spectra_27,2000,2847,1481,42,34,0.5906744176592544,0.03196392295937362
Astro,2.0,SDAN_20,Spectra_28,2000,2847,1481,42,34,0.3870889060530916,0.017609274696000998
Astro,2.0,SDAN_20,Spectra_29,2000,2847,1481,42,34,0.6406967762917192,0.04131367248846274
Astro,2.0,SDAN_20,Spectra_30,2000,2847,1481,42,34,0.42113500548802796,0.019179452544606988
Astro,2.0,SDAN_20,Spectra_31,2000,2847,1481,42,34,0.4669702020407333,0.024043431935980096
Astro,2.0,SDAN_20,Spectra_32,2000,2847,1481,42,34,0.4967275092483434,0.02844461661824778
Astro,2.0,SDAN_20,Spectra_33,2000,2847,1481,42,34,0.4233708687345014,0.020093787426571898
Astro,2.0,SDAN_20,Spectra_34,2000,2847,1481,42,34,0.44847351518354406,0.020193429460834376
Astro,2.0,SDAN_20,Spectra_35,2000,2847,1481,42,34,0.42792389934550185,0.019158897571135106
Astro,2.0,SDAN_20,Spectra_36,2000,2847,1481,42,34,0.41393959104028616,0.020915850996099893
Astro,2.0,SDAN_20,Spectra_37,2000,2847,1481,42,34,0.46556770600430913,0.022126300688980218
Astro,2.0,SDAN_20,Spectra_38,2000,2847,1481,42,34,0.43725354689215007,0.019827560642673634
Astro,2.0,SDAN_20,Spectra_39,2000,2847,1481,42,34,0.42810683361112245,0.023674167144687022
Astro,2.0,SDAN_21,Spectra_0,2000,2847,1481,41,34,0.3839383714785154,0.017708815188260417
Astro,2.0,SDAN_21,Spectra_1,2000,2847,1481,41,34,0.6236635635594943,0.03210473162517667
Astro,2.0,SDAN_21,Spectra_2,2000,2847,1481,41,34,0.5716289280052034,0.03260120154340285
Astro,2.0,SDAN_21,Spectra_3,2000,2847,1481,41,34,0.6216512866376682,0.11418340563964906
Astro,2.0,SDAN_21,Spectra_4,2000,2847,1481,41,34,0.590857351924875,0.030100641893126764
Astro,2.0,SDAN_21,Spectra_5,2000,2847,1481,41,34,0.6357168990609374,0.03371824532495624
Astro,2.0,SDAN_21,Spectra_6,2000,2847,1481,41,34,0.6343144030245133,0.03450915612489241
Astro,2.0,SDAN_21,Spectra_7,2000,2847,1481,41,34,0.6073214358307248,0.0341829268534915
Astro,2.0,SDAN_21,Spectra_8,2000,2847,1481,41,34,0.5216675474612789,0.031628237522840885
Astro,2.0,SDAN_21,Spectra_9,2000,2847,1481,41,34,0.49640229277612913,0.03254593168124951
Astro,2.0,SDAN_21,Spectra_10,2000,2847,1481,41,34,0.5942517988536119,0.03898258035579527
Astro,2.0,SDAN_21,Spectra_11,2000,2847,1481,41,34,0.4734542054555063,0.021586570353069427
Astro,2.0,SDAN_21,Spectra_12,2000,2847,1481,41,34,0.5289239399975609,0.027682883910181977
Astro,2.0,SDAN_21,Spectra_13,2000,2847,1481,41,34,0.571039473149315,0.03007132390414956
Astro,2.0,SDAN_21,Spectra_14,2000,2847,1481,41,34,0.6016504735964876,0.028299769682068817
Astro,2.0,SDAN_21,Spectra_15,2000,2847,1481,41,34,0.7187690556526688,0.04356162757163352
Astro,2.0,SDAN_21,Spectra_16,2000,2847,1481,41,34,0.5996788487336884,0.031095411411890102
Astro,2.0,SDAN_21,Spectra_17,2000,2847,1481,41,34,0.6292532216756779,0.0367862532921831
Astro,2.0,SDAN_21,Spectra_18,2000,2847,1481,41,34,0.700861823651368,0.03659817141024733
Astro,2.0,SDAN_21,Spectra_19,2000,2847,1481,41,34,0.527175901459409,0.024891826591896885
Astro,2.0,SDAN_21,Spectra_20,2000,2847,1481,41,34,0.5632342778161714,0.027013021319092403
Astro,2.0,SDAN_21,Spectra_21,2000,2847,1481,41,34,0.6936664092036262,0.0409505476790339
Astro,2.0,SDAN_21,Spectra_22,2000,2847,1481,41,34,0.7636489288182446,0.05483995770938969
Astro,2.0,SDAN_21,Spectra_23,2000,2847,1481,41,34,0.6550876051872028,0.04060227105060836
Astro,2.0,SDAN_21,Spectra_24,2000,2847,1481,41,34,0.5885605105898614,0.029731916836588775
Astro,2.0,SDAN_21,Spectra_25,2000,2847,1481,41,34,0.7476929956502296,0.05853924939319109
Astro,2.0,SDAN_21,Spectra_26,2000,2847,1481,41,34,0.74338387739339,0.059897672726736406
Astro,2.0,SDAN_21,Spectra_27,2000,2847,1481,41,34,0.7711695597382007,0.08341458266777094
Astro,2.0,SDAN_21,Spectra_28,2000,2847,1481,41,34,0.6613480222773284,0.038124204397681834
Astro,2.0,SDAN_21,Spectra_29,2000,2847,1481,41,34,0.582523679824383,0.026123981451631154
Astro,2.0,SDAN_21,Spectra_30,2000,2847,1481,41,34,0.591162242367576,0.08779120754343492
Astro,2.0,SDAN_21,Spectra_31,2000,2847,1481,41,34,0.5820765071750884,0.028460350594315696
Astro,2.0,SDAN_21,Spectra_32,2000,2847,1481,41,34,0.658136509614212,0.03585778001239243
Astro,2.0,SDAN_21,Spectra_33,2000,2847,1481,41,34,0.5325419732509452,0.02753602511877718
Astro,2.0,SDAN_21,Spectra_34,2000,2847,1481,41,34,0.6581568356437253,0.03368796106408535
Astro,2.0,SDAN_21,Spectra_35,2000,2847,1481,41,34,0.6111427293792431,0.03267293381179294
Astro,2.0,SDAN_21,Spectra_36,2000,2847,1481,41,34,0.5167486483190373,0.028534047633775934
Astro,2.0,SDAN_21,Spectra_37,2000,2847,1481,41,34,0.5215455912841985,0.024404006610088125
Astro,2.0,SDAN_21,Spectra_38,2000,2847,1481,41,34,0.42942802552949305,0.02242351234546369
Astro,2.0,SDAN_21,Spectra_39,2000,2847,1481,41,34,0.5309971950079272,0.026687214904870186
Astro,2.0,SDAN_22,Spectra_0,2000,2847,1481,45,22,0.48644775375412797,0.014008041864614011
Astro,2.0,SDAN_22,Spectra_1,2000,2847,1481,45,22,0.45959249797495166,0.013855878958219891
Astro,2.0,SDAN_22,Spectra_2,2000,2847,1481,45,22,0.4800922175836501,0.01778989953066989
Astro,2.0,SDAN_22,Spectra_3,2000,2847,1481,45,22,0.6746837809209296,0.024077108035935296
Astro,2.0,SDAN_22,Spectra_4,2000,2847,1481,45,22,0.4025795999750763,0.011896492194104592
Astro,2.0,SDAN_22,Spectra_5,2000,2847,1481,45,22,0.4194653872515422,0.012248857169597714
Astro,2.0,SDAN_22,Spectra_6,2000,2847,1481,45,22,0.28497102623216397,0.01024326604196696
Astro,2.0,SDAN_22,Spectra_7,2000,2847,1481,45,22,0.41949654184061314,0.012593705752298793
Astro,2.0,SDAN_22,Spectra_8,2000,2847,1481,45,22,0.4427378652875569,0.013739514844410678
Astro,2.0,SDAN_22,Spectra_9,2000,2847,1481,45,22,0.40052339709639234,0.014540168665596265
Astro,2.0,SDAN_22,Spectra_10,2000,2847,1481,45,22,0.5056389806218455,0.015117362533762908
Astro,2.0,SDAN_22,Spectra_11,2000,2847,1481,45,22,0.8730762041248676,0.20437986539860079
Astro,2.0,SDAN_22,Spectra_12,2000,2847,1481,45,22,0.5469499657299519,0.018364295264364373
Astro,2.0,SDAN_22,Spectra_13,2000,2847,1481,45,22,0.3189918374976634,0.010408023027743364
Astro,2.0,SDAN_22,Spectra_14,2000,2847,1481,45,22,0.4869773817683345,0.01667992157191977
Astro,2.0,SDAN_22,Spectra_15,2000,2847,1481,45,22,0.28634182815128667,0.009920277457701297
Astro,2.0,SDAN_22,Spectra_16,2000,2847,1481,45,22,0.7205121814443267,0.0446526592327044
Astro,2.0,SDAN_22,Spectra_17,2000,2847,1481,45,22,0.35319957629758864,0.01095250237161259
Astro,2.0,SDAN_22,Spectra_18,2000,2847,1481,45,22,0.19272228799302138,0.009161175854052244
Astro,2.0,SDAN_22,Spectra_19,2000,2847,1481,45,22,0.466571125926849,0.022574457498133353
Astro,2.0,SDAN_22,Spectra_20,2000,2847,1481,45,22,0.14412112904230792,0.008540762081042952
Astro,2.0,SDAN_22,Spectra_21,2000,2847,1481,45,22,0.4077201071717864,0.01217848446574251
Astro,2.0,SDAN_22,Spectra_22,2000,2847,1481,45,22,0.14767275219639853,0.008598582791223736
Astro,2.0,SDAN_22,Spectra_23,2000,2847,1481,45,22,0.26749330176334973,0.009709779950092132
Astro,2.0,SDAN_22,Spectra_24,2000,2847,1481,45,22,0.34260701601345883,0.01074157354542959
Astro,2.0,SDAN_22,Spectra_25,2000,2847,1481,45,22,0.14402766527509503,0.008606578376318627
Astro,2.0,SDAN_22,Spectra_26,2000,2847,1481,45,22,0.3714250109041061,0.011318254713798473
Astro,2.0,SDAN_22,Spectra_27,2000,2847,1481,45,22,0.21153965979188732,0.009106631351973149
Astro,2.0,SDAN_22,Spectra_28,2000,2847,1481,45,22,0.3871269237958751,0.011673578354760227
Astro,2.0,SDAN_22,Spectra_29,2000,2847,1481,45,22,0.26683905539285935,0.009685215318408536
Astro,2.0,SDAN_22,Spectra_30,2000,2847,1481,45,22,0.2848152532868092,0.010317012452375226
Astro,2.0,SDAN_22,Spectra_31,2000,2847,1481,45,22,0.4032338463455667,0.011839085414553793
Astro,2.0,SDAN_22,Spectra_32,2000,2847,1481,45,22,0.2788958813633248,0.009976693688674787
Astro,2.0,SDAN_22,Spectra_33,2000,2847,1481,45,22,0.4585643965356097,0.014155402448749145
Astro,2.0,SDAN_22,Spectra_34,2000,2847,1481,45,22,0.24671319085301266,0.009666045869903914
Astro,2.0,SDAN_22,Spectra_35,2000,2847,1481,45,22,0.4121752134089351,0.014483772922008267
Astro,2.0,SDAN_22,Spectra_36,2000,2847,1481,45,22,0.5725278833572185,0.017010734533926375
Astro,2.0,SDAN_22,Spectra_37,2000,2847,1481,45,22,0.4087170540220575,0.014420647678384925
Astro,2.0,SDAN_22,Spectra_38,2000,2847,1481,45,22,0.5032089226743099,0.014483004094248297
Astro,2.0,SDAN_22,Spectra_39,2000,2847,1481,45,22,0.3425135522462459,0.010797677122054625
Astro,2.0,SDAN_23,Spectra_0,2000,2847,1481,44,26,0.2697594501718213,0.011494348419297118
Astro,2.0,SDAN_23,Spectra_1,2000,2847,1481,44,26,0.5564895585514142,0.029725660828716846
Astro,2.0,SDAN_23,Spectra_2,2000,2847,1481,44,26,0.5314565159925985,0.01959363139863767
Astro,2.0,SDAN_23,Spectra_3,2000,2847,1481,44,26,0.41205392545598735,0.014506723486748939
Astro,2.0,SDAN_23,Spectra_4,2000,2847,1481,44,26,0.3746761829236056,0.013236616294268234
Astro,2.0,SDAN_23,Spectra_5,2000,2847,1481,44,26,0.5967221781654771,0.04454789457228032
Astro,2.0,SDAN_23,Spectra_6,2000,2847,1481,44,26,0.5297647369812318,0.03388802308624344
Astro,2.0,SDAN_23,Spectra_7,2000,2847,1481,44,26,0.5858313507798044,0.026962959608389455
Astro,2.0,SDAN_23,Spectra_8,2000,2847,1481,44,26,0.4669838752312979,0.016352077360052536
Astro,2.0,SDAN_23,Spectra_9,2000,2847,1481,44,26,0.5614855934443563,0.02317906048879772
Astro,2.0,SDAN_23,Spectra_10,2000,2847,1481,44,26,0.468913560666138,0.01614108659679729
Astro,2.0,SDAN_23,Spectra_11,2000,2847,1481,44,26,0.4784298176050753,0.017284930994232887
Astro,2.0,SDAN_23,Spectra_12,2000,2847,1481,44,26,0.5639175257731959,0.02631249323907884
Astro,2.0,SDAN_23,Spectra_13,2000,2847,1481,44,26,0.5497753106000528,0.026917475821761256
Astro,2.0,SDAN_23,Spectra_14,2000,2847,1481,44,26,0.5499339148823685,0.02973334144779012
Astro,2.0,SDAN_23,Spectra_15,2000,2847,1481,44,26,0.5876024319323289,0.03121135762148098
Astro,2.0,SDAN_23,Spectra_16,2000,2847,1481,44,26,0.4021411578112609,0.014558036825324638
Astro,2.0,SDAN_23,Spectra_17,2000,2847,1481,44,26,0.4458102035421623,0.015231802640408472
Astro,2.0,SDAN_23,Spectra_18,2000,2847,1481,44,26,0.31319058947924927,0.012117404957323
Astro,2.0,SDAN_23,Spectra_19,2000,2847,1481,44,26,0.5602167591858312,0.027669274728585304
Astro,2.0,SDAN_23,Spectra_20,2000,2847,1481,44,26,0.5750991276764473,0.02321675051511447
Astro,2.0,SDAN_23,Spectra_21,2000,2847,1481,44,26,0.7877874702616972,0.06857576187455651
Astro,2.0,SDAN_23,Spectra_22,2000,2847,1481,44,26,0.38744382765001323,0.013703181836320869
Astro,2.0,SDAN_23,Spectra_23,2000,2847,1481,44,26,0.49738302934179224,0.023435406248052147
Astro,2.0,SDAN_23,Spectra_24,2000,2847,1481,44,26,0.527887919640497,0.021850142183862584
Astro,2.0,SDAN_23,Spectra_25,2000,2847,1481,44,26,0.579249273063706,0.021367383412373042
Astro,2.0,SDAN_23,Spectra_26,2000,2847,1481,44,26,0.4210943695479778,0.014264530565684688
Astro,2.0,SDAN_23,Spectra_27,2000,2847,1481,44,26,0.6248215701823949,0.029354691208670278
Astro,2.0,SDAN_23,Spectra_28,2000,2847,1481,44,26,0.7814961670631774,0.051759881173683915
Astro,2.0,SDAN_23,Spectra_29,2000,2847,1481,44,26,0.5402854877081681,0.024184290973282722
Astro,2.0,SDAN_23,Spectra_30,2000,2847,1481,44,26,0.43991541104943166,0.01526284075039799
Astro,2.0,SDAN_23,Spectra_31,2000,2847,1481,44,26,0.530822098863336,0.020514358438017966
Astro,2.0,SDAN_23,Spectra_32,2000,2847,1481,44,26,0.4140629130319852,0.015462895112057569
Astro,2.0,SDAN_23,Spectra_33,2000,2847,1481,44,26,0.6152260111022998,0.030138804218729665
Astro,2.0,SDAN_23,Spectra_34,2000,2847,1481,44,26,0.3268569918054455,0.012350390330138902
Astro,2.0,SDAN_23,Spectra_35,2000,2847,1481,44,26,0.5034364261168385,0.020649260540641697
Astro,2.0,SDAN_23,Spectra_36,2000,2847,1481,44,26,0.5226275442770287,0.023235583919829994
Astro,2.0,SDAN_23,Spectra_37,2000,2847,1481,44,26,0.6311393074279672,0.025003185125636845
Astro,2.0,SDAN_23,Spectra_38,2000,2847,1481,44,26,0.5135342320909331,0.018673607963052365
Astro,2.0,SDAN_23,Spectra_39,2000,2847,1481,44,26,0.48559344435633095,0.016573644756157888
Astro,2.0,SDAN_24,Spectra_0,2000,2847,1481,42,38,0.5513549987234198,0.026661235883256442
Astro,2.0,SDAN_24,Spectra_1,2000,2847,1481,42,38,0.6251230988073093,0.03625409885433788
Astro,2.0,SDAN_24,Spectra_2,2000,2847,1481,42,38,0.7137360032096873,0.06789723717830302
Astro,2.0,SDAN_24,Spectra_3,2000,2847,1481,42,38,0.6688915636284057,0.04281086055356591
Astro,2.0,SDAN_24,Spectra_4,2000,2847,1481,42,38,0.6292628661049714,0.03478542248999618
Astro,2.0,SDAN_24,Spectra_5,2000,2847,1481,42,38,0.6326549221286064,0.04120363150042161
Astro,2.0,SDAN_24,Spectra_6,2000,2847,1481,42,38,0.6849035270087902,0.04813518431802959
Astro,2.0,SDAN_24,Spectra_7,2000,2847,1481,42,38,0.4699091804354963,0.03563171007104039
Astro,2.0,SDAN_24,Spectra_8,2000,2847,1481,42,38,0.6254331254331255,0.04004958046046426
Astro,2.0,SDAN_24,Spectra_9,2000,2847,1481,42,38,0.7050005471058103,0.06485013717758215
Astro,2.0,SDAN_24,Spectra_10,2000,2847,1481,42,38,0.5613852719115877,0.030696181623789776
Astro,2.0,SDAN_24,Spectra_11,2000,2847,1481,42,38,0.6523324944377575,0.05240175544285167
Astro,2.0,SDAN_24,Spectra_12,2000,2847,1481,42,38,0.6917241127767443,0.04479611415950138
Astro,2.0,SDAN_24,Spectra_13,2000,2847,1481,42,38,0.6098223729802678,0.034929889366871886
Astro,2.0,SDAN_24,Spectra_14,2000,2847,1481,42,38,0.6650253492358755,0.05266129511792691
Astro,2.0,SDAN_24,Spectra_15,2000,2847,1481,42,38,0.6216945690629901,0.03270524071400023
Astro,2.0,SDAN_24,Spectra_16,2000,2847,1481,42,38,0.8934420250209723,0.30109904294680623
Astro,2.0,SDAN_24,Spectra_17,2000,2847,1481,42,38,0.6092570303096619,0.035074426301709836
Astro,2.0,SDAN_24,Spectra_18,2000,2847,1481,42,38,0.5078783236677973,0.024630657156490727
Astro,2.0,SDAN_24,Spectra_19,2000,2847,1481,42,38,0.668198562935405,0.03965420300576678
Astro,2.0,SDAN_24,Spectra_20,2000,2847,1481,42,38,0.4623044096728307,0.022468493758596445
Astro,2.0,SDAN_24,Spectra_21,2000,2847,1481,42,38,0.5007659481343691,0.0250095040791629
Astro,2.0,SDAN_24,Spectra_22,2000,2847,1481,42,38,0.5260422365685523,0.02642322111284537
Astro,2.0,SDAN_24,Spectra_23,2000,2847,1481,42,38,0.4963891016522596,0.024163093179523747
Astro,2.0,SDAN_24,Spectra_24,2000,2847,1481,42,38,0.5577926104241894,0.028157282388797653
Astro,2.0,SDAN_24,Spectra_25,2000,2847,1481,42,38,0.5182550972024655,0.025709689929448457
Astro,2.0,SDAN_24,Spectra_26,2000,2847,1481,42,38,0.5027902396323449,0.026830863346013322
Astro,2.0,SDAN_24,Spectra_27,2000,2847,1481,42,38,0.4090892511945143,0.020192895372406615
Astro,2.0,SDAN_24,Spectra_28,2000,2847,1481,42,38,0.5922785133311448,0.030394878546295197
Astro,2.0,SDAN_24,Spectra_29,2000,2847,1481,42,38,0.5644490644490644,0.02809231664657114
Astro,2.0,SDAN_24,Spectra_30,2000,2847,1481,42,38,0.6344421344421345,0.035535279289422336
Astro,2.0,SDAN_24,Spectra_31,2000,2847,1481,42,38,0.6235729656782288,0.04862771734846121
Astro,2.0,SDAN_24,Spectra_32,2000,2847,1481,42,38,0.5731845205529416,0.0292665701900551
Astro,2.0,SDAN_24,Spectra_33,2000,2847,1481,42,38,0.5321698216435058,0.026470549648909977
Astro,2.0,SDAN_24,Spectra_34,2000,2847,1481,42,38,0.5912390122916439,0.030485041950882998
Astro,2.0,SDAN_24,Spectra_35,2000,2847,1481,42,38,0.6842287631761316,0.04240934758438063
Astro,2.0,SDAN_24,Spectra_36,2000,2847,1481,42,38,0.7122405806616333,0.05047922728427609
Astro,2.0,SDAN_24,Spectra_37,2000,2847,1481,42,38,0.6266367582157055,0.03329270023564969
Astro,2.0,SDAN_24,Spectra_38,2000,2847,1481,42,38,0.6505088084035453,0.03951981553407404
Astro,2.0,SDAN_24,Spectra_39,2000,2847,1481,42,38,0.6387095597621913,0.033885554657279354
Astro,2.0,SDAN_25,Spectra_0,2000,2847,1481,45,27,0.7536298334097509,0.10500193254359673
Astro,2.0,SDAN_25,Spectra_1,2000,2847,1481,45,27,0.3771460594019053,0.015044928108858456
Astro,2.0,SDAN_25,Spectra_2,2000,2847,1481,45,27,0.315884660451373,0.012622995717842762
Astro,2.0,SDAN_25,Spectra_3,2000,2847,1481,45,27,0.5054765907585714,0.03366905208471932
Astro,2.0,SDAN_25,Spectra_4,2000,2847,1481,45,27,0.29698405420551227,0.012447858072730907
Astro,2.0,SDAN_25,Spectra_5,2000,2847,1481,45,27,0.3297926537266289,0.013088005880722987
Astro,2.0,SDAN_25,Spectra_6,2000,2847,1481,45,27,0.28330531356666155,0.012173659321068333
Astro,2.0,SDAN_25,Spectra_7,2000,2847,1481,45,27,0.3503744459727953,0.013684239727585031
Astro,2.0,SDAN_25,Spectra_8,2000,2847,1481,45,27,0.44171888532273673,0.017914156223347393
Astro,2.0,SDAN_25,Spectra_9,2000,2847,1481,45,27,0.44683886086912217,0.015748230693039815
Astro,2.0,SDAN_25,Spectra_10,2000,2847,1481,45,27,0.42483060777421155,0.015399046051219114
Astro,2.0,SDAN_25,Spectra_11,2000,2847,1481,45,27,0.24522390340822253,0.011575757645370685
Astro,2.0,SDAN_25,Spectra_12,2000,2847,1481,45,27,0.28845076162820316,0.0121036575906301
Astro,2.0,SDAN_25,Spectra_13,2000,2847,1481,45,27,0.3352437719700443,0.014129439461958578
Astro,2.0,SDAN_25,Spectra_14,2000,2847,1481,45,27,0.3485404248815528,0.013272454552976992
Astro,2.0,SDAN_25,Spectra_15,2000,2847,1481,45,27,0.2170258291303683,0.011085296173110843
Astro,2.0,SDAN_25,Spectra_16,2000,2847,1481,45,27,0.4348922512608895,0.01656281000837774
Astro,2.0,SDAN_25,Spectra_17,2000,2847,1481,45,27,0.3041163584492333,0.012571091169782575
Astro,2.0,SDAN_25,Spectra_18,2000,2847,1481,45,27,0.23289520607264763,0.011457445876377545
Astro,2.0,SDAN_25,Spectra_19,2000,2847,1481,45,27,0.41611900759080955,0.020471216150912713
Astro,2.0,SDAN_25,Spectra_20,2000,2847,1481,45,27,0.4260787610168628,0.05603632070518092
Astro,2.0,SDAN_25,Spectra_21,2000,2847,1481,45,27,0.30037189872127973,0.012575892528320878
Astro,2.0,SDAN_25,Spectra_22,2000,2847,1481,45,27,0.24496917825666106,0.01148816679462922
Astro,2.0,SDAN_25,Spectra_23,2000,2847,1481,45,27,0.41894645677314174,0.01636387223433456
Astro,2.0,SDAN_25,Spectra_24,2000,2847,1481,45,27,0.42630801365326815,0.014994144375975352
Astro,2.0,SDAN_25,Spectra_25,2000,2847,1481,45,27,0.3623974731264965,0.014862662723547256
Astro,2.0,SDAN_25,Spectra_26,2000,2847,1481,45,27,0.6063477507769117,0.06594969044297877
Astro,2.0,SDAN_25,Spectra_27,2000,2847,1481,45,27,0.18689184370064701,0.010917866739124966
Astro,2.0,SDAN_25,Spectra_28,2000,2847,1481,45,27,0.31354118905700745,0.012560766792475846
Astro,2.0,SDAN_25,Spectra_29,2000,2847,1481,45,27,0.39332110652605834,0.014351072917042783
Astro,2.0,SDAN_25,Spectra_30,2000,2847,1481,45,27,0.39566457792042387,0.02036320660532811
Astro,2.0,SDAN_25,Spectra_31,2000,2847,1481,45,27,0.3149167048754394,0.012847702999539246
Astro,2.0,SDAN_25,Spectra_32,2000,2847,1481,45,27,0.3094146416017117,0.0153262463322827
Astro,2.0,SDAN_25,Spectra_33,2000,2847,1481,45,27,0.4462529930205308,0.021474644705015672
Astro,2.0,SDAN_25,Spectra_34,2000,2847,1481,45,27,0.263742421926741,0.011779651984082512
Astro,2.0,SDAN_25,Spectra_35,2000,2847,1481,45,27,0.3812471343420449,0.015555968509370549
Astro,2.0,SDAN_25,Spectra_36,2000,2847,1481,45,27,0.4255183656834276,0.0170968905880474
Astro,2.0,SDAN_25,Spectra_37,2000,2847,1481,45,27,0.4958479800295481,0.019313126311854393
Astro,2.0,SDAN_25,Spectra_38,2000,2847,1481,45,27,0.4270976616231087,0.02914329999095606
Astro,2.0,SDAN_25,Spectra_39,2000,2847,1481,45,27,0.3845076162820317,0.014537827681849564
Astro,2.0,SDAN_26,Spectra_0,2000,2847,1481,45,25,0.5262087912087912,0.017465090278484516
Astro,2.0,SDAN_26,Spectra_1,2000,2847,1481,45,25,0.47118131868131863,0.017756081931122335
Astro,2.0,SDAN_26,Spectra_2,2000,2847,1481,45,25,0.340989010989011,0.012179525179890122
Astro,2.0,SDAN_26,Spectra_3,2000,2847,1481,45,25,0.6494505494505495,0.0699767207110954
Astro,2.0,SDAN_26,Spectra_4,2000,2847,1481,45,25,0.45296703296703295,0.015002828433847632
Astro,2.0,SDAN_26,Spectra_5,2000,2847,1481,45,25,0.4691483516483516,0.025587374814035203
Astro,2.0,SDAN_26,Spectra_6,2000,2847,1481,45,25,0.2826098901098901,0.011168386376597618
Astro,2.0,SDAN_26,Spectra_7,2000,2847,1481,45,25,0.3767857142857143,0.01284862580285036
Astro,2.0,SDAN_26,Spectra_8,2000,2847,1481,45,25,0.5035439560439561,0.016276134335009552
Astro,2.0,SDAN_26,Spectra_9,2000,2847,1481,45,25,0.5109615384615385,0.01887885271002717
Astro,2.0,SDAN_26,Spectra_10,2000,2847,1481,45,25,0.466456043956044,0.015213150359830094
Astro,2.0,SDAN_26,Spectra_11,2000,2847,1481,45,25,0.4159615384615385,0.013957249771867521
Astro,2.0,SDAN_26,Spectra_12,2000,2847,1481,45,25,0.543434065934066,0.019325086473910257
Astro,2.0,SDAN_26,Spectra_13,2000,2847,1481,45,25,0.4895604395604396,0.016630860999191754
Astro,2.0,SDAN_26,Spectra_14,2000,2847,1481,45,25,0.4225274725274725,0.013902894405631224
Astro,2.0,SDAN_26,Spectra_15,2000,2847,1481,45,25,0.30164835164835163,0.011490503295176164
Astro,2.0,SDAN_26,Spectra_16,2000,2847,1481,45,25,0.5003296703296702,0.015951347674001727
Astro,2.0,SDAN_26,Spectra_17,2000,2847,1481,45,25,0.30829670329670333,0.01155726020634722
Astro,2.0,SDAN_26,Spectra_18,2000,2847,1481,45,25,0.20423076923076922,0.010400198961111674
Astro,2.0,SDAN_26,Spectra_19,2000,2847,1481,45,25,0.4497527472527473,0.014970927610466226
Astro,2.0,SDAN_26,Spectra_20,2000,2847,1481,45,25,0.5370054945054945,0.019909490373583683
Astro,2.0,SDAN_26,Spectra_21,2000,2847,1481,45,25,0.8211263736263736,0.10041558805510485
Astro,2.0,SDAN_26,Spectra_22,2000,2847,1481,45,25,0.2838736263736264,0.011411089997892025
Astro,2.0,SDAN_26,Spectra_23,2000,2847,1481,45,25,0.43137362637362636,0.017029738703355266
Astro,2.0,SDAN_26,Spectra_24,2000,2847,1481,45,25,0.44499999999999995,0.01434482775049715
Astro,2.0,SDAN_26,Spectra_25,2000,2847,1481,45,25,0.389532967032967,0.013586189269393782
Astro,2.0,SDAN_26,Spectra_26,2000,2847,1481,45,25,0.5243131868131868,0.021174832435145022
Astro,2.0,SDAN_26,Spectra_27,2000,2847,1481,45,25,0.25892857142857145,0.011003719101048474
Astro,2.0,SDAN_26,Spectra_28,2000,2847,1481,45,25,0.5896703296703296,0.020426551757182804
Astro,2.0,SDAN_26,Spectra_29,2000,2847,1481,45,25,0.3968406593406594,0.013312108362126825
Astro,2.0,SDAN_26,Spectra_30,2000,2847,1481,45,25,0.3464835164835165,0.013050051821012376
Astro,2.0,SDAN_26,Spectra_31,2000,2847,1481,45,25,0.35104395604395605,0.012842921215755513
Astro,2.0,SDAN_26,Spectra_32,2000,2847,1481,45,25,0.25549450549450553,0.010876680654536246
Astro,2.0,SDAN_26,Spectra_33,2000,2847,1481,45,25,0.4412912087912088,0.01667591785466438
Astro,2.0,SDAN_26,Spectra_34,2000,2847,1481,45,25,0.20972527472527475,0.010390432396726101
Astro,2.0,SDAN_26,Spectra_35,2000,2847,1481,45,25,0.3533791208791209,0.013924161862172237
Astro,2.0,SDAN_26,Spectra_36,2000,2847,1481,45,25,0.44695054945054946,0.01465593684737022
Astro,2.0,SDAN_26,Spectra_37,2000,2847,1481,45,25,0.4832142857142857,0.015983136061879323
Astro,2.0,SDAN_26,Spectra_38,2000,2847,1481,45,25,0.45321428571428574,0.01476692077880645
Astro,2.0,SDAN_26,Spectra_39,2000,2847,1481,45,25,0.3262637362637362,0.011832322906490049
Astro,2.0,SDAN_27,Spectra_0,2000,2847,1481,45,29,0.5766600170988886,0.025503165736710375
Astro,2.0,SDAN_27,Spectra_1,2000,2847,1481,45,29,0.6846442481238719,0.034710971129686345
Astro,2.0,SDAN_27,Spectra_2,2000,2847,1481,45,29,0.6462904911180772,0.050671342643169366
Astro,2.0,SDAN_27,Spectra_3,2000,2847,1481,45,29,0.6578084924479909,0.03507619788552815
Astro,2.0,SDAN_27,Spectra_4,2000,2847,1481,45,29,0.6678778379405339,0.030706931604082215
Astro,2.0,SDAN_27,Spectra_5,2000,2847,1481,45,29,0.5829296095753776,0.02639114154452049
Astro,2.0,SDAN_27,Spectra_6,2000,2847,1481,45,29,0.39429562078464897,0.01540400476317054
Astro,2.0,SDAN_27,Spectra_7,2000,2847,1481,45,29,0.578583642063266,0.022655684488118367
Astro,2.0,SDAN_27,Spectra_8,2000,2847,1481,45,29,0.5992210506317089,0.027784481644506503
Astro,2.0,SDAN_27,Spectra_9,2000,2847,1481,45,29,0.5047021943573669,0.021375181054225048
Astro,2.0,SDAN_27,Spectra_10,2000,2847,1481,45,29,0.6081504702194357,0.02363410046205429
Astro,2.0,SDAN_27,Spectra_11,2000,2847,1481,45,29,0.7015768975016624,0.05169892269072844
Astro,2.0,SDAN_27,Spectra_12,2000,2847,1481,45,29,0.5911465754725943,0.023698075273624768
Astro,2.0,SDAN_27,Spectra_13,2000,2847,1481,45,29,0.5825733827301226,0.034379776074508955
Astro,2.0,SDAN_27,Spectra_14,2000,2847,1481,45,29,0.6331813432126913,0.04515129805818236
Astro,2.0,SDAN_27,Spectra_15,2000,2847,1481,45,29,0.42773344732592383,0.01606401880557351
Astro,2.0,SDAN_27,Spectra_16,2000,2847,1481,45,29,0.7374133181343212,0.04536540477973312
Astro,2.0,SDAN_27,Spectra_17,2000,2847,1481,45,29,0.5322741521801082,0.02128904121393223
Astro,2.0,SDAN_27,Spectra_18,2000,2847,1481,45,29,0.2537522561033533,0.012656974088488893
Astro,2.0,SDAN_27,Spectra_19,2000,2847,1481,45,29,0.6630094043887147,0.05052997405861361
Astro,2.0,SDAN_27,Spectra_20,2000,2847,1481,45,29,0.3429039612425192,0.014086729403161231
Astro,2.0,SDAN_27,Spectra_21,2000,2847,1481,45,29,0.5152227605205661,0.01925024279742625
Astro,2.0,SDAN_27,Spectra_22,2000,2847,1481,45,29,0.24532155409898354,0.012427204724618376
Astro,2.0,SDAN_27,Spectra_23,2000,2847,1481,45,29,0.43089199202051875,0.017008568773470657
Astro,2.0,SDAN_27,Spectra_24,2000,2847,1481,45,29,0.4626911750736201,0.017619169202350328
Astro,2.0,SDAN_27,Spectra_25,2000,2847,1481,45,29,0.35767550109242896,0.015009740593732068
Astro,2.0,SDAN_27,Spectra_26,2000,2847,1481,45,29,0.5433884297520661,0.02562807535034093
Astro,2.0,SDAN_27,Spectra_27,2000,2847,1481,45,29,0.31295715778474403,0.013466533179572842
Astro,2.0,SDAN_27,Spectra_28,2000,2847,1481,45,29,0.4743754155979861,0.018260208403460952
Astro,2.0,SDAN_27,Spectra_29,2000,2847,1481,45,29,0.4435974161679491,0.01671288522139438
Astro,2.0,SDAN_27,Spectra_30,2000,2847,1481,45,29,0.4889807162534435,0.024451154925925103
Astro,2.0,SDAN_27,Spectra_31,2000,2847,1481,45,29,0.5139878407903486,0.020235622283446265
Astro,2.0,SDAN_27,Spectra_32,2000,2847,1481,45,29,0.4025363351382161,0.01933382723743186
Astro,2.0,SDAN_27,Spectra_33,2000,2847,1481,45,29,0.5786311389759666,0.029180243517102404
Astro,2.0,SDAN_27,Spectra_34,2000,2847,1481,45,29,0.3275149615275007,0.013781933940707385
Astro,2.0,SDAN_27,Spectra_35,2000,2847,1481,45,29,0.4805737627054242,0.02523063314638183
Astro,2.0,SDAN_27,Spectra_36,2000,2847,1481,45,29,0.5969411988220766,0.03311127702340736
Astro,2.0,SDAN_27,Spectra_37,2000,2847,1481,45,29,0.5856606820556665,0.026041272444958317
Astro,2.0,SDAN_27,Spectra_38,2000,2847,1481,45,29,0.6326113802602831,0.032005507314567826
Astro,2.0,SDAN_27,Spectra_39,2000,2847,1481,45,29,0.48743706659067165,0.030920716299720277
Astro,2.0,SDAN_28,Spectra_0,2000,2847,1481,43,36,0.4944444444444444,0.02363636947781369
Astro,2.0,SDAN_28,Spectra_1,2000,2847,1481,43,36,0.6420222991157247,0.04140040528907689
Astro,2.0,SDAN_28,Spectra_2,2000,2847,1481,43,36,0.6094194540561322,0.031269474025797675
Astro,2.0,SDAN_28,Spectra_3,2000,2847,1481,43,36,0.6658977316416763,0.04072553607615359
Astro,2.0,SDAN_28,Spectra_4,2000,2847,1481,43,36,0.7375432525951557,0.05964457736092747
Astro,2.0,SDAN_28,Spectra_5,2000,2847,1481,43,36,0.6388504421376393,0.03325865262858737
Astro,2.0,SDAN_28,Spectra_6,2000,2847,1481,43,36,0.562648981161092,0.027037389203068085
Astro,2.0,SDAN_28,Spectra_7,2000,2847,1481,43,36,0.6771434063821606,0.04762147587139703
Astro,2.0,SDAN_28,Spectra_8,2000,2847,1481,43,36,0.5207420222991157,0.026907328537883413
Astro,2.0,SDAN_28,Spectra_9,2000,2847,1481,43,36,0.5950788158400615,0.029139498628305074
Astro,2.0,SDAN_28,Spectra_10,2000,2847,1481,43,36,0.5778738946559016,0.030740936520996836
Astro,2.0,SDAN_28,Spectra_11,2000,2847,1481,43,36,0.572798923490965,0.03284566688404092
Astro,2.0,SDAN_28,Spectra_12,2000,2847,1481,43,36,0.44803921568627453,0.02176145725696883
Astro,2.0,SDAN_28,Spectra_13,2000,2847,1481,43,36,0.5663398692810457,0.02907664549192141
Astro,2.0,SDAN_28,Spectra_14,2000,2847,1481,43,36,0.6917147251057285,0.04211681529450054
Astro,2.0,SDAN_28,Spectra_15,2000,2847,1481,43,36,0.7523644752018455,0.0881770618753888
Astro,2.0,SDAN_28,Spectra_16,2000,2847,1481,43,36,0.4941368704344482,0.02448103753612566
Astro,2.0,SDAN_28,Spectra_17,2000,2847,1481,43,36,0.6168396770472895,0.030740236215284406
Astro,2.0,SDAN_28,Spectra_18,2000,2847,1481,43,36,0.62079969242599,0.031127180682254216
Astro,2.0,SDAN_28,Spectra_19,2000,2847,1481,43,36,0.5196078431372549,0.02638840914731041
Astro,2.0,SDAN_28,Spectra_20,2000,2847,1481,43,36,0.7408112264513649,0.05698663574685726
Astro,2.0,SDAN_28,Spectra_21,2000,2847,1481,43,36,0.6565743944636678,0.03776957851502103
Astro,2.0,SDAN_28,Spectra_22,2000,2847,1481,43,36,0.5877547097270281,0.027792471383113783
Astro,2.0,SDAN_28,Spectra_23,2000,2847,1481,43,36,0.6718377547097271,0.03830254363437825
Astro,2.0,SDAN_28,Spectra_24,2000,2847,1481,43,36,0.7648596693579393,0.10288239531438229
Astro,2.0,SDAN_28,Spectra_25,2000,2847,1481,43,36,0.7672625913110342,0.07205805007430124
Astro,2.0,SDAN_28,Spectra_26,2000,2847,1481,43,36,0.7353133410226835,0.05546486224020501
Astro,2.0,SDAN_28,Spectra_27,2000,2847,1481,43,36,0.7411764705882353,0.0468992410442656
Astro,2.0,SDAN_28,Spectra_28,2000,2847,1481,43,36,0.5498846597462514,0.026167047544630707
Astro,2.0,SDAN_28,Spectra_29,2000,2847,1481,43,36,0.6147827758554402,0.030822282291337558
Astro,2.0,SDAN_28,Spectra_30,2000,2847,1481,43,36,0.5804113802383699,0.03824271051353095
Astro,2.0,SDAN_28,Spectra_31,2000,2847,1481,43,36,0.5216262975778547,0.026345829294009797
Astro,2.0,SDAN_28,Spectra_32,2000,2847,1481,43,36,0.5529411764705883,0.028366723983657433
Astro,2.0,SDAN_28,Spectra_33,2000,2847,1481,43,36,0.5891772395232603,0.03285135643078896
Astro,2.0,SDAN_28,Spectra_34,2000,2847,1481,43,36,0.5383121876201461,0.026865704566312584
Astro,2.0,SDAN_28,Spectra_35,2000,2847,1481,43,36,0.43433294886582086,0.020618217163913665
Astro,2.0,SDAN_28,Spectra_36,2000,2847,1481,43,36,0.5572856593617839,0.028481768991656286
Astro,2.0,SDAN_28,Spectra_37,2000,2847,1481,43,36,0.4714148404459823,0.025651812589724418
Astro,2.0,SDAN_28,Spectra_38,2000,2847,1481,43,36,0.5473279507881584,0.027134368576934652
Astro,2.0,SDAN_28,Spectra_39,2000,2847,1481,43,36,0.41937716262975777,0.02015097358848828
Astro,2.0,SDAN_29,Spectra_0,2000,2847,1481,43,33,0.43981248953624646,0.019192908000144837
Astro,2.0,SDAN_29,Spectra_1,2000,2847,1481,43,33,0.5182278586974719,0.027113854378087374
Astro,2.0,SDAN_29,Spectra_2,2000,2847,1481,43,33,0.4506110832077683,0.01963951648554749
Astro,2.0,SDAN_29,Spectra_3,2000,2847,1481,43,33,0.5559810815335677,0.02817811462441968
Astro,2.0,SDAN_29,Spectra_4,2000,2847,1481,43,33,0.4541687594173782,0.01988479166860907
Astro,2.0,SDAN_29,Spectra_5,2000,2847,1481,43,33,0.556587979239913,0.08014531738373631
Astro,2.0,SDAN_29,Spectra_6,2000,2847,1481,43,33,0.4378662313745187,0.020964713511081784
Astro,2.0,SDAN_29,Spectra_7,2000,2847,1481,43,33,0.45743345052737316,0.01948490860654379
Astro,2.0,SDAN_29,Spectra_8,2000,2847,1481,43,33,0.5288799598191863,0.02236601017438541
Astro,2.0,SDAN_29,Spectra_9,2000,2847,1481,43,33,0.5915787711367821,0.038089958915465745
Astro,2.0,SDAN_29,Spectra_10,2000,2847,1481,43,33,0.567637702996819,0.03046200101055238
Astro,2.0,SDAN_29,Spectra_11,2000,2847,1481,43,33,0.30702745688933536,0.015091832101224657
Astro,2.0,SDAN_29,Spectra_12,2000,2847,1481,43,33,0.5124100117194039,0.025119632670589295
Astro,2.0,SDAN_29,Spectra_13,2000,2847,1481,43,33,0.5708605390925833,0.02684913954975337
Astro,2.0,SDAN_29,Spectra_14,2000,2847,1481,43,33,0.48170935878118193,0.02380769806102647
Astro,2.0,SDAN_29,Spectra_15,2000,2847,1481,43,33,0.4638163401975557,0.02114108706413516
Astro,2.0,SDAN_29,Spectra_16,2000,2847,1481,43,33,0.5012347229198058,0.02219431906812159
Astro,2.0,SDAN_29,Spectra_17,2000,2847,1481,43,33,0.4732546459065796,0.022856783851452265
Astro,2.0,SDAN_29,Spectra_18,2000,2847,1481,43,33,0.3680311401305877,0.01652529145388142
Astro,2.0,SDAN_29,Spectra_19,2000,2847,1481,43,33,0.5304495228528378,0.033592654775874864
Astro,2.0,SDAN_29,Spectra_20,2000,2847,1481,43,33,0.6057257659467604,0.028090041533865906
Astro,2.0,SDAN_29,Spectra_21,2000,2847,1481,43,33,0.7928386070651264,0.14075812054745374
Astro,2.0,SDAN_29,Spectra_22,2000,2847,1481,43,33,0.43638037836932864,0.018471376196839237
Astro,2.0,SDAN_29,Spectra_23,2000,2847,1481,43,33,0.5151096601372844,0.024581910600881787
Astro,2.0,SDAN_29,Spectra_24,2000,2847,1481,43,33,0.4366105809475975,0.0185317977651347
Astro,2.0,SDAN_29,Spectra_25,2000,2847,1481,43,33,0.5111543612924829,0.02271379413855972
Astro,2.0,SDAN_29,Spectra_26,2000,2847,1481,43,33,0.45714046542775827,0.021051772246163194
Astro,2.0,SDAN_29,Spectra_27,2000,2847,1481,43,33,0.5190440314749707,0.023359819910502386
Astro,2.0,SDAN_29,Spectra_28,2000,2847,1481,43,33,0.5903859032312071,0.027776546120991424
Astro,2.0,SDAN_29,Spectra_29,2000,2847,1481,43,33,0.4928009375523188,0.020908156806426638
Astro,2.0,SDAN_29,Spectra_30,2000,2847,1481,43,33,0.5055457893855684,0.02151144133287547
Astro,2.0,SDAN_29,Spectra_31,2000,2847,1481,43,33,0.4775657123723422,0.03378554374932914
Astro,2.0,SDAN_29,Spectra_32,2000,2847,1481,43,33,0.4166038841453206,0.019672141436081036
Astro,2.0,SDAN_29,Spectra_33,2000,2847,1481,43,33,0.5883140800267873,0.02813813187364004
Astro,2.0,SDAN_29,Spectra_34,2000,2847,1481,43,33,0.4428888330822032,0.019400350840039604
Astro,2.0,SDAN_29,Spectra_35,2000,2847,1481,43,33,0.5359534572241754,0.026130588028506152
Astro,2.0,SDAN_29,Spectra_36,2000,2847,1481,43,33,0.5160723254645907,0.02725100173888469
Astro,2.0,SDAN_29,Spectra_37,2000,2847,1481,43,33,0.5029507785032648,0.02676063869631794
Astro,2.0,SDAN_29,Spectra_38,2000,2847,1481,43,33,0.5304913778670685,0.06866226918593887
Astro,2.0,SDAN_29,Spectra_39,2000,2847,1481,43,33,0.47727272727272724,0.03735763111891163
Astro,2.0,SDAN_30,Spectra_0,2000,2847,1481,42,35,0.6586247777119146,0.04731569896647541
Astro,2.0,SDAN_30,Spectra_1,2000,2847,1481,42,35,0.4551274451689389,0.02060003494926481
Astro,2.0,SDAN_30,Spectra_2,2000,2847,1481,42,35,0.48215767634854767,0.023984901440702706
Astro,2.0,SDAN_30,Spectra_3,2000,2847,1481,42,35,0.4791938352104327,0.02373776597477761
Astro,2.0,SDAN_30,Spectra_4,2000,2847,1481,42,35,0.37850227227820593,0.017969194867648672
Astro,2.0,SDAN_30,Spectra_5,2000,2847,1481,42,35,0.4008298755186722,0.01892657296234026
Astro,2.0,SDAN_30,Spectra_6,2000,2847,1481,42,35,0.6076862280181782,0.03823277325799255
Astro,2.0,SDAN_30,Spectra_7,2000,2847,1481,42,35,0.3488638608970559,0.01764361390500525
Astro,2.0,SDAN_30,Spectra_8,2000,2847,1481,42,35,0.5428373839162222,0.03168587165918696
Astro,2.0,SDAN_30,Spectra_9,2000,2847,1481,42,35,0.42120134360798267,0.02003231379438023
Astro,2.0,SDAN_30,Spectra_10,2000,2847,1481,42,35,0.4620035566093657,0.02671352783308846
Astro,2.0,SDAN_30,Spectra_11,2000,2847,1481,42,35,0.4560165975103734,0.02072746610782205
Astro,2.0,SDAN_30,Spectra_12,2000,2847,1481,42,35,0.46903773957715866,0.022811930696814958
Astro,2.0,SDAN_30,Spectra_13,2000,2847,1481,42,35,0.5005137324639399,0.02530333555383664
Astro,2.0,SDAN_30,Spectra_14,2000,2847,1481,42,35,0.43811499703615886,0.022705923852582095
Astro,2.0,SDAN_30,Spectra_15,2000,2847,1481,42,35,0.3817427385892116,0.01796556351648245
Astro,2.0,SDAN_30,Spectra_16,2000,2847,1481,42,35,0.3830863465718237,0.018152976048058315
Astro,2.0,SDAN_30,Spectra_17,2000,2847,1481,42,35,0.43517091483896464,0.019710273987438128
Astro,2.0,SDAN_30,Spectra_18,2000,2847,1481,42,35,0.5156095633274056,0.022884657550334274
Astro,2.0,SDAN_30,Spectra_19,2000,2847,1481,42,35,0.4830270697490614,0.022550472148260593
Astro,2.0,SDAN_30,Spectra_20,2000,2847,1481,42,35,0.48848053744319303,0.023732131002347744
Astro,2.0,SDAN_30,Spectra_21,2000,2847,1481,42,35,0.4013831258644537,0.018443966224002465
Astro,2.0,SDAN_30,Spectra_22,2000,2847,1481,42,35,0.47707962853191066,0.021853669699389316
Astro,2.0,SDAN_30,Spectra_23,2000,2847,1481,42,35,0.40069156293222685,0.018429248289715143
Astro,2.0,SDAN_30,Spectra_24,2000,2847,1481,42,35,0.41258644536652833,0.018932080972797444
Astro,2.0,SDAN_30,Spectra_25,2000,2847,1481,42,35,0.35532503457814657,0.017137218557200542
Astro,2.0,SDAN_30,Spectra_26,2000,2847,1481,42,35,0.35591780280576957,0.017251064508035752
Astro,2.0,SDAN_30,Spectra_27,2000,2847,1481,42,35,0.363762102351314,0.01739780603135434
Astro,2.0,SDAN_30,Spectra_28,2000,2847,1481,42,35,0.3565698478561549,0.017135656206274857
Astro,2.0,SDAN_30,Spectra_29,2000,2847,1481,42,35,0.39328196008693933,0.018843819384136068
Astro,2.0,SDAN_30,Spectra_30,2000,2847,1481,42,35,0.46301126259632486,0.028972331706637787
Astro,2.0,SDAN_30,Spectra_31,2000,2847,1481,42,35,0.5158861885002963,0.024273280495592273
Astro,2.0,SDAN_30,Spectra_32,2000,2847,1481,42,35,0.609741157873938,0.03655060813158063
Astro,2.0,SDAN_30,Spectra_33,2000,2847,1481,42,35,0.5149180003951789,0.03356906734323344
Astro,2.0,SDAN_30,Spectra_34,2000,2847,1481,42,35,0.5743133768030034,0.027136761665842495
Astro,2.0,SDAN_30,Spectra_35,2000,2847,1481,42,35,0.5128828294803398,0.026159781353199445
Astro,2.0,SDAN_30,Spectra_36,2000,2847,1481,42,35,0.40211420667852205,0.019930923680163123
Astro,2.0,SDAN_30,Spectra_37,2000,2847,1481,42,35,0.5026872159652243,0.025119183611173754
Astro,2.0,SDAN_30,Spectra_38,2000,2847,1481,42,35,0.4244418099189884,0.022836438471952013
Astro,2.0,SDAN_30,Spectra_39,2000,2847,1481,42,35,0.5039715471250741,0.0270004676115606
Astro,2.0,SDAN_31,Spectra_0,2000,2847,1481,43,36,0.33733179546328335,0.01817714871700692
Astro,2.0,SDAN_31,Spectra_1,2000,2847,1481,43,36,0.43846597462514414,0.02460838416058902
Astro,2.0,SDAN_31,Spectra_2,2000,2847,1481,43,36,0.43104575163398695,0.02313723541339549
Astro,2.0,SDAN_31,Spectra_3,2000,2847,1481,43,36,0.4183583237216455,0.020958790629021323
Astro,2.0,SDAN_31,Spectra_4,2000,2847,1481,43,36,0.35851595540176856,0.017674352310931667
Astro,2.0,SDAN_31,Spectra_5,2000,2847,1481,43,36,0.43910034602076126,0.020433883741700295
Astro,2.0,SDAN_31,Spectra_6,2000,2847,1481,43,36,0.5883890811226452,0.10587105244595182
Astro,2.0,SDAN_31,Spectra_7,2000,2847,1481,43,36,0.46643598615916954,0.026663871238198585
Astro,2.0,SDAN_31,Spectra_8,2000,2847,1481,43,36,0.366724336793541,0.01887967374764278
Astro,2.0,SDAN_31,Spectra_9,2000,2847,1481,43,36,0.33883121876201466,0.018519376612091094
Astro,2.0,SDAN_31,Spectra_10,2000,2847,1481,43,36,0.39905805459438676,0.020190551322976945
Astro,2.0,SDAN_31,Spectra_11,2000,2847,1481,43,36,0.5191272587466359,0.028277977430811868
Astro,2.0,SDAN_31,Spectra_12,2000,2847,1481,43,36,0.5519607843137254,0.05686594666812699
Astro,2.0,SDAN_31,Spectra_13,2000,2847,1481,43,36,0.34048442906574394,0.017729759821457358
Astro,2.0,SDAN_31,Spectra_14,2000,2847,1481,43,36,0.42652825836216834,0.033539350473523404
Astro,2.0,SDAN_31,Spectra_15,2000,2847,1481,43,36,0.5074394463667821,0.027754165692835453
Astro,2.0,SDAN_31,Spectra_16,2000,2847,1481,43,36,0.43114186851211067,0.02042130187840846
Astro,2.0,SDAN_31,Spectra_17,2000,2847,1481,43,36,0.48956170703575547,0.026989909348626058
Astro,2.0,SDAN_31,Spectra_18,2000,2847,1481,43,36,0.46545559400230685,0.022388739112397672
Astro,2.0,SDAN_31,Spectra_19,2000,2847,1481,43,36,0.45863129565551713,0.024343077305441902
Astro,2.0,SDAN_31,Spectra_20,2000,2847,1481,43,36,0.5068242983467897,0.02658405725561459
Astro,2.0,SDAN_31,Spectra_21,2000,2847,1481,43,36,0.47212610534409843,0.02403611603410942
Astro,2.0,SDAN_31,Spectra_22,2000,2847,1481,43,36,0.5609573241061131,0.026159611131851425
Astro,2.0,SDAN_31,Spectra_23,2000,2847,1481,43,36,0.5591118800461361,0.03333615667126773
Astro,2.0,SDAN_31,Spectra_24,2000,2847,1481,43,36,0.41074586697424065,0.01989143120839043
Astro,2.0,SDAN_31,Spectra_25,2000,2847,1481,43,36,0.551518646674356,0.028394713949649462
Astro,2.0,SDAN_31,Spectra_26,2000,2847,1481,43,36,0.4275470972702807,0.02014221318845107
Astro,2.0,SDAN_31,Spectra_27,2000,2847,1481,43,36,0.6473471741637831,0.047188601980272686
Astro,2.0,SDAN_31,Spectra_28,2000,2847,1481,43,36,0.7586312956555171,0.12081300766611247
Astro,2.0,SDAN_31,Spectra_29,2000,2847,1481,43,36,0.4970972702806613,0.025053868426158567
Astro,2.0,SDAN_31,Spectra_30,2000,2847,1481,43,36,0.47116493656286046,0.0218030923864094
Astro,2.0,SDAN_31,Spectra_31,2000,2847,1481,43,36,0.41995386389850065,0.019947084315178675
Astro,2.0,SDAN_31,Spectra_32,2000,2847,1481,43,36,0.5028258362168396,0.02378645721283146
Astro,2.0,SDAN_31,Spectra_33,2000,2847,1481,43,36,0.4354479046520569,0.023862961064022928
Astro,2.0,SDAN_31,Spectra_34,2000,2847,1481,43,36,0.5436370626682046,0.025736854788971225
Astro,2.0,SDAN_31,Spectra_35,2000,2847,1481,43,36,0.521280276816609,0.05995352745095249
Astro,2.0,SDAN_31,Spectra_36,2000,2847,1481,43,36,0.43662053056516725,0.02187511573190993
Astro,2.0,SDAN_31,Spectra_37,2000,2847,1481,43,36,0.4694732795078816,0.02226312703761362
Astro,2.0,SDAN_31,Spectra_38,2000,2847,1481,43,36,0.48525567089580934,0.024981745866745356
Astro,2.0,SDAN_31,Spectra_39,2000,2847,1481,43,36,0.5078431372549019,0.026091350897161605
Astro,2.0,SDAN_32,Spectra_0,2000,2847,1481,45,22,0.21141504143560344,0.009005277092276429
Astro,2.0,SDAN_32,Spectra_1,2000,2847,1481,45,22,0.22574615240824972,0.009240335913658443
Astro,2.0,SDAN_32,Spectra_2,2000,2847,1481,45,22,0.1705090659854197,0.008656807328663925
Astro,2.0,SDAN_32,Spectra_3,2000,2847,1481,45,22,0.31048663468128856,0.010357990608224364
Astro,2.0,SDAN_32,Spectra_4,2000,2847,1481,45,22,0.2262134712443143,0.009242909154396066
Astro,2.0,SDAN_32,Spectra_5,2000,2847,1481,45,22,0.23761605084428938,0.009297859661983354
Astro,2.0,SDAN_32,Spectra_6,2000,2847,1481,45,22,0.3153467505763599,0.011629432958879325
Astro,2.0,SDAN_32,Spectra_7,2000,2847,1481,45,22,0.33718611751510996,0.010815652188415813
Astro,2.0,SDAN_32,Spectra_8,2000,2847,1481,45,22,0.2680540843666272,0.009705541367097961
Astro,2.0,SDAN_32,Spectra_9,2000,2847,1481,45,22,0.20942114773506137,0.009109128350835844
Astro,2.0,SDAN_32,Spectra_10,2000,2847,1481,45,22,0.2811078571873637,0.0098335090217823
Astro,2.0,SDAN_32,Spectra_11,2000,2847,1481,45,22,0.2136893264377843,0.00910594626710327
Astro,2.0,SDAN_32,Spectra_12,2000,2847,1481,45,22,0.8293663156582964,0.0778369174038698
Astro,2.0,SDAN_32,Spectra_13,2000,2847,1481,45,22,0.2917627266496355,0.01006099426724604
Astro,2.0,SDAN_32,Spectra_14,2000,2847,1481,45,22,0.1953081188859119,0.00891161524778852
Astro,2.0,SDAN_32,Spectra_15,2000,2847,1481,45,22,0.23403327310112773,0.009243259313319444
Astro,2.0,SDAN_32,Spectra_16,2000,2847,1481,45,22,0.2848464078758801,0.010767269409869037
Astro,2.0,SDAN_32,Spectra_17,2000,2847,1481,45,22,0.1982054956695121,0.009353816410390275
Astro,2.0,SDAN_32,Spectra_18,2000,2847,1481,45,22,0.12885538039753253,0.00846784288761553
Astro,2.0,SDAN_32,Spectra_19,2000,2847,1481,45,22,0.3835129914636426,0.015576266542842958
Astro,2.0,SDAN_32,Spectra_20,2000,2847,1481,45,22,0.15754875693189604,0.008643345460405107
Astro,2.0,SDAN_32,Spectra_21,2000,2847,1481,45,22,0.24742974640164497,0.009570937074446305
Astro,2.0,SDAN_32,Spectra_22,2000,2847,1481,45,22,0.21895445199077826,0.009168324121078122
Astro,2.0,SDAN_32,Spectra_23,2000,2847,1481,45,22,0.3241323446943735,0.011713100935324525
Astro,2.0,SDAN_32,Spectra_24,2000,2847,1481,45,22,0.10390055455168545,0.008214490106942968
Astro,2.0,SDAN_32,Spectra_25,2000,2847,1481,45,22,0.24409620537105112,0.009397539536722534
Astro,2.0,SDAN_32,Spectra_26,2000,2847,1481,45,22,0.2026917564957318,0.008970307342539376
Astro,2.0,SDAN_32,Spectra_27,2000,2847,1481,45,22,0.2523833260639292,0.009835347935526487
Astro,2.0,SDAN_32,Spectra_28,2000,2847,1481,45,22,0.9755124929902175,0.4602913804702227
Astro,2.0,SDAN_32,Spectra_29,2000,2847,1481,45,22,0.2292354663841984,0.009219895080481804
Astro,2.0,SDAN_32,Spectra_30,2000,2847,1481,45,22,0.354913078696492,0.011231159370343162
Astro,2.0,SDAN_32,Spectra_31,2000,2847,1481,45,22,0.19428001744656986,0.009031632416411962
Astro,2.0,SDAN_32,Spectra_32,2000,2847,1481,45,22,0.15801607576796065,0.008872829011705786
Astro,2.0,SDAN_32,Spectra_33,2000,2847,1481,45,22,0.38672191413795254,0.011682524744412552
Astro,2.0,SDAN_32,Spectra_34,2000,2847,1481,45,22,0.19234843292416973,0.009034338428938575
Astro,2.0,SDAN_32,Spectra_35,2000,2847,1481,45,22,0.3602716680166988,0.011180043511691034
Astro,2.0,SDAN_32,Spectra_36,2000,2847,1481,45,22,0.40563274970403146,0.011917309520749392
Astro,2.0,SDAN_32,Spectra_37,2000,2847,1481,45,22,0.4491557106361767,0.01301559249470662
Astro,2.0,SDAN_32,Spectra_38,2000,2847,1481,45,22,0.41052402018817374,0.012038118993485851
Astro,2.0,SDAN_32,Spectra_39,2000,2847,1481,45,22,0.42124119882858746,0.01237585567344384
Astro,2.0,SDAN_33,Spectra_0,2000,2847,1481,42,31,0.506384872080089,0.02377254595523563
Astro,2.0,SDAN_33,Spectra_1,2000,2847,1481,42,31,0.63706340378198,0.030695277969941988
Astro,2.0,SDAN_33,Spectra_2,2000,2847,1481,42,31,0.6087208008898777,0.028488012749456823
Astro,2.0,SDAN_33,Spectra_3,2000,2847,1481,42,31,0.672258064516129,0.030944044912010787
Astro,2.0,SDAN_33,Spectra_4,2000,2847,1481,42,31,0.588075639599555,0.03083958456575534
Astro,2.0,SDAN_33,Spectra_5,2000,2847,1481,42,31,0.6569299221357063,0.03298571822789782
Astro,2.0,SDAN_33,Spectra_6,2000,2847,1481,42,31,0.6571301446051168,0.0680733880495964
Astro,2.0,SDAN_33,Spectra_7,2000,2847,1481,42,31,0.7405339265850945,0.06468857273009367
Astro,2.0,SDAN_33,Spectra_8,2000,2847,1481,42,31,0.5370189098998888,0.02350542332717868
Astro,2.0,SDAN_33,Spectra_9,2000,2847,1481,42,31,0.48080088987764186,0.02064501082003502
Astro,2.0,SDAN_33,Spectra_10,2000,2847,1481,42,31,0.7226696329254727,0.08128232883630711
Astro,2.0,SDAN_33,Spectra_11,2000,2847,1481,42,31,0.5614460511679644,0.025074682677699092
Astro,2.0,SDAN_33,Spectra_12,2000,2847,1481,42,31,0.45515016685205784,0.021752187133364017
Astro,2.0,SDAN_33,Spectra_13,2000,2847,1481,42,31,0.6212903225806452,0.028791872966934827
Astro,2.0,SDAN_33,Spectra_14,2000,2847,1481,42,31,0.6448053392658509,0.03126858088127631
Astro,2.0,SDAN_33,Spectra_15,2000,2847,1481,42,31,0.8278754171301446,0.14766454074832291
Astro,2.0,SDAN_33,Spectra_16,2000,2847,1481,42,31,0.5331924360400445,0.022884907694810858
Astro,2.0,SDAN_33,Spectra_17,2000,2847,1481,42,31,0.6717686318131257,0.0356848865666927
Astro,2.0,SDAN_33,Spectra_18,2000,2847,1481,42,31,0.6098553948832035,0.03310589661316374
Astro,2.0,SDAN_33,Spectra_19,2000,2847,1481,42,31,0.5253837597330367,0.023369919338814507
Astro,2.0,SDAN_33,Spectra_20,2000,2847,1481,42,31,0.7133926585094549,0.047270738187365886
Astro,2.0,SDAN_33,Spectra_21,2000,2847,1481,42,31,0.5680088987764182,0.023012908209012542
Astro,2.0,SDAN_33,Spectra_22,2000,2847,1481,42,31,0.513615127919911,0.020433611279613347
Astro,2.0,SDAN_33,Spectra_23,2000,2847,1481,42,31,0.71615127919911,0.04853537054889132
Astro,2.0,SDAN_33,Spectra_24,2000,2847,1481,42,31,0.724293659621802,0.06895724688341658
Astro,2.0,SDAN_33,Spectra_25,2000,2847,1481,42,31,0.7487875417130145,0.04583367298489409
Astro,2.0,SDAN_33,Spectra_26,2000,2847,1481,42,31,0.6393548387096775,0.027948342236723198
Astro,2.0,SDAN_33,Spectra_27,2000,2847,1481,42,31,0.7780422691879867,0.048442365307870223
Astro,2.0,SDAN_33,Spectra_28,2000,2847,1481,42,31,0.5865406006674082,0.02768084303491484
Astro,2.0,SDAN_33,Spectra_29,2000,2847,1481,42,31,0.8355283648498332,0.09207223890606392
Astro,2.0,SDAN_33,Spectra_30,2000,2847,1481,42,31,0.5838042269187987,0.031331813919301926
Astro,2.0,SDAN_33,Spectra_31,2000,2847,1481,42,31,0.5422024471635151,0.03130066831314769
Astro,2.0,SDAN_33,Spectra_32,2000,2847,1481,42,31,0.5714349276974415,0.030602967886023708
Astro,2.0,SDAN_33,Spectra_33,2000,2847,1481,42,31,0.5272747497219132,0.030512104450914825
Astro,2.0,SDAN_33,Spectra_34,2000,2847,1481,42,31,0.5052057842046719,0.024301265855360722
Astro,2.0,SDAN_33,Spectra_35,2000,2847,1481,42,31,0.5090989988876529,0.027849786252083467
Astro,2.0,SDAN_33,Spectra_36,2000,2847,1481,42,31,0.5830923248053392,0.03840895033676237
Astro,2.0,SDAN_33,Spectra_37,2000,2847,1481,42,31,0.5337486095661846,0.023600669054394292
Astro,2.0,SDAN_33,Spectra_38,2000,2847,1481,42,31,0.5159288097886541,0.025482589733410284
Astro,2.0,SDAN_33,Spectra_39,2000,2847,1481,42,31,0.5970411568409344,0.02907396682420227
Astro,2.0,SDAN_34,Spectra_0,2000,2847,1481,45,28,0.534165765411464,0.023772405146868236
Astro,2.0,SDAN_34,Spectra_1,2000,2847,1481,45,28,0.31887228394454825,0.013115364873409937
Astro,2.0,SDAN_34,Spectra_2,2000,2847,1481,45,28,0.38666306164585584,0.015326040897724907
Astro,2.0,SDAN_34,Spectra_3,2000,2847,1481,45,28,0.41043161930980243,0.01575759831233185
Astro,2.0,SDAN_34,Spectra_4,2000,2847,1481,45,28,0.3143987808475076,0.012983340911121778
Astro,2.0,SDAN_34,Spectra_5,2000,2847,1481,45,28,0.3875479303903254,0.021319394277694883
Astro,2.0,SDAN_34,Spectra_6,2000,2847,1481,45,28,0.25405564841215217,0.012304411774381251
Astro,2.0,SDAN_34,Spectra_7,2000,2847,1481,45,28,0.3042227902861076,0.012796716411239271
Astro,2.0,SDAN_34,Spectra_8,2000,2847,1481,45,28,0.5435797856651264,0.020478213793804295
Astro,2.0,SDAN_34,Spectra_9,2000,2847,1481,45,28,0.47878772982007667,0.022046486178464032
Astro,2.0,SDAN_34,Spectra_10,2000,2847,1481,45,28,0.32005210893717434,0.013300561472061153
Astro,2.0,SDAN_34,Spectra_11,2000,2847,1481,45,28,0.3064349621472815,0.012833031739427922
Astro,2.0,SDAN_34,Spectra_12,2000,2847,1481,45,28,0.5391062825680857,0.02038293875374446
Astro,2.0,SDAN_34,Spectra_13,2000,2847,1481,45,28,0.43085733949464167,0.017226527535149902
Astro,2.0,SDAN_34,Spectra_14,2000,2847,1481,45,28,0.36741716645364275,0.020255906379929044
Astro,2.0,SDAN_34,Spectra_15,2000,2847,1481,45,28,0.19853013469668662,0.011328797452621648
Astro,2.0,SDAN_34,Spectra_16,2000,2847,1481,45,28,0.446662078458362,0.016337412121434754
Astro,2.0,SDAN_34,Spectra_17,2000,2847,1481,45,28,0.27180218267623635,0.01226777699721658
Astro,2.0,SDAN_34,Spectra_18,2000,2847,1481,45,28,0.27632484514796973,0.01797494340220295
Astro,2.0,SDAN_34,Spectra_19,2000,2847,1481,45,28,0.46199980336250124,0.023186033039854673
Astro,2.0,SDAN_34,Spectra_20,2000,2847,1481,45,28,0.3524235571723528,0.013938870354550178
Astro,2.0,SDAN_34,Spectra_21,2000,2847,1481,45,28,0.4132828630419821,0.015265243397995832
Astro,2.0,SDAN_34,Spectra_22,2000,2847,1481,45,28,0.1545570740340183,0.010978948582756729
Astro,2.0,SDAN_34,Spectra_23,2000,2847,1481,45,28,0.3049356012191525,0.012862297006332615
Astro,2.0,SDAN_34,Spectra_24,2000,2847,1481,45,28,0.2871399075803756,0.01269786421318875
Astro,2.0,SDAN_34,Spectra_25,2000,2847,1481,45,28,0.15531904434175597,0.011011626310064663
Astro,2.0,SDAN_34,Spectra_26,2000,2847,1481,45,28,0.21487562678202732,0.01148922830465146
Astro,2.0,SDAN_34,Spectra_27,2000,2847,1481,45,28,0.1406695506833153,0.010806442208623562
Astro,2.0,SDAN_34,Spectra_28,2000,2847,1481,45,28,0.4261380395241372,0.015482375114683561
Astro,2.0,SDAN_34,Spectra_29,2000,2847,1481,45,28,0.426383836397601,0.015805111318499297
Astro,2.0,SDAN_34,Spectra_30,2000,2847,1481,45,28,0.4417461409890866,0.01984710066759254
Astro,2.0,SDAN_34,Spectra_31,2000,2847,1481,45,28,0.42360633172746043,0.016911443343868744
Astro,2.0,SDAN_34,Spectra_32,2000,2847,1481,45,28,0.3420017697374889,0.01610965973879261
Astro,2.0,SDAN_34,Spectra_33,2000,2847,1481,45,28,0.48205682823714485,0.06164472769931718
Astro,2.0,SDAN_34,Spectra_34,2000,2847,1481,45,28,0.28495231540654803,0.012571398648921449
Astro,2.0,SDAN_34,Spectra_35,2000,2847,1481,45,28,0.3935453741028414,0.017829871971098393
Astro,2.0,SDAN_34,Spectra_36,2000,2847,1481,45,28,0.45939435650378524,0.018109854741446236
Astro,2.0,SDAN_34,Spectra_37,2000,2847,1481,45,28,0.6083472618228296,0.029865553751062694
Astro,2.0,SDAN_34,Spectra_38,2000,2847,1481,45,28,0.5499705043751844,0.023647113019431388
Astro,2.0,SDAN_34,Spectra_39,2000,2847,1481,45,28,0.4228443614197228,0.017234866549757324
Astro,2.0,SDAN_35,Spectra_0,2000,2847,1481,44,29,0.39092333998290113,0.01559990126736632
Astro,2.0,SDAN_35,Spectra_1,2000,2847,1481,44,29,0.44369240999335047,0.02188864723282691
Astro,2.0,SDAN_35,Spectra_2,2000,2847,1481,44,29,0.4336705614135081,0.017448782945418316
Astro,2.0,SDAN_35,Spectra_3,2000,2847,1481,44,29,0.38987840790348627,0.015439866011669605
Astro,2.0,SDAN_35,Spectra_4,2000,2847,1481,44,29,0.4211076280041797,0.018437630965871754
Astro,2.0,SDAN_35,Spectra_5,2000,2847,1481,44,29,0.39161204521706094,0.01772283971862152
Astro,2.0,SDAN_35,Spectra_6,2000,2847,1481,44,29,0.31447705899116557,0.013501222239134896
Astro,2.0,SDAN_35,Spectra_7,2000,2847,1481,44,29,0.5138928469649473,0.025704066708512954
Astro,2.0,SDAN_35,Spectra_8,2000,2847,1481,44,29,0.4226275292106013,0.016525657374893213
Astro,2.0,SDAN_35,Spectra_9,2000,2847,1481,44,29,0.40928089674171175,0.021505676269369528
Astro,2.0,SDAN_35,Spectra_10,2000,2847,1481,44,29,0.44656597321174124,0.017595383439159187
Astro,2.0,SDAN_35,Spectra_11,2000,2847,1481,44,29,0.48594091384060034,0.024375888474485442
Astro,2.0,SDAN_35,Spectra_12,2000,2847,1481,44,29,0.4471359361641493,0.018137134500315344
Astro,2.0,SDAN_35,Spectra_13,2000,2847,1481,44,29,0.343307685000475,0.01929768318505254
Astro,2.0,SDAN_35,Spectra_14,2000,2847,1481,44,29,0.4567778094423863,0.03010107144416576
Astro,2.0,SDAN_35,Spectra_15,2000,2847,1481,44,29,0.45549539279946805,0.022845579620046748
Astro,2.0,SDAN_35,Spectra_16,2000,2847,1481,44,29,0.39101833380830253,0.015533326551543753
Astro,2.0,SDAN_35,Spectra_17,2000,2847,1481,44,29,0.3704284221525601,0.01502415327500126
Astro,2.0,SDAN_35,Spectra_18,2000,2847,1481,44,29,0.2387669801462905,0.012287212718311147
Astro,2.0,SDAN_35,Spectra_19,2000,2847,1481,44,29,0.44848959817611855,0.020344708676832243
Astro,2.0,SDAN_35,Spectra_20,2000,2847,1481,44,29,0.6111665241759285,0.027519792026256106
Astro,2.0,SDAN_35,Spectra_21,2000,2847,1481,44,29,0.6481191222570533,0.03614354011733008
Astro,2.0,SDAN_35,Spectra_22,2000,2847,1481,44,29,0.388168519046262,0.015066054293182196
Astro,2.0,SDAN_35,Spectra_23,2000,2847,1481,44,29,0.6010021848579843,0.03208972214831706
Astro,2.0,SDAN_35,Spectra_24,2000,2847,1481,44,29,0.6469316994395364,0.0474745259718157
Astro,2.0,SDAN_35,Spectra_25,2000,2847,1481,44,29,0.5979861309014914,0.04298934704732621
Astro,2.0,SDAN_35,Spectra_26,2000,2847,1481,44,29,0.5663294385864919,0.023336255858414867
Astro,2.0,SDAN_35,Spectra_27,2000,2847,1481,44,29,0.6944523605965612,0.043950116415071044
Astro,2.0,SDAN_35,Spectra_28,2000,2847,1481,44,29,0.5147477913935594,0.019851682098357908
Astro,2.0,SDAN_35,Spectra_29,2000,2847,1481,44,29,0.5289968652037618,0.019856827100596636
Astro,2.0,SDAN_35,Spectra_30,2000,2847,1481,44,29,0.4374703144295621,0.016563705320752305
Astro,2.0,SDAN_35,Spectra_31,2000,2847,1481,44,29,0.3420490168139071,0.014427482474558766
Astro,2.0,SDAN_35,Spectra_32,2000,2847,1481,44,29,0.3620214686045407,0.023734718630952657
Astro,2.0,SDAN_35,Spectra_33,2000,2847,1481,44,29,0.5168376555523891,0.021955053227629688
Astro,2.0,SDAN_35,Spectra_34,2000,2847,1481,44,29,0.2662914410563313,0.012750533768731804
Astro,2.0,SDAN_35,Spectra_35,2000,2847,1481,44,29,0.35532440391374565,0.016406205531664112
Astro,2.0,SDAN_35,Spectra_36,2000,2847,1481,44,29,0.45010449320794144,0.024989893683700255
Astro,2.0,SDAN_35,Spectra_37,2000,2847,1481,44,29,0.43891897026693266,0.016795293820080822
Astro,2.0,SDAN_35,Spectra_38,2000,2847,1481,44,29,0.48931319464234824,0.022379135212170442
Astro,2.0,SDAN_35,Spectra_39,2000,2847,1481,44,29,0.5021136126151801,0.02134361372271183
Astro,2.0,SDAN_36,Spectra_0,2000,2847,1481,43,36,0.5367166474432912,0.031199680043705463
Astro,2.0,SDAN_36,Spectra_1,2000,2847,1481,43,36,0.4782775855440215,0.02360660088366521
Astro,2.0,SDAN_36,Spectra_2,2000,2847,1481,43,36,0.4045751633986928,0.019802972475557748
Astro,2.0,SDAN_36,Spectra_3,2000,2847,1481,43,36,0.38977316416762786,0.019709748889461795
Astro,2.0,SDAN_36,Spectra_4,2000,2847,1481,43,36,0.5087081891580161,0.025837675708570346
Astro,2.0,SDAN_36,Spectra_5,2000,2847,1481,43,36,0.5352364475201845,0.04834795981165038
Astro,2.0,SDAN_36,Spectra_6,2000,2847,1481,43,36,0.47160707420222997,0.02389008003009549
Astro,2.0,SDAN_36,Spectra_7,2000,2847,1481,43,36,0.5539407920030758,0.03037734854881291
Astro,2.0,SDAN_36,Spectra_8,2000,2847,1481,43,36,0.5098808150711265,0.029546705797214044
Astro,2.0,SDAN_36,Spectra_9,2000,2847,1481,43,36,0.546155324875048,0.02819828791356968
Astro,2.0,SDAN_36,Spectra_10,2000,2847,1481,43,36,0.47727797001153405,0.02254697279553715
Astro,2.0,SDAN_36,Spectra_11,2000,2847,1481,43,36,0.4771626297577855,0.022233013326424314
Astro,2.0,SDAN_36,Spectra_12,2000,2847,1481,43,36,0.41630142252979624,0.020309428798632508
Astro,2.0,SDAN_36,Spectra_13,2000,2847,1481,43,36,0.4847750865051903,0.023199319038062723
Astro,2.0,SDAN_36,Spectra_14,2000,2847,1481,43,36,0.48308342945021143,0.025792926048813544
Astro,2.0,SDAN_36,Spectra_15,2000,2847,1481,43,36,0.5821991541714725,0.04923059047153209
Astro,2.0,SDAN_36,Spectra_16,2000,2847,1481,43,36,0.437677816224529,0.020714513948758367
Astro,2.0,SDAN_36,Spectra_17,2000,2847,1481,43,36,0.46847366397539403,0.023754246947665064
Astro,2.0,SDAN_36,Spectra_18,2000,2847,1481,43,36,0.5292387543252595,0.030346082220140503
Astro,2.0,SDAN_36,Spectra_19,2000,2847,1481,43,36,0.41391772395232596,0.0216015786795382
Astro,2.0,SDAN_36,Spectra_20,2000,2847,1481,43,36,0.7177431757016532,0.09051810656626552
Astro,2.0,SDAN_36,Spectra_21,2000,2847,1481,43,36,0.6947327950788158,0.05598531293268713
Astro,2.0,SDAN_36,Spectra_22,2000,2847,1481,43,36,0.4489042675893887,0.02157182237447321
Astro,2.0,SDAN_36,Spectra_23,2000,2847,1481,43,36,0.5942329873125721,0.033392439482754034
Astro,2.0,SDAN_36,Spectra_24,2000,2847,1481,43,36,0.6370626682045367,0.07248059653535106
Astro,2.0,SDAN_36,Spectra_25,2000,2847,1481,43,36,0.5589004229142637,0.0454495267737499
Astro,2.0,SDAN_36,Spectra_26,2000,2847,1481,43,36,0.488638985005767,0.02578075279483253
Astro,2.0,SDAN_36,Spectra_27,2000,2847,1481,43,36,0.5976739715494042,0.04325054497758486
Astro,2.0,SDAN_36,Spectra_28,2000,2847,1481,43,36,0.5462706651287966,0.0272957910914433
Astro,2.0,SDAN_36,Spectra_29,2000,2847,1481,43,36,0.5778931180315263,0.03067834878597847
Astro,2.0,SDAN_36,Spectra_30,2000,2847,1481,43,36,0.4586889657823914,0.02239024871284895
Astro,2.0,SDAN_36,Spectra_31,2000,2847,1481,43,36,0.43723567858515955,0.021108251922786543
Astro,2.0,SDAN_36,Spectra_32,2000,2847,1481,43,36,0.505997693194925,0.02540127659670357
Astro,2.0,SDAN_36,Spectra_33,2000,2847,1481,43,36,0.5096309111880046,0.025373427107104253
Astro,2.0,SDAN_36,Spectra_34,2000,2847,1481,43,36,0.42802768166089966,0.019874259101276694
Astro,2.0,SDAN_36,Spectra_35,2000,2847,1481,43,36,0.39742406766628213,0.019865694742928416
Astro,2.0,SDAN_36,Spectra_36,2000,2847,1481,43,36,0.39294502114571317,0.019410159932964466
Astro,2.0,SDAN_36,Spectra_37,2000,2847,1481,43,36,0.4907535563244906,0.025326478894275927
Astro,2.0,SDAN_36,Spectra_38,2000,2847,1481,43,36,0.4412918108419838,0.03510992532544736
Astro,2.0,SDAN_36,Spectra_39,2000,2847,1481,43,36,0.5842752787389466,0.02942448094405256
Astro,2.0,SDAN_37,Spectra_0,2000,2847,1481,42,36,0.5826797385620914,0.03053507386481711
Astro,2.0,SDAN_37,Spectra_1,2000,2847,1481,42,36,0.566320645905421,0.027838865669919687
Astro,2.0,SDAN_37,Spectra_2,2000,2847,1481,42,36,0.6343713956170703,0.03866103241403951
Astro,2.0,SDAN_37,Spectra_3,2000,2847,1481,42,36,0.6249519415609381,0.032398374967860626
Astro,2.0,SDAN_37,Spectra_4,2000,2847,1481,42,36,0.5454056132256824,0.026895876450530418
Astro,2.0,SDAN_37,Spectra_5,2000,2847,1481,42,36,0.6101307189542483,0.03141143365537784
Astro,2.0,SDAN_37,Spectra_6,2000,2847,1481,42,36,0.7573241061130334,0.057314630034386554
Astro,2.0,SDAN_37,Spectra_7,2000,2847,1481,42,36,0.652076124567474,0.039089109028265165
Astro,2.0,SDAN_37,Spectra_8,2000,2847,1481,42,36,0.5868896578239139,0.040657226171595943
Astro,2.0,SDAN_37,Spectra_9,2000,2847,1481,42,36,0.5856978085351788,0.02946197019295447
Astro,2.0,SDAN_37,Spectra_10,2000,2847,1481,42,36,0.5937524029219532,0.033911191785420264
Astro,2.0,SDAN_37,Spectra_11,2000,2847,1481,42,36,0.6023260284505958,0.045665025581393695
Astro,2.0,SDAN_37,Spectra_12,2000,2847,1481,42,36,0.5930219146482122,0.03110397550314884
Astro,2.0,SDAN_37,Spectra_13,2000,2847,1481,42,36,0.5826028450595924,0.03250091840428078
Astro,2.0,SDAN_37,Spectra_14,2000,2847,1481,42,36,0.6216647443291041,0.03376802512895952
Astro,2.0,SDAN_37,Spectra_15,2000,2847,1481,42,36,0.7423683198769703,0.08104515001292296
Astro,2.0,SDAN_37,Spectra_16,2000,2847,1481,42,36,0.5925028835063437,0.03195734768610254
Astro,2.0,SDAN_37,Spectra_17,2000,2847,1481,42,36,0.660476739715494,0.039490015502340464
Astro,2.0,SDAN_37,Spectra_18,2000,2847,1481,42,36,0.7125720876585928,0.0435083916928938
Astro,2.0,SDAN_37,Spectra_19,2000,2847,1481,42,36,0.6330642060745867,0.03669920005454215
Astro,2.0,SDAN_37,Spectra_20,2000,2847,1481,42,36,0.6675509419454057,0.05959348547646879
Astro,2.0,SDAN_37,Spectra_21,2000,2847,1481,42,36,0.4514801999231065,0.02085220478971893
Astro,2.0,SDAN_37,Spectra_22,2000,2847,1481,42,36,0.7432525951557094,0.05134631533749657
Astro,2.0,SDAN_37,Spectra_23,2000,2847,1481,42,36,0.6242406766628219,0.03518230710532477
Astro,2.0,SDAN_37,Spectra_24,2000,2847,1481,42,36,0.6647827758554402,0.06497149315029116
Astro,2.0,SDAN_37,Spectra_25,2000,2847,1481,42,36,0.6734717416378316,0.04512581666119411
Astro,2.0,SDAN_37,Spectra_26,2000,2847,1481,42,36,0.5506535947712419,0.025333020392708086
Astro,2.0,SDAN_37,Spectra_27,2000,2847,1481,42,36,0.6644559784698193,0.04311250713894537
Astro,2.0,SDAN_37,Spectra_28,2000,2847,1481,42,36,0.524317570165321,0.025336721547066645
Astro,2.0,SDAN_37,Spectra_29,2000,2847,1481,42,36,0.6041330257593234,0.04824099989080352
Astro,2.0,SDAN_37,Spectra_30,2000,2847,1481,42,36,0.6068627450980393,0.04095246788492692
Astro,2.0,SDAN_37,Spectra_31,2000,2847,1481,42,36,0.574875048058439,0.02973223286636723
Astro,2.0,SDAN_37,Spectra_32,2000,2847,1481,42,36,0.6427335640138409,0.03325638845958571
Astro,2.0,SDAN_37,Spectra_33,2000,2847,1481,42,36,0.570722798923491,0.03170191347588487
Astro,2.0,SDAN_37,Spectra_34,2000,2847,1481,42,36,0.7059784698193002,0.042746260927397584
Astro,2.0,SDAN_37,Spectra_35,2000,2847,1481,42,36,0.6853517877739331,0.04193845920656769
Astro,2.0,SDAN_37,Spectra_36,2000,2847,1481,42,36,0.5940599769319493,0.04352106139008363
Astro,2.0,SDAN_37,Spectra_37,2000,2847,1481,42,36,0.43389081122645135,0.029496773877131056
Astro,2.0,SDAN_37,Spectra_38,2000,2847,1481,42,36,0.5861014994232987,0.03923869249645702
Astro,2.0,SDAN_37,Spectra_39,2000,2847,1481,42,36,0.6091695501730104,0.040630782993352654
Astro,2.0,SDAN_38,Spectra_0,2000,2847,1481,45,17,0.2661121825779492,0.0076218690358559795
Astro,2.0,SDAN_38,Spectra_1,2000,2847,1481,45,17,0.3164175506268081,0.008156613571934763
Astro,2.0,SDAN_38,Spectra_2,2000,2847,1481,45,17,0.2266955962712954,0.007362198021079106
Astro,2.0,SDAN_38,Spectra_3,2000,2847,1481,45,17,0.43241722918675674,0.01077667933169062
Astro,2.0,SDAN_38,Spectra_4,2000,2847,1481,45,17,0.15762616522018644,0.006762826741175076
Astro,2.0,SDAN_38,Spectra_5,2000,2847,1481,45,17,0.24477659916425587,0.0074659236108621544
Astro,2.0,SDAN_38,Spectra_6,2000,2847,1481,45,17,0.2806573449051752,0.008618419731464919
Astro,2.0,SDAN_38,Spectra_7,2000,2847,1481,45,17,0.29411764705882354,0.008028636050940889
Astro,2.0,SDAN_38,Spectra_8,2000,2847,1481,45,17,0.3532626165220186,0.009052607145266001
Astro,2.0,SDAN_38,Spectra_9,2000,2847,1481,45,17,0.30279652844744454,0.008371147805978855
Astro,2.0,SDAN_38,Spectra_10,2000,2847,1481,45,17,0.28600128576020567,0.007792911960049675
Astro,2.0,SDAN_38,Spectra_11,2000,2847,1481,45,17,0.2804162648666024,0.008224330785926732
Astro,2.0,SDAN_38,Spectra_12,2000,2847,1481,45,17,0.8559144969463195,0.2384145432789934
Astro,2.0,SDAN_38,Spectra_13,2000,2847,1481,45,17,0.38195114111218254,0.01051917522740704
Astro,2.0,SDAN_38,Spectra_14,2000,2847,1481,45,17,0.23754419800707166,0.0073712019026220205
Astro,2.0,SDAN_38,Spectra_15,2000,2847,1481,45,17,0.2375441980070717,0.007409646906516269
Astro,2.0,SDAN_38,Spectra_16,2000,2847,1481,45,17,0.287568306010929,0.007819190292803169
Astro,2.0,SDAN_38,Spectra_17,2000,2847,1481,45,17,0.25554484088717455,0.007516565160150377
Astro,2.0,SDAN_38,Spectra_18,2000,2847,1481,45,17,0.15396978463516556,0.0067857260268298246
Astro,2.0,SDAN_38,Spectra_19,2000,2847,1481,45,17,0.26112986178077785,0.007608062080405958
Astro,2.0,SDAN_38,Spectra_20,2000,2847,1481,45,17,0.13930408228865315,0.006658429707634949
Astro,2.0,SDAN_38,Spectra_21,2000,2847,1481,45,17,0.24811153969784638,0.007492388348565988
Astro,2.0,SDAN_38,Spectra_22,2000,2847,1481,45,17,0.14271938283510124,0.006779808681734564
Astro,2.0,SDAN_38,Spectra_23,2000,2847,1481,45,17,0.337230793956927,0.009222859487210702
Astro,2.0,SDAN_38,Spectra_24,2000,2847,1481,45,17,0.13315654130504662,0.006575143364386331
Astro,2.0,SDAN_38,Spectra_25,2000,2847,1481,45,17,0.20527965284474445,0.007081723655360021
Astro,2.0,SDAN_38,Spectra_26,2000,2847,1481,45,17,0.22545001607200255,0.007209085707915006
Astro,2.0,SDAN_38,Spectra_27,2000,2847,1481,45,17,0.2303519768563163,0.007271641903970881
Astro,2.0,SDAN_38,Spectra_28,2000,2847,1481,45,17,0.7911443265830923,0.1085811319501411
Astro,2.0,SDAN_38,Spectra_29,2000,2847,1481,45,17,0.37447765991642556,0.009483120455382521
Astro,2.0,SDAN_38,Spectra_30,2000,2847,1481,45,17,0.34623111539697843,0.008548228825767728
Astro,2.0,SDAN_38,Spectra_31,2000,2847,1481,45,17,0.24662487945998068,0.008763739156873748
Astro,2.0,SDAN_38,Spectra_32,2000,2847,1481,45,17,0.1981276117004179,0.007090757751436816
Astro,2.0,SDAN_38,Spectra_33,2000,2847,1481,45,17,0.3679684988749598,0.008998079966215211
Astro,2.0,SDAN_38,Spectra_34,2000,2847,1481,45,17,0.16003696560591452,0.006837666587711995
Astro,2.0,SDAN_38,Spectra_35,2000,2847,1481,45,17,0.4578511732561877,0.02681773885324247
Astro,2.0,SDAN_38,Spectra_36,2000,2847,1481,45,17,0.3316055930568949,0.00831707382367805
Astro,2.0,SDAN_38,Spectra_37,2000,2847,1481,45,17,0.43133236901317906,0.009924547502993694
Astro,2.0,SDAN_38,Spectra_38,2000,2847,1481,45,17,0.3447042751526841,0.008792134599746742
Astro,2.0,SDAN_38,Spectra_39,2000,2847,1481,45,17,0.3083413693346191,0.008237415535905741
Astro,2.0,SDAN_39,Spectra_0,2000,2847,1481,43,25,0.555521978021978,0.024465672399218506
Astro,2.0,SDAN_39,Spectra_1,2000,2847,1481,43,25,0.4682417582417582,0.02405140753892445
Astro,2.0,SDAN_39,Spectra_2,2000,2847,1481,43,25,0.386456043956044,0.013946719681562393
Astro,2.0,SDAN_39,Spectra_3,2000,2847,1481,43,25,0.3590384615384616,0.012664262374701502
Astro,2.0,SDAN_39,Spectra_4,2000,2847,1481,43,25,0.29387362637362635,0.011386873084389498
Astro,2.0,SDAN_39,Spectra_5,2000,2847,1481,43,25,0.5016758241758242,0.02319665249306268
Astro,2.0,SDAN_39,Spectra_6,2000,2847,1481,43,25,0.46502747252747256,0.028696012476877253
Astro,2.0,SDAN_39,Spectra_7,2000,2847,1481,43,25,0.38972527472527474,0.01386499567781131
Astro,2.0,SDAN_39,Spectra_8,2000,2847,1481,43,25,0.5624725274725274,0.033353807258309436
Astro,2.0,SDAN_39,Spectra_9,2000,2847,1481,43,25,0.3670879120879121,0.012663258587891916
Astro,2.0,SDAN_39,Spectra_10,2000,2847,1481,43,25,0.38739010989010986,0.013153130792505154
Astro,2.0,SDAN_39,Spectra_11,2000,2847,1481,43,25,0.34472527472527476,0.012203804434921191
Astro,2.0,SDAN_39,Spectra_12,2000,2847,1481,43,25,0.735467032967033,0.06399758412790174
Astro,2.0,SDAN_39,Spectra_13,2000,2847,1481,43,25,0.41917582417582416,0.015048608172319827
Astro,2.0,SDAN_39,Spectra_14,2000,2847,1481,43,25,0.45670329670329673,0.025274598091985522
Astro,2.0,SDAN_39,Spectra_15,2000,2847,1481,43,25,0.35854395604395606,0.01250482330029766
Astro,2.0,SDAN_39,Spectra_16,2000,2847,1481,43,25,0.3731868131868131,0.01283241653000163
Astro,2.0,SDAN_39,Spectra_17,2000,2847,1481,43,25,0.3925824175824176,0.013249066378076201
Astro,2.0,SDAN_39,Spectra_18,2000,2847,1481,43,25,0.26884615384615385,0.011679009760501678
Astro,2.0,SDAN_39,Spectra_19,2000,2847,1481,43,25,0.5310164835164835,0.02217806733011701
Astro,2.0,SDAN_39,Spectra_20,2000,2847,1481,43,25,0.4799725274725275,0.01588056417260872
Astro,2.0,SDAN_39,Spectra_21,2000,2847,1481,43,25,0.45697802197802195,0.017548680088701592
Astro,2.0,SDAN_39,Spectra_22,2000,2847,1481,43,25,0.35288461538461535,0.012318027549394872
Astro,2.0,SDAN_39,Spectra_23,2000,2847,1481,43,25,0.388021978021978,0.013249530673226196
Astro,2.0,SDAN_39,Spectra_24,2000,2847,1481,43,25,0.31195054945054945,0.011588271505557723
Astro,2.0,SDAN_39,Spectra_25,2000,2847,1481,43,25,0.3742032967032967,0.012865061881053491
Astro,2.0,SDAN_39,Spectra_26,2000,2847,1481,43,25,0.31543956043956045,0.011794186284230061
Astro,2.0,SDAN_39,Spectra_27,2000,2847,1481,43,25,0.34906593406593406,0.012306874347315637
Astro,2.0,SDAN_39,Spectra_28,2000,2847,1481,43,25,0.8413186813186815,0.11616160674530746
Astro,2.0,SDAN_39,Spectra_29,2000,2847,1481,43,25,0.5706318681318682,0.04075231033335462
Astro,2.0,SDAN_39,Spectra_30,2000,2847,1481,43,25,0.46601648351648356,0.015565602341681497
Astro,2.0,SDAN_39,Spectra_31,2000,2847,1481,43,25,0.44994505494505493,0.024278338255337532
Astro,2.0,SDAN_39,Spectra_32,2000,2847,1481,43,25,0.39098901098901095,0.015195280658407254
Astro,2.0,SDAN_39,Spectra_33,2000,2847,1481,43,25,0.45815934065934066,0.020762349970891443
Astro,2.0,SDAN_39,Spectra_34,2000,2847,1481,43,25,0.3573076923076923,0.012388817806504665
Astro,2.0,SDAN_39,Spectra_35,2000,2847,1481,43,25,0.5037087912087912,0.02495733907120982
Astro,2.0,SDAN_39,Spectra_36,2000,2847,1481,43,25,0.4882142857142857,0.016292468224297384
Astro,2.0,SDAN_39,Spectra_37,2000,2847,1481,43,25,0.5581043956043956,0.02389551796549947
Astro,2.0,SDAN_39,Spectra_38,2000,2847,1481,43,25,0.48821428571428577,0.018904253803978484
Astro,2.0,SDAN_39,Spectra_39,2000,2847,1481,43,25,0.48390109890109895,0.023886410028234054
