cell_type,sdan_weight,program,factor,n_sdan_genes,n_spectra_genes,n_genes_overlap,n_program_genes_total,n_program_genes_overlap,auroc,average_precision
Micro-PVM,2.0,SDAN_0,Spectra_0,2000,2847,1547,39,17,0.36551326412918106,0.008511835104544424
Micro-PVM,2.0,SDAN_0,Spectra_1,2000,2847,1547,39,17,0.2292964244521338,0.006989866655992036
Micro-PVM,2.0,SDAN_0,Spectra_2,2000,2847,1547,39,17,0.281199538638985,0.00812044346293352
Micro-PVM,2.0,SDAN_0,Spectra_3,2000,2847,1547,39,17,0.2900422914263745,0.007488564718176427
Micro-PVM,2.0,SDAN_0,Spectra_4,2000,2847,1547,39,17,0.2531334102268358,0.007120819669894111
Micro-PVM,2.0,SDAN_0,Spectra_5,2000,2847,1547,39,17,0.26828143021914647,0.007544388122714974
Micro-PVM,2.0,SDAN_0,Spectra_6,2000,2847,1547,39,17,0.20265282583621683,0.006861163012373842
Micro-PVM,2.0,SDAN_0,Spectra_7,2000,2847,1547,39,17,0.27231833910034603,0.007363783966327694
Micro-PVM,2.0,SDAN_0,Spectra_8,2000,2847,1547,39,17,0.45494040753556325,0.009950189736011729
Micro-PVM,2.0,SDAN_0,Spectra_9,2000,2847,1547,39,17,0.2665128796616686,0.01140873102638464
Micro-PVM,2.0,SDAN_0,Spectra_10,2000,2847,1547,39,17,0.3150711264898116,0.007980046176338539
Micro-PVM,2.0,SDAN_0,Spectra_11,2000,2847,1547,39,17,0.30980392156862746,0.007742286714982137
Micro-PVM,2.0,SDAN_0,Spectra_12,2000,2847,1547,39,17,0.7382545174932719,0.04879200591382849
Micro-PVM,2.0,SDAN_0,Spectra_13,2000,2847,1547,39,17,0.3531334102268358,0.008640445709485465
Micro-PVM,2.0,SDAN_0,Spectra_14,2000,2847,1547,39,17,0.24721261053440985,0.007117920194235656
Micro-PVM,2.0,SDAN_0,Spectra_15,2000,2847,1547,39,17,0.21514801999231062,0.007147019257781596
Micro-PVM,2.0,SDAN_0,Spectra_16,2000,2847,1547,39,17,0.30115340253748557,0.007620845792720091
Micro-PVM,2.0,SDAN_0,Spectra_17,2000,2847,1547,39,17,0.2152249134948097,0.006844722353733195
Micro-PVM,2.0,SDAN_0,Spectra_18,2000,2847,1547,39,17,0.16247597078046905,0.006532919300325613
Micro-PVM,2.0,SDAN_0,Spectra_19,2000,2847,1547,39,17,0.35832372164552095,0.008329952655324088
Micro-PVM,2.0,SDAN_0,Spectra_20,2000,2847,1547,39,17,0.18535178777393313,0.006812726343381848
Micro-PVM,2.0,SDAN_0,Spectra_21,2000,2847,1547,39,17,0.4038446751249519,0.010122311429544523
Micro-PVM,2.0,SDAN_0,Spectra_22,2000,2847,1547,39,17,0.1306805074971165,0.006358664786984979
Micro-PVM,2.0,SDAN_0,Spectra_23,2000,2847,1547,39,17,0.19015763168012303,0.01033044074439617
Micro-PVM,2.0,SDAN_0,Spectra_24,2000,2847,1547,39,17,0.37693194925028833,0.00858884489502908
Micro-PVM,2.0,SDAN_0,Spectra_25,2000,2847,1547,39,17,0.20138408304498268,0.007403877063392152
Micro-PVM,2.0,SDAN_0,Spectra_26,2000,2847,1547,39,17,0.23068050749711652,0.036163946474577255
Micro-PVM,2.0,SDAN_0,Spectra_27,2000,2847,1547,39,17,0.17973856209150327,0.006567724899704324
Micro-PVM,2.0,SDAN_0,Spectra_28,2000,2847,1547,39,17,0.47154940407535567,0.014199270885832165
Micro-PVM,2.0,SDAN_0,Spectra_29,2000,2847,1547,39,17,0.24052287581699347,0.00703902327647489
Micro-PVM,2.0,SDAN_0,Spectra_30,2000,2847,1547,39,17,0.27078046905036524,0.007316774566518942
Micro-PVM,2.0,SDAN_0,Spectra_31,2000,2847,1547,39,17,0.4356401384083045,0.03926263003815878
Micro-PVM,2.0,SDAN_0,Spectra_32,2000,2847,1547,39,17,0.33790849673202616,0.008069976993630225
Micro-PVM,2.0,SDAN_0,Spectra_33,2000,2847,1547,39,17,0.5482891195693964,0.012081831647000855
Micro-PVM,2.0,SDAN_0,Spectra_34,2000,2847,1547,39,17,0.24944252210688195,0.0072884007897746385
Micro-PVM,2.0,SDAN_0,Spectra_35,2000,2847,1547,39,17,0.7826605151864666,0.2587761451815931
Micro-PVM,2.0,SDAN_0,Spectra_36,2000,2847,1547,39,17,0.36847366397539405,0.008403728791138125
Micro-PVM,2.0,SDAN_0,Spectra_37,2000,2847,1547,39,17,0.43598615916955014,0.009937150920688196
Micro-PVM,2.0,SDAN_0,Spectra_38,2000,2847,1547,39,17,0.335678585159554,0.00809863794153046
Micro-PVM,2.0,SDAN_0,Spectra_39,2000,2847,1547,39,17,0.43437139561707033,0.010168067662509172
Micro-PVM,2.0,SDAN_1,Spectra_0,2000,2847,1547,37,30,0.5282135794330916,0.021257322631948943
Micro-PVM,2.0,SDAN_1,Spectra_1,2000,2847,1547,37,30,0.6419907712590639,0.03333729870781504
Micro-PVM,2.0,SDAN_1,Spectra_2,2000,2847,1547,37,30,0.518918918918919,0.023986110105709862
Micro-PVM,2.0,SDAN_1,Spectra_3,2000,2847,1547,37,30,0.5800043946385409,0.0398354352087006
Micro-PVM,2.0,SDAN_1,Spectra_4,2000,2847,1547,37,30,0.6541639200175786,0.03602652650121096
Micro-PVM,2.0,SDAN_1,Spectra_5,2000,2847,1547,37,30,0.5633487145682268,0.023631298961999798
Micro-PVM,2.0,SDAN_1,Spectra_6,2000,2847,1547,37,30,0.537574159525379,0.020194401966430686
Micro-PVM,2.0,SDAN_1,Spectra_7,2000,2847,1547,37,30,0.5626016260162602,0.02268414570265525
Micro-PVM,2.0,SDAN_1,Spectra_8,2000,2847,1547,37,30,0.5458360799824213,0.02361885977349554
Micro-PVM,2.0,SDAN_1,Spectra_9,2000,2847,1547,37,30,0.5307624697868599,0.021870341235062516
Micro-PVM,2.0,SDAN_1,Spectra_10,2000,2847,1547,37,30,0.5645572401669963,0.025941724803415372
Micro-PVM,2.0,SDAN_1,Spectra_11,2000,2847,1547,37,30,0.45286750164798945,0.017072817508583384
Micro-PVM,2.0,SDAN_1,Spectra_12,2000,2847,1547,37,30,0.49323225664689085,0.018902758784934647
Micro-PVM,2.0,SDAN_1,Spectra_13,2000,2847,1547,37,30,0.6776532630191168,0.036714134961786826
Micro-PVM,2.0,SDAN_1,Spectra_14,2000,2847,1547,37,30,0.554515491100857,0.02330814389278512
Micro-PVM,2.0,SDAN_1,Spectra_15,2000,2847,1547,37,30,0.6159305647110526,0.028684462591345643
Micro-PVM,2.0,SDAN_1,Spectra_16,2000,2847,1547,37,30,0.5475060426279938,0.02096949559169995
Micro-PVM,2.0,SDAN_1,Spectra_17,2000,2847,1547,37,30,0.6102395078004835,0.026466689242655973
Micro-PVM,2.0,SDAN_1,Spectra_18,2000,2847,1547,37,30,0.6812788398154251,0.03373422809820561
Micro-PVM,2.0,SDAN_1,Spectra_19,2000,2847,1547,37,30,0.5434629751702922,0.021522682032517906
Micro-PVM,2.0,SDAN_1,Spectra_20,2000,2847,1547,37,30,0.6429356185453746,0.02815003322188399
Micro-PVM,2.0,SDAN_1,Spectra_21,2000,2847,1547,37,30,0.5072731267853219,0.020156944181671604
Micro-PVM,2.0,SDAN_1,Spectra_22,2000,2847,1547,37,30,0.6623159745110965,0.043061355354568134
Micro-PVM,2.0,SDAN_1,Spectra_23,2000,2847,1547,37,30,0.5829707756537026,0.02572508180715214
Micro-PVM,2.0,SDAN_1,Spectra_24,2000,2847,1547,37,30,0.6097560975609756,0.028987800088961197
Micro-PVM,2.0,SDAN_1,Spectra_25,2000,2847,1547,37,30,0.554713249835201,0.025151197097051124
Micro-PVM,2.0,SDAN_1,Spectra_26,2000,2847,1547,37,30,0.6156668863985938,0.030445979580879936
Micro-PVM,2.0,SDAN_1,Spectra_27,2000,2847,1547,37,30,0.5894748406943529,0.024985045535029587
Micro-PVM,2.0,SDAN_1,Spectra_28,2000,2847,1547,37,30,0.47393979345198856,0.017395311332453013
Micro-PVM,2.0,SDAN_1,Spectra_29,2000,2847,1547,37,30,0.5779608877169853,0.023343352735115803
Micro-PVM,2.0,SDAN_1,Spectra_30,2000,2847,1547,37,30,0.47027027027027035,0.01853679071472049
Micro-PVM,2.0,SDAN_1,Spectra_31,2000,2847,1547,37,30,0.6629971434849484,0.03305956663241826
Micro-PVM,2.0,SDAN_1,Spectra_32,2000,2847,1547,37,30,0.6685343880465832,0.0319104481821511
Micro-PVM,2.0,SDAN_1,Spectra_33,2000,2847,1547,37,30,0.7278400351571084,0.04819150082817076
Micro-PVM,2.0,SDAN_1,Spectra_34,2000,2847,1547,37,30,0.7539222148978246,0.04793350443674837
Micro-PVM,2.0,SDAN_1,Spectra_35,2000,2847,1547,37,30,0.5790375741595254,0.025175448113903015
Micro-PVM,2.0,SDAN_1,Spectra_36,2000,2847,1547,37,30,0.7075368050977807,0.041665226628442326
Micro-PVM,2.0,SDAN_1,Spectra_37,2000,2847,1547,37,30,0.6519885739397935,0.035585692831230246
Micro-PVM,2.0,SDAN_1,Spectra_38,2000,2847,1547,37,30,0.6439024390243901,0.03276667614686307
Micro-PVM,2.0,SDAN_1,Spectra_39,2000,2847,1547,37,30,0.6560536145902,0.036995461035445654
Micro-PVM,2.0,SDAN_2,Spectra_0,2000,2847,1547,41,26,0.4085621807515299,0.01850169598013787
Micro-PVM,2.0,SDAN_2,Spectra_1,2000,2847,1547,41,26,0.3542456885652152,0.03356821287012467
Micro-PVM,2.0,SDAN_2,Spectra_2,2000,2847,1547,41,26,0.30124412077074797,0.01161686846554262
Micro-PVM,2.0,SDAN_2,Spectra_3,2000,2847,1547,41,26,0.3903555353259495,0.01360439508623934
Micro-PVM,2.0,SDAN_2,Spectra_4,2000,2847,1547,41,26,0.43589743589743585,0.014553919694571746
Micro-PVM,2.0,SDAN_2,Spectra_5,2000,2847,1547,41,26,0.370176503312598,0.013886314950466674
Micro-PVM,2.0,SDAN_2,Spectra_6,2000,2847,1547,41,26,0.29408789763819354,0.011756766824054191
Micro-PVM,2.0,SDAN_2,Spectra_7,2000,2847,1547,41,26,0.391670459717797,0.014094902538517464
Micro-PVM,2.0,SDAN_2,Spectra_8,2000,2847,1547,41,26,0.4086886157892075,0.01342313206690779
Micro-PVM,2.0,SDAN_2,Spectra_9,2000,2847,1547,41,26,0.44907196682344613,0.01606716917522009
Micro-PVM,2.0,SDAN_2,Spectra_10,2000,2847,1547,41,26,0.26859859404238107,0.010993775526689347
Micro-PVM,2.0,SDAN_2,Spectra_11,2000,2847,1547,41,26,0.3757649319779497,0.013495254407446684
Micro-PVM,2.0,SDAN_2,Spectra_12,2000,2847,1547,41,26,0.2758053911900066,0.010976269610278578
Micro-PVM,2.0,SDAN_2,Spectra_13,2000,2847,1547,41,26,0.46012238911647196,0.015457408911837885
Micro-PVM,2.0,SDAN_2,Spectra_14,2000,2847,1547,41,26,0.3530066251959743,0.024212968452651723
Micro-PVM,2.0,SDAN_2,Spectra_15,2000,2847,1547,41,26,0.28103980174986093,0.011071950365601749
Micro-PVM,2.0,SDAN_2,Spectra_16,2000,2847,1547,41,26,0.40466798159105855,0.013370771746484857
Micro-PVM,2.0,SDAN_2,Spectra_17,2000,2847,1547,41,26,0.2935821574874829,0.011230152532540782
Micro-PVM,2.0,SDAN_2,Spectra_18,2000,2847,1547,41,26,0.16085065493349515,0.009866418970702315
Micro-PVM,2.0,SDAN_2,Spectra_19,2000,2847,1547,41,26,0.5254134425732058,0.017424195730053167
Micro-PVM,2.0,SDAN_2,Spectra_20,2000,2847,1547,41,26,0.29143276184696304,0.011970770442034701
Micro-PVM,2.0,SDAN_2,Spectra_21,2000,2847,1547,41,26,0.5037930511303292,0.024498260194800888
Micro-PVM,2.0,SDAN_2,Spectra_22,2000,2847,1547,41,26,0.19782025995043745,0.010138066271631092
Micro-PVM,2.0,SDAN_2,Spectra_23,2000,2847,1547,41,26,0.34665958630455673,0.012362605474448179
Micro-PVM,2.0,SDAN_2,Spectra_24,2000,2847,1547,41,26,0.4418145956607495,0.014376177360790596
Micro-PVM,2.0,SDAN_2,Spectra_25,2000,2847,1547,41,26,0.27603297425782636,0.011257219570272644
Micro-PVM,2.0,SDAN_2,Spectra_26,2000,2847,1547,41,26,0.35384109644464673,0.01627714616251798
Micro-PVM,2.0,SDAN_2,Spectra_27,2000,2847,1547,41,26,0.2565619784554696,0.011747398002365328
Micro-PVM,2.0,SDAN_2,Spectra_28,2000,2847,1547,41,26,0.43448136347544625,0.014454873069809875
Micro-PVM,2.0,SDAN_2,Spectra_29,2000,2847,1547,41,26,0.38357861730642795,0.013165497918514924
Micro-PVM,2.0,SDAN_2,Spectra_30,2000,2847,1547,41,26,0.2068982956556921,0.010109534139101642
Micro-PVM,2.0,SDAN_2,Spectra_31,2000,2847,1547,41,26,0.5372730491073686,0.06280577606675664
Micro-PVM,2.0,SDAN_2,Spectra_32,2000,2847,1547,41,26,0.3806706114398422,0.014357425691787242
Micro-PVM,2.0,SDAN_2,Spectra_33,2000,2847,1547,41,26,0.9141506094168816,0.3446546764769347
Micro-PVM,2.0,SDAN_2,Spectra_34,2000,2847,1547,41,26,0.2781823698983462,0.011404065580668381
Micro-PVM,2.0,SDAN_2,Spectra_35,2000,2847,1547,41,26,0.5678956152328933,0.020407224449101903
Micro-PVM,2.0,SDAN_2,Spectra_36,2000,2847,1547,41,26,0.653997875891367,0.026346589571214954
Micro-PVM,2.0,SDAN_2,Spectra_37,2000,2847,1547,41,26,0.5260456177615942,0.025917983621027242
Micro-PVM,2.0,SDAN_2,Spectra_38,2000,2847,1547,41,26,0.43422849340009106,0.014975290332138564
Micro-PVM,2.0,SDAN_2,Spectra_39,2000,2847,1547,41,26,0.3739189804278562,0.012671890893774494
Micro-PVM,2.0,SDAN_3,Spectra_0,2000,2847,1547,41,36,0.6789837488050592,0.06044666168161385
Micro-PVM,2.0,SDAN_3,Spectra_1,2000,2847,1547,41,36,0.5107360835355541,0.02264586092241399
Micro-PVM,2.0,SDAN_3,Spectra_2,2000,2847,1547,41,36,0.6606735789396279,0.05438773771698302
Micro-PVM,2.0,SDAN_3,Spectra_3,2000,2847,1547,41,36,0.6621810427237297,0.03660436261779165
Micro-PVM,2.0,SDAN_3,Spectra_4,2000,2847,1547,41,36,0.5885175380542687,0.03179413493441047
Micro-PVM,2.0,SDAN_3,Spectra_5,2000,2847,1547,41,36,0.5575409956614457,0.02597343876267638
Micro-PVM,2.0,SDAN_3,Spectra_6,2000,2847,1547,41,36,0.5885726891683212,0.033070533626079555
Micro-PVM,2.0,SDAN_3,Spectra_7,2000,2847,1547,41,36,0.5908890359585264,0.032956214374907394
Micro-PVM,2.0,SDAN_3,Spectra_8,2000,2847,1547,41,36,0.5374108390322818,0.025449352900303174
Micro-PVM,2.0,SDAN_3,Spectra_9,2000,2847,1547,41,36,0.5892345025369512,0.035672782511490364
Micro-PVM,2.0,SDAN_3,Spectra_10,2000,2847,1547,41,36,0.43859842635487906,0.019455100401403316
Micro-PVM,2.0,SDAN_3,Spectra_11,2000,2847,1547,41,36,0.7163394367232885,0.07531743781512114
Micro-PVM,2.0,SDAN_3,Spectra_12,2000,2847,1547,41,36,0.6383741451577322,0.033786581318127624
Micro-PVM,2.0,SDAN_3,Spectra_13,2000,2847,1547,41,36,0.5765313626001911,0.028969668250778874
Micro-PVM,2.0,SDAN_3,Spectra_14,2000,2847,1547,41,36,0.674810647841753,0.05200168887108504
Micro-PVM,2.0,SDAN_3,Spectra_15,2000,2847,1547,41,36,0.6085557761600118,0.05071011031443627
Micro-PVM,2.0,SDAN_3,Spectra_16,2000,2847,1547,41,36,0.8411280241194206,0.21164815057239683
Micro-PVM,2.0,SDAN_3,Spectra_17,2000,2847,1547,41,36,0.5209941907493199,0.02293001344645212
Micro-PVM,2.0,SDAN_3,Spectra_18,2000,2847,1547,41,36,0.27211559673505403,0.015137949582530242
Micro-PVM,2.0,SDAN_3,Spectra_19,2000,2847,1547,41,36,0.6185013603941466,0.037713539697657714
Micro-PVM,2.0,SDAN_3,Spectra_20,2000,2847,1547,41,36,0.600356643870873,0.04110344743434785
Micro-PVM,2.0,SDAN_3,Spectra_21,2000,2847,1547,41,36,0.5490477240973601,0.02649549368995347
Micro-PVM,2.0,SDAN_3,Spectra_22,2000,2847,1547,41,36,0.3135708507978528,0.01608713755551967
Micro-PVM,2.0,SDAN_3,Spectra_23,2000,2847,1547,41,36,0.4767078461651592,0.022020180146267623
Micro-PVM,2.0,SDAN_3,Spectra_24,2000,2847,1547,41,36,0.6223987057871903,0.0423023989018827
Micro-PVM,2.0,SDAN_3,Spectra_25,2000,2847,1547,41,36,0.4831789102139864,0.022501717411949472
Micro-PVM,2.0,SDAN_3,Spectra_26,2000,2847,1547,41,36,0.5419148466799029,0.02485067983764113
Micro-PVM,2.0,SDAN_3,Spectra_27,2000,2847,1547,41,36,0.4105265093021546,0.0201100785802942
Micro-PVM,2.0,SDAN_3,Spectra_28,2000,2847,1547,41,36,0.5866607838811677,0.029175908800268796
Micro-PVM,2.0,SDAN_3,Spectra_29,2000,2847,1547,41,36,0.564140745643062,0.033522721142145884
Micro-PVM,2.0,SDAN_3,Spectra_30,2000,2847,1547,41,36,0.4938966100448562,0.02148761944468673
Micro-PVM,2.0,SDAN_3,Spectra_31,2000,2847,1547,41,36,0.41295315832046475,0.01879581033551405
Micro-PVM,2.0,SDAN_3,Spectra_32,2000,2847,1547,41,36,0.30520626516655636,0.01573906703008778
Micro-PVM,2.0,SDAN_3,Spectra_33,2000,2847,1547,41,36,0.39629752187660855,0.018051294725949917
Micro-PVM,2.0,SDAN_3,Spectra_34,2000,2847,1547,41,36,0.2602029560997132,0.014927695971194343
Micro-PVM,2.0,SDAN_3,Spectra_35,2000,2847,1547,41,36,0.5363262004559158,0.023822690322855083
Micro-PVM,2.0,SDAN_3,Spectra_36,2000,2847,1547,41,36,0.629936024707699,0.032237645232025505
Micro-PVM,2.0,SDAN_3,Spectra_37,2000,2847,1547,41,36,0.5198727847635856,0.02300051619604774
Micro-PVM,2.0,SDAN_3,Spectra_38,2000,2847,1547,41,36,0.5578719023457608,0.024754154556357093
Micro-PVM,2.0,SDAN_3,Spectra_39,2000,2847,1547,41,36,0.4118133686300463,0.018644833310108293
Micro-PVM,2.0,SDAN_4,Spectra_0,2000,2847,1547,41,33,0.5630078859933549,0.025565956062045987
Micro-PVM,2.0,SDAN_4,Spectra_1,2000,2847,1547,41,33,0.6891837796725512,0.03997854036573362
Micro-PVM,2.0,SDAN_4,Spectra_2,2000,2847,1547,41,33,0.546995716744726,0.023567892333276483
Micro-PVM,2.0,SDAN_4,Spectra_3,2000,2847,1547,41,33,0.5622673231656059,0.025060828597536222
Micro-PVM,2.0,SDAN_4,Spectra_4,2000,2847,1547,41,33,0.6591809775429326,0.036675837239590385
Micro-PVM,2.0,SDAN_4,Spectra_5,2000,2847,1547,41,33,0.5892278131379849,0.03301332222501467
Micro-PVM,2.0,SDAN_4,Spectra_6,2000,2847,1547,41,33,0.5041231335815219,0.02013711351016339
Micro-PVM,2.0,SDAN_4,Spectra_7,2000,2847,1547,41,33,0.6077418838317121,0.030623725846358682
Micro-PVM,2.0,SDAN_4,Spectra_8,2000,2847,1547,41,33,0.4980785396901645,0.019757060710069777
Micro-PVM,2.0,SDAN_4,Spectra_9,2000,2847,1547,41,33,0.4829470397502102,0.019859121169349455
Micro-PVM,2.0,SDAN_4,Spectra_10,2000,2847,1547,41,33,0.6882430647291942,0.043590570051164484
Micro-PVM,2.0,SDAN_4,Spectra_11,2000,2847,1547,41,33,0.5155518193827309,0.02250025294157406
Micro-PVM,2.0,SDAN_4,Spectra_12,2000,2847,1547,41,33,0.5648292702453865,0.025661456468404408
Micro-PVM,2.0,SDAN_4,Spectra_13,2000,2847,1547,41,33,0.6495736759937553,0.031012617671230088
Micro-PVM,2.0,SDAN_4,Spectra_14,2000,2847,1547,41,33,0.6171490332652816,0.03794854037959316
Micro-PVM,2.0,SDAN_4,Spectra_15,2000,2847,1547,41,33,0.5517193066730716,0.023796908725996872
Micro-PVM,2.0,SDAN_4,Spectra_16,2000,2847,1547,41,33,0.5583043112765702,0.02294698097953645
Micro-PVM,2.0,SDAN_4,Spectra_17,2000,2847,1547,41,33,0.5207157439654138,0.022214372358992093
Micro-PVM,2.0,SDAN_4,Spectra_18,2000,2847,1547,41,33,0.45630679316280376,0.01844700130807952
Micro-PVM,2.0,SDAN_4,Spectra_19,2000,2847,1547,41,33,0.5591849805852448,0.023818515549962567
Micro-PVM,2.0,SDAN_4,Spectra_20,2000,2847,1547,41,33,0.5910091669668948,0.025589352105837546
Micro-PVM,2.0,SDAN_4,Spectra_21,2000,2847,1547,41,33,0.7095392498298707,0.04105446097084797
Micro-PVM,2.0,SDAN_4,Spectra_22,2000,2847,1547,41,33,0.4904727592970658,0.019984381383118956
Micro-PVM,2.0,SDAN_4,Spectra_23,2000,2847,1547,41,33,0.6274968976422081,0.03385515330049753
Micro-PVM,2.0,SDAN_4,Spectra_24,2000,2847,1547,41,33,0.5225771586405669,0.022145697708488062
Micro-PVM,2.0,SDAN_4,Spectra_25,2000,2847,1547,41,33,0.5411112445458548,0.02559461331695173
Micro-PVM,2.0,SDAN_4,Spectra_26,2000,2847,1547,41,33,0.6321204115127497,0.05645992293539402
Micro-PVM,2.0,SDAN_4,Spectra_27,2000,2847,1547,41,33,0.573215643889356,0.02555741352543692
Micro-PVM,2.0,SDAN_4,Spectra_28,2000,2847,1547,41,33,0.6155077859172972,0.034827342378348725
Micro-PVM,2.0,SDAN_4,Spectra_29,2000,2847,1547,41,33,0.5381089628117369,0.023131741992175436
Micro-PVM,2.0,SDAN_4,Spectra_30,2000,2847,1547,41,33,0.5279212201272967,0.022206360419570508
Micro-PVM,2.0,SDAN_4,Spectra_31,2000,2847,1547,41,33,0.5010808214242826,0.022275217728858574
Micro-PVM,2.0,SDAN_4,Spectra_32,2000,2847,1547,41,33,0.4743204835675113,0.023380887428703475
Micro-PVM,2.0,SDAN_4,Spectra_33,2000,2847,1547,41,33,0.5381489932348585,0.022601676503483693
Micro-PVM,2.0,SDAN_4,Spectra_34,2000,2847,1547,41,33,0.3943597133821704,0.0165608744600087
Micro-PVM,2.0,SDAN_4,Spectra_35,2000,2847,1547,41,33,0.3539089708178215,0.01543694154668324
Micro-PVM,2.0,SDAN_4,Spectra_36,2000,2847,1547,41,33,0.5269204595492574,0.021081145879278656
Micro-PVM,2.0,SDAN_4,Spectra_37,2000,2847,1547,41,33,0.5716944878107362,0.024316721356729555
Micro-PVM,2.0,SDAN_4,Spectra_38,2000,2847,1547,41,33,0.4834474200392298,0.02002338253369947
Micro-PVM,2.0,SDAN_4,Spectra_39,2000,2847,1547,41,33,0.22715263600336255,0.01309603465307418
Micro-PVM,2.0,SDAN_5,Spectra_0,2000,2847,1547,42,25,0.5351905387647832,0.020023874783827687
Micro-PVM,2.0,SDAN_5,Spectra_1,2000,2847,1547,42,25,0.4221813403416557,0.013358805961127715
Micro-PVM,2.0,SDAN_5,Spectra_2,2000,2847,1547,42,25,0.42420499342969775,0.013902055927680776
Micro-PVM,2.0,SDAN_5,Spectra_3,2000,2847,1547,42,25,0.6162680683311432,0.021620550887621204
Micro-PVM,2.0,SDAN_5,Spectra_4,2000,2847,1547,42,25,0.3757161629434954,0.012280683967755474
Micro-PVM,2.0,SDAN_5,Spectra_5,2000,2847,1547,42,25,0.404257555847569,0.012833069260551534
Micro-PVM,2.0,SDAN_5,Spectra_6,2000,2847,1547,42,25,0.2885676741130092,0.010797600485401047
Micro-PVM,2.0,SDAN_5,Spectra_7,2000,2847,1547,42,25,0.551011826544021,0.02441284762409414
Micro-PVM,2.0,SDAN_5,Spectra_8,2000,2847,1547,42,25,0.32465177398160316,0.01146787162360546
Micro-PVM,2.0,SDAN_5,Spectra_9,2000,2847,1547,42,25,0.5026018396846255,0.017288610540370872
Micro-PVM,2.0,SDAN_5,Spectra_10,2000,2847,1547,42,25,0.39272010512483574,0.012682762004783485
Micro-PVM,2.0,SDAN_5,Spectra_11,2000,2847,1547,42,25,0.6919842312746387,0.11465326527312564
Micro-PVM,2.0,SDAN_5,Spectra_12,2000,2847,1547,42,25,0.3511695137976347,0.012043245564292353
Micro-PVM,2.0,SDAN_5,Spectra_13,2000,2847,1547,42,25,0.3209198423127464,0.011532581436355993
Micro-PVM,2.0,SDAN_5,Spectra_14,2000,2847,1547,42,25,0.4319053876478318,0.018405980508246756
Micro-PVM,2.0,SDAN_5,Spectra_15,2000,2847,1547,42,25,0.46888304862023655,0.0784791760683319
Micro-PVM,2.0,SDAN_5,Spectra_16,2000,2847,1547,42,25,0.6261498028909329,0.025473583165069636
Micro-PVM,2.0,SDAN_5,Spectra_17,2000,2847,1547,42,25,0.3904336399474376,0.012919418588404487
Micro-PVM,2.0,SDAN_5,Spectra_18,2000,2847,1547,42,25,0.23876478318002625,0.010223475376654788
Micro-PVM,2.0,SDAN_5,Spectra_19,2000,2847,1547,42,25,0.2942969776609724,0.011305033084797786
Micro-PVM,2.0,SDAN_5,Spectra_20,2000,2847,1547,42,25,0.438791064388962,0.023586868839323205
Micro-PVM,2.0,SDAN_5,Spectra_21,2000,2847,1547,42,25,0.5195006570302233,0.017796606053070235
Micro-PVM,2.0,SDAN_5,Spectra_22,2000,2847,1547,42,25,0.25017082785808153,0.01041955461506557
Micro-PVM,2.0,SDAN_5,Spectra_23,2000,2847,1547,42,25,0.4716162943495401,0.01486683844259671
Micro-PVM,2.0,SDAN_5,Spectra_24,2000,2847,1547,42,25,0.5445992115637319,0.03856203910056968
Micro-PVM,2.0,SDAN_5,Spectra_25,2000,2847,1547,42,25,0.3988699080157687,0.03370338903508346
Micro-PVM,2.0,SDAN_5,Spectra_26,2000,2847,1547,42,25,0.49116951379763474,0.03997922016747525
Micro-PVM,2.0,SDAN_5,Spectra_27,2000,2847,1547,42,25,0.45653088042049933,0.02740146503112549
Micro-PVM,2.0,SDAN_5,Spectra_28,2000,2847,1547,42,25,0.5048620236530881,0.01845534536604659
Micro-PVM,2.0,SDAN_5,Spectra_29,2000,2847,1547,42,25,0.49059132720105125,0.06951402679651136
Micro-PVM,2.0,SDAN_5,Spectra_30,2000,2847,1547,42,25,0.32386333771353476,0.013350863772969948
Micro-PVM,2.0,SDAN_5,Spectra_31,2000,2847,1547,42,25,0.18299605781865963,0.00953860819028596
Micro-PVM,2.0,SDAN_5,Spectra_32,2000,2847,1547,42,25,0.1695137976346912,0.009418701884246263
Micro-PVM,2.0,SDAN_5,Spectra_33,2000,2847,1547,42,25,0.26204993429697765,0.010517252669821736
Micro-PVM,2.0,SDAN_5,Spectra_34,2000,2847,1547,42,25,0.10354796320630749,0.009052316091229622
Micro-PVM,2.0,SDAN_5,Spectra_35,2000,2847,1547,42,25,0.1480946123521682,0.009298440663495174
Micro-PVM,2.0,SDAN_5,Spectra_36,2000,2847,1547,42,25,0.35508541392904075,0.011834009896109159
Micro-PVM,2.0,SDAN_5,Spectra_37,2000,2847,1547,42,25,0.296557161629435,0.01092106041603854
Micro-PVM,2.0,SDAN_5,Spectra_38,2000,2847,1547,42,25,0.40722733245729303,0.013219890786432252
Micro-PVM,2.0,SDAN_5,Spectra_39,2000,2847,1547,42,25,0.24260183968462548,0.010185520302965333
Micro-PVM,2.0,SDAN_6,Spectra_0,2000,2847,1547,39,28,0.4836828740712875,0.01984262284498704
Micro-PVM,2.0,SDAN_6,Spectra_1,2000,2847,1547,39,28,0.5287077964826483,0.024106678827109203
Micro-PVM,2.0,SDAN_6,Spectra_2,2000,2847,1547,39,28,0.3826060378068278,0.013832334928934048
Micro-PVM,2.0,SDAN_6,Spectra_3,2000,2847,1547,39,28,0.3958431298786796,0.014452941714661898
Micro-PVM,2.0,SDAN_6,Spectra_4,2000,2847,1547,39,28,0.4608765165052196,0.01770409752038848
Micro-PVM,2.0,SDAN_6,Spectra_5,2000,2847,1547,39,28,0.4577964826483589,0.01607278799283005
Micro-PVM,2.0,SDAN_6,Spectra_6,2000,2847,1547,39,28,0.2976112103827706,0.012557082566917555
Micro-PVM,2.0,SDAN_6,Spectra_7,2000,2847,1547,39,28,0.489795918367347,0.024631957865237208
Micro-PVM,2.0,SDAN_6,Spectra_8,2000,2847,1547,39,28,0.608412489419731,0.023304362311344227
Micro-PVM,2.0,SDAN_6,Spectra_9,2000,2847,1547,39,28,0.39537289570205963,0.014757064611252257
Micro-PVM,2.0,SDAN_6,Spectra_10,2000,2847,1547,39,28,0.37021536725289195,0.013632183521947755
Micro-PVM,2.0,SDAN_6,Spectra_11,2000,2847,1547,39,28,0.4841531082479075,0.018751295479462637
Micro-PVM,2.0,SDAN_6,Spectra_12,2000,2847,1547,39,28,0.4136650051725759,0.01534759939745029
Micro-PVM,2.0,SDAN_6,Spectra_13,2000,2847,1547,39,28,0.41091413523934917,0.02647495884244829
Micro-PVM,2.0,SDAN_6,Spectra_14,2000,2847,1547,39,28,0.43647136273864384,0.01864191103490507
Micro-PVM,2.0,SDAN_6,Spectra_15,2000,2847,1547,39,28,0.3346186400827612,0.012943869413820683
Micro-PVM,2.0,SDAN_6,Spectra_16,2000,2847,1547,39,28,0.46529671776544723,0.017428639166379413
Micro-PVM,2.0,SDAN_6,Spectra_17,2000,2847,1547,39,28,0.3858271419166745,0.014263264187433893
Micro-PVM,2.0,SDAN_6,Spectra_18,2000,2847,1547,39,28,0.3283175021160538,0.012649305268429802
Micro-PVM,2.0,SDAN_6,Spectra_19,2000,2847,1547,39,28,0.45410514436189225,0.020529954606909553
Micro-PVM,2.0,SDAN_6,Spectra_20,2000,2847,1547,39,28,0.39393868146336875,0.014257806639509003
Micro-PVM,2.0,SDAN_6,Spectra_21,2000,2847,1547,39,28,0.5127433461864008,0.01823651494019262
Micro-PVM,2.0,SDAN_6,Spectra_22,2000,2847,1547,39,28,0.29960970563340544,0.012157018248943333
Micro-PVM,2.0,SDAN_6,Spectra_23,2000,2847,1547,39,28,0.40877456973572845,0.015062559292843215
Micro-PVM,2.0,SDAN_6,Spectra_24,2000,2847,1547,39,28,0.4113373459983072,0.014573331819272964
Micro-PVM,2.0,SDAN_6,Spectra_25,2000,2847,1547,39,28,0.4215884510486222,0.018135530574116092
Micro-PVM,2.0,SDAN_6,Spectra_26,2000,2847,1547,39,28,0.40174456879526,0.015104940938713432
Micro-PVM,2.0,SDAN_6,Spectra_27,2000,2847,1547,39,28,0.4064469105614596,0.015657254880327827
Micro-PVM,2.0,SDAN_6,Spectra_28,2000,2847,1547,39,28,0.37830339509075517,0.01380304459275056
Micro-PVM,2.0,SDAN_6,Spectra_29,2000,2847,1547,39,28,0.467977052572181,0.01769708818100381
Micro-PVM,2.0,SDAN_6,Spectra_30,2000,2847,1547,39,28,0.3515235587322487,0.01312775750383021
Micro-PVM,2.0,SDAN_6,Spectra_31,2000,2847,1547,39,28,0.5399463933038653,0.019902748932448294
Micro-PVM,2.0,SDAN_6,Spectra_32,2000,2847,1547,39,28,0.6963697921564939,0.06507072352561864
Micro-PVM,2.0,SDAN_6,Spectra_33,2000,2847,1547,39,28,0.6955703940562401,0.044117838893868284
Micro-PVM,2.0,SDAN_6,Spectra_34,2000,2847,1547,39,28,0.38333490078058874,0.014023257388880873
Micro-PVM,2.0,SDAN_6,Spectra_35,2000,2847,1547,39,28,0.576977334712687,0.029398299829655937
Micro-PVM,2.0,SDAN_6,Spectra_36,2000,2847,1547,39,28,0.6518621273394151,0.05925007207469698
Micro-PVM,2.0,SDAN_6,Spectra_37,2000,2847,1547,39,28,0.6049327565127434,0.033195781362381764
Micro-PVM,2.0,SDAN_6,Spectra_38,2000,2847,1547,39,28,0.5786936894573498,0.03910493524950821
Micro-PVM,2.0,SDAN_6,Spectra_39,2000,2847,1547,39,28,0.6349336969810966,0.034094345944735205
Micro-PVM,2.0,SDAN_7,Spectra_0,2000,2847,1547,38,27,0.41800682261208577,0.014637587690959224
Micro-PVM,2.0,SDAN_7,Spectra_1,2000,2847,1547,38,27,0.31771442495126706,0.019341700944879792
Micro-PVM,2.0,SDAN_7,Spectra_2,2000,2847,1547,38,27,0.24512670565302147,0.011184498649937567
Micro-PVM,2.0,SDAN_7,Spectra_3,2000,2847,1547,38,27,0.37853313840155944,0.01359732098879201
Micro-PVM,2.0,SDAN_7,Spectra_4,2000,2847,1547,38,27,0.20214424951267057,0.010620955196494676
Micro-PVM,2.0,SDAN_7,Spectra_5,2000,2847,1547,38,27,0.32731481481481484,0.014475376515187391
Micro-PVM,2.0,SDAN_7,Spectra_6,2000,2847,1547,38,27,0.3150828460038986,0.03672983302469675
Micro-PVM,2.0,SDAN_7,Spectra_7,2000,2847,1547,38,27,0.3263157894736842,0.012328261336147037
Micro-PVM,2.0,SDAN_7,Spectra_8,2000,2847,1547,38,27,0.43503898635477584,0.014921866602351275
Micro-PVM,2.0,SDAN_7,Spectra_9,2000,2847,1547,38,27,0.3716374269005848,0.02338461607363708
Micro-PVM,2.0,SDAN_7,Spectra_10,2000,2847,1547,38,27,0.35555555555555557,0.012833444214125111
Micro-PVM,2.0,SDAN_7,Spectra_11,2000,2847,1547,38,27,0.2923245614035088,0.011708609992388172
Micro-PVM,2.0,SDAN_7,Spectra_12,2000,2847,1547,38,27,0.4581871345029239,0.017391041038039342
Micro-PVM,2.0,SDAN_7,Spectra_13,2000,2847,1547,38,27,0.5243664717348928,0.02211918718052197
Micro-PVM,2.0,SDAN_7,Spectra_14,2000,2847,1547,38,27,0.24100877192982453,0.010976546148558822
Micro-PVM,2.0,SDAN_7,Spectra_15,2000,2847,1547,38,27,0.27010233918128657,0.011445849284841186
Micro-PVM,2.0,SDAN_7,Spectra_16,2000,2847,1547,38,27,0.3519736842105263,0.012724130741236543
Micro-PVM,2.0,SDAN_7,Spectra_17,2000,2847,1547,38,27,0.25903996101364524,0.013076987035020552
Micro-PVM,2.0,SDAN_7,Spectra_18,2000,2847,1547,38,27,0.2191276803118908,0.01070795152688499
Micro-PVM,2.0,SDAN_7,Spectra_19,2000,2847,1547,38,27,0.455896686159844,0.02030605692672649
Micro-PVM,2.0,SDAN_7,Spectra_20,2000,2847,1547,38,27,0.3389619883040935,0.013450568230912917
Micro-PVM,2.0,SDAN_7,Spectra_21,2000,2847,1547,38,27,0.44615009746588696,0.016785862826034774
Micro-PVM,2.0,SDAN_7,Spectra_22,2000,2847,1547,38,27,0.2421052631578947,0.010895607421546685
Micro-PVM,2.0,SDAN_7,Spectra_23,2000,2847,1547,38,27,0.25974658869395706,0.015714913983518677
Micro-PVM,2.0,SDAN_7,Spectra_24,2000,2847,1547,38,27,0.4002436647173489,0.013885796539151344
Micro-PVM,2.0,SDAN_7,Spectra_25,2000,2847,1547,38,27,0.28723196881091617,0.011912772746290852
Micro-PVM,2.0,SDAN_7,Spectra_26,2000,2847,1547,38,27,0.28647660818713444,0.011701484806724618
Micro-PVM,2.0,SDAN_7,Spectra_27,2000,2847,1547,38,27,0.2777534113060429,0.012957321082799626
Micro-PVM,2.0,SDAN_7,Spectra_28,2000,2847,1547,38,27,0.38328460038986356,0.01955526409700651
Micro-PVM,2.0,SDAN_7,Spectra_29,2000,2847,1547,38,27,0.33150584795321636,0.012361716651464764
Micro-PVM,2.0,SDAN_7,Spectra_30,2000,2847,1547,38,27,0.4439327485380117,0.015996214461046807
Micro-PVM,2.0,SDAN_7,Spectra_31,2000,2847,1547,38,27,0.47461013645224176,0.023736058255560633
Micro-PVM,2.0,SDAN_7,Spectra_32,2000,2847,1547,38,27,0.23784113060428852,0.011053246985384546
Micro-PVM,2.0,SDAN_7,Spectra_33,2000,2847,1547,38,27,0.43983918128654964,0.015153629769472418
Micro-PVM,2.0,SDAN_7,Spectra_34,2000,2847,1547,38,27,0.284990253411306,0.011513961276381822
Micro-PVM,2.0,SDAN_7,Spectra_35,2000,2847,1547,38,27,0.486817738791423,0.019901827363412786
Micro-PVM,2.0,SDAN_7,Spectra_36,2000,2847,1547,38,27,0.34824561403508775,0.012640132046474326
Micro-PVM,2.0,SDAN_7,Spectra_37,2000,2847,1547,38,27,0.5116471734892788,0.03480838743355329
Micro-PVM,2.0,SDAN_7,Spectra_38,2000,2847,1547,38,27,0.43920565302144243,0.023016258717214855
Micro-PVM,2.0,SDAN_7,Spectra_39,2000,2847,1547,38,27,0.6203216374269005,0.028796635926059036
Micro-PVM,2.0,SDAN_8,Spectra_0,2000,2847,1547,41,31,0.4600178738616052,0.019192937728043584
Micro-PVM,2.0,SDAN_8,Spectra_1,2000,2847,1547,41,31,0.5913269214401226,0.03822407760480505
Micro-PVM,2.0,SDAN_8,Spectra_2,2000,2847,1547,41,31,0.42856838879904674,0.019799723322990962
Micro-PVM,2.0,SDAN_8,Spectra_3,2000,2847,1547,41,31,0.48316878032172955,0.021210923034228328
Micro-PVM,2.0,SDAN_8,Spectra_4,2000,2847,1547,41,31,0.4467827049110562,0.01742055558616934
Micro-PVM,2.0,SDAN_8,Spectra_5,2000,2847,1547,41,31,0.5731764405481318,0.04819201409728724
Micro-PVM,2.0,SDAN_8,Spectra_6,2000,2847,1547,41,31,0.39152268278151325,0.015585140726200972
Micro-PVM,2.0,SDAN_8,Spectra_7,2000,2847,1547,41,31,0.5366626946974211,0.02188187497626798
Micro-PVM,2.0,SDAN_8,Spectra_8,2000,2847,1547,41,31,0.49170142139756573,0.018702403972614697
Micro-PVM,2.0,SDAN_8,Spectra_9,2000,2847,1547,41,31,0.4674440377904502,0.01897848187157692
Micro-PVM,2.0,SDAN_8,Spectra_10,2000,2847,1547,41,31,0.6350966039662951,0.033578052887628544
Micro-PVM,2.0,SDAN_8,Spectra_11,2000,2847,1547,41,31,0.3886075410673249,0.015336448952603558
Micro-PVM,2.0,SDAN_8,Spectra_12,2000,2847,1547,41,31,0.5045748574346753,0.019799607734682017
Micro-PVM,2.0,SDAN_8,Spectra_13,2000,2847,1547,41,31,0.4966167333390076,0.024662324495485752
Micro-PVM,2.0,SDAN_8,Spectra_14,2000,2847,1547,41,31,0.5075112775555366,0.02486236084481588
Micro-PVM,2.0,SDAN_8,Spectra_15,2000,2847,1547,41,31,0.44325048940335343,0.018356416869047355
Micro-PVM,2.0,SDAN_8,Spectra_16,2000,2847,1547,41,31,0.39926802281045193,0.015586657357390033
Micro-PVM,2.0,SDAN_8,Spectra_17,2000,2847,1547,41,31,0.4161205208953953,0.016641637743752147
Micro-PVM,2.0,SDAN_8,Spectra_18,2000,2847,1547,41,31,0.2689377819388884,0.012938532721079053
Micro-PVM,2.0,SDAN_8,Spectra_19,2000,2847,1547,41,31,0.43614350157460213,0.01803199527746329
Micro-PVM,2.0,SDAN_8,Spectra_20,2000,2847,1547,41,31,0.5188526683121968,0.02128572432073618
Micro-PVM,2.0,SDAN_8,Spectra_21,2000,2847,1547,41,31,0.6437143586688229,0.054153944623488326
Micro-PVM,2.0,SDAN_8,Spectra_22,2000,2847,1547,41,31,0.3096433739041621,0.013760500641471067
Micro-PVM,2.0,SDAN_8,Spectra_23,2000,2847,1547,41,31,0.5584517831304792,0.02335383742122871
Micro-PVM,2.0,SDAN_8,Spectra_24,2000,2847,1547,41,31,0.49899991488637335,0.019980374891439695
Micro-PVM,2.0,SDAN_8,Spectra_25,2000,2847,1547,41,31,0.46199676568218573,0.024251150789270592
Micro-PVM,2.0,SDAN_8,Spectra_26,2000,2847,1547,41,31,0.5314069282492127,0.023600972633065823
Micro-PVM,2.0,SDAN_8,Spectra_27,2000,2847,1547,41,31,0.46286918035577496,0.018885602761997904
Micro-PVM,2.0,SDAN_8,Spectra_28,2000,2847,1547,41,31,0.5603030045110222,0.025992007457727322
Micro-PVM,2.0,SDAN_8,Spectra_29,2000,2847,1547,41,31,0.509745510256192,0.02281256633242321
Micro-PVM,2.0,SDAN_8,Spectra_30,2000,2847,1547,41,31,0.5410460464720401,0.023846637885279832
Micro-PVM,2.0,SDAN_8,Spectra_31,2000,2847,1547,41,31,0.6536513745850712,0.04784364887447591
Micro-PVM,2.0,SDAN_8,Spectra_32,2000,2847,1547,41,31,0.4019916588645842,0.01677253222715345
Micro-PVM,2.0,SDAN_8,Spectra_33,2000,2847,1547,41,31,0.5777087411694611,0.02401837141777939
Micro-PVM,2.0,SDAN_8,Spectra_34,2000,2847,1547,41,31,0.3090688569239935,0.013692615828601866
Micro-PVM,2.0,SDAN_8,Spectra_35,2000,2847,1547,41,31,0.49378670525151075,0.018925059238712058
Micro-PVM,2.0,SDAN_8,Spectra_36,2000,2847,1547,41,31,0.457528300280875,0.017283266767613166
Micro-PVM,2.0,SDAN_8,Spectra_37,2000,2847,1547,41,31,0.6186696740148098,0.02665183810289429
Micro-PVM,2.0,SDAN_8,Spectra_38,2000,2847,1547,41,31,0.6396927398076433,0.05477522846008692
Micro-PVM,2.0,SDAN_8,Spectra_39,2000,2847,1547,41,31,0.4155247255085539,0.016240814778559032
Micro-PVM,2.0,SDAN_9,Spectra_0,2000,2847,1547,38,28,0.46454434308285525,0.016129852143029318
Micro-PVM,2.0,SDAN_9,Spectra_1,2000,2847,1547,38,28,0.4257030000940468,0.01585788634104942
Micro-PVM,2.0,SDAN_9,Spectra_2,2000,2847,1547,38,28,0.5393586005830904,0.02280207566678104
Micro-PVM,2.0,SDAN_9,Spectra_3,2000,2847,1547,38,28,0.5773535220539829,0.024586107142184878
Micro-PVM,2.0,SDAN_9,Spectra_4,2000,2847,1547,38,28,0.41723878491488764,0.014970519397617232
Micro-PVM,2.0,SDAN_9,Spectra_5,2000,2847,1547,38,28,0.4471691902567479,0.019749950874432858
Micro-PVM,2.0,SDAN_9,Spectra_6,2000,2847,1547,38,28,0.6183579422552431,0.04218520411990912
Micro-PVM,2.0,SDAN_9,Spectra_7,2000,2847,1547,38,28,0.3557791780306593,0.01338532960821177
Micro-PVM,2.0,SDAN_9,Spectra_8,2000,2847,1547,38,28,0.35631994733377226,0.013943009182632572
Micro-PVM,2.0,SDAN_9,Spectra_9,2000,2847,1547,38,28,0.4049421611962758,0.0144845114758106
Micro-PVM,2.0,SDAN_9,Spectra_10,2000,2847,1547,38,28,0.4534233048057933,0.019672164125662757
Micro-PVM,2.0,SDAN_9,Spectra_11,2000,2847,1547,38,28,0.4714332737703376,0.01869825143770964
Micro-PVM,2.0,SDAN_9,Spectra_12,2000,2847,1547,38,28,0.3566020878397441,0.013245200976908253
Micro-PVM,2.0,SDAN_9,Spectra_13,2000,2847,1547,38,28,0.4049186494874447,0.01456590217450687
Micro-PVM,2.0,SDAN_9,Spectra_14,2000,2847,1547,38,28,0.4419260791874353,0.016380269696780497
Micro-PVM,2.0,SDAN_9,Spectra_15,2000,2847,1547,38,28,0.42109470516317127,0.014707802954979218
Micro-PVM,2.0,SDAN_9,Spectra_16,2000,2847,1547,38,28,0.5203611398476441,0.019369122103090934
Micro-PVM,2.0,SDAN_9,Spectra_17,2000,2847,1547,38,28,0.760556757265118,0.3236725010873516
Micro-PVM,2.0,SDAN_9,Spectra_18,2000,2847,1547,38,28,0.3767045988902473,0.013626641116270632
Micro-PVM,2.0,SDAN_9,Spectra_19,2000,2847,1547,38,28,0.37174362832690677,0.014040357047566607
Micro-PVM,2.0,SDAN_9,Spectra_20,2000,2847,1547,38,28,0.38702623906705536,0.013892001358320956
Micro-PVM,2.0,SDAN_9,Spectra_21,2000,2847,1547,38,28,0.3609282422646478,0.015964424502191925
Micro-PVM,2.0,SDAN_9,Spectra_22,2000,2847,1547,38,28,0.5306827800244522,0.01962658887928256
Micro-PVM,2.0,SDAN_9,Spectra_23,2000,2847,1547,38,28,0.47980344211417286,0.022208021863668832
Micro-PVM,2.0,SDAN_9,Spectra_24,2000,2847,1547,38,28,0.3578482084077871,0.013298015105615275
Micro-PVM,2.0,SDAN_9,Spectra_25,2000,2847,1547,38,28,0.3971362738643845,0.014268259146535045
Micro-PVM,2.0,SDAN_9,Spectra_26,2000,2847,1547,38,28,0.45450484341201924,0.020231826820021327
Micro-PVM,2.0,SDAN_9,Spectra_27,2000,2847,1547,38,28,0.44354838709677413,0.015568412010644184
Micro-PVM,2.0,SDAN_9,Spectra_28,2000,2847,1547,38,28,0.3796670742029531,0.014100035186482295
Micro-PVM,2.0,SDAN_9,Spectra_29,2000,2847,1547,38,28,0.37717483306686733,0.014004854840075614
Micro-PVM,2.0,SDAN_9,Spectra_30,2000,2847,1547,38,28,0.5638107777673281,0.025020785445170182
Micro-PVM,2.0,SDAN_9,Spectra_31,2000,2847,1547,38,28,0.5289429135709584,0.018758125882934188
Micro-PVM,2.0,SDAN_9,Spectra_32,2000,2847,1547,38,28,0.5034562211981567,0.01876521061549106
Micro-PVM,2.0,SDAN_9,Spectra_33,2000,2847,1547,38,28,0.38135991723878493,0.013903911420979857
Micro-PVM,2.0,SDAN_9,Spectra_34,2000,2847,1547,38,28,0.5987256653813599,0.025116115367040788
Micro-PVM,2.0,SDAN_9,Spectra_35,2000,2847,1547,38,28,0.5822204457819995,0.02903376427601671
Micro-PVM,2.0,SDAN_9,Spectra_36,2000,2847,1547,38,28,0.2909809084924292,0.011991656591933937
Micro-PVM,2.0,SDAN_9,Spectra_37,2000,2847,1547,38,28,0.4262672811059908,0.017052274951751194
Micro-PVM,2.0,SDAN_9,Spectra_38,2000,2847,1547,38,28,0.4921470892504467,0.017342214335390505
Micro-PVM,2.0,SDAN_9,Spectra_39,2000,2847,1547,38,28,0.3419072698203705,0.013188263253998333
Micro-PVM,2.0,SDAN_10,Spectra_0,2000,2847,1547,37,31,0.3034300791556728,0.01352862288332244
Micro-PVM,2.0,SDAN_10,Spectra_1,2000,2847,1547,37,31,0.5774321218827134,0.03076165097924878
Micro-PVM,2.0,SDAN_10,Spectra_2,2000,2847,1547,37,31,0.5372159332709168,0.021329220785092654
Micro-PVM,2.0,SDAN_10,Spectra_3,2000,2847,1547,37,31,0.4183760320027236,0.021475638972279887
Micro-PVM,2.0,SDAN_10,Spectra_4,2000,2847,1547,37,31,0.4971699719125032,0.018637499928547917
Micro-PVM,2.0,SDAN_10,Spectra_5,2000,2847,1547,37,31,0.6459273129628054,0.045059933390521584
Micro-PVM,2.0,SDAN_10,Spectra_6,2000,2847,1547,37,31,0.5321091156694187,0.02115481106398134
Micro-PVM,2.0,SDAN_10,Spectra_7,2000,2847,1547,37,31,0.5775597923227509,0.03375940860949851
Micro-PVM,2.0,SDAN_10,Spectra_8,2000,2847,1547,37,31,0.4699548897778535,0.017892131163833952
Micro-PVM,2.0,SDAN_10,Spectra_9,2000,2847,1547,37,31,0.4487190399182909,0.01882401441503487
Micro-PVM,2.0,SDAN_10,Spectra_10,2000,2847,1547,37,31,0.6223508383692229,0.03591334640908686
Micro-PVM,2.0,SDAN_10,Spectra_11,2000,2847,1547,37,31,0.3775002127840667,0.01505296843413051
Micro-PVM,2.0,SDAN_10,Spectra_12,2000,2847,1547,37,31,0.49236105200442587,0.03558794818409156
Micro-PVM,2.0,SDAN_10,Spectra_13,2000,2847,1547,37,31,0.6530130223848838,0.03156892113400721
Micro-PVM,2.0,SDAN_10,Spectra_14,2000,2847,1547,37,31,0.5538982041024768,0.024070777449813965
Micro-PVM,2.0,SDAN_10,Spectra_15,2000,2847,1547,37,31,0.5375351093710103,0.021766820951772993
Micro-PVM,2.0,SDAN_10,Spectra_16,2000,2847,1547,37,31,0.3271555025959656,0.014022833540250223
Micro-PVM,2.0,SDAN_10,Spectra_17,2000,2847,1547,37,31,0.5770278321559282,0.025157375456913714
Micro-PVM,2.0,SDAN_10,Spectra_18,2000,2847,1547,37,31,0.6053281130308963,0.024428617440383583
Micro-PVM,2.0,SDAN_10,Spectra_19,2000,2847,1547,37,31,0.5503872670014469,0.021689173431216978
Micro-PVM,2.0,SDAN_10,Spectra_20,2000,2847,1547,37,31,0.5298748829687633,0.021681196004142537
Micro-PVM,2.0,SDAN_10,Spectra_21,2000,2847,1547,37,31,0.613499021193293,0.03149450423194768
Micro-PVM,2.0,SDAN_10,Spectra_22,2000,2847,1547,37,31,0.6382245297472126,0.029784084782328284
Micro-PVM,2.0,SDAN_10,Spectra_23,2000,2847,1547,37,31,0.5556217550429825,0.026364606900746445
Micro-PVM,2.0,SDAN_10,Spectra_24,2000,2847,1547,37,31,0.4612094646352881,0.017753404170480592
Micro-PVM,2.0,SDAN_10,Spectra_25,2000,2847,1547,37,31,0.6551834198655204,0.03794298817750705
Micro-PVM,2.0,SDAN_10,Spectra_26,2000,2847,1547,37,31,0.6886117967486594,0.048257305611812844
Micro-PVM,2.0,SDAN_10,Spectra_27,2000,2847,1547,37,31,0.584496552898119,0.02571755273702748
Micro-PVM,2.0,SDAN_10,Spectra_28,2000,2847,1547,37,31,0.5248744574006299,0.02159365309096372
Micro-PVM,2.0,SDAN_10,Spectra_29,2000,2847,1547,37,31,0.5493659034811473,0.02339041092915498
Micro-PVM,2.0,SDAN_10,Spectra_30,2000,2847,1547,37,31,0.5162354242914291,0.021169805315999827
Micro-PVM,2.0,SDAN_10,Spectra_31,2000,2847,1547,37,31,0.6463103242829177,0.041270090656920916
Micro-PVM,2.0,SDAN_10,Spectra_32,2000,2847,1547,37,31,0.6339688484126309,0.03251659373123539
Micro-PVM,2.0,SDAN_10,Spectra_33,2000,2847,1547,37,31,0.7560643459017788,0.043080277016734884
Micro-PVM,2.0,SDAN_10,Spectra_34,2000,2847,1547,37,31,0.6684824240360883,0.030937045148744728
Micro-PVM,2.0,SDAN_10,Spectra_35,2000,2847,1547,37,31,0.6435015746020938,0.037171025736283295
Micro-PVM,2.0,SDAN_10,Spectra_36,2000,2847,1547,37,31,0.5730700485147673,0.022720257438607165
Micro-PVM,2.0,SDAN_10,Spectra_37,2000,2847,1547,37,31,0.6497787045706018,0.04384110114959887
Micro-PVM,2.0,SDAN_10,Spectra_38,2000,2847,1547,37,31,0.5820495361307345,0.02635917458905957
Micro-PVM,2.0,SDAN_10,Spectra_39,2000,2847,1547,37,31,0.517171674185037,0.02067781534085968
Micro-PVM,2.0,SDAN_11,Spectra_0,2000,2847,1547,39,30,0.5594594594594594,0.02303839359337069
Micro-PVM,2.0,SDAN_11,Spectra_1,2000,2847,1547,39,30,0.6277301691935838,0.041241190474668024
Micro-PVM,2.0,SDAN_11,Spectra_2,2000,2847,1547,39,30,0.6506482091847946,0.02954282950367973
Micro-PVM,2.0,SDAN_11,Spectra_3,2000,2847,1547,39,30,0.6386288727752143,0.04662960698225205
Micro-PVM,2.0,SDAN_11,Spectra_4,2000,2847,1547,39,30,0.609448472863107,0.024834857760388525
Micro-PVM,2.0,SDAN_11,Spectra_5,2000,2847,1547,39,30,0.7197099538562953,0.03996380933232147
Micro-PVM,2.0,SDAN_11,Spectra_6,2000,2847,1547,39,30,0.5754779169413315,0.022581382531950966
Micro-PVM,2.0,SDAN_11,Spectra_7,2000,2847,1547,39,30,0.6263238848604702,0.03415440352170589
Micro-PVM,2.0,SDAN_11,Spectra_8,2000,2847,1547,39,30,0.5558778290485608,0.02398263086986302
Micro-PVM,2.0,SDAN_11,Spectra_9,2000,2847,1547,39,30,0.5953197099538563,0.028873851709388366
Micro-PVM,2.0,SDAN_11,Spectra_10,2000,2847,1547,39,30,0.5021533728850802,0.018334811363305913
Micro-PVM,2.0,SDAN_11,Spectra_11,2000,2847,1547,39,30,0.6133597011645792,0.03394579089470868
Micro-PVM,2.0,SDAN_11,Spectra_12,2000,2847,1547,39,30,0.5946605141727093,0.026371731903882752
Micro-PVM,2.0,SDAN_11,Spectra_13,2000,2847,1547,39,30,0.6593276203032301,0.03583955730723058
Micro-PVM,2.0,SDAN_11,Spectra_14,2000,2847,1547,39,30,0.6755218633267415,0.033258925048516894
Micro-PVM,2.0,SDAN_11,Spectra_15,2000,2847,1547,39,30,0.6508679411118437,0.03502237684925143
Micro-PVM,2.0,SDAN_11,Spectra_16,2000,2847,1547,39,30,0.7512854317732367,0.0625811405363121
Micro-PVM,2.0,SDAN_11,Spectra_17,2000,2847,1547,39,30,0.5647989452867501,0.021022142623390593
Micro-PVM,2.0,SDAN_11,Spectra_18,2000,2847,1547,39,30,0.4764007910349373,0.017449633324739443
Micro-PVM,2.0,SDAN_11,Spectra_19,2000,2847,1547,39,30,0.6761810591078884,0.03289885114663776
Micro-PVM,2.0,SDAN_11,Spectra_20,2000,2847,1547,39,30,0.6173368490441662,0.036827012316696446
Micro-PVM,2.0,SDAN_11,Spectra_21,2000,2847,1547,39,30,0.6322127005053835,0.03528575473584527
Micro-PVM,2.0,SDAN_11,Spectra_22,2000,2847,1547,39,30,0.5025269171610636,0.018812194808575752
Micro-PVM,2.0,SDAN_11,Spectra_23,2000,2847,1547,39,30,0.5349154032080861,0.019900332531177678
Micro-PVM,2.0,SDAN_11,Spectra_24,2000,2847,1547,39,30,0.5758734344100198,0.033573249565879204
Micro-PVM,2.0,SDAN_11,Spectra_25,2000,2847,1547,39,30,0.5132058888156449,0.020245041668311207
Micro-PVM,2.0,SDAN_11,Spectra_26,2000,2847,1547,39,30,0.5694792353328939,0.02429454036270995
Micro-PVM,2.0,SDAN_11,Spectra_27,2000,2847,1547,39,30,0.5639859371566689,0.0280067785836078
Micro-PVM,2.0,SDAN_11,Spectra_28,2000,2847,1547,39,30,0.6152274225444958,0.026334964904606274
Micro-PVM,2.0,SDAN_11,Spectra_29,2000,2847,1547,39,30,0.6488903537684024,0.04048830767648155
Micro-PVM,2.0,SDAN_11,Spectra_30,2000,2847,1547,39,30,0.45266974291364537,0.017298714828557958
Micro-PVM,2.0,SDAN_11,Spectra_31,2000,2847,1547,39,30,0.5625796528235553,0.029658671813045302
Micro-PVM,2.0,SDAN_11,Spectra_32,2000,2847,1547,39,30,0.42935618545374643,0.01816751133671462
Micro-PVM,2.0,SDAN_11,Spectra_33,2000,2847,1547,39,30,0.6511975390024171,0.04049193389863023
Micro-PVM,2.0,SDAN_11,Spectra_34,2000,2847,1547,39,30,0.4874972533509119,0.017939346522119044
Micro-PVM,2.0,SDAN_11,Spectra_35,2000,2847,1547,39,30,0.5581190947044605,0.02426258767320428
Micro-PVM,2.0,SDAN_11,Spectra_36,2000,2847,1547,39,30,0.6535047242364316,0.04275474946820422
Micro-PVM,2.0,SDAN_11,Spectra_37,2000,2847,1547,39,30,0.44902219292463197,0.01664854432662511
Micro-PVM,2.0,SDAN_11,Spectra_38,2000,2847,1547,39,30,0.4905295539441882,0.020062511614877543
Micro-PVM,2.0,SDAN_11,Spectra_39,2000,2847,1547,39,30,0.4815864645132938,0.01829732743458371
Micro-PVM,2.0,SDAN_12,Spectra_0,2000,2847,1547,39,35,0.6100529100529101,0.0358108635966596
Micro-PVM,2.0,SDAN_12,Spectra_1,2000,2847,1547,39,35,0.6131330309901739,0.02865614912106432
Micro-PVM,2.0,SDAN_12,Spectra_2,2000,2847,1547,39,35,0.6215419501133786,0.033413753890686626
Micro-PVM,2.0,SDAN_12,Spectra_3,2000,2847,1547,39,35,0.6395124716553288,0.03469450682090068
Micro-PVM,2.0,SDAN_12,Spectra_4,2000,2847,1547,39,35,0.5898526077097506,0.028267442752669576
Micro-PVM,2.0,SDAN_12,Spectra_5,2000,2847,1547,39,35,0.6936318972033259,0.041218033758240145
Micro-PVM,2.0,SDAN_12,Spectra_6,2000,2847,1547,39,35,0.6421012849584279,0.0666322646562947
Micro-PVM,2.0,SDAN_12,Spectra_7,2000,2847,1547,39,35,0.6159297052154195,0.029582690421233456
Micro-PVM,2.0,SDAN_12,Spectra_8,2000,2847,1547,39,35,0.56645880574452,0.027120775744504534
Micro-PVM,2.0,SDAN_12,Spectra_9,2000,2847,1547,39,35,0.5262849584278155,0.023843993074425127
Micro-PVM,2.0,SDAN_12,Spectra_10,2000,2847,1547,39,35,0.6243764172335601,0.030380821075123687
Micro-PVM,2.0,SDAN_12,Spectra_11,2000,2847,1547,39,35,0.5635298563869992,0.0303466392966504
Micro-PVM,2.0,SDAN_12,Spectra_12,2000,2847,1547,39,35,0.5639077853363568,0.026304034916916054
Micro-PVM,2.0,SDAN_12,Spectra_13,2000,2847,1547,39,35,0.6326152683295541,0.036659708993989876
Micro-PVM,2.0,SDAN_12,Spectra_14,2000,2847,1547,39,35,0.6548752834467121,0.03447888754892468
Micro-PVM,2.0,SDAN_12,Spectra_15,2000,2847,1547,39,35,0.6419312169312169,0.0456675522839582
Micro-PVM,2.0,SDAN_12,Spectra_16,2000,2847,1547,39,35,0.5901738473167044,0.03122618353793885
Micro-PVM,2.0,SDAN_12,Spectra_17,2000,2847,1547,39,35,0.7448412698412699,0.05175014082851212
Micro-PVM,2.0,SDAN_12,Spectra_18,2000,2847,1547,39,35,0.7014361300075586,0.03775040740483866
Micro-PVM,2.0,SDAN_12,Spectra_19,2000,2847,1547,39,35,0.7407596371882086,0.06466324884731982
Micro-PVM,2.0,SDAN_12,Spectra_20,2000,2847,1547,39,35,0.6246409674981104,0.03725435367025578
Micro-PVM,2.0,SDAN_12,Spectra_21,2000,2847,1547,39,35,0.48972033257747544,0.02465289686433589
Micro-PVM,2.0,SDAN_12,Spectra_22,2000,2847,1547,39,35,0.6245275888133031,0.030504587845324806
Micro-PVM,2.0,SDAN_12,Spectra_23,2000,2847,1547,39,35,0.5663454270597128,0.02826794221240643
Micro-PVM,2.0,SDAN_12,Spectra_24,2000,2847,1547,39,35,0.6325396825396826,0.04742864590581106
Micro-PVM,2.0,SDAN_12,Spectra_25,2000,2847,1547,39,35,0.6205026455026456,0.031106999390460254
Micro-PVM,2.0,SDAN_12,Spectra_26,2000,2847,1547,39,35,0.5833900226757369,0.03482335102066218
Micro-PVM,2.0,SDAN_12,Spectra_27,2000,2847,1547,39,35,0.629875283446712,0.031563462878344925
Micro-PVM,2.0,SDAN_12,Spectra_28,2000,2847,1547,39,35,0.5891534391534391,0.0314185032785414
Micro-PVM,2.0,SDAN_12,Spectra_29,2000,2847,1547,39,35,0.6371504157218443,0.0349592542282138
Micro-PVM,2.0,SDAN_12,Spectra_30,2000,2847,1547,39,35,0.7433295540438398,0.06311608525899577
Micro-PVM,2.0,SDAN_12,Spectra_31,2000,2847,1547,39,35,0.6855631141345426,0.046136658216698975
Micro-PVM,2.0,SDAN_12,Spectra_32,2000,2847,1547,39,35,0.6625661375661376,0.033605598248633406
Micro-PVM,2.0,SDAN_12,Spectra_33,2000,2847,1547,39,35,0.6998299319727891,0.04383886750439108
Micro-PVM,2.0,SDAN_12,Spectra_34,2000,2847,1547,39,35,0.7604497354497355,0.04940789204424548
Micro-PVM,2.0,SDAN_12,Spectra_35,2000,2847,1547,39,35,0.7786092214663644,0.08467372082623889
Micro-PVM,2.0,SDAN_12,Spectra_36,2000,2847,1547,39,35,0.7250944822373394,0.11632764531771739
Micro-PVM,2.0,SDAN_12,Spectra_37,2000,2847,1547,39,35,0.586583522297808,0.028419660960423383
Micro-PVM,2.0,SDAN_12,Spectra_38,2000,2847,1547,39,35,0.7006235827664399,0.04577421485861755
Micro-PVM,2.0,SDAN_12,Spectra_39,2000,2847,1547,39,35,0.6806689342403629,0.04620506705102724
Micro-PVM,2.0,SDAN_13,Spectra_0,2000,2847,1547,39,35,0.5760770975056689,0.026292782588280772
Micro-PVM,2.0,SDAN_13,Spectra_1,2000,2847,1547,39,35,0.6069349962207105,0.029522348820630817
Micro-PVM,2.0,SDAN_13,Spectra_2,2000,2847,1547,39,35,0.6188208616780045,0.031221012166689252
Micro-PVM,2.0,SDAN_13,Spectra_3,2000,2847,1547,39,35,0.4870937263794407,0.049149707717663686
Micro-PVM,2.0,SDAN_13,Spectra_4,2000,2847,1547,39,35,0.6080498866213152,0.031042940228516034
Micro-PVM,2.0,SDAN_13,Spectra_5,2000,2847,1547,39,35,0.6013038548752834,0.03134065285422185
Micro-PVM,2.0,SDAN_13,Spectra_6,2000,2847,1547,39,35,0.6457671957671958,0.03261862954696339
Micro-PVM,2.0,SDAN_13,Spectra_7,2000,2847,1547,39,35,0.6476379440665155,0.04016480426882901
Micro-PVM,2.0,SDAN_13,Spectra_8,2000,2847,1547,39,35,0.5770030234315948,0.03187989478163425
Micro-PVM,2.0,SDAN_13,Spectra_9,2000,2847,1547,39,35,0.5646825396825397,0.02655585933222265
Micro-PVM,2.0,SDAN_13,Spectra_10,2000,2847,1547,39,35,0.7090513983371125,0.05471942385460925
Micro-PVM,2.0,SDAN_13,Spectra_11,2000,2847,1547,39,35,0.5989417989417989,0.02754307163390801
Micro-PVM,2.0,SDAN_13,Spectra_12,2000,2847,1547,39,35,0.47605820105820107,0.02052991752615406
Micro-PVM,2.0,SDAN_13,Spectra_13,2000,2847,1547,39,35,0.6667044595616025,0.038438162765353695
Micro-PVM,2.0,SDAN_13,Spectra_14,2000,2847,1547,39,35,0.6174603174603174,0.03277015603854818
Micro-PVM,2.0,SDAN_13,Spectra_15,2000,2847,1547,39,35,0.6717309145880574,0.03816922462072486
Micro-PVM,2.0,SDAN_13,Spectra_16,2000,2847,1547,39,35,0.5216175359032502,0.022754883746872553
Micro-PVM,2.0,SDAN_13,Spectra_17,2000,2847,1547,39,35,0.6535525321239607,0.03957413760140059
Micro-PVM,2.0,SDAN_13,Spectra_18,2000,2847,1547,39,35,0.5967309145880575,0.027040765561839285
Micro-PVM,2.0,SDAN_13,Spectra_19,2000,2847,1547,39,35,0.5595238095238095,0.025314279061880506
Micro-PVM,2.0,SDAN_13,Spectra_20,2000,2847,1547,39,35,0.6311413454270598,0.032761960777629606
Micro-PVM,2.0,SDAN_13,Spectra_21,2000,2847,1547,39,35,0.5936885865457293,0.029312753642772298
Micro-PVM,2.0,SDAN_13,Spectra_22,2000,2847,1547,39,35,0.5432728647014362,0.024475963115467438
Micro-PVM,2.0,SDAN_13,Spectra_23,2000,2847,1547,39,35,0.6834656084656084,0.03981439609594612
Micro-PVM,2.0,SDAN_13,Spectra_24,2000,2847,1547,39,35,0.5912509448223734,0.03365935023993759
Micro-PVM,2.0,SDAN_13,Spectra_25,2000,2847,1547,39,35,0.6212207105064248,0.030805614680140602
Micro-PVM,2.0,SDAN_13,Spectra_26,2000,2847,1547,39,35,0.5921957671957672,0.02864772496824641
Micro-PVM,2.0,SDAN_13,Spectra_27,2000,2847,1547,39,35,0.6918367346938775,0.039971448087599074
Micro-PVM,2.0,SDAN_13,Spectra_28,2000,2847,1547,39,35,0.5162320483749055,0.022581325718068444
Micro-PVM,2.0,SDAN_13,Spectra_29,2000,2847,1547,39,35,0.6079365079365079,0.03225607021521537
Micro-PVM,2.0,SDAN_13,Spectra_30,2000,2847,1547,39,35,0.7149470899470899,0.0711403429403911
Micro-PVM,2.0,SDAN_13,Spectra_31,2000,2847,1547,39,35,0.5983182161753591,0.03207254779344495
Micro-PVM,2.0,SDAN_13,Spectra_32,2000,2847,1547,39,35,0.6198034769463341,0.0350064144163424
Micro-PVM,2.0,SDAN_13,Spectra_33,2000,2847,1547,39,35,0.4794028722600151,0.021153704720103632
Micro-PVM,2.0,SDAN_13,Spectra_34,2000,2847,1547,39,35,0.6126984126984127,0.029088001574873415
Micro-PVM,2.0,SDAN_13,Spectra_35,2000,2847,1547,39,35,0.46511715797430087,0.020370650495378097
Micro-PVM,2.0,SDAN_13,Spectra_36,2000,2847,1547,39,35,0.5496598639455783,0.026047240359796556
Micro-PVM,2.0,SDAN_13,Spectra_37,2000,2847,1547,39,35,0.5126984126984128,0.02571327055481851
Micro-PVM,2.0,SDAN_13,Spectra_38,2000,2847,1547,39,35,0.5839191232048374,0.060558518142281303
Micro-PVM,2.0,SDAN_13,Spectra_39,2000,2847,1547,39,35,0.663246409674981,0.04079672681538103
Micro-PVM,2.0,SDAN_14,Spectra_0,2000,2847,1547,37,31,0.5237892586603115,0.0541741369772796
Micro-PVM,2.0,SDAN_14,Spectra_1,2000,2847,1547,37,31,0.4806579283343263,0.019167717321429006
Micro-PVM,2.0,SDAN_14,Spectra_2,2000,2847,1547,37,31,0.5645799642522767,0.035532949616992625
Micro-PVM,2.0,SDAN_14,Spectra_3,2000,2847,1547,37,31,0.41446080517490846,0.01718451550150668
Micro-PVM,2.0,SDAN_14,Spectra_4,2000,2847,1547,37,31,0.6306494169716571,0.052099019882262114
Micro-PVM,2.0,SDAN_14,Spectra_5,2000,2847,1547,37,31,0.47176355434505063,0.018189514153798898
Micro-PVM,2.0,SDAN_14,Spectra_6,2000,2847,1547,37,31,0.6141160949868074,0.030652282456945658
Micro-PVM,2.0,SDAN_14,Spectra_7,2000,2847,1547,37,31,0.5470891139671461,0.028286826765101976
Micro-PVM,2.0,SDAN_14,Spectra_8,2000,2847,1547,37,31,0.5240233211337135,0.02317048118916206
Micro-PVM,2.0,SDAN_14,Spectra_9,2000,2847,1547,37,31,0.5201719295259171,0.030769420547052777
Micro-PVM,2.0,SDAN_14,Spectra_10,2000,2847,1547,37,31,0.45695378330070646,0.017884115591403696
Micro-PVM,2.0,SDAN_14,Spectra_11,2000,2847,1547,37,31,0.6389054387607456,0.03389298001860169
Micro-PVM,2.0,SDAN_14,Spectra_12,2000,2847,1547,37,31,0.4680823899906375,0.01805894160426503
Micro-PVM,2.0,SDAN_14,Spectra_13,2000,2847,1547,37,31,0.522044429313133,0.0222912334923452
Micro-PVM,2.0,SDAN_14,Spectra_14,2000,2847,1547,37,31,0.533619882543195,0.024487285678697054
Micro-PVM,2.0,SDAN_14,Spectra_15,2000,2847,1547,37,31,0.587752149119074,0.02484274913542365
Micro-PVM,2.0,SDAN_14,Spectra_16,2000,2847,1547,37,31,0.6334156098391353,0.03603654488931821
Micro-PVM,2.0,SDAN_14,Spectra_17,2000,2847,1547,37,31,0.45986892501489485,0.017724585257126217
Micro-PVM,2.0,SDAN_14,Spectra_18,2000,2847,1547,37,31,0.6170312367009958,0.02778316161284939
Micro-PVM,2.0,SDAN_14,Spectra_19,2000,2847,1547,37,31,0.45369818707975146,0.025881885915858827
Micro-PVM,2.0,SDAN_14,Spectra_20,2000,2847,1547,37,31,0.5124053110903055,0.02085003188611775
Micro-PVM,2.0,SDAN_14,Spectra_21,2000,2847,1547,37,31,0.44242063154311007,0.018800595508470228
Micro-PVM,2.0,SDAN_14,Spectra_22,2000,2847,1547,37,31,0.5438547961528641,0.021370330724755325
Micro-PVM,2.0,SDAN_14,Spectra_23,2000,2847,1547,37,31,0.5659630606860159,0.02874745646259061
Micro-PVM,2.0,SDAN_14,Spectra_24,2000,2847,1547,37,31,0.524129713167078,0.022646629608980923
Micro-PVM,2.0,SDAN_14,Spectra_25,2000,2847,1547,37,31,0.5057026129883394,0.02247443987343052
Micro-PVM,2.0,SDAN_14,Spectra_26,2000,2847,1547,37,31,0.506745254915312,0.022666680500596975
Micro-PVM,2.0,SDAN_14,Spectra_27,2000,2847,1547,37,31,0.5504936590348115,0.034753712276422696
Micro-PVM,2.0,SDAN_14,Spectra_28,2000,2847,1547,37,31,0.42329134394416545,0.01725215346145091
Micro-PVM,2.0,SDAN_14,Spectra_29,2000,2847,1547,37,31,0.5626436292450422,0.028108036161929473
Micro-PVM,2.0,SDAN_14,Spectra_30,2000,2847,1547,37,31,0.4174397821091157,0.01628950289810422
Micro-PVM,2.0,SDAN_14,Spectra_31,2000,2847,1547,37,31,0.39490594944250573,0.01594441951309627
Micro-PVM,2.0,SDAN_14,Spectra_32,2000,2847,1547,37,31,0.5099157375095753,0.019329692915373085
Micro-PVM,2.0,SDAN_14,Spectra_33,2000,2847,1547,37,31,0.3173461571197549,0.013771329676067232
Micro-PVM,2.0,SDAN_14,Spectra_34,2000,2847,1547,37,31,0.47293386671206056,0.017748177254209765
Micro-PVM,2.0,SDAN_14,Spectra_35,2000,2847,1547,37,31,0.36737169120776236,0.014855980917605108
Micro-PVM,2.0,SDAN_14,Spectra_36,2000,2847,1547,37,31,0.3992893012171248,0.015644576725204584
Micro-PVM,2.0,SDAN_14,Spectra_37,2000,2847,1547,37,31,0.42818537747893437,0.01686084566153937
Micro-PVM,2.0,SDAN_14,Spectra_38,2000,2847,1547,37,31,0.3929483360285982,0.015528954649588207
Micro-PVM,2.0,SDAN_14,Spectra_39,2000,2847,1547,37,31,0.4544854881266491,0.01743324236812472
Micro-PVM,2.0,SDAN_15,Spectra_0,2000,2847,1547,39,36,0.5145047429958085,0.02303633030914623
Micro-PVM,2.0,SDAN_15,Spectra_1,2000,2847,1547,39,36,0.6307081403044341,0.03720558189011023
Micro-PVM,2.0,SDAN_15,Spectra_2,2000,2847,1547,39,36,0.587671887638797,0.026775878812068426
Micro-PVM,2.0,SDAN_15,Spectra_3,2000,2847,1547,39,36,0.5493418633723068,0.029220999935647474
Micro-PVM,2.0,SDAN_15,Spectra_4,2000,2847,1547,39,36,0.6750312522979631,0.04166412846061418
Micro-PVM,2.0,SDAN_15,Spectra_5,2000,2847,1547,39,36,0.623262739907346,0.029948952234949488
Micro-PVM,2.0,SDAN_15,Spectra_6,2000,2847,1547,39,36,0.523310537539525,0.02292645969200994
Micro-PVM,2.0,SDAN_15,Spectra_7,2000,2847,1547,39,36,0.655544525332745,0.039047821475676044
Micro-PVM,2.0,SDAN_15,Spectra_8,2000,2847,1547,39,36,0.5452606809324215,0.0246850616641282
Micro-PVM,2.0,SDAN_15,Spectra_9,2000,2847,1547,39,36,0.5531656739466138,0.029164618095580703
Micro-PVM,2.0,SDAN_15,Spectra_10,2000,2847,1547,39,36,0.6063497315979116,0.03194399813275291
Micro-PVM,2.0,SDAN_15,Spectra_11,2000,2847,1547,39,36,0.6810611074343702,0.04495318430226552
Micro-PVM,2.0,SDAN_15,Spectra_12,2000,2847,1547,39,36,0.544782704610633,0.025939941948831355
Micro-PVM,2.0,SDAN_15,Spectra_13,2000,2847,1547,39,36,0.5755937936612986,0.02901737892637327
Micro-PVM,2.0,SDAN_15,Spectra_14,2000,2847,1547,39,36,0.6754356938010148,0.05080119449610505
Micro-PVM,2.0,SDAN_15,Spectra_15,2000,2847,1547,39,36,0.5702257518935215,0.028024169874406174
Micro-PVM,2.0,SDAN_15,Spectra_16,2000,2847,1547,39,36,0.5700786822560482,0.028666484968109827
Micro-PVM,2.0,SDAN_15,Spectra_17,2000,2847,1547,39,36,0.6036657107140231,0.028229390102311177
Micro-PVM,2.0,SDAN_15,Spectra_18,2000,2847,1547,39,36,0.5489741892786234,0.024209906007722052
Micro-PVM,2.0,SDAN_15,Spectra_19,2000,2847,1547,39,36,0.6050444885653357,0.040073361444956226
Micro-PVM,2.0,SDAN_15,Spectra_20,2000,2847,1547,39,36,0.5590484594455474,0.02522611062215032
Micro-PVM,2.0,SDAN_15,Spectra_21,2000,2847,1547,39,36,0.5265828369733069,0.02404207695737682
Micro-PVM,2.0,SDAN_15,Spectra_22,2000,2847,1547,39,36,0.48170821383925283,0.02165857539460432
Micro-PVM,2.0,SDAN_15,Spectra_23,2000,2847,1547,39,36,0.628502095742334,0.037324569378371156
Micro-PVM,2.0,SDAN_15,Spectra_24,2000,2847,1547,39,36,0.4897970439002868,0.024861984810448205
Micro-PVM,2.0,SDAN_15,Spectra_25,2000,2847,1547,39,36,0.6371792043532613,0.06762244069329046
Micro-PVM,2.0,SDAN_15,Spectra_26,2000,2847,1547,39,36,0.573884109125671,0.028442803821076036
Micro-PVM,2.0,SDAN_15,Spectra_27,2000,2847,1547,39,36,0.49141480991249353,0.021792445270859974
Micro-PVM,2.0,SDAN_15,Spectra_28,2000,2847,1547,39,36,0.5319324950363997,0.023988874664627027
Micro-PVM,2.0,SDAN_15,Spectra_29,2000,2847,1547,39,36,0.6152106772556806,0.030240506140228593
Micro-PVM,2.0,SDAN_15,Spectra_30,2000,2847,1547,39,36,0.6976983601735423,0.061119702479355366
Micro-PVM,2.0,SDAN_15,Spectra_31,2000,2847,1547,39,36,0.6128207956467387,0.031114609157895518
Micro-PVM,2.0,SDAN_15,Spectra_32,2000,2847,1547,39,36,0.7755349658063093,0.1028429076246329
Micro-PVM,2.0,SDAN_15,Spectra_33,2000,2847,1547,39,36,0.6076549746304876,0.03230270318516602
Micro-PVM,2.0,SDAN_15,Spectra_34,2000,2847,1547,39,36,0.51314434884918,0.02281991051525619
Micro-PVM,2.0,SDAN_15,Spectra_35,2000,2847,1547,39,36,0.5760350025737188,0.03221408782976041
Micro-PVM,2.0,SDAN_15,Spectra_36,2000,2847,1547,39,36,0.6817229208030001,0.07333377286185418
Micro-PVM,2.0,SDAN_15,Spectra_37,2000,2847,1547,39,36,0.6521803073755423,0.039051227943848014
Micro-PVM,2.0,SDAN_15,Spectra_38,2000,2847,1547,39,36,0.6728987425545996,0.049245600413141605
Micro-PVM,2.0,SDAN_15,Spectra_39,2000,2847,1547,39,36,0.6451577321861901,0.033743353924061345
Micro-PVM,2.0,SDAN_16,Spectra_0,2000,2847,1547,38,21,0.46436372714223306,0.013063053670982185
Micro-PVM,2.0,SDAN_16,Spectra_1,2000,2847,1547,38,21,0.43156712226174876,0.013958363021425623
Micro-PVM,2.0,SDAN_16,Spectra_2,2000,2847,1547,38,21,0.29916370217811894,0.00928076223142449
Micro-PVM,2.0,SDAN_16,Spectra_3,2000,2847,1547,38,21,0.5317980403170444,0.023348188711970762
Micro-PVM,2.0,SDAN_16,Spectra_4,2000,2847,1547,38,21,0.2787555389128128,0.009229460241304444
Micro-PVM,2.0,SDAN_16,Spectra_5,2000,2847,1547,38,21,0.36232291081570245,0.016392627035773266
Micro-PVM,2.0,SDAN_16,Spectra_6,2000,2847,1547,38,21,0.23353928727454287,0.008801558902629892
Micro-PVM,2.0,SDAN_16,Spectra_7,2000,2847,1547,38,21,0.36563065593209765,0.012030953316870839
Micro-PVM,2.0,SDAN_16,Spectra_8,2000,2847,1547,38,21,0.24224552206203584,0.008586773846373508
Micro-PVM,2.0,SDAN_16,Spectra_9,2000,2847,1547,38,21,0.5079885165075204,0.019613405347159784
Micro-PVM,2.0,SDAN_16,Spectra_10,2000,2847,1547,38,21,0.3348935904637085,0.009799711270099579
Micro-PVM,2.0,SDAN_16,Spectra_11,2000,2847,1547,38,21,0.35992011483492475,0.0103655231095469
Micro-PVM,2.0,SDAN_16,Spectra_12,2000,2847,1547,38,21,0.473382013355801,0.014056895652251641
Micro-PVM,2.0,SDAN_16,Spectra_13,2000,2847,1547,38,21,0.3742120701491606,0.01113300711388759
Micro-PVM,2.0,SDAN_16,Spectra_14,2000,2847,1547,38,21,0.3284029208013481,0.009653515752257284
Micro-PVM,2.0,SDAN_16,Spectra_15,2000,2847,1547,38,21,0.318323659739125,0.009927620307092256
Micro-PVM,2.0,SDAN_16,Spectra_16,2000,2847,1547,38,21,0.5024027959807776,0.014250410605848637
Micro-PVM,2.0,SDAN_16,Spectra_17,2000,2847,1547,38,21,0.23850090494913562,0.008796007714268686
Micro-PVM,2.0,SDAN_16,Spectra_18,2000,2847,1547,38,21,0.1271609561255695,0.007761338694217001
Micro-PVM,2.0,SDAN_16,Spectra_19,2000,2847,1547,38,21,0.41181426699120016,0.012664125592390893
Micro-PVM,2.0,SDAN_16,Spectra_20,2000,2847,1547,38,21,0.39399613056231675,0.020920881195487344
Micro-PVM,2.0,SDAN_16,Spectra_21,2000,2847,1547,38,21,0.6011046620483056,0.06013052997507047
Micro-PVM,2.0,SDAN_16,Spectra_22,2000,2847,1547,38,21,0.2201834862385321,0.008541726956219027
Micro-PVM,2.0,SDAN_16,Spectra_23,2000,2847,1547,38,21,0.35651875429070706,0.010402424292686214
Micro-PVM,2.0,SDAN_16,Spectra_24,2000,2847,1547,38,21,0.4312862759782812,0.01159001461486708
Micro-PVM,2.0,SDAN_16,Spectra_25,2000,2847,1547,38,21,0.3614179616800849,0.012433662133822708
Micro-PVM,2.0,SDAN_16,Spectra_26,2000,2847,1547,38,21,0.4311926605504587,0.020002081580684884
Micro-PVM,2.0,SDAN_16,Spectra_27,2000,2847,1547,38,21,0.3347063596080634,0.009966538166587269
Micro-PVM,2.0,SDAN_16,Spectra_28,2000,2847,1547,38,21,0.5657492354740061,0.016345412216282315
Micro-PVM,2.0,SDAN_16,Spectra_29,2000,2847,1547,38,21,0.4423016913187293,0.011931047453765019
Micro-PVM,2.0,SDAN_16,Spectra_30,2000,2847,1547,38,21,0.24265118891593335,0.008670623652154055
Micro-PVM,2.0,SDAN_16,Spectra_31,2000,2847,1547,38,21,0.19621793671597076,0.008140368235408266
Micro-PVM,2.0,SDAN_16,Spectra_32,2000,2847,1547,38,21,0.10584784372464583,0.007629419670625393
Micro-PVM,2.0,SDAN_16,Spectra_33,2000,2847,1547,38,21,0.3582038319915122,0.010230097694699042
Micro-PVM,2.0,SDAN_16,Spectra_34,2000,2847,1547,38,21,0.1436684765649379,0.00778386235296503
Micro-PVM,2.0,SDAN_16,Spectra_35,2000,2847,1547,38,21,0.2525744242651189,0.008822285393033279
Micro-PVM,2.0,SDAN_16,Spectra_36,2000,2847,1547,38,21,0.2777257692067653,0.00899167822900139
Micro-PVM,2.0,SDAN_16,Spectra_37,2000,2847,1547,38,21,0.46292829058228796,0.013117356817450783
Micro-PVM,2.0,SDAN_16,Spectra_38,2000,2847,1547,38,21,0.3230668414154652,0.00966983389570921
Micro-PVM,2.0,SDAN_16,Spectra_39,2000,2847,1547,38,21,0.3216626099981276,0.009586818866873485
Micro-PVM,2.0,SDAN_17,Spectra_0,2000,2847,1547,39,38,0.6512155139339402,0.04534171128660196
Micro-PVM,2.0,SDAN_17,Spectra_1,2000,2847,1547,39,38,0.5624847406787346,0.031249374228376304
Micro-PVM,2.0,SDAN_17,Spectra_2,2000,2847,1547,39,38,0.6537442014579191,0.0544095438663368
Micro-PVM,2.0,SDAN_17,Spectra_3,2000,2847,1547,39,38,0.5443653866276028,0.026999220197671817
Micro-PVM,2.0,SDAN_17,Spectra_4,2000,2847,1547,39,38,0.6429667608384779,0.04422608448187246
Micro-PVM,2.0,SDAN_17,Spectra_5,2000,2847,1547,39,38,0.6281434201806704,0.037578008099610184
Micro-PVM,2.0,SDAN_17,Spectra_6,2000,2847,1547,39,38,0.6175403718042621,0.03275518303391438
Micro-PVM,2.0,SDAN_17,Spectra_7,2000,2847,1547,39,38,0.5957064629765267,0.039496744457043556
Micro-PVM,2.0,SDAN_17,Spectra_8,2000,2847,1547,39,38,0.5755815981305151,0.030543719391297245
Micro-PVM,2.0,SDAN_17,Spectra_9,2000,2847,1547,39,38,0.567280527362143,0.040498713609561206
Micro-PVM,2.0,SDAN_17,Spectra_10,2000,2847,1547,39,38,0.60153116389383,0.039245174141973774
Micro-PVM,2.0,SDAN_17,Spectra_11,2000,2847,1547,39,38,0.5349133270552127,0.025579735548077274
Micro-PVM,2.0,SDAN_17,Spectra_12,2000,2847,1547,39,38,0.5754246451117855,0.02937604816022371
Micro-PVM,2.0,SDAN_17,Spectra_13,2000,2847,1547,39,38,0.6023682466603886,0.04532851237103021
Micro-PVM,2.0,SDAN_17,Spectra_14,2000,2847,1547,39,38,0.6378047504447002,0.050879274026592786
Micro-PVM,2.0,SDAN_17,Spectra_15,2000,2847,1547,39,38,0.6194586864776255,0.04205857121734124
Micro-PVM,2.0,SDAN_17,Spectra_16,2000,2847,1547,39,38,0.6997488751700325,0.047900272149178226
Micro-PVM,2.0,SDAN_17,Spectra_17,2000,2847,1547,39,38,0.6288584283771058,0.034303545618585535
Micro-PVM,2.0,SDAN_17,Spectra_18,2000,2847,1547,39,38,0.6110355411391302,0.03135885919967312
Micro-PVM,2.0,SDAN_17,Spectra_19,2000,2847,1547,39,38,0.6573366816643995,0.03838215858432274
Micro-PVM,2.0,SDAN_17,Spectra_20,2000,2847,1547,39,38,0.6290328206201388,0.06834330824020228
Micro-PVM,2.0,SDAN_17,Spectra_21,2000,2847,1547,39,38,0.5660423424366084,0.037981374019415766
Micro-PVM,2.0,SDAN_17,Spectra_22,2000,2847,1547,39,38,0.6136863032332323,0.030739630497921125
Micro-PVM,2.0,SDAN_17,Spectra_23,2000,2847,1547,39,38,0.5671410135677165,0.02855760698501275
Micro-PVM,2.0,SDAN_17,Spectra_24,2000,2847,1547,39,38,0.6441177496424959,0.05119182587231658
Micro-PVM,2.0,SDAN_17,Spectra_25,2000,2847,1547,39,38,0.5518642530780231,0.025871072092361773
Micro-PVM,2.0,SDAN_17,Spectra_26,2000,2847,1547,39,38,0.5857312266750374,0.03258380863533199
Micro-PVM,2.0,SDAN_17,Spectra_27,2000,2847,1547,39,38,0.6167904851592201,0.04118840752313736
Micro-PVM,2.0,SDAN_17,Spectra_28,2000,2847,1547,39,38,0.5523002336856057,0.0310409430177098
Micro-PVM,2.0,SDAN_17,Spectra_29,2000,2847,1547,39,38,0.6436992082592166,0.03797807592243667
Micro-PVM,2.0,SDAN_17,Spectra_30,2000,2847,1547,39,38,0.6297652680408775,0.04227994505385888
Micro-PVM,2.0,SDAN_17,Spectra_31,2000,2847,1547,39,38,0.4357364584423285,0.020789887617010366
Micro-PVM,2.0,SDAN_17,Spectra_32,2000,2847,1547,39,38,0.40445049004220296,0.01924611669314199
Micro-PVM,2.0,SDAN_17,Spectra_33,2000,2847,1547,39,38,0.41718112378361416,0.019652603687369666
Micro-PVM,2.0,SDAN_17,Spectra_34,2000,2847,1547,39,38,0.49091416413797917,0.02308481310808655
Micro-PVM,2.0,SDAN_17,Spectra_35,2000,2847,1547,39,38,0.42897003941264694,0.020477414962231152
Micro-PVM,2.0,SDAN_17,Spectra_36,2000,2847,1547,39,38,0.4563845000174392,0.02194014819208992
Micro-PVM,2.0,SDAN_17,Spectra_37,2000,2847,1547,39,38,0.5152941997139967,0.026162544065593377
Micro-PVM,2.0,SDAN_17,Spectra_38,2000,2847,1547,39,38,0.4350912071431063,0.0206195390366558
Micro-PVM,2.0,SDAN_17,Spectra_39,2000,2847,1547,39,38,0.48320602699591925,0.024605030490754073
Micro-PVM,2.0,SDAN_18,Spectra_0,2000,2847,1547,38,31,0.4727636394586774,0.021776358502515407
Micro-PVM,2.0,SDAN_18,Spectra_1,2000,2847,1547,38,31,0.5510043407949613,0.02425916216093452
Micro-PVM,2.0,SDAN_18,Spectra_2,2000,2847,1547,38,31,0.51485232785769,0.024469233212599306
Micro-PVM,2.0,SDAN_18,Spectra_3,2000,2847,1547,38,31,0.5319601668227083,0.02634931114538054
Micro-PVM,2.0,SDAN_18,Spectra_4,2000,2847,1547,38,31,0.5739850200017023,0.023871164415613273
Micro-PVM,2.0,SDAN_18,Spectra_5,2000,2847,1547,38,31,0.5697293386671205,0.032066925806462955
Micro-PVM,2.0,SDAN_18,Spectra_6,2000,2847,1547,38,31,0.5683887990467273,0.024278975895590395
Micro-PVM,2.0,SDAN_18,Spectra_7,2000,2847,1547,38,31,0.5539194825091496,0.024332929472230758
Micro-PVM,2.0,SDAN_18,Spectra_8,2000,2847,1547,38,31,0.5389394842114222,0.021330877181850345
Micro-PVM,2.0,SDAN_18,Spectra_9,2000,2847,1547,38,31,0.5443016426929951,0.026115326936167017
Micro-PVM,2.0,SDAN_18,Spectra_10,2000,2847,1547,38,31,0.4188228785428547,0.01709923979475983
Micro-PVM,2.0,SDAN_18,Spectra_11,2000,2847,1547,38,31,0.5388756489914035,0.02434400980087551
Micro-PVM,2.0,SDAN_18,Spectra_12,2000,2847,1547,38,31,0.46516724827644906,0.018293036079957817
Micro-PVM,2.0,SDAN_18,Spectra_13,2000,2847,1547,38,31,0.5573665843901608,0.02295389750269378
Micro-PVM,2.0,SDAN_18,Spectra_14,2000,2847,1547,38,31,0.5409822112520214,0.03159925456926119
Micro-PVM,2.0,SDAN_18,Spectra_15,2000,2847,1547,38,31,0.5817516384373138,0.027512035999252026
Micro-PVM,2.0,SDAN_18,Spectra_16,2000,2847,1547,38,31,0.5854540811983998,0.028100400935493996
Micro-PVM,2.0,SDAN_18,Spectra_17,2000,2847,1547,38,31,0.5559834879564218,0.031371890639833006
Micro-PVM,2.0,SDAN_18,Spectra_18,2000,2847,1547,38,31,0.48353051323516894,0.018154416883692775
Micro-PVM,2.0,SDAN_18,Spectra_19,2000,2847,1547,38,31,0.6552259766788663,0.029704480562305804
Micro-PVM,2.0,SDAN_18,Spectra_20,2000,2847,1547,38,31,0.5531109030555792,0.024781217806534007
Micro-PVM,2.0,SDAN_18,Spectra_21,2000,2847,1547,38,31,0.5618350497914716,0.02655897462874204
Micro-PVM,2.0,SDAN_18,Spectra_22,2000,2847,1547,38,31,0.5200442590858796,0.019896493048656545
Micro-PVM,2.0,SDAN_18,Spectra_23,2000,2847,1547,38,31,0.45825176610775387,0.01806820683180274
Micro-PVM,2.0,SDAN_18,Spectra_24,2000,2847,1547,38,31,0.5673674355264279,0.027920852133827535
Micro-PVM,2.0,SDAN_18,Spectra_25,2000,2847,1547,38,31,0.5152140607711295,0.02054301237149871
Micro-PVM,2.0,SDAN_18,Spectra_26,2000,2847,1547,38,31,0.5005319601668227,0.021611204275850164
Micro-PVM,2.0,SDAN_18,Spectra_27,2000,2847,1547,38,31,0.5282364456549493,0.02320429918448832
Micro-PVM,2.0,SDAN_18,Spectra_28,2000,2847,1547,38,31,0.5857307004851477,0.026773609164974344
Micro-PVM,2.0,SDAN_18,Spectra_29,2000,2847,1547,38,31,0.48644565494935743,0.021087326981149443
Micro-PVM,2.0,SDAN_18,Spectra_30,2000,2847,1547,38,31,0.39982126138394747,0.01738818583499137
Micro-PVM,2.0,SDAN_18,Spectra_31,2000,2847,1547,38,31,0.48040258745425146,0.023017474081721008
Micro-PVM,2.0,SDAN_18,Spectra_32,2000,2847,1547,38,31,0.4632521916758873,0.01979894167225301
Micro-PVM,2.0,SDAN_18,Spectra_33,2000,2847,1547,38,31,0.6457570857094221,0.03772105763141759
Micro-PVM,2.0,SDAN_18,Spectra_34,2000,2847,1547,38,31,0.5593667546174143,0.02132684302671081
Micro-PVM,2.0,SDAN_18,Spectra_35,2000,2847,1547,38,31,0.5638352200187251,0.03196521618055091
Micro-PVM,2.0,SDAN_18,Spectra_36,2000,2847,1547,38,31,0.5033407098476466,0.0745586512066119
Micro-PVM,2.0,SDAN_18,Spectra_37,2000,2847,1547,38,31,0.5478338582006979,0.022657724812919312
Micro-PVM,2.0,SDAN_18,Spectra_38,2000,2847,1547,38,31,0.44652736403098137,0.02111225990707706
Micro-PVM,2.0,SDAN_18,Spectra_39,2000,2847,1547,38,31,0.5205336624393566,0.0220811598591453
Micro-PVM,2.0,SDAN_19,Spectra_0,2000,2847,1547,39,26,0.48755879229252014,0.01578890996253298
Micro-PVM,2.0,SDAN_19,Spectra_1,2000,2847,1547,39,26,0.527335255145906,0.03282215419982182
Micro-PVM,2.0,SDAN_19,Spectra_2,2000,2847,1547,39,26,0.3668133313103727,0.01333944750012388
Micro-PVM,2.0,SDAN_19,Spectra_3,2000,2847,1547,39,26,0.41541495979365795,0.04129020441859858
Micro-PVM,2.0,SDAN_19,Spectra_4,2000,2847,1547,39,26,0.4331664390835988,0.018439257589182266
Micro-PVM,2.0,SDAN_19,Spectra_5,2000,2847,1547,39,26,0.44123299448743236,0.027170503709718963
Micro-PVM,2.0,SDAN_19,Spectra_6,2000,2847,1547,39,26,0.39518535376523545,0.013547000936825447
Micro-PVM,2.0,SDAN_19,Spectra_7,2000,2847,1547,39,26,0.3122439690487028,0.011568179332044105
Micro-PVM,2.0,SDAN_19,Spectra_8,2000,2847,1547,39,26,0.34665958630455673,0.01216084793719717
Micro-PVM,2.0,SDAN_19,Spectra_9,2000,2847,1547,39,26,0.4657108177818236,0.016670637962613484
Micro-PVM,2.0,SDAN_19,Spectra_10,2000,2847,1547,39,26,0.46224649774945636,0.015498087597040572
Micro-PVM,2.0,SDAN_19,Spectra_11,2000,2847,1547,39,26,0.4251251706873008,0.013786971354379462
Micro-PVM,2.0,SDAN_19,Spectra_12,2000,2847,1547,39,26,0.460223537146614,0.015273878437941622
Micro-PVM,2.0,SDAN_19,Spectra_13,2000,2847,1547,39,26,0.3857280129469479,0.014993064543980233
Micro-PVM,2.0,SDAN_19,Spectra_14,2000,2847,1547,39,26,0.3919991908157589,0.020866405780161187
Micro-PVM,2.0,SDAN_19,Spectra_15,2000,2847,1547,39,26,0.3578870176503312,0.013130000578001703
Micro-PVM,2.0,SDAN_19,Spectra_16,2000,2847,1547,39,26,0.35404339250493094,0.012331877012453907
Micro-PVM,2.0,SDAN_19,Spectra_17,2000,2847,1547,39,26,0.3320942699640924,0.012122880379745071
Micro-PVM,2.0,SDAN_19,Spectra_18,2000,2847,1547,39,26,0.3699994942598493,0.01262974550486686
Micro-PVM,2.0,SDAN_19,Spectra_19,2000,2847,1547,39,26,0.5138067061143985,0.017558850924948074
Micro-PVM,2.0,SDAN_19,Spectra_20,2000,2847,1547,39,26,0.43883072877155715,0.015536209487241914
Micro-PVM,2.0,SDAN_19,Spectra_21,2000,2847,1547,39,26,0.5924492995498912,0.024532568943622008
Micro-PVM,2.0,SDAN_19,Spectra_22,2000,2847,1547,39,26,0.43840084964345316,0.014456228770458377
Micro-PVM,2.0,SDAN_19,Spectra_23,2000,2847,1547,39,26,0.44055024528397313,0.014982740899429359
Micro-PVM,2.0,SDAN_19,Spectra_24,2000,2847,1547,39,26,0.4273504273504273,0.014834816657100305
Micro-PVM,2.0,SDAN_19,Spectra_25,2000,2847,1547,39,26,0.4621959237343853,0.015484715124598205
Micro-PVM,2.0,SDAN_19,Spectra_26,2000,2847,1547,39,26,0.5377282152430082,0.01825920988830338
Micro-PVM,2.0,SDAN_19,Spectra_27,2000,2847,1547,39,26,0.3607444495018459,0.012512361207976256
Micro-PVM,2.0,SDAN_19,Spectra_28,2000,2847,1547,39,26,0.5398523238759926,0.023061983837109237
Micro-PVM,2.0,SDAN_19,Spectra_29,2000,2847,1547,39,26,0.512972234865726,0.01652937587554683
Micro-PVM,2.0,SDAN_19,Spectra_30,2000,2847,1547,39,26,0.397941637586608,0.013144639500603392
Micro-PVM,2.0,SDAN_19,Spectra_31,2000,2847,1547,39,26,0.4255044758003338,0.01502927344790013
Micro-PVM,2.0,SDAN_19,Spectra_32,2000,2847,1547,39,26,0.42484701360441,0.014793020379993313
Micro-PVM,2.0,SDAN_19,Spectra_33,2000,2847,1547,39,26,0.589465432660699,0.021826560531731206
Micro-PVM,2.0,SDAN_19,Spectra_34,2000,2847,1547,39,26,0.4247205785667324,0.014811608573560476
Micro-PVM,2.0,SDAN_19,Spectra_35,2000,2847,1547,39,26,0.33168967784352393,0.011896515403055245
Micro-PVM,2.0,SDAN_19,Spectra_36,2000,2847,1547,39,26,0.40608405401304815,0.013754387949236556
Micro-PVM,2.0,SDAN_19,Spectra_37,2000,2847,1547,39,26,0.5497648308299196,0.019175423812010206
Micro-PVM,2.0,SDAN_19,Spectra_38,2000,2847,1547,39,26,0.5005816011733171,0.01693835831449447
Micro-PVM,2.0,SDAN_19,Spectra_39,2000,2847,1547,39,26,0.41751378141910683,0.01377837123139832
Micro-PVM,2.0,SDAN_20,Spectra_0,2000,2847,1547,35,31,0.539003319431441,0.02267381742128452
Micro-PVM,2.0,SDAN_20,Spectra_1,2000,2847,1547,35,31,0.5941143927142736,0.026462287776799737
Micro-PVM,2.0,SDAN_20,Spectra_2,2000,2847,1547,35,31,0.6062643629245043,0.02796940503795437
Micro-PVM,2.0,SDAN_20,Spectra_3,2000,2847,1547,35,31,0.4881053706698443,0.0187028105918495
Micro-PVM,2.0,SDAN_20,Spectra_4,2000,2847,1547,35,31,0.5961783981615456,0.03251673507339058
Micro-PVM,2.0,SDAN_20,Spectra_5,2000,2847,1547,35,31,0.5325772406162227,0.02107993458339996
Micro-PVM,2.0,SDAN_20,Spectra_6,2000,2847,1547,35,31,0.67756830368542,0.05123968191972215
Micro-PVM,2.0,SDAN_20,Spectra_7,2000,2847,1547,35,31,0.6180526002212955,0.03838545907197661
Micro-PVM,2.0,SDAN_20,Spectra_8,2000,2847,1547,35,31,0.6530768576049026,0.041563518356856184
Micro-PVM,2.0,SDAN_20,Spectra_9,2000,2847,1547,35,31,0.5707081453740744,0.025875329914289653
Micro-PVM,2.0,SDAN_20,Spectra_10,2000,2847,1547,35,31,0.6103072601923568,0.04413546897510766
Micro-PVM,2.0,SDAN_20,Spectra_11,2000,2847,1547,35,31,0.5257468720742191,0.022270432723771452
Micro-PVM,2.0,SDAN_20,Spectra_12,2000,2847,1547,35,31,0.4830836666950379,0.023220667489824345
Micro-PVM,2.0,SDAN_20,Spectra_13,2000,2847,1547,35,31,0.6000510681760151,0.0257285963332283
Micro-PVM,2.0,SDAN_20,Spectra_14,2000,2847,1547,35,31,0.5767937696825262,0.024624781933450062
Micro-PVM,2.0,SDAN_20,Spectra_15,2000,2847,1547,35,31,0.4943612222316793,0.01864948822691183
Micro-PVM,2.0,SDAN_20,Spectra_16,2000,2847,1547,35,31,0.46869946378415184,0.01809721970075194
Micro-PVM,2.0,SDAN_20,Spectra_17,2000,2847,1547,35,31,0.5861988254319517,0.025137931325616217
Micro-PVM,2.0,SDAN_20,Spectra_18,2000,2847,1547,35,31,0.7898544556983573,0.056075788481124746
Micro-PVM,2.0,SDAN_20,Spectra_19,2000,2847,1547,35,31,0.47563622435952,0.01875363085483117
Micro-PVM,2.0,SDAN_20,Spectra_20,2000,2847,1547,35,31,0.5432377223593496,0.020966565683417242
Micro-PVM,2.0,SDAN_20,Spectra_21,2000,2847,1547,35,31,0.5320027236360542,0.02284301841824477
Micro-PVM,2.0,SDAN_20,Spectra_22,2000,2847,1547,35,31,0.709826368201549,0.03711337101678875
Micro-PVM,2.0,SDAN_20,Spectra_23,2000,2847,1547,35,31,0.6837390416205634,0.06280681028147911
Micro-PVM,2.0,SDAN_20,Spectra_24,2000,2847,1547,35,31,0.48004085454081197,0.018874002559721263
Micro-PVM,2.0,SDAN_20,Spectra_25,2000,2847,1547,35,31,0.5990297046557154,0.02868051468338362
Micro-PVM,2.0,SDAN_20,Spectra_26,2000,2847,1547,35,31,0.5629628053451359,0.030334630565471067
Micro-PVM,2.0,SDAN_20,Spectra_27,2000,2847,1547,35,31,0.6266916333304963,0.03721195938600233
Micro-PVM,2.0,SDAN_20,Spectra_28,2000,2847,1547,35,31,0.4438888416035407,0.0216621986629216
Micro-PVM,2.0,SDAN_20,Spectra_29,2000,2847,1547,35,31,0.5694527193803728,0.037250104561186076
Micro-PVM,2.0,SDAN_20,Spectra_30,2000,2847,1547,35,31,0.5829219508043237,0.02514305369847219
Micro-PVM,2.0,SDAN_20,Spectra_31,2000,2847,1547,35,31,0.5802408715635373,0.02666541410141007
Micro-PVM,2.0,SDAN_20,Spectra_32,2000,2847,1547,35,31,0.6433100689420377,0.033183877725341544
Micro-PVM,2.0,SDAN_20,Spectra_33,2000,2847,1547,35,31,0.4274831900587284,0.01676066259856253
Micro-PVM,2.0,SDAN_20,Spectra_34,2000,2847,1547,35,31,0.6702272533832667,0.08692111593033973
Micro-PVM,2.0,SDAN_20,Spectra_35,2000,2847,1547,35,31,0.4532300621329475,0.017356686534449488
Micro-PVM,2.0,SDAN_20,Spectra_36,2000,2847,1547,35,31,0.3974593582432547,0.015734948625488705
Micro-PVM,2.0,SDAN_20,Spectra_37,2000,2847,1547,35,31,0.5190867307855987,0.020230950647663705
Micro-PVM,2.0,SDAN_20,Spectra_38,2000,2847,1547,35,31,0.42961103072601925,0.01668299874531285
Micro-PVM,2.0,SDAN_20,Spectra_39,2000,2847,1547,35,31,0.4765086390331092,0.01877082246537354
Micro-PVM,2.0,SDAN_21,Spectra_0,2000,2847,1547,41,31,0.4086518001532045,0.022565722067950062
Micro-PVM,2.0,SDAN_21,Spectra_1,2000,2847,1547,41,31,0.2617456804834454,0.01276485068137579
Micro-PVM,2.0,SDAN_21,Spectra_2,2000,2847,1547,41,31,0.2637032938973529,0.014212234751490634
Micro-PVM,2.0,SDAN_21,Spectra_3,2000,2847,1547,41,31,0.3358583709251851,0.014885707140278346
Micro-PVM,2.0,SDAN_21,Spectra_4,2000,2847,1547,41,31,0.2985360456209039,0.01431798745588762
Micro-PVM,2.0,SDAN_21,Spectra_5,2000,2847,1547,41,31,0.24738275597923226,0.013200491674194225
Micro-PVM,2.0,SDAN_21,Spectra_6,2000,2847,1547,41,31,0.22301898033875223,0.012253549563212639
Micro-PVM,2.0,SDAN_21,Spectra_7,2000,2847,1547,41,31,0.32679376968252616,0.015036891819338254
Micro-PVM,2.0,SDAN_21,Spectra_8,2000,2847,1547,41,31,0.6918248361562687,0.05341419578227639
Micro-PVM,2.0,SDAN_21,Spectra_9,2000,2847,1547,41,31,0.31806962294663377,0.013925690125981601
Micro-PVM,2.0,SDAN_21,Spectra_10,2000,2847,1547,41,31,0.3730104689760831,0.018560714073041218
Micro-PVM,2.0,SDAN_21,Spectra_11,2000,2847,1547,41,31,0.4042471699719125,0.015964202143713913
Micro-PVM,2.0,SDAN_21,Spectra_12,2000,2847,1547,41,31,0.3822665758787982,0.01579004659056439
Micro-PVM,2.0,SDAN_21,Spectra_13,2000,2847,1547,41,31,0.34141203506681417,0.014452429090847919
Micro-PVM,2.0,SDAN_21,Spectra_14,2000,2847,1547,41,31,0.2512979828070474,0.012584577795258553
Micro-PVM,2.0,SDAN_21,Spectra_15,2000,2847,1547,41,31,0.2518937781938888,0.01258010913815159
Micro-PVM,2.0,SDAN_21,Spectra_16,2000,2847,1547,41,31,0.33332624053110904,0.014067831068714095
Micro-PVM,2.0,SDAN_21,Spectra_17,2000,2847,1547,41,31,0.2104647204017363,0.012102881459171043
Micro-PVM,2.0,SDAN_21,Spectra_18,2000,2847,1547,41,31,0.20976253298153033,0.017617235212164486
Micro-PVM,2.0,SDAN_21,Spectra_19,2000,2847,1547,41,31,0.23867988765001277,0.012483234301592507
Micro-PVM,2.0,SDAN_21,Spectra_20,2000,2847,1547,41,31,0.2577027832155928,0.012892492646595888
Micro-PVM,2.0,SDAN_21,Spectra_21,2000,2847,1547,41,31,0.39967231253723723,0.01578453044038835
Micro-PVM,2.0,SDAN_21,Spectra_22,2000,2847,1547,41,31,0.1557366584390161,0.011584033920644807
Micro-PVM,2.0,SDAN_21,Spectra_23,2000,2847,1547,41,31,0.33490084262490427,0.014795172342387222
Micro-PVM,2.0,SDAN_21,Spectra_24,2000,2847,1547,41,31,0.4724870201719295,0.017871555634047766
Micro-PVM,2.0,SDAN_21,Spectra_25,2000,2847,1547,41,31,0.2893863307515533,0.016003268416018943
Micro-PVM,2.0,SDAN_21,Spectra_26,2000,2847,1547,41,31,0.31100519193122816,0.02205704384446299
Micro-PVM,2.0,SDAN_21,Spectra_27,2000,2847,1547,41,31,0.25644735722189127,0.013317085756159294
Micro-PVM,2.0,SDAN_21,Spectra_28,2000,2847,1547,41,31,0.41914205464294835,0.018822417258396416
Micro-PVM,2.0,SDAN_21,Spectra_29,2000,2847,1547,41,31,0.3563920333645416,0.0149445836274846
Micro-PVM,2.0,SDAN_21,Spectra_30,2000,2847,1547,41,31,0.4170780491956762,0.01616198569867351
Micro-PVM,2.0,SDAN_21,Spectra_31,2000,2847,1547,41,31,0.2827900246829517,0.013644552370527288
Micro-PVM,2.0,SDAN_21,Spectra_32,2000,2847,1547,41,31,0.2528087496808239,0.013086056902891526
Micro-PVM,2.0,SDAN_21,Spectra_33,2000,2847,1547,41,31,0.18433483700740488,0.011710897506799626
Micro-PVM,2.0,SDAN_21,Spectra_34,2000,2847,1547,41,31,0.19420801770363433,0.011894676597299134
Micro-PVM,2.0,SDAN_21,Spectra_35,2000,2847,1547,41,31,0.30038726700144697,0.013427251746978374
Micro-PVM,2.0,SDAN_21,Spectra_36,2000,2847,1547,41,31,0.27649161630777086,0.013158834927113151
Micro-PVM,2.0,SDAN_21,Spectra_37,2000,2847,1547,41,31,0.3752447016767384,0.0843388312172533
Micro-PVM,2.0,SDAN_21,Spectra_38,2000,2847,1547,41,31,0.4439739552302323,0.021632292253652496
Micro-PVM,2.0,SDAN_21,Spectra_39,2000,2847,1547,41,31,0.5497489148012598,0.022535940585886805
Micro-PVM,2.0,SDAN_22,Spectra_0,2000,2847,1547,41,34,0.6179775280898876,0.038964223845940844
Micro-PVM,2.0,SDAN_22,Spectra_1,2000,2847,1547,41,34,0.4515765327942149,0.020791250977652442
Micro-PVM,2.0,SDAN_22,Spectra_2,2000,2847,1547,41,34,0.41464173243653046,0.017873075255932604
Micro-PVM,2.0,SDAN_22,Spectra_3,2000,2847,1547,41,34,0.5462268185529334,0.029608701222601723
Micro-PVM,2.0,SDAN_22,Spectra_4,2000,2847,1547,41,34,0.48089110065705065,0.025989831685105873
Micro-PVM,2.0,SDAN_22,Spectra_5,2000,2847,1547,41,34,0.46281248785039464,0.0218113452199536
Micro-PVM,2.0,SDAN_22,Spectra_6,2000,2847,1547,41,34,0.46275416974456673,0.019900778134570793
Micro-PVM,2.0,SDAN_22,Spectra_7,2000,2847,1547,41,34,0.5349131060223165,0.03486922818915425
Micro-PVM,2.0,SDAN_22,Spectra_8,2000,2847,1547,41,34,0.4802690408615528,0.024517252125219435
Micro-PVM,2.0,SDAN_22,Spectra_9,2000,2847,1547,41,34,0.4727654445783601,0.020408781036337188
Micro-PVM,2.0,SDAN_22,Spectra_10,2000,2847,1547,41,34,0.4129310679989113,0.01762553345027154
Micro-PVM,2.0,SDAN_22,Spectra_11,2000,2847,1547,41,34,0.5141712997161852,0.02348445865258804
Micro-PVM,2.0,SDAN_22,Spectra_12,2000,2847,1547,41,34,0.4603631274056218,0.019474319988935496
Micro-PVM,2.0,SDAN_22,Spectra_13,2000,2847,1547,41,34,0.4541230900820341,0.019761737251793372
Micro-PVM,2.0,SDAN_22,Spectra_14,2000,2847,1547,41,34,0.4707826289802108,0.029232255573906192
Micro-PVM,2.0,SDAN_22,Spectra_15,2000,2847,1547,41,34,0.5578126822440808,0.042640821448944856
Micro-PVM,2.0,SDAN_22,Spectra_16,2000,2847,1547,41,34,0.5445550328525329,0.024242302599275654
Micro-PVM,2.0,SDAN_22,Spectra_17,2000,2847,1547,41,34,0.35521558259787717,0.0159168076555161
Micro-PVM,2.0,SDAN_22,Spectra_18,2000,2847,1547,41,34,0.38361650013607557,0.031122184693037416
Micro-PVM,2.0,SDAN_22,Spectra_19,2000,2847,1547,41,34,0.6251312157381128,0.04521970290654784
Micro-PVM,2.0,SDAN_22,Spectra_20,2000,2847,1547,41,34,0.5546246257921542,0.058895791016335367
Micro-PVM,2.0,SDAN_22,Spectra_21,2000,2847,1547,41,34,0.6044477275378095,0.030429998439561016
Micro-PVM,2.0,SDAN_22,Spectra_22,2000,2847,1547,41,34,0.3803118074724933,0.016577877722021003
Micro-PVM,2.0,SDAN_22,Spectra_23,2000,2847,1547,41,34,0.5684460168733719,0.029414040095470526
Micro-PVM,2.0,SDAN_22,Spectra_24,2000,2847,1547,41,34,0.5376540569962287,0.052048759819578225
Micro-PVM,2.0,SDAN_22,Spectra_25,2000,2847,1547,41,34,0.5053069476303411,0.033950180194968184
Micro-PVM,2.0,SDAN_22,Spectra_26,2000,2847,1547,41,34,0.5162707515259904,0.032624147851362036
Micro-PVM,2.0,SDAN_22,Spectra_27,2000,2847,1547,41,34,0.5380234049998055,0.03217471896869006
Micro-PVM,2.0,SDAN_22,Spectra_28,2000,2847,1547,41,34,0.5628085999766728,0.05873310503004778
Micro-PVM,2.0,SDAN_22,Spectra_29,2000,2847,1547,41,34,0.6731658955717118,0.04284857428763516
Micro-PVM,2.0,SDAN_22,Spectra_30,2000,2847,1547,41,34,0.6494498658683565,0.09803765311674899
Micro-PVM,2.0,SDAN_22,Spectra_31,2000,2847,1547,41,34,0.29265969441312545,0.014516307537942067
Micro-PVM,2.0,SDAN_22,Spectra_32,2000,2847,1547,41,34,0.3364760312585047,0.01567733219795576
Micro-PVM,2.0,SDAN_22,Spectra_33,2000,2847,1547,41,34,0.3746549512071848,0.016545503749937848
Micro-PVM,2.0,SDAN_22,Spectra_34,2000,2847,1547,41,34,0.26832160491427237,0.014101568224067246
Micro-PVM,2.0,SDAN_22,Spectra_35,2000,2847,1547,41,34,0.27879942459468915,0.014248485454253116
Micro-PVM,2.0,SDAN_22,Spectra_36,2000,2847,1547,41,34,0.39306403328019907,0.016918755704906398
Micro-PVM,2.0,SDAN_22,Spectra_37,2000,2847,1547,41,34,0.39047859725516115,0.01685584996913918
Micro-PVM,2.0,SDAN_22,Spectra_38,2000,2847,1547,41,34,0.44961315656467477,0.018708599124409298
Micro-PVM,2.0,SDAN_22,Spectra_39,2000,2847,1547,41,34,0.313109910190117,0.0149723246993087
Micro-PVM,2.0,SDAN_23,Spectra_0,2000,2847,1547,39,25,0.4998685939553219,0.015518897883269333
Micro-PVM,2.0,SDAN_23,Spectra_1,2000,2847,1547,39,25,0.43792378449408675,0.013890743689886827
Micro-PVM,2.0,SDAN_23,Spectra_2,2000,2847,1547,39,25,0.4621024967148489,0.015164984309242893
Micro-PVM,2.0,SDAN_23,Spectra_3,2000,2847,1547,39,25,0.49277266754270693,0.01837263691096641
Micro-PVM,2.0,SDAN_23,Spectra_4,2000,2847,1547,39,25,0.45847568988173454,0.01908662222995046
Micro-PVM,2.0,SDAN_23,Spectra_5,2000,2847,1547,39,25,0.35130091984231276,0.011803016083950669
Micro-PVM,2.0,SDAN_23,Spectra_6,2000,2847,1547,39,25,0.4187385019710907,0.016403461437217322
Micro-PVM,2.0,SDAN_23,Spectra_7,2000,2847,1547,39,25,0.5276478318002629,0.017074682552338894
Micro-PVM,2.0,SDAN_23,Spectra_8,2000,2847,1547,39,25,0.5242312746386334,0.017584958846121455
Micro-PVM,2.0,SDAN_23,Spectra_9,2000,2847,1547,39,25,0.41540078843626804,0.07134433700136074
Micro-PVM,2.0,SDAN_23,Spectra_10,2000,2847,1547,39,25,0.34323258869908013,0.013519247945247587
Micro-PVM,2.0,SDAN_23,Spectra_11,2000,2847,1547,39,25,0.7856504599211563,0.07907448701852166
Micro-PVM,2.0,SDAN_23,Spectra_12,2000,2847,1547,39,25,0.4595006570302234,0.014755112305034294
Micro-PVM,2.0,SDAN_23,Spectra_13,2000,2847,1547,39,25,0.33892247043363993,0.01806907120434545
Micro-PVM,2.0,SDAN_23,Spectra_14,2000,2847,1547,39,25,0.4385282522996058,0.019173312829470303
Micro-PVM,2.0,SDAN_23,Spectra_15,2000,2847,1547,39,25,0.38052562417871216,0.01273972656392336
Micro-PVM,2.0,SDAN_23,Spectra_16,2000,2847,1547,39,25,0.5416031537450723,0.01820513087059923
Micro-PVM,2.0,SDAN_23,Spectra_17,2000,2847,1547,39,25,0.3296452036793693,0.011405673058283746
Micro-PVM,2.0,SDAN_23,Spectra_18,2000,2847,1547,39,25,0.2899605781865966,0.010774158230306623
Micro-PVM,2.0,SDAN_23,Spectra_19,2000,2847,1547,39,25,0.4726149802890933,0.015204738233474591
Micro-PVM,2.0,SDAN_23,Spectra_20,2000,2847,1547,39,25,0.37337713534822603,0.01227304521347221
Micro-PVM,2.0,SDAN_23,Spectra_21,2000,2847,1547,39,25,0.48023653088042056,0.017622838383011603
Micro-PVM,2.0,SDAN_23,Spectra_22,2000,2847,1547,39,25,0.23416557161629434,0.010261052928572878
Micro-PVM,2.0,SDAN_23,Spectra_23,2000,2847,1547,39,25,0.41750328515111695,0.015086552121000966
Micro-PVM,2.0,SDAN_23,Spectra_24,2000,2847,1547,39,25,0.5359526938239159,0.01666404071700288
Micro-PVM,2.0,SDAN_23,Spectra_25,2000,2847,1547,39,25,0.31442838370565046,0.011283376461159015
Micro-PVM,2.0,SDAN_23,Spectra_26,2000,2847,1547,39,25,0.4121944809461236,0.013216584568533848
Micro-PVM,2.0,SDAN_23,Spectra_27,2000,2847,1547,39,25,0.4521681997371879,0.01609429660840471
Micro-PVM,2.0,SDAN_23,Spectra_28,2000,2847,1547,39,25,0.3605781865965834,0.012169722184198178
Micro-PVM,2.0,SDAN_23,Spectra_29,2000,2847,1547,39,25,0.3801051248357425,0.012974571630896117
Micro-PVM,2.0,SDAN_23,Spectra_30,2000,2847,1547,39,25,0.473718791064389,0.014753906870788761
Micro-PVM,2.0,SDAN_23,Spectra_31,2000,2847,1547,39,25,0.3786333771353483,0.012346010130787387
Micro-PVM,2.0,SDAN_23,Spectra_32,2000,2847,1547,39,25,0.5401314060446781,0.0244294645588488
Micro-PVM,2.0,SDAN_23,Spectra_33,2000,2847,1547,39,25,0.4080946123521682,0.013052232874745287
Micro-PVM,2.0,SDAN_23,Spectra_34,2000,2847,1547,39,25,0.2495663600525624,0.010337283368034973
Micro-PVM,2.0,SDAN_23,Spectra_35,2000,2847,1547,39,25,0.2749540078843627,0.010596692499617049
Micro-PVM,2.0,SDAN_23,Spectra_36,2000,2847,1547,39,25,0.4685413929040736,0.014342963718531039
Micro-PVM,2.0,SDAN_23,Spectra_37,2000,2847,1547,39,25,0.41681997371879115,0.013224241948108085
Micro-PVM,2.0,SDAN_23,Spectra_38,2000,2847,1547,39,25,0.6029172141918528,0.019386804263547806
Micro-PVM,2.0,SDAN_23,Spectra_39,2000,2847,1547,39,25,0.47808147174770044,0.015124183016579142
Micro-PVM,2.0,SDAN_24,Spectra_0,2000,2847,1547,39,36,0.6989484520920656,0.05727311851815668
Micro-PVM,2.0,SDAN_24,Spectra_1,2000,2847,1547,39,36,0.5718802853150967,0.025434134488281118
Micro-PVM,2.0,SDAN_24,Spectra_2,2000,2847,1547,39,36,0.7713250974336349,0.061671124129547124
Micro-PVM,2.0,SDAN_24,Spectra_3,2000,2847,1547,39,36,0.7220016177660121,0.05748945835475245
Micro-PVM,2.0,SDAN_24,Spectra_4,2000,2847,1547,39,36,0.704794470181631,0.0431325468022011
Micro-PVM,2.0,SDAN_24,Spectra_5,2000,2847,1547,39,36,0.6284837120376499,0.03921134860984922
Micro-PVM,2.0,SDAN_24,Spectra_6,2000,2847,1547,39,36,0.6171409662475182,0.03463941799394305
Micro-PVM,2.0,SDAN_24,Spectra_7,2000,2847,1547,39,36,0.6185748952128833,0.030592859032428005
Micro-PVM,2.0,SDAN_24,Spectra_8,2000,2847,1547,39,36,0.6524928303551731,0.034729584334973834
Micro-PVM,2.0,SDAN_24,Spectra_9,2000,2847,1547,39,36,0.6565556290903743,0.033171432950803055
Micro-PVM,2.0,SDAN_24,Spectra_10,2000,2847,1547,39,36,0.5247260828002059,0.022771270879659668
Micro-PVM,2.0,SDAN_24,Spectra_11,2000,2847,1547,39,36,0.6928082947275536,0.06712493637660126
Micro-PVM,2.0,SDAN_24,Spectra_12,2000,2847,1547,39,36,0.6408375615854107,0.03550582668448927
Micro-PVM,2.0,SDAN_24,Spectra_13,2000,2847,1547,39,36,0.5471542025148908,0.03393495944935135
Micro-PVM,2.0,SDAN_24,Spectra_14,2000,2847,1547,39,36,0.7219096992425913,0.04427493055534199
Micro-PVM,2.0,SDAN_24,Spectra_15,2000,2847,1547,39,36,0.6576770350761085,0.0666486623160478
Micro-PVM,2.0,SDAN_24,Spectra_16,2000,2847,1547,39,36,0.8933193617177734,0.2806412858037947
Micro-PVM,2.0,SDAN_24,Spectra_17,2000,2847,1547,39,36,0.6316089418339583,0.030803339165989284
Micro-PVM,2.0,SDAN_24,Spectra_18,2000,2847,1547,39,36,0.5857599823516435,0.026627319836395852
Micro-PVM,2.0,SDAN_24,Spectra_19,2000,2847,1547,39,36,0.6765203323773807,0.050612233290077996
Micro-PVM,2.0,SDAN_24,Spectra_20,2000,2847,1547,39,36,0.6179314655489375,0.0708554515859431
Micro-PVM,2.0,SDAN_24,Spectra_21,2000,2847,1547,39,36,0.4243878226340172,0.018806894196873692
Micro-PVM,2.0,SDAN_24,Spectra_22,2000,2847,1547,39,36,0.5605191558202809,0.02483462846086998
Micro-PVM,2.0,SDAN_24,Spectra_23,2000,2847,1547,39,36,0.5642142804617987,0.0265387612826228
Micro-PVM,2.0,SDAN_24,Spectra_24,2000,2847,1547,39,36,0.6625303331127288,0.07511052748888941
Micro-PVM,2.0,SDAN_24,Spectra_25,2000,2847,1547,39,36,0.5232002353114199,0.034367055355834494
Micro-PVM,2.0,SDAN_24,Spectra_26,2000,2847,1547,39,36,0.5111221413339215,0.022607232115491482
Micro-PVM,2.0,SDAN_24,Spectra_27,2000,2847,1547,39,36,0.4657511581733951,0.021346293792879806
Micro-PVM,2.0,SDAN_24,Spectra_28,2000,2847,1547,39,36,0.6059452900948599,0.032928943386851206
Micro-PVM,2.0,SDAN_24,Spectra_29,2000,2847,1547,39,36,0.6145304801823664,0.03645881858474442
Micro-PVM,2.0,SDAN_24,Spectra_30,2000,2847,1547,39,36,0.48308699169056546,0.02139510365613674
Micro-PVM,2.0,SDAN_24,Spectra_31,2000,2847,1547,39,36,0.42236561511875875,0.019038131123392706
Micro-PVM,2.0,SDAN_24,Spectra_32,2000,2847,1547,39,36,0.5167291712625929,0.023128867191465174
Micro-PVM,2.0,SDAN_24,Spectra_33,2000,2847,1547,39,36,0.3082211927347599,0.016027240849822513
Micro-PVM,2.0,SDAN_24,Spectra_34,2000,2847,1547,39,36,0.43357967497610117,0.019207013696737177
Micro-PVM,2.0,SDAN_24,Spectra_35,2000,2847,1547,39,36,0.4977571880285315,0.0217110477033107
Micro-PVM,2.0,SDAN_24,Spectra_36,2000,2847,1547,39,36,0.5967350540480918,0.032320684865034685
Micro-PVM,2.0,SDAN_24,Spectra_37,2000,2847,1547,39,36,0.46394955511434666,0.020611177304871532
Micro-PVM,2.0,SDAN_24,Spectra_38,2000,2847,1547,39,36,0.5641223619383778,0.0255154379521348
Micro-PVM,2.0,SDAN_24,Spectra_39,2000,2847,1547,39,36,0.4649238914626076,0.02039503782365202
Micro-PVM,2.0,SDAN_25,Spectra_0,2000,2847,1547,37,35,0.48248299319727894,0.021690815066185844
Micro-PVM,2.0,SDAN_25,Spectra_1,2000,2847,1547,37,35,0.5895313681027967,0.03352584912139024
Micro-PVM,2.0,SDAN_25,Spectra_2,2000,2847,1547,37,35,0.561432350718065,0.025711495982070797
Micro-PVM,2.0,SDAN_25,Spectra_3,2000,2847,1547,37,35,0.5577475434618291,0.028010944032082125
Micro-PVM,2.0,SDAN_25,Spectra_4,2000,2847,1547,37,35,0.5177815570672712,0.0222789661017391
Micro-PVM,2.0,SDAN_25,Spectra_5,2000,2847,1547,37,35,0.5978269085411941,0.028080597303931663
Micro-PVM,2.0,SDAN_25,Spectra_6,2000,2847,1547,37,35,0.5490551776266062,0.02533001867667128
Micro-PVM,2.0,SDAN_25,Spectra_7,2000,2847,1547,37,35,0.6086167800453515,0.036879663020316075
Micro-PVM,2.0,SDAN_25,Spectra_8,2000,2847,1547,37,35,0.6322751322751323,0.0371915572612206
Micro-PVM,2.0,SDAN_25,Spectra_9,2000,2847,1547,37,35,0.49901738473167045,0.02170489908329001
Micro-PVM,2.0,SDAN_25,Spectra_10,2000,2847,1547,37,35,0.5419123204837492,0.024533249136643186
Micro-PVM,2.0,SDAN_25,Spectra_11,2000,2847,1547,37,35,0.49081632653061225,0.023871360691324693
Micro-PVM,2.0,SDAN_25,Spectra_12,2000,2847,1547,37,35,0.5264172335600907,0.027786956259565298
Micro-PVM,2.0,SDAN_25,Spectra_13,2000,2847,1547,37,35,0.5858465608465608,0.04581400361796513
Micro-PVM,2.0,SDAN_25,Spectra_14,2000,2847,1547,37,35,0.5882464096749811,0.02989312166919548
Micro-PVM,2.0,SDAN_25,Spectra_15,2000,2847,1547,37,35,0.5490929705215419,0.031001436160330485
Micro-PVM,2.0,SDAN_25,Spectra_16,2000,2847,1547,37,35,0.45600907029478455,0.02025276786144209
Micro-PVM,2.0,SDAN_25,Spectra_17,2000,2847,1547,37,35,0.557785336356765,0.026372950963216048
Micro-PVM,2.0,SDAN_25,Spectra_18,2000,2847,1547,37,35,0.6707105064247922,0.03891549488485726
Micro-PVM,2.0,SDAN_25,Spectra_19,2000,2847,1547,37,35,0.5891345427059713,0.029608668242259606
Micro-PVM,2.0,SDAN_25,Spectra_20,2000,2847,1547,37,35,0.5935185185185186,0.029540262781352702
Micro-PVM,2.0,SDAN_25,Spectra_21,2000,2847,1547,37,35,0.459145880574452,0.020683944383614934
Micro-PVM,2.0,SDAN_25,Spectra_22,2000,2847,1547,37,35,0.5458238851095993,0.025699978635593982
Micro-PVM,2.0,SDAN_25,Spectra_23,2000,2847,1547,37,35,0.5507369614512472,0.029531673505325456
Micro-PVM,2.0,SDAN_25,Spectra_24,2000,2847,1547,37,35,0.4821239606953893,0.026037769463136903
Micro-PVM,2.0,SDAN_25,Spectra_25,2000,2847,1547,37,35,0.6607331821617535,0.04089390396717544
Micro-PVM,2.0,SDAN_25,Spectra_26,2000,2847,1547,37,35,0.5253590325018896,0.026786007048663605
Micro-PVM,2.0,SDAN_25,Spectra_27,2000,2847,1547,37,35,0.5101284958427816,0.02271282455894649
Micro-PVM,2.0,SDAN_25,Spectra_28,2000,2847,1547,37,35,0.47609599395313684,0.021924173167866233
Micro-PVM,2.0,SDAN_25,Spectra_29,2000,2847,1547,37,35,0.5179516250944822,0.02947881029111038
Micro-PVM,2.0,SDAN_25,Spectra_30,2000,2847,1547,37,35,0.5733371126228269,0.0284606042995386
Micro-PVM,2.0,SDAN_25,Spectra_31,2000,2847,1547,37,35,0.548790627362056,0.02641456141533939
Micro-PVM,2.0,SDAN_25,Spectra_32,2000,2847,1547,37,35,0.7370559334845049,0.053791175891704825
Micro-PVM,2.0,SDAN_25,Spectra_33,2000,2847,1547,37,35,0.6729969765684052,0.04130164836872226
Micro-PVM,2.0,SDAN_25,Spectra_34,2000,2847,1547,37,35,0.7031557067271352,0.040120250002865954
Micro-PVM,2.0,SDAN_25,Spectra_35,2000,2847,1547,37,35,0.6715608465608467,0.04409141877154434
Micro-PVM,2.0,SDAN_25,Spectra_36,2000,2847,1547,37,35,0.7024754346182918,0.05832051453519473
Micro-PVM,2.0,SDAN_25,Spectra_37,2000,2847,1547,37,35,0.507766439909297,0.027289942623305353
Micro-PVM,2.0,SDAN_25,Spectra_38,2000,2847,1547,37,35,0.7019085411942555,0.05786975241683492
Micro-PVM,2.0,SDAN_25,Spectra_39,2000,2847,1547,37,35,0.759297052154195,0.07081826337417532
Micro-PVM,2.0,SDAN_26,Spectra_0,2000,2847,1547,35,33,0.5152916216324407,0.02582260451706411
Micro-PVM,2.0,SDAN_26,Spectra_1,2000,2847,1547,35,33,0.5724950962731676,0.02658073274574168
Micro-PVM,2.0,SDAN_26,Spectra_2,2000,2847,1547,35,33,0.5668908370361474,0.025504730356894812
Micro-PVM,2.0,SDAN_26,Spectra_3,2000,2847,1547,35,33,0.5173531884232017,0.024134224460640487
Micro-PVM,2.0,SDAN_26,Spectra_4,2000,2847,1547,35,33,0.5531604019054481,0.0261814782447612
Micro-PVM,2.0,SDAN_26,Spectra_5,2000,2847,1547,35,33,0.5865457747888395,0.02693136436008326
Micro-PVM,2.0,SDAN_26,Spectra_6,2000,2847,1547,35,33,0.48532884992594366,0.02080767974181537
Micro-PVM,2.0,SDAN_26,Spectra_7,2000,2847,1547,35,33,0.5625875665505785,0.02781585375810544
Micro-PVM,2.0,SDAN_26,Spectra_8,2000,2847,1547,35,33,0.4258436411672872,0.017665082491385563
Micro-PVM,2.0,SDAN_26,Spectra_9,2000,2847,1547,35,33,0.48977222689243827,0.01978217134249022
Micro-PVM,2.0,SDAN_26,Spectra_10,2000,2847,1547,35,33,0.5057843961410672,0.021027098347241036
Micro-PVM,2.0,SDAN_26,Spectra_11,2000,2847,1547,35,33,0.49071294183579517,0.02296627479681198
Micro-PVM,2.0,SDAN_26,Spectra_12,2000,2847,1547,35,33,0.34486209519234623,0.01597765893278661
Micro-PVM,2.0,SDAN_26,Spectra_13,2000,2847,1547,35,33,0.5666306392858573,0.036151929187438175
Micro-PVM,2.0,SDAN_26,Spectra_14,2000,2847,1547,35,33,0.6470117289139746,0.11480728679309649
Micro-PVM,2.0,SDAN_26,Spectra_15,2000,2847,1547,35,33,0.546995716744726,0.026439025135196373
Micro-PVM,2.0,SDAN_26,Spectra_16,2000,2847,1547,35,33,0.44860093671190104,0.018532305132016758
Micro-PVM,2.0,SDAN_26,Spectra_17,2000,2847,1547,35,33,0.5932909010848244,0.027784178503384167
Micro-PVM,2.0,SDAN_26,Spectra_18,2000,2847,1547,35,33,0.5768984428165406,0.023604307446945444
Micro-PVM,2.0,SDAN_26,Spectra_19,2000,2847,1547,35,33,0.573395780793403,0.026199843989371235
Micro-PVM,2.0,SDAN_26,Spectra_20,2000,2847,1547,35,33,0.5941515551819383,0.02734665997974227
Micro-PVM,2.0,SDAN_26,Spectra_21,2000,2847,1547,35,33,0.5823625955726353,0.025334273424986432
Micro-PVM,2.0,SDAN_26,Spectra_22,2000,2847,1547,35,33,0.5053640766982908,0.021383717736783613
Micro-PVM,2.0,SDAN_26,Spectra_23,2000,2847,1547,35,33,0.5408710620071254,0.028274343420032017
Micro-PVM,2.0,SDAN_26,Spectra_24,2000,2847,1547,35,33,0.5201753332532726,0.02451313109503681
Micro-PVM,2.0,SDAN_26,Spectra_25,2000,2847,1547,35,33,0.5678915976141868,0.024602759453927793
Micro-PVM,2.0,SDAN_26,Spectra_26,2000,2847,1547,35,33,0.5247388014891318,0.02407635543050945
Micro-PVM,2.0,SDAN_26,Spectra_27,2000,2847,1547,35,33,0.5442336175493375,0.02650481808214055
Micro-PVM,2.0,SDAN_26,Spectra_28,2000,2847,1547,35,33,0.5005404107121412,0.02190395284665425
Micro-PVM,2.0,SDAN_26,Spectra_29,2000,2847,1547,35,33,0.5730955526199912,0.02958425224885492
Micro-PVM,2.0,SDAN_26,Spectra_30,2000,2847,1547,35,33,0.45174332492694447,0.022020030932026292
Micro-PVM,2.0,SDAN_26,Spectra_31,2000,2847,1547,35,33,0.6880028821904647,0.05140712301182852
Micro-PVM,2.0,SDAN_26,Spectra_32,2000,2847,1547,35,33,0.7499499619710981,0.07728406297294793
Micro-PVM,2.0,SDAN_26,Spectra_33,2000,2847,1547,35,33,0.7365798006484928,0.0529340023180893
Micro-PVM,2.0,SDAN_26,Spectra_34,2000,2847,1547,35,33,0.6278972018734238,0.028631808688347082
Micro-PVM,2.0,SDAN_26,Spectra_35,2000,2847,1547,35,33,0.6448300708538489,0.04073807003391753
Micro-PVM,2.0,SDAN_26,Spectra_36,2000,2847,1547,35,33,0.7153036307593772,0.0881531712102056
Micro-PVM,2.0,SDAN_26,Spectra_37,2000,2847,1547,35,33,0.6540370681718106,0.045831967962316714
Micro-PVM,2.0,SDAN_26,Spectra_38,2000,2847,1547,35,33,0.5825027020535607,0.03633519342734584
Micro-PVM,2.0,SDAN_26,Spectra_39,2000,2847,1547,35,33,0.5714342900604459,0.024788439092039673
Micro-PVM,2.0,SDAN_27,Spectra_0,2000,2847,1547,42,18,0.29082188794419006,0.007899486534198016
Micro-PVM,2.0,SDAN_27,Spectra_1,2000,2847,1547,42,18,0.38125862946006833,0.010739026796354533
Micro-PVM,2.0,SDAN_27,Spectra_2,2000,2847,1547,42,18,0.3170554465518494,0.008262352535709627
Micro-PVM,2.0,SDAN_27,Spectra_3,2000,2847,1547,42,18,0.48052467117215325,0.0168058403593581
Micro-PVM,2.0,SDAN_27,Spectra_4,2000,2847,1547,42,18,0.3721023181454836,0.010295023789987267
Micro-PVM,2.0,SDAN_27,Spectra_5,2000,2847,1547,42,18,0.3209432454036771,0.008295430670502136
Micro-PVM,2.0,SDAN_27,Spectra_6,2000,2847,1547,42,18,0.3340600247075067,0.009349429343818962
Micro-PVM,2.0,SDAN_27,Spectra_7,2000,2847,1547,42,18,0.42678584405203107,0.019943162374808508
Micro-PVM,2.0,SDAN_27,Spectra_8,2000,2847,1547,42,18,0.24169755105006901,0.007566739272259182
Micro-PVM,2.0,SDAN_27,Spectra_9,2000,2847,1547,42,18,0.3279194825957416,0.009186261282259443
Micro-PVM,2.0,SDAN_27,Spectra_10,2000,2847,1547,42,18,0.4231160526124555,0.010075610790784416
Micro-PVM,2.0,SDAN_27,Spectra_11,2000,2847,1547,42,18,0.41356006104207543,0.011678221431826388
Micro-PVM,2.0,SDAN_27,Spectra_12,2000,2847,1547,42,18,0.7565947242206236,0.06404359474370318
Micro-PVM,2.0,SDAN_27,Spectra_13,2000,2847,1547,42,18,0.39056027904948765,0.07984365359177618
Micro-PVM,2.0,SDAN_27,Spectra_14,2000,2847,1547,42,18,0.33674878279194825,0.008473212564907632
Micro-PVM,2.0,SDAN_27,Spectra_15,2000,2847,1547,42,18,0.3764988009592326,0.009039845615761603
Micro-PVM,2.0,SDAN_27,Spectra_16,2000,2847,1547,42,18,0.439212266550396,0.010471478486467747
Micro-PVM,2.0,SDAN_27,Spectra_17,2000,2847,1547,42,18,0.30092289804520017,0.008029922529058545
Micro-PVM,2.0,SDAN_27,Spectra_18,2000,2847,1547,42,18,0.18963011409054575,0.007078618017877557
Micro-PVM,2.0,SDAN_27,Spectra_19,2000,2847,1547,42,18,0.3642903858731197,0.010628831265628053
Micro-PVM,2.0,SDAN_27,Spectra_20,2000,2847,1547,42,18,0.29162124845578086,0.008257693310218268
Micro-PVM,2.0,SDAN_27,Spectra_21,2000,2847,1547,42,18,0.43510646028631644,0.010763969093146137
Micro-PVM,2.0,SDAN_27,Spectra_22,2000,2847,1547,42,18,0.21720805174042584,0.007280675267254034
Micro-PVM,2.0,SDAN_27,Spectra_23,2000,2847,1547,42,18,0.36345469079282033,0.009379946128555514
Micro-PVM,2.0,SDAN_27,Spectra_24,2000,2847,1547,42,18,0.29434634110893104,0.008012812614192469
Micro-PVM,2.0,SDAN_27,Spectra_25,2000,2847,1547,42,18,0.3336603444517114,0.008785054189934624
Micro-PVM,2.0,SDAN_27,Spectra_26,2000,2847,1547,42,18,0.3911052975801177,0.011206706776423839
Micro-PVM,2.0,SDAN_27,Spectra_27,2000,2847,1547,42,18,0.3301722258556791,0.008830860085716895
Micro-PVM,2.0,SDAN_27,Spectra_28,2000,2847,1547,42,18,0.60431654676259,0.0418589198333369
Micro-PVM,2.0,SDAN_27,Spectra_29,2000,2847,1547,42,18,0.3813676331661943,0.009475602559146014
Micro-PVM,2.0,SDAN_27,Spectra_30,2000,2847,1547,42,18,0.4286025724874646,0.01147152037407603
Micro-PVM,2.0,SDAN_27,Spectra_31,2000,2847,1547,42,18,0.20830608240680185,0.007177031369240244
Micro-PVM,2.0,SDAN_27,Spectra_32,2000,2847,1547,42,18,0.24253324613036842,0.007593857182181023
Micro-PVM,2.0,SDAN_27,Spectra_33,2000,2847,1547,42,18,0.2844270038514643,0.00804202208453761
Micro-PVM,2.0,SDAN_27,Spectra_34,2000,2847,1547,42,18,0.19162851536952258,0.007046254045328187
Micro-PVM,2.0,SDAN_27,Spectra_35,2000,2847,1547,42,18,0.45033064457524885,0.020425651487036917
Micro-PVM,2.0,SDAN_27,Spectra_36,2000,2847,1547,42,18,0.3098975365162415,0.008133106874578081
Micro-PVM,2.0,SDAN_27,Spectra_37,2000,2847,1547,42,18,0.4645737955090473,0.010511015904042758
Micro-PVM,2.0,SDAN_27,Spectra_38,2000,2847,1547,42,18,0.4236247365743769,0.009771686078592624
Micro-PVM,2.0,SDAN_27,Spectra_39,2000,2847,1547,42,18,0.3660344451711358,0.009836905532039798
Micro-PVM,2.0,SDAN_28,Spectra_0,2000,2847,1547,40,28,0.4608294930875576,0.016537335895615228
Micro-PVM,2.0,SDAN_28,Spectra_1,2000,2847,1547,40,28,0.6590331985328695,0.04077930863202389
Micro-PVM,2.0,SDAN_28,Spectra_2,2000,2847,1547,40,28,0.5359964262202577,0.018591899792262855
Micro-PVM,2.0,SDAN_28,Spectra_3,2000,2847,1547,40,28,0.521019467694912,0.019379752812130197
Micro-PVM,2.0,SDAN_28,Spectra_4,2000,2847,1547,40,28,0.5494216119627575,0.020406412034522238
Micro-PVM,2.0,SDAN_28,Spectra_5,2000,2847,1547,40,28,0.6997554782281576,0.09973295158597299
Micro-PVM,2.0,SDAN_28,Spectra_6,2000,2847,1547,40,28,0.4830010345151886,0.016866680258491203
Micro-PVM,2.0,SDAN_28,Spectra_7,2000,2847,1547,40,28,0.565527132511991,0.02459584517694615
Micro-PVM,2.0,SDAN_28,Spectra_8,2000,2847,1547,40,28,0.4384698579892787,0.015127218689217672
Micro-PVM,2.0,SDAN_28,Spectra_9,2000,2847,1547,40,28,0.7058450108153861,0.03902657298708545
Micro-PVM,2.0,SDAN_28,Spectra_10,2000,2847,1547,40,28,0.5170930123201354,0.01848720472214956
Micro-PVM,2.0,SDAN_28,Spectra_11,2000,2847,1547,40,28,0.3155976676384839,0.012522972103670697
Micro-PVM,2.0,SDAN_28,Spectra_12,2000,2847,1547,40,28,0.5603310448603405,0.022691077272833468
Micro-PVM,2.0,SDAN_28,Spectra_13,2000,2847,1547,40,28,0.6021113514530236,0.025149644084273847
Micro-PVM,2.0,SDAN_28,Spectra_14,2000,2847,1547,40,28,0.609070817266999,0.02766247562933209
Micro-PVM,2.0,SDAN_28,Spectra_15,2000,2847,1547,40,28,0.5134251857424998,0.01892179024361667
Micro-PVM,2.0,SDAN_28,Spectra_16,2000,2847,1547,40,28,0.38063105426502397,0.01373718960615545
Micro-PVM,2.0,SDAN_28,Spectra_17,2000,2847,1547,40,28,0.48177842565597667,0.016509106592852957
Micro-PVM,2.0,SDAN_28,Spectra_18,2000,2847,1547,40,28,0.31825449073638673,0.012647376533416044
Micro-PVM,2.0,SDAN_28,Spectra_19,2000,2847,1547,40,28,0.521748330668673,0.019133014979674116
Micro-PVM,2.0,SDAN_28,Spectra_20,2000,2847,1547,40,28,0.5806686729991536,0.021735719814819515
Micro-PVM,2.0,SDAN_28,Spectra_21,2000,2847,1547,40,28,0.7112762155553466,0.051592144714873
Micro-PVM,2.0,SDAN_28,Spectra_22,2000,2847,1547,40,28,0.3445876046271043,0.013110236810508805
Micro-PVM,2.0,SDAN_28,Spectra_23,2000,2847,1547,40,28,0.45570394056240016,0.01588359361092951
Micro-PVM,2.0,SDAN_28,Spectra_24,2000,2847,1547,40,28,0.5318348537571711,0.01940734072780548
Micro-PVM,2.0,SDAN_28,Spectra_25,2000,2847,1547,40,28,0.5835135897677043,0.027832227092925727
Micro-PVM,2.0,SDAN_28,Spectra_26,2000,2847,1547,40,28,0.5965860998777391,0.026919389311719936
Micro-PVM,2.0,SDAN_28,Spectra_27,2000,2847,1547,40,28,0.4908539452647418,0.018183671984041944
Micro-PVM,2.0,SDAN_28,Spectra_28,2000,2847,1547,40,28,0.5941408821593154,0.023901256921534927
Micro-PVM,2.0,SDAN_28,Spectra_29,2000,2847,1547,40,28,0.5454716448791498,0.020750046314571453
Micro-PVM,2.0,SDAN_28,Spectra_30,2000,2847,1547,40,28,0.48622213862503527,0.019283959727011496
Micro-PVM,2.0,SDAN_28,Spectra_31,2000,2847,1547,40,28,0.7543261544249037,0.05927184935518711
Micro-PVM,2.0,SDAN_28,Spectra_32,2000,2847,1547,40,28,0.5072416063199473,0.02360582048285219
Micro-PVM,2.0,SDAN_28,Spectra_33,2000,2847,1547,40,28,0.7789194018621273,0.040335423273636505
Micro-PVM,2.0,SDAN_28,Spectra_34,2000,2847,1547,40,28,0.34089626634063763,0.013111175572218454
Micro-PVM,2.0,SDAN_28,Spectra_35,2000,2847,1547,40,28,0.5854415498918462,0.02318088799010687
Micro-PVM,2.0,SDAN_28,Spectra_36,2000,2847,1547,40,28,0.587298974889495,0.02200158541456036
Micro-PVM,2.0,SDAN_28,Spectra_37,2000,2847,1547,40,28,0.6891046741277156,0.03303910489930513
Micro-PVM,2.0,SDAN_28,Spectra_38,2000,2847,1547,40,28,0.5233001034515188,0.019507287053751838
Micro-PVM,2.0,SDAN_28,Spectra_39,2000,2847,1547,40,28,0.5170930123201354,0.01904119911933772
Micro-PVM,2.0,SDAN_29,Spectra_0,2000,2847,1547,37,32,0.45781765676567654,0.019034228689294216
Micro-PVM,2.0,SDAN_29,Spectra_1,2000,2847,1547,37,32,0.46670792079207923,0.019423896040663573
Micro-PVM,2.0,SDAN_29,Spectra_2,2000,2847,1547,37,32,0.5810643564356436,0.029349024643844018
Micro-PVM,2.0,SDAN_29,Spectra_3,2000,2847,1547,37,32,0.4755775577557756,0.019711972043708052
Micro-PVM,2.0,SDAN_29,Spectra_4,2000,2847,1547,37,32,0.5512582508250825,0.04826973205220063
Micro-PVM,2.0,SDAN_29,Spectra_5,2000,2847,1547,37,32,0.44587458745874586,0.01892799910723613
Micro-PVM,2.0,SDAN_29,Spectra_6,2000,2847,1547,37,32,0.5563943894389438,0.027918662277110578
Micro-PVM,2.0,SDAN_29,Spectra_7,2000,2847,1547,37,32,0.5055074257425742,0.02637513202636891
Micro-PVM,2.0,SDAN_29,Spectra_8,2000,2847,1547,37,32,0.7344265676567656,0.10025848725137669
Micro-PVM,2.0,SDAN_29,Spectra_9,2000,2847,1547,37,32,0.5428217821782179,0.023774749276655224
Micro-PVM,2.0,SDAN_29,Spectra_10,2000,2847,1547,37,32,0.511736798679868,0.028378375791086565
Micro-PVM,2.0,SDAN_29,Spectra_11,2000,2847,1547,37,32,0.5537747524752475,0.023106907355267332
Micro-PVM,2.0,SDAN_29,Spectra_12,2000,2847,1547,37,32,0.5434818481848185,0.022892000407148092
Micro-PVM,2.0,SDAN_29,Spectra_13,2000,2847,1547,37,32,0.4717409240924092,0.018918298834288527
Micro-PVM,2.0,SDAN_29,Spectra_14,2000,2847,1547,37,32,0.4770627062706271,0.020252144096668874
Micro-PVM,2.0,SDAN_29,Spectra_15,2000,2847,1547,37,32,0.5051567656765676,0.01973422870384845
Micro-PVM,2.0,SDAN_29,Spectra_16,2000,2847,1547,37,32,0.5161716171617161,0.02035428055795173
Micro-PVM,2.0,SDAN_29,Spectra_17,2000,2847,1547,37,32,0.46505775577557756,0.01912589121012867
Micro-PVM,2.0,SDAN_29,Spectra_18,2000,2847,1547,37,32,0.5464521452145215,0.022203985485960965
Micro-PVM,2.0,SDAN_29,Spectra_19,2000,2847,1547,37,32,0.49917491749174914,0.020762677274706612
Micro-PVM,2.0,SDAN_29,Spectra_20,2000,2847,1547,37,32,0.49381188118811875,0.021337930506956884
Micro-PVM,2.0,SDAN_29,Spectra_21,2000,2847,1547,37,32,0.5098391089108911,0.020742019798435492
Micro-PVM,2.0,SDAN_29,Spectra_22,2000,2847,1547,37,32,0.48415841584158414,0.020111012402621253
Micro-PVM,2.0,SDAN_29,Spectra_23,2000,2847,1547,37,32,0.4789810231023102,0.022116989929823295
Micro-PVM,2.0,SDAN_29,Spectra_24,2000,2847,1547,37,32,0.5021245874587459,0.0203334357778717
Micro-PVM,2.0,SDAN_29,Spectra_25,2000,2847,1547,37,32,0.4638407590759076,0.020075484606231486
Micro-PVM,2.0,SDAN_29,Spectra_26,2000,2847,1547,37,32,0.44791666666666663,0.01887322918634251
Micro-PVM,2.0,SDAN_29,Spectra_27,2000,2847,1547,37,32,0.554269801980198,0.027066720683922983
Micro-PVM,2.0,SDAN_29,Spectra_28,2000,2847,1547,37,32,0.47471122112211217,0.01921386940010437
Micro-PVM,2.0,SDAN_29,Spectra_29,2000,2847,1547,37,32,0.42256600660066,0.018344916721996264
Micro-PVM,2.0,SDAN_29,Spectra_30,2000,2847,1547,37,32,0.5101897689768977,0.02077098958948325
Micro-PVM,2.0,SDAN_29,Spectra_31,2000,2847,1547,37,32,0.5395214521452145,0.02434242311645103
Micro-PVM,2.0,SDAN_29,Spectra_32,2000,2847,1547,37,32,0.6830858085808581,0.04022446783531319
Micro-PVM,2.0,SDAN_29,Spectra_33,2000,2847,1547,37,32,0.5304661716171617,0.02120083748975418
Micro-PVM,2.0,SDAN_29,Spectra_34,2000,2847,1547,37,32,0.49973184818481853,0.020886379044904174
Micro-PVM,2.0,SDAN_29,Spectra_35,2000,2847,1547,37,32,0.5588902640264026,0.024065319453761128
Micro-PVM,2.0,SDAN_29,Spectra_36,2000,2847,1547,37,32,0.5390882838283828,0.02316684031255123
Micro-PVM,2.0,SDAN_29,Spectra_37,2000,2847,1547,37,32,0.49240924092409244,0.02072029080118641
Micro-PVM,2.0,SDAN_29,Spectra_38,2000,2847,1547,37,32,0.5538160066006601,0.02681579667012959
Micro-PVM,2.0,SDAN_29,Spectra_39,2000,2847,1547,37,32,0.6731023102310231,0.0472277872149873
Micro-PVM,2.0,SDAN_30,Spectra_0,2000,2847,1547,39,27,0.37531676413255355,0.014205767830400793
Micro-PVM,2.0,SDAN_30,Spectra_1,2000,2847,1547,39,27,0.39117933723196885,0.01586020232054969
Micro-PVM,2.0,SDAN_30,Spectra_2,2000,2847,1547,39,27,0.42809454191033136,0.015525540024724116
Micro-PVM,2.0,SDAN_30,Spectra_3,2000,2847,1547,39,27,0.46842105263157896,0.029463358411558827
Micro-PVM,2.0,SDAN_30,Spectra_4,2000,2847,1547,39,27,0.5616715399610136,0.04403837714224706
Micro-PVM,2.0,SDAN_30,Spectra_5,2000,2847,1547,39,27,0.4339424951267056,0.01848139490123018
Micro-PVM,2.0,SDAN_30,Spectra_6,2000,2847,1547,39,27,0.31464424951267056,0.012733422824874765
Micro-PVM,2.0,SDAN_30,Spectra_7,2000,2847,1547,39,27,0.4300438596491228,0.03299627316370872
Micro-PVM,2.0,SDAN_30,Spectra_8,2000,2847,1547,39,27,0.3547758284600389,0.012748627458539242
Micro-PVM,2.0,SDAN_30,Spectra_9,2000,2847,1547,39,27,0.5290448343079921,0.022265379368002984
Micro-PVM,2.0,SDAN_30,Spectra_10,2000,2847,1547,39,27,0.31508284600389863,0.012081720388018288
Micro-PVM,2.0,SDAN_30,Spectra_11,2000,2847,1547,39,27,0.4666666666666667,0.016837744098526123
Micro-PVM,2.0,SDAN_30,Spectra_12,2000,2847,1547,39,27,0.31410818713450295,0.012016214970863925
Micro-PVM,2.0,SDAN_30,Spectra_13,2000,2847,1547,39,27,0.4106237816764132,0.019758169110038633
Micro-PVM,2.0,SDAN_30,Spectra_14,2000,2847,1547,39,27,0.3871345029239766,0.014803123169225177
Micro-PVM,2.0,SDAN_30,Spectra_15,2000,2847,1547,39,27,0.46332846003898637,0.016400505807167183
Micro-PVM,2.0,SDAN_30,Spectra_16,2000,2847,1547,39,27,0.5043859649122806,0.02236866327829315
Micro-PVM,2.0,SDAN_30,Spectra_17,2000,2847,1547,39,27,0.336817738791423,0.012389395913941328
Micro-PVM,2.0,SDAN_30,Spectra_18,2000,2847,1547,39,27,0.22575536062378165,0.010763819853589368
Micro-PVM,2.0,SDAN_30,Spectra_19,2000,2847,1547,39,27,0.5105994152046784,0.023815118861843516
Micro-PVM,2.0,SDAN_30,Spectra_20,2000,2847,1547,39,27,0.4301900584795322,0.016487723072335
Micro-PVM,2.0,SDAN_30,Spectra_21,2000,2847,1547,39,27,0.514059454191033,0.02433030345488725
Micro-PVM,2.0,SDAN_30,Spectra_22,2000,2847,1547,39,27,0.2803362573099415,0.011504592784667369
Micro-PVM,2.0,SDAN_30,Spectra_23,2000,2847,1547,39,27,0.47088206627680307,0.01832912020009457
Micro-PVM,2.0,SDAN_30,Spectra_24,2000,2847,1547,39,27,0.5219298245614035,0.019082081560787542
Micro-PVM,2.0,SDAN_30,Spectra_25,2000,2847,1547,39,27,0.38299220272904483,0.02004444953724776
Micro-PVM,2.0,SDAN_30,Spectra_26,2000,2847,1547,39,27,0.4743664717348927,0.016020607818058568
Micro-PVM,2.0,SDAN_30,Spectra_27,2000,2847,1547,39,27,0.42112573099415207,0.017134816024772837
Micro-PVM,2.0,SDAN_30,Spectra_28,2000,2847,1547,39,27,0.5028996101364522,0.018902760136384488
Micro-PVM,2.0,SDAN_30,Spectra_29,2000,2847,1547,39,27,0.5312134502923976,0.027248335187678163
Micro-PVM,2.0,SDAN_30,Spectra_30,2000,2847,1547,39,27,0.32921539961013646,0.013190923856936697
Micro-PVM,2.0,SDAN_30,Spectra_31,2000,2847,1547,39,27,0.4516569200779727,0.015943126320080818
Micro-PVM,2.0,SDAN_30,Spectra_32,2000,2847,1547,39,27,0.579995126705653,0.0316220886291734
Micro-PVM,2.0,SDAN_30,Spectra_33,2000,2847,1547,39,27,0.7527777777777778,0.08602753048843481
Micro-PVM,2.0,SDAN_30,Spectra_34,2000,2847,1547,39,27,0.3223196881091618,0.012357549033078135
Micro-PVM,2.0,SDAN_30,Spectra_35,2000,2847,1547,39,27,0.4194931773879142,0.015639329871489256
Micro-PVM,2.0,SDAN_30,Spectra_36,2000,2847,1547,39,27,0.6435916179337231,0.027886544343894957
Micro-PVM,2.0,SDAN_30,Spectra_37,2000,2847,1547,39,27,0.47448830409356724,0.01669625038558482
Micro-PVM,2.0,SDAN_30,Spectra_38,2000,2847,1547,39,27,0.5905701754385966,0.03468443806927163
Micro-PVM,2.0,SDAN_30,Spectra_39,2000,2847,1547,39,27,0.36608187134502923,0.012935828938720195
Micro-PVM,2.0,SDAN_31,Spectra_0,2000,2847,1547,41,23,0.6345714937806688,0.024787460411667118
Micro-PVM,2.0,SDAN_31,Spectra_1,2000,2847,1547,41,23,0.5681844117311423,0.0333643568569843
Micro-PVM,2.0,SDAN_31,Spectra_2,2000,2847,1547,41,23,0.46810453041195943,0.013999186117384748
Micro-PVM,2.0,SDAN_31,Spectra_3,2000,2847,1547,41,23,0.6008786945110123,0.02262093436594464
Micro-PVM,2.0,SDAN_31,Spectra_4,2000,2847,1547,41,23,0.5580566016204496,0.01871237228986665
Micro-PVM,2.0,SDAN_31,Spectra_5,2000,2847,1547,41,23,0.587355928335045,0.03958932778678476
Micro-PVM,2.0,SDAN_31,Spectra_6,2000,2847,1547,41,23,0.3656282095172886,0.01112748537565178
Micro-PVM,2.0,SDAN_31,Spectra_7,2000,2847,1547,41,23,0.47706264977747354,0.015245250317108338
Micro-PVM,2.0,SDAN_31,Spectra_8,2000,2847,1547,41,23,0.375898664840808,0.011354300250877627
Micro-PVM,2.0,SDAN_31,Spectra_9,2000,2847,1547,41,23,0.5592833504507588,0.020601678372427087
Micro-PVM,2.0,SDAN_31,Spectra_10,2000,2847,1547,41,23,0.4943797786146297,0.015283047963673847
Micro-PVM,2.0,SDAN_31,Spectra_11,2000,2847,1547,41,23,0.4116740842177337,0.012192077484325586
Micro-PVM,2.0,SDAN_31,Spectra_12,2000,2847,1547,41,23,0.5548898778956978,0.016931008525347416
Micro-PVM,2.0,SDAN_31,Spectra_13,2000,2847,1547,41,23,0.5431359123587813,0.017621464993030727
Micro-PVM,2.0,SDAN_31,Spectra_14,2000,2847,1547,41,23,0.47050096998744717,0.015213150059805461
Micro-PVM,2.0,SDAN_31,Spectra_15,2000,2847,1547,41,23,0.5181159420289856,0.01739909821431488
Micro-PVM,2.0,SDAN_31,Spectra_16,2000,2847,1547,41,23,0.5166609608581536,0.014649374649617217
Micro-PVM,2.0,SDAN_31,Spectra_17,2000,2847,1547,41,23,0.3755848453725893,0.011328949547503905
Micro-PVM,2.0,SDAN_31,Spectra_18,2000,2847,1547,41,23,0.2522823234052265,0.009661922310077788
Micro-PVM,2.0,SDAN_31,Spectra_19,2000,2847,1547,41,23,0.5831051009928108,0.01960709954643325
Micro-PVM,2.0,SDAN_31,Spectra_20,2000,2847,1547,41,23,0.5937749629122447,0.01953961882673791
Micro-PVM,2.0,SDAN_31,Spectra_21,2000,2847,1547,41,23,0.7175054205180874,0.05583932493422181
Micro-PVM,2.0,SDAN_31,Spectra_22,2000,2847,1547,41,23,0.3367568184411731,0.010858879974281595
Micro-PVM,2.0,SDAN_31,Spectra_23,2000,2847,1547,41,23,0.4807428962684012,0.0153880931107946
Micro-PVM,2.0,SDAN_31,Spectra_24,2000,2847,1547,41,23,0.5642759328996919,0.017773415223269046
Micro-PVM,2.0,SDAN_31,Spectra_25,2000,2847,1547,41,23,0.5594830537487162,0.017299824233704818
Micro-PVM,2.0,SDAN_31,Spectra_26,2000,2847,1547,41,23,0.6040739472783294,0.02357514534490574
Micro-PVM,2.0,SDAN_31,Spectra_27,2000,2847,1547,41,23,0.4521282665753737,0.0140442867720412
Micro-PVM,2.0,SDAN_31,Spectra_28,2000,2847,1547,41,23,0.6178249457948191,0.021847613922055302
Micro-PVM,2.0,SDAN_31,Spectra_29,2000,2847,1547,41,23,0.5997945908935296,0.01984460011538998
Micro-PVM,2.0,SDAN_31,Spectra_30,2000,2847,1547,41,23,0.4420289855072464,0.013153934038312332
Micro-PVM,2.0,SDAN_31,Spectra_31,2000,2847,1547,41,23,0.5943455437635512,0.02150756637868457
Micro-PVM,2.0,SDAN_31,Spectra_32,2000,2847,1547,41,23,0.44077370763437185,0.015068402089949577
Micro-PVM,2.0,SDAN_31,Spectra_33,2000,2847,1547,41,23,0.7900833048042908,0.05719341839830654
Micro-PVM,2.0,SDAN_31,Spectra_34,2000,2847,1547,41,23,0.2829795732055232,0.01000991595491532
Micro-PVM,2.0,SDAN_31,Spectra_35,2000,2847,1547,41,23,0.6225322378180989,0.019909738014857917
Micro-PVM,2.0,SDAN_31,Spectra_36,2000,2847,1547,41,23,0.6195937464338697,0.022463197944160743
Micro-PVM,2.0,SDAN_31,Spectra_37,2000,2847,1547,41,23,0.6084103617482597,0.020224414741077376
Micro-PVM,2.0,SDAN_31,Spectra_38,2000,2847,1547,41,23,0.4986591349994294,0.014627192282716313
Micro-PVM,2.0,SDAN_31,Spectra_39,2000,2847,1547,41,23,0.432699988588383,0.012721949493041994
Micro-PVM,2.0,SDAN_32,Spectra_0,2000,2847,1547,38,32,0.33409653465346534,0.01603912867167346
Micro-PVM,2.0,SDAN_32,Spectra_1,2000,2847,1547,38,32,0.28345709570957095,0.013544728600879463
Micro-PVM,2.0,SDAN_32,Spectra_2,2000,2847,1547,38,32,0.28341584158415845,0.013812188893823648
Micro-PVM,2.0,SDAN_32,Spectra_3,2000,2847,1547,38,32,0.28046617161716175,0.017442456230079676
Micro-PVM,2.0,SDAN_32,Spectra_4,2000,2847,1547,38,32,0.3270214521452145,0.01638585649501606
Micro-PVM,2.0,SDAN_32,Spectra_5,2000,2847,1547,38,32,0.2827351485148515,0.013557502991656483
Micro-PVM,2.0,SDAN_32,Spectra_6,2000,2847,1547,38,32,0.4685437293729373,0.02696254765275335
Micro-PVM,2.0,SDAN_32,Spectra_7,2000,2847,1547,38,32,0.35377475247524753,0.026144401837962312
Micro-PVM,2.0,SDAN_32,Spectra_8,2000,2847,1547,38,32,0.5333539603960397,0.056869876523945095
Micro-PVM,2.0,SDAN_32,Spectra_9,2000,2847,1547,38,32,0.3256600660066007,0.02094527090222053
Micro-PVM,2.0,SDAN_32,Spectra_10,2000,2847,1547,38,32,0.3188943894389439,0.015043375082651567
Micro-PVM,2.0,SDAN_32,Spectra_11,2000,2847,1547,38,32,0.3740717821782178,0.015528144225931718
Micro-PVM,2.0,SDAN_32,Spectra_12,2000,2847,1547,38,32,0.5347566006600659,0.03556184806031974
Micro-PVM,2.0,SDAN_32,Spectra_13,2000,2847,1547,38,32,0.2772483498349835,0.013417045153107699
Micro-PVM,2.0,SDAN_32,Spectra_14,2000,2847,1547,38,32,0.238263201320132,0.013008493044553685
Micro-PVM,2.0,SDAN_32,Spectra_15,2000,2847,1547,38,32,0.3152227722772277,0.02953412036343395
Micro-PVM,2.0,SDAN_32,Spectra_16,2000,2847,1547,38,32,0.27959983498349833,0.013498922139561125
Micro-PVM,2.0,SDAN_32,Spectra_17,2000,2847,1547,38,32,0.2387582508250825,0.013121659259786402
Micro-PVM,2.0,SDAN_32,Spectra_18,2000,2847,1547,38,32,0.4271039603960396,0.019222000998405257
Micro-PVM,2.0,SDAN_32,Spectra_19,2000,2847,1547,38,32,0.3099009900990099,0.054040636792061794
Micro-PVM,2.0,SDAN_32,Spectra_20,2000,2847,1547,38,32,0.334983498349835,0.03214043582661326
Micro-PVM,2.0,SDAN_32,Spectra_21,2000,2847,1547,38,32,0.35517739273927396,0.025701974472777278
Micro-PVM,2.0,SDAN_32,Spectra_22,2000,2847,1547,38,32,0.401980198019802,0.016275887503187626
Micro-PVM,2.0,SDAN_32,Spectra_23,2000,2847,1547,38,32,0.325,0.01437198734777866
Micro-PVM,2.0,SDAN_32,Spectra_24,2000,2847,1547,38,32,0.3937293729372937,0.04692656946743204
Micro-PVM,2.0,SDAN_32,Spectra_25,2000,2847,1547,38,32,0.35282590759075905,0.015037062012265876
Micro-PVM,2.0,SDAN_32,Spectra_26,2000,2847,1547,38,32,0.31014851485148515,0.014030829457600015
Micro-PVM,2.0,SDAN_32,Spectra_27,2000,2847,1547,38,32,0.4158415841584159,0.02021819264474432
Micro-PVM,2.0,SDAN_32,Spectra_28,2000,2847,1547,38,32,0.38791254125412544,0.017288176919888695
Micro-PVM,2.0,SDAN_32,Spectra_29,2000,2847,1547,38,32,0.4466790429042904,0.042766052578821295
Micro-PVM,2.0,SDAN_32,Spectra_30,2000,2847,1547,38,32,0.441914191419142,0.024980112239001602
Micro-PVM,2.0,SDAN_32,Spectra_31,2000,2847,1547,38,32,0.36672854785478554,0.017894722927618546
Micro-PVM,2.0,SDAN_32,Spectra_32,2000,2847,1547,38,32,0.4076113861386139,0.016611334674335666
Micro-PVM,2.0,SDAN_32,Spectra_33,2000,2847,1547,38,32,0.2664397689768977,0.01323669191375676
Micro-PVM,2.0,SDAN_32,Spectra_34,2000,2847,1547,38,32,0.37444306930693066,0.015503107402869682
Micro-PVM,2.0,SDAN_32,Spectra_35,2000,2847,1547,38,32,0.38143564356435644,0.01638830177194618
Micro-PVM,2.0,SDAN_32,Spectra_36,2000,2847,1547,38,32,0.2554661716171618,0.01311844574573887
Micro-PVM,2.0,SDAN_32,Spectra_37,2000,2847,1547,38,32,0.2856023102310231,0.013564722636928043
Micro-PVM,2.0,SDAN_32,Spectra_38,2000,2847,1547,38,32,0.3846740924092409,0.015797334061690118
Micro-PVM,2.0,SDAN_32,Spectra_39,2000,2847,1547,38,32,0.6076113861386139,0.054965226892373764
Micro-PVM,2.0,SDAN_33,Spectra_0,2000,2847,1547,41,19,0.3481330945163957,0.013130907686952185
Micro-PVM,2.0,SDAN_33,Spectra_1,2000,2847,1547,41,19,0.29605263157894735,0.0084027629281152
Micro-PVM,2.0,SDAN_33,Spectra_2,2000,2847,1547,41,19,0.20849407550289334,0.008190957161982182
Micro-PVM,2.0,SDAN_33,Spectra_3,2000,2847,1547,41,19,0.268910168090383,0.008260978685488717
Micro-PVM,2.0,SDAN_33,Spectra_4,2000,2847,1547,41,19,0.2142807936070543,0.007553179903928682
Micro-PVM,2.0,SDAN_33,Spectra_5,2000,2847,1547,41,19,0.2759024524662441,0.008180401756866835
Micro-PVM,2.0,SDAN_33,Spectra_6,2000,2847,1547,41,19,0.2394599063102783,0.008070642824500424
Micro-PVM,2.0,SDAN_33,Spectra_7,2000,2847,1547,41,19,0.32291953706255166,0.009233096220195504
Micro-PVM,2.0,SDAN_33,Spectra_8,2000,2847,1547,41,19,0.29908376963350786,0.008463511573202324
Micro-PVM,2.0,SDAN_33,Spectra_9,2000,2847,1547,41,19,0.29498484430972716,0.00840091168331505
Micro-PVM,2.0,SDAN_33,Spectra_10,2000,2847,1547,41,19,0.2836180766051254,0.008252064582531903
Micro-PVM,2.0,SDAN_33,Spectra_11,2000,2847,1547,41,19,0.2631234499862221,0.008173989871212197
Micro-PVM,2.0,SDAN_33,Spectra_12,2000,2847,1547,41,19,0.9115458804078259,0.33714861934847923
Micro-PVM,2.0,SDAN_33,Spectra_13,2000,2847,1547,41,19,0.2351543124827776,0.007720787729252058
Micro-PVM,2.0,SDAN_33,Spectra_14,2000,2847,1547,41,19,0.26460457426288236,0.008103607025482974
Micro-PVM,2.0,SDAN_33,Spectra_15,2000,2847,1547,41,19,0.21579636263433452,0.0075750365847567875
Micro-PVM,2.0,SDAN_33,Spectra_16,2000,2847,1547,41,19,0.2401488013226784,0.007803564273536182
Micro-PVM,2.0,SDAN_33,Spectra_17,2000,2847,1547,41,19,0.20570405070267292,0.007561210683616071
Micro-PVM,2.0,SDAN_33,Spectra_18,2000,2847,1547,41,19,0.11449435106089832,0.007032680369883602
Micro-PVM,2.0,SDAN_33,Spectra_19,2000,2847,1547,41,19,0.27648801322678423,0.008915170297262532
Micro-PVM,2.0,SDAN_33,Spectra_20,2000,2847,1547,41,19,0.2224786442546156,0.007614925307169469
Micro-PVM,2.0,SDAN_33,Spectra_21,2000,2847,1547,41,19,0.46627858914301457,0.012917521946912647
Micro-PVM,2.0,SDAN_33,Spectra_22,2000,2847,1547,41,19,0.14859465417470377,0.007269031181354098
Micro-PVM,2.0,SDAN_33,Spectra_23,2000,2847,1547,41,19,0.2350509782309176,0.007746499606055224
Micro-PVM,2.0,SDAN_33,Spectra_24,2000,2847,1547,41,19,0.2983948746211077,0.008461977530471204
Micro-PVM,2.0,SDAN_33,Spectra_25,2000,2847,1547,41,19,0.1694681730504271,0.007301715139363369
Micro-PVM,2.0,SDAN_33,Spectra_26,2000,2847,1547,41,19,0.24107880958941855,0.008374108918671862
Micro-PVM,2.0,SDAN_33,Spectra_27,2000,2847,1547,41,19,0.18968724166437034,0.007387837709773211
Micro-PVM,2.0,SDAN_33,Spectra_28,2000,2847,1547,41,19,0.46159410305869386,0.040342294492144964
Micro-PVM,2.0,SDAN_33,Spectra_29,2000,2847,1547,41,19,0.26770460181868283,0.008068608471414676
Micro-PVM,2.0,SDAN_33,Spectra_30,2000,2847,1547,41,19,0.3841278589143015,0.009838792277107482
Micro-PVM,2.0,SDAN_33,Spectra_31,2000,2847,1547,41,19,0.31251722237531,0.009082417087498344
Micro-PVM,2.0,SDAN_33,Spectra_32,2000,2847,1547,41,19,0.20398181317167266,0.007590498571910373
Micro-PVM,2.0,SDAN_33,Spectra_33,2000,2847,1547,41,19,0.3128961146321301,0.008819705104683202
Micro-PVM,2.0,SDAN_33,Spectra_34,2000,2847,1547,41,19,0.16044364838798567,0.00732061095796062
Micro-PVM,2.0,SDAN_33,Spectra_35,2000,2847,1547,41,19,0.8145150179112703,0.2010059526116409
Micro-PVM,2.0,SDAN_33,Spectra_36,2000,2847,1547,41,19,0.16647147974648666,0.007195701956230545
Micro-PVM,2.0,SDAN_33,Spectra_37,2000,2847,1547,41,19,0.32092174152659136,0.0087683549720597
Micro-PVM,2.0,SDAN_33,Spectra_38,2000,2847,1547,41,19,0.2569233948746211,0.008031665750186316
Micro-PVM,2.0,SDAN_33,Spectra_39,2000,2847,1547,41,19,0.2552700468448608,0.007980373374831203
Micro-PVM,2.0,SDAN_34,Spectra_0,2000,2847,1547,39,34,0.46761401189689356,0.02212650700133579
Micro-PVM,2.0,SDAN_34,Spectra_1,2000,2847,1547,39,34,0.6161113487033941,0.03802376608420277
Micro-PVM,2.0,SDAN_34,Spectra_2,2000,2847,1547,39,34,0.43215660355351654,0.02046838421260571
Micro-PVM,2.0,SDAN_34,Spectra_3,2000,2847,1547,39,34,0.43410054041444734,0.019419310900293963
Micro-PVM,2.0,SDAN_34,Spectra_4,2000,2847,1547,39,34,0.4773336962015473,0.02060572223562397
Micro-PVM,2.0,SDAN_34,Spectra_5,2000,2847,1547,39,34,0.5331830022160879,0.033719993775153285
Micro-PVM,2.0,SDAN_34,Spectra_6,2000,2847,1547,39,34,0.3886318572372769,0.01703918342620401
Micro-PVM,2.0,SDAN_34,Spectra_7,2000,2847,1547,39,34,0.5387426616383499,0.02510608713558661
Micro-PVM,2.0,SDAN_34,Spectra_8,2000,2847,1547,39,34,0.6196493137902881,0.029790613031989058
Micro-PVM,2.0,SDAN_34,Spectra_9,2000,2847,1547,39,34,0.4101706776563897,0.019044655682108537
Micro-PVM,2.0,SDAN_34,Spectra_10,2000,2847,1547,39,34,0.6229540064538703,0.03744961027916686
Micro-PVM,2.0,SDAN_34,Spectra_11,2000,2847,1547,39,34,0.4669336339955678,0.019765607702840124
Micro-PVM,2.0,SDAN_34,Spectra_12,2000,2847,1547,39,34,0.4368414913883597,0.023974036022124633
Micro-PVM,2.0,SDAN_34,Spectra_13,2000,2847,1547,39,34,0.513588118657906,0.029837100028799343
Micro-PVM,2.0,SDAN_34,Spectra_14,2000,2847,1547,39,34,0.5244741650791184,0.02650584558117848
Micro-PVM,2.0,SDAN_34,Spectra_15,2000,2847,1547,39,34,0.46809999611212627,0.02118590527737802
Micro-PVM,2.0,SDAN_34,Spectra_16,2000,2847,1547,39,34,0.37832899187434393,0.01652969116574798
Micro-PVM,2.0,SDAN_34,Spectra_17,2000,2847,1547,39,34,0.4794914661171805,0.021979088316390574
Micro-PVM,2.0,SDAN_34,Spectra_18,2000,2847,1547,39,34,0.4364915827533921,0.01826417491678839
Micro-PVM,2.0,SDAN_34,Spectra_19,2000,2847,1547,39,34,0.47113253761517826,0.02185678190515842
Micro-PVM,2.0,SDAN_34,Spectra_20,2000,2847,1547,39,34,0.46504801524046496,0.02118796138414727
Micro-PVM,2.0,SDAN_34,Spectra_21,2000,2847,1547,39,34,0.5194199292406982,0.023057243115023322
Micro-PVM,2.0,SDAN_34,Spectra_22,2000,2847,1547,39,34,0.44813576455036735,0.019060330498632323
Micro-PVM,2.0,SDAN_34,Spectra_23,2000,2847,1547,39,34,0.46075191477780797,0.01962395206537131
Micro-PVM,2.0,SDAN_34,Spectra_24,2000,2847,1547,39,34,0.48497336806500524,0.02151660860311538
Micro-PVM,2.0,SDAN_34,Spectra_25,2000,2847,1547,39,34,0.4508183974184518,0.021047062452323254
Micro-PVM,2.0,SDAN_34,Spectra_26,2000,2847,1547,39,34,0.5328525329497297,0.023235681884873023
Micro-PVM,2.0,SDAN_34,Spectra_27,2000,2847,1547,39,34,0.48843357567746204,0.02405368272256822
Micro-PVM,2.0,SDAN_34,Spectra_28,2000,2847,1547,39,34,0.4730181563702811,0.02367048504823237
Micro-PVM,2.0,SDAN_34,Spectra_29,2000,2847,1547,39,34,0.5212083511527545,0.02506188051563491
Micro-PVM,2.0,SDAN_34,Spectra_30,2000,2847,1547,39,34,0.5619727071264724,0.03395817742417512
Micro-PVM,2.0,SDAN_34,Spectra_31,2000,2847,1547,39,34,0.66647875277011,0.045350373394845565
Micro-PVM,2.0,SDAN_34,Spectra_32,2000,2847,1547,39,34,0.6150616227984915,0.03229699574316027
Micro-PVM,2.0,SDAN_34,Spectra_33,2000,2847,1547,39,34,0.47951090548578984,0.02051211337275559
Micro-PVM,2.0,SDAN_34,Spectra_34,2000,2847,1547,39,34,0.5411725827145135,0.02610353341347771
Micro-PVM,2.0,SDAN_34,Spectra_35,2000,2847,1547,39,34,0.5461685004471055,0.02482556410449769
Micro-PVM,2.0,SDAN_34,Spectra_36,2000,2847,1547,39,34,0.5798763656156447,0.026200244978665115
Micro-PVM,2.0,SDAN_34,Spectra_37,2000,2847,1547,39,34,0.7496792504179464,0.10455817377561993
Micro-PVM,2.0,SDAN_34,Spectra_38,2000,2847,1547,39,34,0.6783173282531784,0.054090661111014605
Micro-PVM,2.0,SDAN_34,Spectra_39,2000,2847,1547,39,34,0.7189844873838498,0.15961550652129328
Micro-PVM,2.0,SDAN_35,Spectra_0,2000,2847,1547,41,32,0.5154496699669967,0.024380307093728758
Micro-PVM,2.0,SDAN_35,Spectra_1,2000,2847,1547,41,32,0.4355404290429043,0.017198436061619908
Micro-PVM,2.0,SDAN_35,Spectra_2,2000,2847,1547,41,32,0.5343646864686469,0.027856252655461402
Micro-PVM,2.0,SDAN_35,Spectra_3,2000,2847,1547,41,32,0.5920173267326733,0.02937506224101718
Micro-PVM,2.0,SDAN_35,Spectra_4,2000,2847,1547,41,32,0.5153465346534654,0.02139922227368441
Micro-PVM,2.0,SDAN_35,Spectra_5,2000,2847,1547,41,32,0.4512995049504951,0.019054453090228782
Micro-PVM,2.0,SDAN_35,Spectra_6,2000,2847,1547,41,32,0.41183993399339935,0.017811406366105106
Micro-PVM,2.0,SDAN_35,Spectra_7,2000,2847,1547,41,32,0.48360148514851486,0.021330406460791648
Micro-PVM,2.0,SDAN_35,Spectra_8,2000,2847,1547,41,32,0.40292904290429044,0.0178603136414131
Micro-PVM,2.0,SDAN_35,Spectra_9,2000,2847,1547,41,32,0.558003300330033,0.04231116199371576
Micro-PVM,2.0,SDAN_35,Spectra_10,2000,2847,1547,41,32,0.4037747524752475,0.01633985362395857
Micro-PVM,2.0,SDAN_35,Spectra_11,2000,2847,1547,41,32,0.6854785478547856,0.06443634243876775
Micro-PVM,2.0,SDAN_35,Spectra_12,2000,2847,1547,41,32,0.46932755775577556,0.018777888564243398
Micro-PVM,2.0,SDAN_35,Spectra_13,2000,2847,1547,41,32,0.5305486798679868,0.02596428668845108
Micro-PVM,2.0,SDAN_35,Spectra_14,2000,2847,1547,41,32,0.4466790429042904,0.01793605921872861
Micro-PVM,2.0,SDAN_35,Spectra_15,2000,2847,1547,41,32,0.49535891089108913,0.04057825498930838
Micro-PVM,2.0,SDAN_35,Spectra_16,2000,2847,1547,41,32,0.7343234323432343,0.04917877536548199
Micro-PVM,2.0,SDAN_35,Spectra_17,2000,2847,1547,41,32,0.3976485148514851,0.016103801957285443
Micro-PVM,2.0,SDAN_35,Spectra_18,2000,2847,1547,41,32,0.2172648514851485,0.012663403736988661
Micro-PVM,2.0,SDAN_35,Spectra_19,2000,2847,1547,41,32,0.46507838283828384,0.02145078071982509
Micro-PVM,2.0,SDAN_35,Spectra_20,2000,2847,1547,41,32,0.3723803630363036,0.020975018298242193
Micro-PVM,2.0,SDAN_35,Spectra_21,2000,2847,1547,41,32,0.5241749174917492,0.057863354456173216
Micro-PVM,2.0,SDAN_35,Spectra_22,2000,2847,1547,41,32,0.2766295379537954,0.01355322411940855
Micro-PVM,2.0,SDAN_35,Spectra_23,2000,2847,1547,41,32,0.3992780528052805,0.017898990383943998
Micro-PVM,2.0,SDAN_35,Spectra_24,2000,2847,1547,41,32,0.4673267326732673,0.02351147592757131
Micro-PVM,2.0,SDAN_35,Spectra_25,2000,2847,1547,41,32,0.3764232673267327,0.0322284128519401
Micro-PVM,2.0,SDAN_35,Spectra_26,2000,2847,1547,41,32,0.5269595709570957,0.03711848801343877
Micro-PVM,2.0,SDAN_35,Spectra_27,2000,2847,1547,41,32,0.4527227722772277,0.09209646953020083
Micro-PVM,2.0,SDAN_35,Spectra_28,2000,2847,1547,41,32,0.45105198019801984,0.01900044790281334
Micro-PVM,2.0,SDAN_35,Spectra_29,2000,2847,1547,41,32,0.4987623762376238,0.021696757174179408
Micro-PVM,2.0,SDAN_35,Spectra_30,2000,2847,1547,41,32,0.3604991749174918,0.0152170631824352
Micro-PVM,2.0,SDAN_35,Spectra_31,2000,2847,1547,41,32,0.21006600660066008,0.01236499650789128
Micro-PVM,2.0,SDAN_35,Spectra_32,2000,2847,1547,41,32,0.17528877887788777,0.011980658141033109
Micro-PVM,2.0,SDAN_35,Spectra_33,2000,2847,1547,41,32,0.2538366336633663,0.013159179736391137
Micro-PVM,2.0,SDAN_35,Spectra_34,2000,2847,1547,41,32,0.14110973597359736,0.011687709030717178
Micro-PVM,2.0,SDAN_35,Spectra_35,2000,2847,1547,41,32,0.23857260726072607,0.01286149703289149
Micro-PVM,2.0,SDAN_35,Spectra_36,2000,2847,1547,41,32,0.3825288778877888,0.016465119203505824
Micro-PVM,2.0,SDAN_35,Spectra_37,2000,2847,1547,41,32,0.3850247524752475,0.0160494477737576
Micro-PVM,2.0,SDAN_35,Spectra_38,2000,2847,1547,41,32,0.4026815181518152,0.01628284601524087
Micro-PVM,2.0,SDAN_35,Spectra_39,2000,2847,1547,41,32,0.3452351485148515,0.014916350814384085
Micro-PVM,2.0,SDAN_36,Spectra_0,2000,2847,1547,38,27,0.4466861598440546,0.016710337798049833
Micro-PVM,2.0,SDAN_36,Spectra_1,2000,2847,1547,38,27,0.628898635477583,0.026644908887534582
Micro-PVM,2.0,SDAN_36,Spectra_2,2000,2847,1547,38,27,0.509527290448343,0.018194485661598987
Micro-PVM,2.0,SDAN_36,Spectra_3,2000,2847,1547,38,27,0.4300194931773879,0.015361018630227822
Micro-PVM,2.0,SDAN_36,Spectra_4,2000,2847,1547,38,27,0.5363060428849902,0.020825901669494294
Micro-PVM,2.0,SDAN_36,Spectra_5,2000,2847,1547,38,27,0.5826267056530214,0.028239035240224128
Micro-PVM,2.0,SDAN_36,Spectra_6,2000,2847,1547,38,27,0.5241471734892786,0.018149135078941055
Micro-PVM,2.0,SDAN_36,Spectra_7,2000,2847,1547,38,27,0.517056530214425,0.025548238440763746
Micro-PVM,2.0,SDAN_36,Spectra_8,2000,2847,1547,38,27,0.4872319688109161,0.020188707090033387
Micro-PVM,2.0,SDAN_36,Spectra_9,2000,2847,1547,38,27,0.5285575048732943,0.02149787860112393
Micro-PVM,2.0,SDAN_36,Spectra_10,2000,2847,1547,38,27,0.6183723196881091,0.03277527454469306
Micro-PVM,2.0,SDAN_36,Spectra_11,2000,2847,1547,38,27,0.42246588693957116,0.01448974823778228
Micro-PVM,2.0,SDAN_36,Spectra_12,2000,2847,1547,38,27,0.48825536062378166,0.01683973212797616
Micro-PVM,2.0,SDAN_36,Spectra_13,2000,2847,1547,38,27,0.4572855750487329,0.01657212452725105
Micro-PVM,2.0,SDAN_36,Spectra_14,2000,2847,1547,38,27,0.5646442495126706,0.024137498720157607
Micro-PVM,2.0,SDAN_36,Spectra_15,2000,2847,1547,38,27,0.46491228070175433,0.016019061674800796
Micro-PVM,2.0,SDAN_36,Spectra_16,2000,2847,1547,38,27,0.5450536062378167,0.019684443312075604
Micro-PVM,2.0,SDAN_36,Spectra_17,2000,2847,1547,38,27,0.5554093567251462,0.019868974980141008
Micro-PVM,2.0,SDAN_36,Spectra_18,2000,2847,1547,38,27,0.45116959064327483,0.014969146010793898
Micro-PVM,2.0,SDAN_36,Spectra_19,2000,2847,1547,38,27,0.6654239766081871,0.03302403077833452
Micro-PVM,2.0,SDAN_36,Spectra_20,2000,2847,1547,38,27,0.508625730994152,0.016895468482103826
Micro-PVM,2.0,SDAN_36,Spectra_21,2000,2847,1547,38,27,0.5126461988304093,0.018094913795370246
Micro-PVM,2.0,SDAN_36,Spectra_22,2000,2847,1547,38,27,0.5028996101364522,0.01672802535748904
Micro-PVM,2.0,SDAN_36,Spectra_23,2000,2847,1547,38,27,0.5325292397660818,0.018397798387965167
Micro-PVM,2.0,SDAN_36,Spectra_24,2000,2847,1547,38,27,0.4960038986354775,0.016623766127584476
Micro-PVM,2.0,SDAN_36,Spectra_25,2000,2847,1547,38,27,0.5539230019493178,0.025651102792929557
Micro-PVM,2.0,SDAN_36,Spectra_26,2000,2847,1547,38,27,0.5173245614035088,0.019302390214747462
Micro-PVM,2.0,SDAN_36,Spectra_27,2000,2847,1547,38,27,0.520930799220273,0.01837053315113445
Micro-PVM,2.0,SDAN_36,Spectra_28,2000,2847,1547,38,27,0.4617202729044834,0.016235318011755297
Micro-PVM,2.0,SDAN_36,Spectra_29,2000,2847,1547,38,27,0.6186647173489278,0.02707869403080472
Micro-PVM,2.0,SDAN_36,Spectra_30,2000,2847,1547,38,27,0.5020955165692008,0.01712226392515719
Micro-PVM,2.0,SDAN_36,Spectra_31,2000,2847,1547,38,27,0.6869883040935673,0.055808113616954855
Micro-PVM,2.0,SDAN_36,Spectra_32,2000,2847,1547,38,27,0.6079922027290448,0.032011231355406344
Micro-PVM,2.0,SDAN_36,Spectra_33,2000,2847,1547,38,27,0.6342592592592592,0.033427055300008696
Micro-PVM,2.0,SDAN_36,Spectra_34,2000,2847,1547,38,27,0.5419346978557504,0.018243430746415074
Micro-PVM,2.0,SDAN_36,Spectra_35,2000,2847,1547,38,27,0.617958089668616,0.03065883425104231
Micro-PVM,2.0,SDAN_36,Spectra_36,2000,2847,1547,38,27,0.6491471734892788,0.040870039961452075
Micro-PVM,2.0,SDAN_36,Spectra_37,2000,2847,1547,38,27,0.6512183235867446,0.030669104069786797
Micro-PVM,2.0,SDAN_36,Spectra_38,2000,2847,1547,38,27,0.6144980506822613,0.043405302761990415
Micro-PVM,2.0,SDAN_36,Spectra_39,2000,2847,1547,38,27,0.5898391812865497,0.021387750970136617
Micro-PVM,2.0,SDAN_37,Spectra_0,2000,2847,1547,37,31,0.5033407098476466,0.023155017631161345
Micro-PVM,2.0,SDAN_37,Spectra_1,2000,2847,1547,37,31,0.45878372627457653,0.019233358070542526
Micro-PVM,2.0,SDAN_37,Spectra_2,2000,2847,1547,37,31,0.4386969103753511,0.024883328106190903
Micro-PVM,2.0,SDAN_37,Spectra_3,2000,2847,1547,37,31,0.4892118478168355,0.027561052583943965
Micro-PVM,2.0,SDAN_37,Spectra_4,2000,2847,1547,37,31,0.5151289471444378,0.024123342877487155
Micro-PVM,2.0,SDAN_37,Spectra_5,2000,2847,1547,37,31,0.4566558856072857,0.03861035405114178
Micro-PVM,2.0,SDAN_37,Spectra_6,2000,2847,1547,37,31,0.5482594263341561,0.03153948785179359
Micro-PVM,2.0,SDAN_37,Spectra_7,2000,2847,1547,37,31,0.46397565750276615,0.022064735757692723
Micro-PVM,2.0,SDAN_37,Spectra_8,2000,2847,1547,37,31,0.5080219593156865,0.020415133640040797
Micro-PVM,2.0,SDAN_37,Spectra_9,2000,2847,1547,37,31,0.45193207932590007,0.02229377279207591
Micro-PVM,2.0,SDAN_37,Spectra_10,2000,2847,1547,37,31,0.5405566431185633,0.023612758135893565
Micro-PVM,2.0,SDAN_37,Spectra_11,2000,2847,1547,37,31,0.381138820325134,0.015155308843186558
Micro-PVM,2.0,SDAN_37,Spectra_12,2000,2847,1547,37,31,0.4770831560132778,0.018772945937933227
Micro-PVM,2.0,SDAN_37,Spectra_13,2000,2847,1547,37,31,0.5551110732828325,0.029732963578333813
Micro-PVM,2.0,SDAN_37,Spectra_14,2000,2847,1547,37,31,0.41177972593412204,0.016338951209471403
Micro-PVM,2.0,SDAN_37,Spectra_15,2000,2847,1547,37,31,0.49955315345986895,0.01891446299051134
Micro-PVM,2.0,SDAN_37,Spectra_16,2000,2847,1547,37,31,0.35309388033024086,0.014720255586678662
Micro-PVM,2.0,SDAN_37,Spectra_17,2000,2847,1547,37,31,0.4779130138735212,0.022130286179370736
Micro-PVM,2.0,SDAN_37,Spectra_18,2000,2847,1547,37,31,0.514639543790961,0.019688505603314137
Micro-PVM,2.0,SDAN_37,Spectra_19,2000,2847,1547,37,31,0.49838284109285896,0.022515949900142267
Micro-PVM,2.0,SDAN_37,Spectra_20,2000,2847,1547,37,31,0.49144608051749084,0.019319107295223945
Micro-PVM,2.0,SDAN_37,Spectra_21,2000,2847,1547,37,31,0.5301089454421654,0.02342011607505264
Micro-PVM,2.0,SDAN_37,Spectra_22,2000,2847,1547,37,31,0.5676014979998297,0.02259574845857189
Micro-PVM,2.0,SDAN_37,Spectra_23,2000,2847,1547,37,31,0.5011277555536642,0.021234810828100158
Micro-PVM,2.0,SDAN_37,Spectra_24,2000,2847,1547,37,31,0.4869137798961614,0.01907933420167654
Micro-PVM,2.0,SDAN_37,Spectra_25,2000,2847,1547,37,31,0.5984551876755468,0.031472750495667265
Micro-PVM,2.0,SDAN_37,Spectra_26,2000,2847,1547,37,31,0.5136394586773343,0.022065752350378644
Micro-PVM,2.0,SDAN_37,Spectra_27,2000,2847,1547,37,31,0.5180228104519533,0.02707888520184204
Micro-PVM,2.0,SDAN_37,Spectra_28,2000,2847,1547,37,31,0.5305345135756234,0.027257748984850016
Micro-PVM,2.0,SDAN_37,Spectra_29,2000,2847,1547,37,31,0.4860200868158992,0.019697117854134208
Micro-PVM,2.0,SDAN_37,Spectra_30,2000,2847,1547,37,31,0.5004042897267852,0.01930801962524759
Micro-PVM,2.0,SDAN_37,Spectra_31,2000,2847,1547,37,31,0.46335858370925187,0.018926870221446887
Micro-PVM,2.0,SDAN_37,Spectra_32,2000,2847,1547,37,31,0.4268448378585411,0.016482209864476908
Micro-PVM,2.0,SDAN_37,Spectra_33,2000,2847,1547,37,31,0.44012256362243596,0.019357237262846647
Micro-PVM,2.0,SDAN_37,Spectra_34,2000,2847,1547,37,31,0.550834113541578,0.021272951260877006
Micro-PVM,2.0,SDAN_37,Spectra_35,2000,2847,1547,37,31,0.4647629585496639,0.019053719497671873
Micro-PVM,2.0,SDAN_37,Spectra_36,2000,2847,1547,37,31,0.4071197548727551,0.016621284689422262
Micro-PVM,2.0,SDAN_37,Spectra_37,2000,2847,1547,37,31,0.48982892161034985,0.020217985521131732
Micro-PVM,2.0,SDAN_37,Spectra_38,2000,2847,1547,37,31,0.30287684058217723,0.015078371491186064
Micro-PVM,2.0,SDAN_37,Spectra_39,2000,2847,1547,37,31,0.40205549408460295,0.0200396228098371
Micro-PVM,2.0,SDAN_38,Spectra_0,2000,2847,1547,41,25,0.30454664914586077,0.011133721427629731
Micro-PVM,2.0,SDAN_38,Spectra_1,2000,2847,1547,41,25,0.2652825229960578,0.010461648342166818
Micro-PVM,2.0,SDAN_38,Spectra_2,2000,2847,1547,41,25,0.32538764783180024,0.012980814391785871
Micro-PVM,2.0,SDAN_38,Spectra_3,2000,2847,1547,41,25,0.4501445466491459,0.015735512108223514
Micro-PVM,2.0,SDAN_38,Spectra_4,2000,2847,1547,41,25,0.2947437582128778,0.011060383002752349
Micro-PVM,2.0,SDAN_38,Spectra_5,2000,2847,1547,41,25,0.38875164257555844,0.017337104230041964
Micro-PVM,2.0,SDAN_38,Spectra_6,2000,2847,1547,41,25,0.2401314060446781,0.010093225406640914
Micro-PVM,2.0,SDAN_38,Spectra_7,2000,2847,1547,41,25,0.33379763469119583,0.01157308831758708
Micro-PVM,2.0,SDAN_38,Spectra_8,2000,2847,1547,41,25,0.35600525624178714,0.01219484745727032
Micro-PVM,2.0,SDAN_38,Spectra_9,2000,2847,1547,41,25,0.34436268068331144,0.011936127647476955
Micro-PVM,2.0,SDAN_38,Spectra_10,2000,2847,1547,41,25,0.3608147174770039,0.012525200363625673
Micro-PVM,2.0,SDAN_38,Spectra_11,2000,2847,1547,41,25,0.19658344283837056,0.009666733693170917
Micro-PVM,2.0,SDAN_38,Spectra_12,2000,2847,1547,41,25,0.7615768725361367,0.11307445522620929
Micro-PVM,2.0,SDAN_38,Spectra_13,2000,2847,1547,41,25,0.38378449408672805,0.026198106331467068
Micro-PVM,2.0,SDAN_38,Spectra_14,2000,2847,1547,41,25,0.26940867279894876,0.010506437483684745
Micro-PVM,2.0,SDAN_38,Spectra_15,2000,2847,1547,41,25,0.25915900131406044,0.01037925573927816
Micro-PVM,2.0,SDAN_38,Spectra_16,2000,2847,1547,41,25,0.2473324572930355,0.010230783620180392
Micro-PVM,2.0,SDAN_38,Spectra_17,2000,2847,1547,41,25,0.23876478318002628,0.010161423383145416
Micro-PVM,2.0,SDAN_38,Spectra_18,2000,2847,1547,41,25,0.13395532194480947,0.009322339567928285
Micro-PVM,2.0,SDAN_38,Spectra_19,2000,2847,1547,41,25,0.41130091984231276,0.015700484268503852
Micro-PVM,2.0,SDAN_38,Spectra_20,2000,2847,1547,41,25,0.2909067017082786,0.010819314865368338
Micro-PVM,2.0,SDAN_38,Spectra_21,2000,2847,1547,41,25,0.5190013140604468,0.02850484731173719
Micro-PVM,2.0,SDAN_38,Spectra_22,2000,2847,1547,41,25,0.16275952693823914,0.009611690072911414
Micro-PVM,2.0,SDAN_38,Spectra_23,2000,2847,1547,41,25,0.31145860709592643,0.011183127546862579
Micro-PVM,2.0,SDAN_38,Spectra_24,2000,2847,1547,41,25,0.37576872536136663,0.012337582249100369
Micro-PVM,2.0,SDAN_38,Spectra_25,2000,2847,1547,41,25,0.22186596583442836,0.010030153684367847
Micro-PVM,2.0,SDAN_38,Spectra_26,2000,2847,1547,41,25,0.3507227332457293,0.015577933284381848
Micro-PVM,2.0,SDAN_38,Spectra_27,2000,2847,1547,41,25,0.212772667542707,0.00987397000443288
Micro-PVM,2.0,SDAN_38,Spectra_28,2000,2847,1547,41,25,0.5446254927726676,0.051924071225845005
Micro-PVM,2.0,SDAN_38,Spectra_29,2000,2847,1547,41,25,0.3365834428383706,0.011567696043688678
Micro-PVM,2.0,SDAN_38,Spectra_30,2000,2847,1547,41,25,0.3914586070959264,0.01253048571525028
Micro-PVM,2.0,SDAN_38,Spectra_31,2000,2847,1547,41,25,0.2949540078843627,0.011332022422006814
Micro-PVM,2.0,SDAN_38,Spectra_32,2000,2847,1547,41,25,0.1955321944809461,0.010014919800699636
Micro-PVM,2.0,SDAN_38,Spectra_33,2000,2847,1547,41,25,0.447095926412615,0.014198613393864069
Micro-PVM,2.0,SDAN_38,Spectra_34,2000,2847,1547,41,25,0.12943495400788438,0.009247329828130157
Micro-PVM,2.0,SDAN_38,Spectra_35,2000,2847,1547,41,25,0.5702759526938238,0.021676351259182398
Micro-PVM,2.0,SDAN_38,Spectra_36,2000,2847,1547,41,25,0.2802628120893561,0.010666213669214285
Micro-PVM,2.0,SDAN_38,Spectra_37,2000,2847,1547,41,25,0.462496714848883,0.014593990736545968
Micro-PVM,2.0,SDAN_38,Spectra_38,2000,2847,1547,41,25,0.32233902759526945,0.011321999307107037
Micro-PVM,2.0,SDAN_38,Spectra_39,2000,2847,1547,41,25,0.3250197109067017,0.011510623480052117
Micro-PVM,2.0,SDAN_39,Spectra_0,2000,2847,1547,42,13,0.17054457927991176,0.005101583351980303
Micro-PVM,2.0,SDAN_39,Spectra_1,2000,2847,1547,42,13,0.1015444789890683,0.004801652837799752
Micro-PVM,2.0,SDAN_39,Spectra_2,2000,2847,1547,42,13,0.1106208003209307,0.004832598856477383
Micro-PVM,2.0,SDAN_39,Spectra_3,2000,2847,1547,42,13,0.27610069200681986,0.008467138078783585
Micro-PVM,2.0,SDAN_39,Spectra_4,2000,2847,1547,42,13,0.06925082739945843,0.004718696671180667
Micro-PVM,2.0,SDAN_39,Spectra_5,2000,2847,1547,42,13,0.15379600842443086,0.0054955899251624115
Micro-PVM,2.0,SDAN_39,Spectra_6,2000,2847,1547,42,13,0.13113027780563635,0.00488040117677049
Micro-PVM,2.0,SDAN_39,Spectra_7,2000,2847,1547,42,13,0.11598636044529134,0.004879479885397225
Micro-PVM,2.0,SDAN_39,Spectra_8,2000,2847,1547,42,13,0.10435262260555613,0.004798144465243559
Micro-PVM,2.0,SDAN_39,Spectra_9,2000,2847,1547,42,13,0.17234981446193964,0.005547479673673677
Micro-PVM,2.0,SDAN_39,Spectra_10,2000,2847,1547,42,13,0.1131782168288035,0.0048427271976672496
Micro-PVM,2.0,SDAN_39,Spectra_11,2000,2847,1547,42,13,0.1777153745863003,0.007314010165161148
Micro-PVM,2.0,SDAN_39,Spectra_12,2000,2847,1547,42,13,0.9146023468057367,0.10304394152294877
Micro-PVM,2.0,SDAN_39,Spectra_13,2000,2847,1547,42,13,0.17636144819977934,0.005197402911080836
Micro-PVM,2.0,SDAN_39,Spectra_14,2000,2847,1547,42,13,0.13193260455320427,0.004895310308625167
Micro-PVM,2.0,SDAN_39,Spectra_15,2000,2847,1547,42,13,0.12927489720188548,0.00488102132415913
Micro-PVM,2.0,SDAN_39,Spectra_16,2000,2847,1547,42,13,0.15399659011132286,0.005000143835844935
Micro-PVM,2.0,SDAN_39,Spectra_17,2000,2847,1547,42,13,0.12340788286029489,0.004862148021744406
Micro-PVM,2.0,SDAN_39,Spectra_18,2000,2847,1547,42,13,0.08594925283321633,0.004740017715710919
Micro-PVM,2.0,SDAN_39,Spectra_19,2000,2847,1547,42,13,0.14191154347608065,0.005189881828505801
Micro-PVM,2.0,SDAN_39,Spectra_20,2000,2847,1547,42,13,0.13118042322735934,0.0048818000378455665
Micro-PVM,2.0,SDAN_39,Spectra_21,2000,2847,1547,42,13,0.2681777153745863,0.006093577791757696
Micro-PVM,2.0,SDAN_39,Spectra_22,2000,2847,1547,42,13,0.1563032795105807,0.005087106322251948
Micro-PVM,2.0,SDAN_39,Spectra_23,2000,2847,1547,42,13,0.18368267977133687,0.005147291248056206
Micro-PVM,2.0,SDAN_39,Spectra_24,2000,2847,1547,42,13,0.1577073513188246,0.005002777135647325
Micro-PVM,2.0,SDAN_39,Spectra_25,2000,2847,1547,42,13,0.16603149132484205,0.005083080786437775
Micro-PVM,2.0,SDAN_39,Spectra_26,2000,2847,1547,42,13,0.2541871427138703,0.005600002714882378
Micro-PVM,2.0,SDAN_39,Spectra_27,2000,2847,1547,42,13,0.19030187543877244,0.005203410866538428
Micro-PVM,2.0,SDAN_39,Spectra_28,2000,2847,1547,42,13,0.7422023869220741,0.08129107739631983
Micro-PVM,2.0,SDAN_39,Spectra_29,2000,2847,1547,42,13,0.1453715775749674,0.005007568844340837
Micro-PVM,2.0,SDAN_39,Spectra_30,2000,2847,1547,42,13,0.10876541971717982,0.004796971005171802
Micro-PVM,2.0,SDAN_39,Spectra_31,2000,2847,1547,42,13,0.11623708755390634,0.004840407471734368
Micro-PVM,2.0,SDAN_39,Spectra_32,2000,2847,1547,42,13,0.11272690803329655,0.004837248086770207
Micro-PVM,2.0,SDAN_39,Spectra_33,2000,2847,1547,42,13,0.22354829004111926,0.005625316623357708
Micro-PVM,2.0,SDAN_39,Spectra_34,2000,2847,1547,42,13,0.08589910741149333,0.004773646799425755
Micro-PVM,2.0,SDAN_39,Spectra_35,2000,2847,1547,42,13,0.42628623006719485,0.010727647084519867
Micro-PVM,2.0,SDAN_39,Spectra_36,2000,2847,1547,42,13,0.23292548390331963,0.005509910604604228
Micro-PVM,2.0,SDAN_39,Spectra_37,2000,2847,1547,42,13,0.31767124661518403,0.006208408985115642
Micro-PVM,2.0,SDAN_39,Spectra_38,2000,2847,1547,42,13,0.1697923979540668,0.005120190056538913
Micro-PVM,2.0,SDAN_39,Spectra_39,2000,2847,1547,42,13,0.3605455821883462,0.0065036944118491554
