cell_type,sdan_weight,program,factor,n_genes_overlap,n_program_genes_total,n_program_genes_overlap,auroc,average_precision
CD8T,2.0,SDAN_0,sciRED_0,739,23,20,0.3867872044506258,0.02124118843360156
CD8T,2.0,SDAN_0,sciRED_1,739,23,20,0.453894297635605,0.024950172348472542
CD8T,2.0,SDAN_0,sciRED_2,739,23,20,0.4742002781641168,0.025399801216888583
CD8T,2.0,SDAN_0,sciRED_3,739,23,20,0.352990264255911,0.020597100933837112
CD8T,2.0,SDAN_0,sciRED_4,739,23,20,0.39144645340751044,0.021591131208932947
CD8T,2.0,SDAN_0,sciRED_5,739,23,20,0.5378998609179416,0.028977161720365244
CD8T,2.0,SDAN_0,sciRED_6,739,23,20,0.414673157162726,0.022418506514908246
CD8T,2.0,SDAN_0,sciRED_7,739,23,20,0.3796244784422809,0.021502791699143535
CD8T,2.0,SDAN_0,sciRED_8,739,23,20,0.3945062586926287,0.021517960227093652
CD8T,2.0,SDAN_0,sciRED_9,739,23,20,0.5296940194714882,0.030793576274267164
CD8T,2.0,SDAN_0,sciRED_10,739,23,20,0.3808066759388039,0.02175573615915516
CD8T,2.0,SDAN_0,sciRED_11,739,23,20,0.3883866481223922,0.02129917135170785
CD8T,2.0,SDAN_0,sciRED_12,739,23,20,0.39826147426981917,0.024836556570266555
CD8T,2.0,SDAN_0,sciRED_13,739,23,20,0.4065368567454799,0.02248864893104405
CD8T,2.0,SDAN_0,sciRED_14,739,23,20,0.4312239221140473,0.023430931944706582
CD8T,2.0,SDAN_0,sciRED_15,739,23,20,0.402990264255911,0.021955931942043833
CD8T,2.0,SDAN_0,sciRED_16,739,23,20,0.4917246175243393,0.02746277259234429
CD8T,2.0,SDAN_0,sciRED_17,739,23,20,0.4394297635605007,0.023488631992630855
CD8T,2.0,SDAN_0,sciRED_18,739,23,20,0.4256606397774687,0.02371092875726645
CD8T,2.0,SDAN_0,sciRED_19,739,23,20,0.4541029207232267,0.024351872248606587
CD8T,2.0,SDAN_0,sciRED_20,739,23,20,0.455076495132128,0.02514884868237348
CD8T,2.0,SDAN_0,sciRED_21,739,23,20,0.4545897079276773,0.024026883177578014
CD8T,2.0,SDAN_0,sciRED_22,739,23,20,0.474826147426982,0.028064885450861395
CD8T,2.0,SDAN_0,sciRED_23,739,23,20,0.49325452016689847,0.038412969585362
CD8T,2.0,SDAN_0,sciRED_24,739,23,20,0.6346314325452017,0.0555281477612027
CD8T,2.0,SDAN_0,sciRED_25,739,23,20,0.4073713490959666,0.021942856117517492
CD8T,2.0,SDAN_0,sciRED_26,739,23,20,0.4846314325452017,0.0647856125960363
CD8T,2.0,SDAN_0,sciRED_27,739,23,20,0.44965229485396385,0.02828777176948357
CD8T,2.0,SDAN_0,sciRED_28,739,23,20,0.418567454798331,0.022740517302134423
CD8T,2.0,SDAN_0,sciRED_29,739,23,20,0.5738525730180807,0.10206879653961495
CD8T,2.0,SDAN_0,sciRED_30,739,23,20,0.4531988873435327,0.02456352183856262
CD8T,2.0,SDAN_0,sciRED_31,739,23,20,0.5047287899860918,0.030515758575263896
CD8T,2.0,SDAN_0,sciRED_32,739,23,20,0.5475660639777469,0.03352757928262431
CD8T,2.0,SDAN_0,sciRED_33,739,23,20,0.5091098748261474,0.038140282982467244
CD8T,2.0,SDAN_0,sciRED_34,739,23,20,0.44478442280945757,0.03546242027706917
CD8T,2.0,SDAN_0,sciRED_35,739,23,20,0.44617524339360226,0.035524321796328695
CD8T,2.0,SDAN_0,sciRED_36,739,23,20,0.5370653685674548,0.03043226670324821
CD8T,2.0,SDAN_0,sciRED_37,739,23,20,0.4496522948539638,0.03204385226739986
CD8T,2.0,SDAN_0,sciRED_38,739,23,20,0.45653685674547984,0.02637077700718165
CD8T,2.0,SDAN_0,sciRED_39,739,23,20,0.5828929068150208,0.0713079850155501
CD8T,2.0,SDAN_1,sciRED_0,739,23,19,0.7065058479532164,0.18689813829717064
CD8T,2.0,SDAN_1,sciRED_1,739,23,19,0.5269005847953216,0.03466638186074558
CD8T,2.0,SDAN_1,sciRED_2,739,23,19,0.7029970760233918,0.061292578251723476
CD8T,2.0,SDAN_1,sciRED_3,739,23,19,0.6243421052631578,0.03540423189308052
CD8T,2.0,SDAN_1,sciRED_4,739,23,19,0.49554093567251456,0.02813915191623116
CD8T,2.0,SDAN_1,sciRED_5,739,23,19,0.6804093567251462,0.05875943556979534
CD8T,2.0,SDAN_1,sciRED_6,739,23,19,0.48918128654970766,0.024618153982362563
CD8T,2.0,SDAN_1,sciRED_7,739,23,19,0.5926169590643274,0.0426047401934622
CD8T,2.0,SDAN_1,sciRED_8,739,23,19,0.42821637426900583,0.03460769218368318
CD8T,2.0,SDAN_1,sciRED_9,739,23,19,0.4858918128654971,0.03130157515614813
CD8T,2.0,SDAN_1,sciRED_10,739,23,19,0.4314327485380116,0.030659157021691853
CD8T,2.0,SDAN_1,sciRED_11,739,23,19,0.5209795321637426,0.028951069552346734
CD8T,2.0,SDAN_1,sciRED_12,739,23,19,0.5343567251461988,0.03165443324842389
CD8T,2.0,SDAN_1,sciRED_13,739,23,19,0.5614766081871345,0.032295291787373046
CD8T,2.0,SDAN_1,sciRED_14,739,23,19,0.42383040935672517,0.022357250644774798
CD8T,2.0,SDAN_1,sciRED_15,739,23,19,0.43318713450292395,0.022476335893621236
CD8T,2.0,SDAN_1,sciRED_16,739,23,19,0.5469298245614035,0.02995974007983148
CD8T,2.0,SDAN_1,sciRED_17,739,23,19,0.5074561403508772,0.04154791552157071
CD8T,2.0,SDAN_1,sciRED_18,739,23,19,0.6766812865497076,0.2567564833925597
CD8T,2.0,SDAN_1,sciRED_19,739,23,19,0.4374269005847953,0.02654447871181227
CD8T,2.0,SDAN_1,sciRED_20,739,23,19,0.4125,0.02273482602691211
CD8T,2.0,SDAN_1,sciRED_21,739,23,19,0.40402046783625734,0.020869687515253536
CD8T,2.0,SDAN_1,sciRED_22,739,23,19,0.4435672514619883,0.024228881949032752
CD8T,2.0,SDAN_1,sciRED_23,739,23,19,0.546345029239766,0.031558256855535614
CD8T,2.0,SDAN_1,sciRED_24,739,23,19,0.44802631578947366,0.02275982203036518
CD8T,2.0,SDAN_1,sciRED_25,739,23,19,0.44992690058479534,0.02458542780520307
CD8T,2.0,SDAN_1,sciRED_26,739,23,19,0.5437865497076024,0.04275335779734945
CD8T,2.0,SDAN_1,sciRED_27,739,23,19,0.41162280701754383,0.025435468396537753
CD8T,2.0,SDAN_1,sciRED_28,739,23,19,0.4529970760233918,0.02341581892917401
CD8T,2.0,SDAN_1,sciRED_29,739,23,19,0.46703216374269,0.024409377036521157
CD8T,2.0,SDAN_1,sciRED_30,739,23,19,0.47755847953216374,0.02685161487920516
CD8T,2.0,SDAN_1,sciRED_31,739,23,19,0.42390350877192984,0.02188257086235633
CD8T,2.0,SDAN_1,sciRED_32,739,23,19,0.4807748538011696,0.02571337309759593
CD8T,2.0,SDAN_1,sciRED_33,739,23,19,0.4864035087719298,0.026437453498115025
CD8T,2.0,SDAN_1,sciRED_34,739,23,19,0.49904970760233913,0.027306166925218332
CD8T,2.0,SDAN_1,sciRED_35,739,23,19,0.3454678362573099,0.022274724642584377
CD8T,2.0,SDAN_1,sciRED_36,739,23,19,0.46184210526315794,0.026202384062965153
CD8T,2.0,SDAN_1,sciRED_37,739,23,19,0.4738304093567252,0.025687993241172248
CD8T,2.0,SDAN_1,sciRED_38,739,23,19,0.47704678362573094,0.024226029171825113
CD8T,2.0,SDAN_1,sciRED_39,739,23,19,0.42222222222222217,0.021722138546363103
CD8T,2.0,SDAN_2,sciRED_0,739,24,16,0.3622060857538036,0.016484885760425998
CD8T,2.0,SDAN_2,sciRED_1,739,24,16,0.47614107883817425,0.02273506063034928
CD8T,2.0,SDAN_2,sciRED_2,739,24,16,0.5467669432918396,0.02446443565135218
CD8T,2.0,SDAN_2,sciRED_3,739,24,16,0.5042358229598893,0.023933800798654897
CD8T,2.0,SDAN_2,sciRED_4,739,24,16,0.4826244813278008,0.03579825869316804
CD8T,2.0,SDAN_2,sciRED_5,739,24,16,0.4437240663900415,0.021987203836994776
CD8T,2.0,SDAN_2,sciRED_6,739,24,16,0.4105290456431535,0.018858360123973555
CD8T,2.0,SDAN_2,sciRED_7,739,24,16,0.48314315352697096,0.023692163853675577
CD8T,2.0,SDAN_2,sciRED_8,739,24,16,0.4311030428769018,0.021736701549010716
CD8T,2.0,SDAN_2,sciRED_9,739,24,16,0.4068118948824343,0.017873024994345618
CD8T,2.0,SDAN_2,sciRED_10,739,24,16,0.44891078838174275,0.019058309640749643
CD8T,2.0,SDAN_2,sciRED_11,739,24,16,0.49334370677731676,0.030180598403480068
CD8T,2.0,SDAN_2,sciRED_12,739,24,16,0.4161479944674965,0.01971872351189097
CD8T,2.0,SDAN_2,sciRED_13,739,24,16,0.5196230982019364,0.023566569465577218
CD8T,2.0,SDAN_2,sciRED_14,739,24,16,0.4537517289073305,0.020609531988886366
CD8T,2.0,SDAN_2,sciRED_15,739,24,16,0.4244467496542186,0.019089164975890954
CD8T,2.0,SDAN_2,sciRED_16,739,24,16,0.5487551867219916,0.1413639622807674
CD8T,2.0,SDAN_2,sciRED_17,739,24,16,0.4288554633471646,0.019109277624130307
CD8T,2.0,SDAN_2,sciRED_18,739,24,16,0.38035961272475793,0.017894666876003648
CD8T,2.0,SDAN_2,sciRED_19,739,24,16,0.5074343015214384,0.02964262948181879
CD8T,2.0,SDAN_2,sciRED_20,739,24,16,0.4384508990318119,0.021439121648220434
CD8T,2.0,SDAN_2,sciRED_21,739,24,16,0.40491009681881046,0.018674324469502807
CD8T,2.0,SDAN_2,sciRED_22,739,24,16,0.6012275242047027,0.02944339151673779
CD8T,2.0,SDAN_2,sciRED_23,739,24,16,0.5210062240663901,0.026032988844104
CD8T,2.0,SDAN_2,sciRED_24,739,24,16,0.5213520055325035,0.023732691508829954
CD8T,2.0,SDAN_2,sciRED_25,739,24,16,0.5427904564315353,0.025686589183016834
CD8T,2.0,SDAN_2,sciRED_26,739,24,16,0.45418395573997233,0.025848637600468315
CD8T,2.0,SDAN_2,sciRED_27,739,24,16,0.5296507607192256,0.04865824481617765
CD8T,2.0,SDAN_2,sciRED_28,739,24,16,0.42133471645919773,0.01987255590267148
CD8T,2.0,SDAN_2,sciRED_29,739,24,16,0.4092323651452282,0.01844328883476124
CD8T,2.0,SDAN_2,sciRED_30,739,24,16,0.46023513139695715,0.027764543055971695
CD8T,2.0,SDAN_2,sciRED_31,739,24,16,0.5088174273858921,0.022487980895110275
CD8T,2.0,SDAN_2,sciRED_32,739,24,16,0.43853734439834025,0.01976088641469296
CD8T,2.0,SDAN_2,sciRED_33,739,24,16,0.462655601659751,0.02246108104683596
CD8T,2.0,SDAN_2,sciRED_34,739,24,16,0.491701244813278,0.022041339650580825
CD8T,2.0,SDAN_2,sciRED_35,739,24,16,0.5491009681881052,0.026066218581488887
CD8T,2.0,SDAN_2,sciRED_36,739,24,16,0.4812413554633471,0.04369209522546791
CD8T,2.0,SDAN_2,sciRED_37,739,24,16,0.4241009681881051,0.021283885087821853
CD8T,2.0,SDAN_2,sciRED_38,739,24,16,0.4215940525587829,0.01835177708234355
CD8T,2.0,SDAN_2,sciRED_39,739,24,16,0.6444502074688796,0.03412703429447084
CD8T,2.0,SDAN_3,sciRED_0,739,23,21,0.5293805544501924,0.035086238888327737
CD8T,2.0,SDAN_3,sciRED_1,739,23,21,0.6602997745059027,0.14725366153922348
CD8T,2.0,SDAN_3,sciRED_2,739,23,21,0.5495423796259451,0.038720063735038085
CD8T,2.0,SDAN_3,sciRED_3,739,23,21,0.5000663217933413,0.035413320125342845
CD8T,2.0,SDAN_3,sciRED_4,739,23,21,0.4541716408011672,0.02626838217832992
CD8T,2.0,SDAN_3,sciRED_5,739,23,21,0.6150019896538003,0.04400597802093772
CD8T,2.0,SDAN_3,sciRED_6,739,23,21,0.4890569040986868,0.02838675108385817
CD8T,2.0,SDAN_3,sciRED_7,739,23,21,0.4816288632444622,0.0281779378474094
CD8T,2.0,SDAN_3,sciRED_8,739,23,21,0.5389308926913383,0.036048876984218
CD8T,2.0,SDAN_3,sciRED_9,739,23,21,0.5856214352036079,0.037615713575379184
CD8T,2.0,SDAN_3,sciRED_10,739,23,21,0.5317681390104788,0.03572465730422732
CD8T,2.0,SDAN_3,sciRED_11,739,23,21,0.5311712428704072,0.051733326144816
CD8T,2.0,SDAN_3,sciRED_12,739,23,21,0.42963257726488924,0.025015180400036297
CD8T,2.0,SDAN_3,sciRED_13,739,23,21,0.5523942167396206,0.04040282371371175
CD8T,2.0,SDAN_3,sciRED_14,739,23,21,0.5399257195914577,0.03834843165953296
CD8T,2.0,SDAN_3,sciRED_15,739,23,21,0.5013264358668259,0.028250020395838217
CD8T,2.0,SDAN_3,sciRED_16,739,23,21,0.5112083830746783,0.032897342482884714
CD8T,2.0,SDAN_3,sciRED_17,739,23,21,0.6443825441039925,0.13115896856707562
CD8T,2.0,SDAN_3,sciRED_18,739,23,21,0.49933678206658705,0.038129860413309416
CD8T,2.0,SDAN_3,sciRED_19,739,23,21,0.43533625149224037,0.02446834299140392
CD8T,2.0,SDAN_3,sciRED_20,739,23,21,0.5181058495821727,0.029056316328064
CD8T,2.0,SDAN_3,sciRED_21,739,23,21,0.45861520095503383,0.029253561194851323
CD8T,2.0,SDAN_3,sciRED_22,739,23,21,0.6101604987398859,0.03845796549310744
CD8T,2.0,SDAN_3,sciRED_23,739,23,21,0.5351505504708847,0.0352000954025915
CD8T,2.0,SDAN_3,sciRED_24,739,23,21,0.5550470884732723,0.035933519482156236
CD8T,2.0,SDAN_3,sciRED_25,739,23,21,0.46000795861520094,0.025481227598039266
CD8T,2.0,SDAN_3,sciRED_26,739,23,21,0.45092187292744396,0.03120409943286921
CD8T,2.0,SDAN_3,sciRED_27,739,23,21,0.38824777821992307,0.025426261762336498
CD8T,2.0,SDAN_3,sciRED_28,739,23,21,0.5672502984480701,0.058053413704032664
CD8T,2.0,SDAN_3,sciRED_29,739,23,21,0.44933014988725295,0.027763294503513027
CD8T,2.0,SDAN_3,sciRED_30,739,23,21,0.47877702613078654,0.02941724122564068
CD8T,2.0,SDAN_3,sciRED_31,739,23,21,0.4188221249502586,0.024389109212309044
CD8T,2.0,SDAN_3,sciRED_32,739,23,21,0.3981297254277756,0.022673916732289988
CD8T,2.0,SDAN_3,sciRED_33,739,23,21,0.4452845204934341,0.028525874937317692
CD8T,2.0,SDAN_3,sciRED_34,739,23,21,0.4999336782066587,0.03322834910573701
CD8T,2.0,SDAN_3,sciRED_35,739,23,21,0.4923729937657514,0.03239900850531074
CD8T,2.0,SDAN_3,sciRED_36,739,23,21,0.5706990317018172,0.03658947208787319
CD8T,2.0,SDAN_3,sciRED_37,739,23,21,0.4777158774373259,0.02790175649842743
CD8T,2.0,SDAN_3,sciRED_38,739,23,21,0.5901313171508158,0.04879461060955184
CD8T,2.0,SDAN_3,sciRED_39,739,23,21,0.3991908741212362,0.02323409477378848
CD8T,2.0,SDAN_4,sciRED_0,739,25,19,0.5197368421052632,0.028106127427970373
CD8T,2.0,SDAN_4,sciRED_1,739,25,19,0.4988304093567251,0.025528938761976025
CD8T,2.0,SDAN_4,sciRED_2,739,25,19,0.49305555555555547,0.026232590713050324
CD8T,2.0,SDAN_4,sciRED_3,739,25,19,0.5695175438596491,0.04256473713329939
CD8T,2.0,SDAN_4,sciRED_4,739,25,19,0.5138888888888888,0.030904511882603278
CD8T,2.0,SDAN_4,sciRED_5,739,25,19,0.4189327485380117,0.022741056622411996
CD8T,2.0,SDAN_4,sciRED_6,739,25,19,0.6051169590643275,0.07332764084174026
CD8T,2.0,SDAN_4,sciRED_7,739,25,19,0.5178362573099415,0.02793578655714571
CD8T,2.0,SDAN_4,sciRED_8,739,25,19,0.6252923976608187,0.036248251899658045
CD8T,2.0,SDAN_4,sciRED_9,739,25,19,0.4380847953216374,0.023102851571755116
CD8T,2.0,SDAN_4,sciRED_10,739,25,19,0.48530701754385963,0.02951813151624526
CD8T,2.0,SDAN_4,sciRED_11,739,25,19,0.5896198830409356,0.04429706509527491
CD8T,2.0,SDAN_4,sciRED_12,739,25,19,0.4859649122807017,0.042166388737143345
CD8T,2.0,SDAN_4,sciRED_13,739,25,19,0.537938596491228,0.031218467571404798
CD8T,2.0,SDAN_4,sciRED_14,739,25,19,0.4839912280701754,0.0265202805990904
CD8T,2.0,SDAN_4,sciRED_15,739,25,19,0.5475877192982456,0.0276837595742044
CD8T,2.0,SDAN_4,sciRED_16,739,25,19,0.502046783625731,0.028502991106616256
CD8T,2.0,SDAN_4,sciRED_17,739,25,19,0.42989766081871345,0.024601511981882686
CD8T,2.0,SDAN_4,sciRED_18,739,25,19,0.39809941520467834,0.020826130717065947
CD8T,2.0,SDAN_4,sciRED_19,739,25,19,0.4665204678362573,0.03319639004803752
CD8T,2.0,SDAN_4,sciRED_20,739,25,19,0.5285087719298245,0.13193171539945714
CD8T,2.0,SDAN_4,sciRED_21,739,25,19,0.5364766081871344,0.02835761425158764
CD8T,2.0,SDAN_4,sciRED_22,739,25,19,0.5616228070175439,0.034668095705327154
CD8T,2.0,SDAN_4,sciRED_23,739,25,19,0.5694444444444444,0.0954501944491514
CD8T,2.0,SDAN_4,sciRED_24,739,25,19,0.5228801169590642,0.03314854171167525
CD8T,2.0,SDAN_4,sciRED_25,739,25,19,0.502266081871345,0.031717235437626154
CD8T,2.0,SDAN_4,sciRED_26,739,25,19,0.40328947368421053,0.021697058433959887
CD8T,2.0,SDAN_4,sciRED_27,739,25,19,0.439766081871345,0.0234699862779699
CD8T,2.0,SDAN_4,sciRED_28,739,25,19,0.5755847953216374,0.0336132442499358
CD8T,2.0,SDAN_4,sciRED_29,739,25,19,0.5326023391812866,0.029560254062021514
CD8T,2.0,SDAN_4,sciRED_30,739,25,19,0.5040935672514619,0.06612503361900203
CD8T,2.0,SDAN_4,sciRED_31,739,25,19,0.47850877192982455,0.04305588424100826
CD8T,2.0,SDAN_4,sciRED_32,739,25,19,0.5239035087719298,0.03366255241181904
CD8T,2.0,SDAN_4,sciRED_33,739,25,19,0.49714912280701756,0.027808499507323357
CD8T,2.0,SDAN_4,sciRED_34,739,25,19,0.5375730994152046,0.03204029074353926
CD8T,2.0,SDAN_4,sciRED_35,739,25,19,0.5741959064327485,0.030692821774371257
CD8T,2.0,SDAN_4,sciRED_36,739,25,19,0.5002192982456141,0.030445283535525433
CD8T,2.0,SDAN_4,sciRED_37,739,25,19,0.5346491228070176,0.029812668082984228
CD8T,2.0,SDAN_4,sciRED_38,739,25,19,0.6207602339181286,0.04560173759944183
CD8T,2.0,SDAN_4,sciRED_39,739,25,19,0.5600146198830409,0.032108615812759866
CD8T,2.0,SDAN_5,sciRED_0,739,23,15,0.44732965009208103,0.018289741872682938
CD8T,2.0,SDAN_5,sciRED_1,739,23,15,0.42688766114180476,0.01761271151881047
CD8T,2.0,SDAN_5,sciRED_2,739,23,15,0.3479742173112339,0.015393382996527104
CD8T,2.0,SDAN_5,sciRED_3,739,23,15,0.4721915285451197,0.028292330361404824
CD8T,2.0,SDAN_5,sciRED_4,739,23,15,0.48747697974217313,0.020372694240485913
CD8T,2.0,SDAN_5,sciRED_5,739,23,15,0.5892265193370165,0.028970927955963753
CD8T,2.0,SDAN_5,sciRED_6,739,23,15,0.5708103130755064,0.045834424949618306
CD8T,2.0,SDAN_5,sciRED_7,739,23,15,0.5146408839779005,0.022835617804532464
CD8T,2.0,SDAN_5,sciRED_8,739,23,15,0.4355432780847146,0.017613769806516917
CD8T,2.0,SDAN_5,sciRED_9,739,23,15,0.511878453038674,0.022201636145475108
CD8T,2.0,SDAN_5,sciRED_10,739,23,15,0.5002762430939227,0.024196140983857525
CD8T,2.0,SDAN_5,sciRED_11,739,23,15,0.43379373848987113,0.025408539306414117
CD8T,2.0,SDAN_5,sciRED_12,739,23,15,0.4901473296500921,0.025057697500276817
CD8T,2.0,SDAN_5,sciRED_13,739,23,15,0.4614180478821363,0.019773514823620452
CD8T,2.0,SDAN_5,sciRED_14,739,23,15,0.44742173112338857,0.020817901848846153
CD8T,2.0,SDAN_5,sciRED_15,739,23,15,0.4114180478821362,0.01784144172221339
CD8T,2.0,SDAN_5,sciRED_16,739,23,15,0.46040515653775327,0.01956097777270575
CD8T,2.0,SDAN_5,sciRED_17,739,23,15,0.5068139963167587,0.024708750223081367
CD8T,2.0,SDAN_5,sciRED_18,739,23,15,0.45340699815837937,0.018599582596816447
CD8T,2.0,SDAN_5,sciRED_19,739,23,15,0.6010128913443831,0.06195108651102185
CD8T,2.0,SDAN_5,sciRED_20,739,23,15,0.4490791896869245,0.01853504936200816
CD8T,2.0,SDAN_5,sciRED_21,739,23,15,0.5119705340699816,0.025866374090833227
CD8T,2.0,SDAN_5,sciRED_22,739,23,15,0.3908839779005525,0.024651260435083613
CD8T,2.0,SDAN_5,sciRED_23,739,23,15,0.6439226519337017,0.04162808984016681
CD8T,2.0,SDAN_5,sciRED_24,739,23,15,0.34189686924493556,0.015147690438440956
CD8T,2.0,SDAN_5,sciRED_25,739,23,15,0.4328729281767956,0.018216372569661632
CD8T,2.0,SDAN_5,sciRED_26,739,23,15,0.5474217311233887,0.0271615434592626
CD8T,2.0,SDAN_5,sciRED_27,739,23,15,0.38895027624309386,0.016297569361488188
CD8T,2.0,SDAN_5,sciRED_28,739,23,15,0.536279926335175,0.032934583810309906
CD8T,2.0,SDAN_5,sciRED_29,739,23,15,0.29042357274401476,0.014094231686517612
CD8T,2.0,SDAN_5,sciRED_30,739,23,15,0.5390423572744015,0.02447068460332555
CD8T,2.0,SDAN_5,sciRED_31,739,23,15,0.48047882136279924,0.08952814013273457
CD8T,2.0,SDAN_5,sciRED_32,739,23,15,0.5404235727440148,0.027823235007450542
CD8T,2.0,SDAN_5,sciRED_33,739,23,15,0.5139042357274402,0.05549073784591935
CD8T,2.0,SDAN_5,sciRED_34,739,23,15,0.41593001841620625,0.017955798380996476
CD8T,2.0,SDAN_5,sciRED_35,739,23,15,0.5267034990791897,0.029280295375952684
CD8T,2.0,SDAN_5,sciRED_36,739,23,15,0.501012891344383,0.02854761525405384
CD8T,2.0,SDAN_5,sciRED_37,739,23,15,0.5370165745856353,0.03777119990815054
CD8T,2.0,SDAN_5,sciRED_38,739,23,15,0.48139963167587474,0.02061355866610206
CD8T,2.0,SDAN_5,sciRED_39,739,23,15,0.5148250460405157,0.02514580031629248
CD8T,2.0,SDAN_7,sciRED_0,739,25,16,0.45288727524204697,0.023042217069497026
CD8T,2.0,SDAN_7,sciRED_1,739,25,16,0.404045643153527,0.01851506517194751
CD8T,2.0,SDAN_7,sciRED_2,739,25,16,0.3705912863070539,0.018105775260194627
CD8T,2.0,SDAN_7,sciRED_3,739,25,16,0.33843360995850624,0.018451162557093607
CD8T,2.0,SDAN_7,sciRED_4,739,25,16,0.6332123098201936,0.04451319666875102
CD8T,2.0,SDAN_7,sciRED_5,739,25,16,0.5246369294605808,0.08144192485821804
CD8T,2.0,SDAN_7,sciRED_6,739,25,16,0.4134681881051176,0.018924707511119018
CD8T,2.0,SDAN_7,sciRED_7,739,25,16,0.4442427385892116,0.020895063326970168
CD8T,2.0,SDAN_7,sciRED_8,739,25,16,0.4239280774550484,0.01894022580065125
CD8T,2.0,SDAN_7,sciRED_9,739,25,16,0.3836445366528354,0.017248059541471766
CD8T,2.0,SDAN_7,sciRED_10,739,25,16,0.4344744121715076,0.01953799749979758
CD8T,2.0,SDAN_7,sciRED_11,739,25,16,0.5078665283540802,0.021902319508114027
CD8T,2.0,SDAN_7,sciRED_12,739,25,16,0.39427731673582295,0.018170356707514167
CD8T,2.0,SDAN_7,sciRED_13,739,25,16,0.5285269709543569,0.0455426848339488
CD8T,2.0,SDAN_7,sciRED_14,739,25,16,0.6036479944674966,0.03774720637524577
CD8T,2.0,SDAN_7,sciRED_15,739,25,16,0.34647302904564314,0.016265251986245875
CD8T,2.0,SDAN_7,sciRED_16,739,25,16,0.5006915629322268,0.031308627277785994
CD8T,2.0,SDAN_7,sciRED_17,739,25,16,0.5664764868603043,0.026165965845130004
CD8T,2.0,SDAN_7,sciRED_18,739,25,16,0.44813278008298757,0.02480318075903884
CD8T,2.0,SDAN_7,sciRED_19,739,25,16,0.46533540802213,0.02096100152568521
CD8T,2.0,SDAN_7,sciRED_20,739,25,16,0.4260892116182573,0.019364773741303232
CD8T,2.0,SDAN_7,sciRED_21,739,25,16,0.6639868603042877,0.04075766043039494
CD8T,2.0,SDAN_7,sciRED_22,739,25,16,0.5229944674965422,0.03166275019601007
CD8T,2.0,SDAN_7,sciRED_23,739,25,16,0.59716459197787,0.03693785642464356
CD8T,2.0,SDAN_7,sciRED_24,739,25,16,0.43533886583679116,0.024873783509191456
CD8T,2.0,SDAN_7,sciRED_25,739,25,16,0.4832295988934993,0.036407343755862284
CD8T,2.0,SDAN_7,sciRED_26,739,25,16,0.4313623789764869,0.01999883064391075
CD8T,2.0,SDAN_7,sciRED_27,739,25,16,0.5635373443983402,0.029138659416104266
CD8T,2.0,SDAN_7,sciRED_28,739,25,16,0.6163554633471646,0.031490377063803754
CD8T,2.0,SDAN_7,sciRED_29,739,25,16,0.4817600276625173,0.025431876406792335
CD8T,2.0,SDAN_7,sciRED_30,739,25,16,0.63182918395574,0.037566781227361304
CD8T,2.0,SDAN_7,sciRED_31,739,25,16,0.40594744121715076,0.02259571728276429
CD8T,2.0,SDAN_7,sciRED_32,739,25,16,0.5724412171507607,0.031539821632765086
CD8T,2.0,SDAN_7,sciRED_33,739,25,16,0.4792531120331951,0.02185506217705173
CD8T,2.0,SDAN_7,sciRED_34,739,25,16,0.4147648686030429,0.024435371464740875
CD8T,2.0,SDAN_7,sciRED_35,739,25,16,0.6234439834024896,0.047833783737622496
CD8T,2.0,SDAN_7,sciRED_36,739,25,16,0.5325034578146612,0.046257292174995496
CD8T,2.0,SDAN_7,sciRED_37,739,25,16,0.5905947441217151,0.028055468227841295
CD8T,2.0,SDAN_7,sciRED_38,739,25,16,0.4821922544951591,0.04298888205813788
CD8T,2.0,SDAN_7,sciRED_39,739,25,16,0.5122752420470263,0.02733971134847938
CD8T,2.0,SDAN_8,sciRED_0,739,23,20,0.4858136300417246,0.025553927768063034
CD8T,2.0,SDAN_8,sciRED_1,739,23,20,0.5957579972183589,0.037354032438632
CD8T,2.0,SDAN_8,sciRED_2,739,23,20,0.4866481223922114,0.03349545764445382
CD8T,2.0,SDAN_8,sciRED_3,739,23,20,0.5392211404728791,0.03078885261024321
CD8T,2.0,SDAN_8,sciRED_4,739,23,20,0.5228094575799722,0.06303021355286337
CD8T,2.0,SDAN_8,sciRED_5,739,23,20,0.39026425591098746,0.022003833117278614
CD8T,2.0,SDAN_8,sciRED_6,739,23,20,0.422461752433936,0.023809858170136915
CD8T,2.0,SDAN_8,sciRED_7,739,23,20,0.34819193324061193,0.019882391102694803
CD8T,2.0,SDAN_8,sciRED_8,739,23,20,0.5015994436717663,0.028053702802707175
CD8T,2.0,SDAN_8,sciRED_9,739,23,20,0.5400556328233658,0.031484211678880145
CD8T,2.0,SDAN_8,sciRED_10,739,23,20,0.5756606397774687,0.03636181395066887
CD8T,2.0,SDAN_8,sciRED_11,739,23,20,0.427538247566064,0.023051069759664367
CD8T,2.0,SDAN_8,sciRED_12,739,23,20,0.4319888734353269,0.024982195631299997
CD8T,2.0,SDAN_8,sciRED_13,739,23,20,0.451808066759388,0.02750862032928559
CD8T,2.0,SDAN_8,sciRED_14,739,23,20,0.518567454798331,0.03612097652996541
CD8T,2.0,SDAN_8,sciRED_15,739,23,20,0.5270514603616133,0.028738242059322898
CD8T,2.0,SDAN_8,sciRED_16,739,23,20,0.5177329624478442,0.03350681494848509
CD8T,2.0,SDAN_8,sciRED_17,739,23,20,0.44200278164116835,0.026793852938570055
CD8T,2.0,SDAN_8,sciRED_18,739,23,20,0.46585535465924893,0.02930383732495226
CD8T,2.0,SDAN_8,sciRED_19,739,23,20,0.49944367176634213,0.03813732106490593
CD8T,2.0,SDAN_8,sciRED_20,739,23,20,0.4918636995827539,0.026392785451986672
CD8T,2.0,SDAN_8,sciRED_21,739,23,20,0.5651599443671766,0.037898532961506366
CD8T,2.0,SDAN_8,sciRED_22,739,23,20,0.4998609179415856,0.02867592767597639
CD8T,2.0,SDAN_8,sciRED_23,739,23,20,0.4514603616133519,0.031136371231212132
CD8T,2.0,SDAN_8,sciRED_24,739,23,20,0.4828233657858136,0.02720358559473557
CD8T,2.0,SDAN_8,sciRED_25,739,23,20,0.38567454798331013,0.021479959489704395
CD8T,2.0,SDAN_8,sciRED_26,739,23,20,0.46112656467315716,0.030637285524296565
CD8T,2.0,SDAN_8,sciRED_27,739,23,20,0.5945757997218359,0.04532383552808478
CD8T,2.0,SDAN_8,sciRED_28,739,23,20,0.5102920723226704,0.0299753322913012
CD8T,2.0,SDAN_8,sciRED_29,739,23,20,0.4180806675938804,0.022542647325668783
CD8T,2.0,SDAN_8,sciRED_30,739,23,20,0.6114742698191934,0.040558300414791894
CD8T,2.0,SDAN_8,sciRED_31,739,23,20,0.6392906815020862,0.047448638787626826
CD8T,2.0,SDAN_8,sciRED_32,739,23,20,0.4828233657858136,0.02864329270419256
CD8T,2.0,SDAN_8,sciRED_33,739,23,20,0.53894297635605,0.03166682186001143
CD8T,2.0,SDAN_8,sciRED_34,739,23,20,0.41968011126564675,0.023507728417665366
CD8T,2.0,SDAN_8,sciRED_35,739,23,20,0.43191933240611957,0.02370679792046193
CD8T,2.0,SDAN_8,sciRED_36,739,23,20,0.49610570236439494,0.02892134753453352
CD8T,2.0,SDAN_8,sciRED_37,739,23,20,0.5574408901251738,0.03852841328395101
CD8T,2.0,SDAN_8,sciRED_38,739,23,20,0.5764255910987484,0.03480359573158928
CD8T,2.0,SDAN_8,sciRED_39,739,23,20,0.49847009735744086,0.028751919553892443
CD8T,2.0,SDAN_9,sciRED_0,739,25,9,0.434703196347032,0.011646321292131846
CD8T,2.0,SDAN_9,sciRED_1,739,25,9,0.48508371385083715,0.012798444823061628
CD8T,2.0,SDAN_9,sciRED_2,739,25,9,0.35266362252663624,0.009834035610101929
CD8T,2.0,SDAN_9,sciRED_3,739,25,9,0.32968036529680367,0.01982563342991387
CD8T,2.0,SDAN_9,sciRED_4,739,25,9,0.44931506849315067,0.01390007304976461
CD8T,2.0,SDAN_9,sciRED_5,739,25,9,0.45844748858447487,0.012192839129158133
CD8T,2.0,SDAN_9,sciRED_6,739,25,9,0.4923896499238965,0.012991042279623763
CD8T,2.0,SDAN_9,sciRED_7,739,25,9,0.6493150684931507,0.02782501671461195
CD8T,2.0,SDAN_9,sciRED_8,739,25,9,0.4270928462709285,0.011303676203445478
CD8T,2.0,SDAN_9,sciRED_9,739,25,9,0.6353120243531203,0.017754115402734968
CD8T,2.0,SDAN_9,sciRED_10,739,25,9,0.4308980213089802,0.011081356190408193
CD8T,2.0,SDAN_9,sciRED_11,739,25,9,0.41232876712328764,0.011048986445388789
CD8T,2.0,SDAN_9,sciRED_12,739,25,9,0.43044140030441397,0.011364954415089886
CD8T,2.0,SDAN_9,sciRED_13,739,25,9,0.5759512937595129,0.021865839546719078
CD8T,2.0,SDAN_9,sciRED_14,739,25,9,0.521613394216134,0.013510782018907387
CD8T,2.0,SDAN_9,sciRED_15,739,25,9,0.46849315068493147,0.01195097581662807
CD8T,2.0,SDAN_9,sciRED_16,739,25,9,0.5082191780821917,0.013159146805140482
CD8T,2.0,SDAN_9,sciRED_17,739,25,9,0.5083713850837139,0.013701305545440395
CD8T,2.0,SDAN_9,sciRED_18,739,25,9,0.6455098934550989,0.01980361251034006
CD8T,2.0,SDAN_9,sciRED_19,739,25,9,0.6595129375951294,0.02206454359056311
CD8T,2.0,SDAN_9,sciRED_20,739,25,9,0.37336377473363774,0.010590659909262883
CD8T,2.0,SDAN_9,sciRED_21,739,25,9,0.5922374429223743,0.022279066671704227
CD8T,2.0,SDAN_9,sciRED_22,739,25,9,0.4496194824961949,0.011604053897514895
CD8T,2.0,SDAN_9,sciRED_23,739,25,9,0.7175038051750382,0.03914150162185716
CD8T,2.0,SDAN_9,sciRED_24,739,25,9,0.4671232876712329,0.015250392911741396
CD8T,2.0,SDAN_9,sciRED_25,739,25,9,0.604261796042618,0.04013883546973223
CD8T,2.0,SDAN_9,sciRED_26,739,25,9,0.4687975646879756,0.013074348355607298
CD8T,2.0,SDAN_9,sciRED_27,739,25,9,0.5952815829528159,0.01725939982285609
CD8T,2.0,SDAN_9,sciRED_28,739,25,9,0.6768645357686454,0.04329251371268991
CD8T,2.0,SDAN_9,sciRED_29,739,25,9,0.5735159817351598,0.027605493462641274
CD8T,2.0,SDAN_9,sciRED_30,739,25,9,0.5118721461187214,0.01894437091108886
CD8T,2.0,SDAN_9,sciRED_31,739,25,9,0.5325722983257231,0.01362768712734298
CD8T,2.0,SDAN_9,sciRED_32,739,25,9,0.636986301369863,0.019008481023079615
CD8T,2.0,SDAN_9,sciRED_33,739,25,9,0.5242009132420091,0.017576656378318158
CD8T,2.0,SDAN_9,sciRED_34,739,25,9,0.56544901065449,0.015296329826420308
CD8T,2.0,SDAN_9,sciRED_35,739,25,9,0.38325722983257227,0.011186450389771046
CD8T,2.0,SDAN_9,sciRED_36,739,25,9,0.619482496194825,0.031198982830376955
CD8T,2.0,SDAN_9,sciRED_37,739,25,9,0.5707762557077625,0.01720761765892616
CD8T,2.0,SDAN_9,sciRED_38,739,25,9,0.38310502283105025,0.013613321806273938
CD8T,2.0,SDAN_9,sciRED_39,739,25,9,0.5217656012176561,0.013595376242303055
CD8T,2.0,SDAN_10,sciRED_0,739,25,9,0.5083713850837138,0.017441543064239118
CD8T,2.0,SDAN_10,sciRED_1,739,25,9,0.5219178082191781,0.013825271346469832
CD8T,2.0,SDAN_10,sciRED_2,739,25,9,0.4817351598173516,0.012236037741161877
CD8T,2.0,SDAN_10,sciRED_3,739,25,9,0.46073059360730595,0.011846588495784856
CD8T,2.0,SDAN_10,sciRED_4,739,25,9,0.4316590563165905,0.011335025046445697
CD8T,2.0,SDAN_10,sciRED_5,739,25,9,0.46301369863013697,0.01371117900660165
CD8T,2.0,SDAN_10,sciRED_6,739,25,9,0.3614916286149163,0.011982698077995759
CD8T,2.0,SDAN_10,sciRED_7,739,25,9,0.5627092846270928,0.04277594694505883
CD8T,2.0,SDAN_10,sciRED_8,739,25,9,0.5876712328767124,0.020773526495754494
CD8T,2.0,SDAN_10,sciRED_9,739,25,9,0.380365296803653,0.010635947641782903
CD8T,2.0,SDAN_10,sciRED_10,739,25,9,0.3219178082191781,0.011904542010770607
CD8T,2.0,SDAN_10,sciRED_11,739,25,9,0.42633181126331815,0.011283504430202762
CD8T,2.0,SDAN_10,sciRED_12,739,25,9,0.4861491628614917,0.016036216526831116
CD8T,2.0,SDAN_10,sciRED_13,739,25,9,0.4904109589041096,0.012759996585840509
CD8T,2.0,SDAN_10,sciRED_14,739,25,9,0.6080669710806698,0.018295524346363876
CD8T,2.0,SDAN_10,sciRED_15,739,25,9,0.4301369863013699,0.011786263237287955
CD8T,2.0,SDAN_10,sciRED_16,739,25,9,0.6012176560121766,0.0184345961935865
CD8T,2.0,SDAN_10,sciRED_17,739,25,9,0.4480974124809741,0.011430332809787076
CD8T,2.0,SDAN_10,sciRED_18,739,25,9,0.46255707762557075,0.012226859068617563
CD8T,2.0,SDAN_10,sciRED_19,739,25,9,0.3923896499238965,0.0106895531432686
CD8T,2.0,SDAN_10,sciRED_20,739,25,9,0.6106544901065449,0.020861068039501177
CD8T,2.0,SDAN_10,sciRED_21,739,25,9,0.5021308980213091,0.01397899450387183
CD8T,2.0,SDAN_10,sciRED_22,739,25,9,0.37184170471841704,0.010043459648476145
CD8T,2.0,SDAN_10,sciRED_23,739,25,9,0.5190258751902587,0.014682970890504063
CD8T,2.0,SDAN_10,sciRED_24,739,25,9,0.4780821917808219,0.016615360952965067
CD8T,2.0,SDAN_10,sciRED_25,739,25,9,0.4263318112633181,0.012601068253635377
CD8T,2.0,SDAN_10,sciRED_26,739,25,9,0.42024353120243524,0.018662145878475707
CD8T,2.0,SDAN_10,sciRED_27,739,25,9,0.35494672754946727,0.009792072686571809
CD8T,2.0,SDAN_10,sciRED_28,739,25,9,0.6450532724505327,0.021031365343318835
CD8T,2.0,SDAN_10,sciRED_29,739,25,9,0.6228310502283105,0.03426899265655732
CD8T,2.0,SDAN_10,sciRED_30,739,25,9,0.6284627092846271,0.06534061627100539
CD8T,2.0,SDAN_10,sciRED_31,739,25,9,0.5445966514459665,0.013723521707605095
CD8T,2.0,SDAN_10,sciRED_32,739,25,9,0.6232876712328766,0.02340013743207784
CD8T,2.0,SDAN_10,sciRED_33,739,25,9,0.47716894977168944,0.0142355153421626
CD8T,2.0,SDAN_10,sciRED_34,739,25,9,0.3074581430745814,0.009075679571044371
CD8T,2.0,SDAN_10,sciRED_35,739,25,9,0.5955859969558599,0.015383488257872321
CD8T,2.0,SDAN_10,sciRED_36,739,25,9,0.49360730593607305,0.013910160183262193
CD8T,2.0,SDAN_10,sciRED_37,739,25,9,0.7442922374429224,0.05001618162905283
CD8T,2.0,SDAN_10,sciRED_38,739,25,9,0.42937595129375955,0.011219209315472328
CD8T,2.0,SDAN_10,sciRED_39,739,25,9,0.35190258751902587,0.009737285865611192
CD8T,2.0,SDAN_11,sciRED_0,739,24,15,0.5441988950276243,0.024099960545839738
CD8T,2.0,SDAN_11,sciRED_1,739,24,15,0.39097605893186005,0.016483532989812623
CD8T,2.0,SDAN_11,sciRED_2,739,24,15,0.42357274401473294,0.018094045580074648
CD8T,2.0,SDAN_11,sciRED_3,739,24,15,0.5189686924493554,0.02291402009800084
CD8T,2.0,SDAN_11,sciRED_4,739,24,15,0.5938305709023941,0.04703914798475277
CD8T,2.0,SDAN_11,sciRED_5,739,24,15,0.3587476979742173,0.015485188189603588
CD8T,2.0,SDAN_11,sciRED_6,739,24,15,0.5126151012891345,0.021984841304390018
CD8T,2.0,SDAN_11,sciRED_7,739,24,15,0.39456721915285453,0.017634749179790535
CD8T,2.0,SDAN_11,sciRED_8,739,24,15,0.40874769797421734,0.01696098601708556
CD8T,2.0,SDAN_11,sciRED_9,739,24,15,0.4525782688766114,0.01838203975517821
CD8T,2.0,SDAN_11,sciRED_10,739,24,15,0.4638121546961326,0.01934145281325026
CD8T,2.0,SDAN_11,sciRED_11,739,24,15,0.4044198895027624,0.016970709907309183
CD8T,2.0,SDAN_11,sciRED_12,739,24,15,0.4280847145488029,0.01766951388428653
CD8T,2.0,SDAN_11,sciRED_13,739,24,15,0.3845303867403316,0.016150964506179033
CD8T,2.0,SDAN_11,sciRED_14,739,24,15,0.4143646408839779,0.017412667519182416
CD8T,2.0,SDAN_11,sciRED_15,739,24,15,0.34079189686924494,0.015259628437362619
CD8T,2.0,SDAN_11,sciRED_16,739,24,15,0.4580110497237569,0.018610656387344993
CD8T,2.0,SDAN_11,sciRED_17,739,24,15,0.4121546961325967,0.018152119243536553
CD8T,2.0,SDAN_11,sciRED_18,739,24,15,0.48563535911602207,0.021585000471914133
CD8T,2.0,SDAN_11,sciRED_19,739,24,15,0.6446593001841621,0.031574831786987174
CD8T,2.0,SDAN_11,sciRED_20,739,24,15,0.5259668508287292,0.026084283035191363
CD8T,2.0,SDAN_11,sciRED_21,739,24,15,0.4676795580110497,0.028012583264536543
CD8T,2.0,SDAN_11,sciRED_22,739,24,15,0.4796500920810313,0.019432139944765663
CD8T,2.0,SDAN_11,sciRED_23,739,24,15,0.5589318600368325,0.025614917434786222
CD8T,2.0,SDAN_11,sciRED_24,739,24,15,0.5222836095764273,0.022333872129832812
CD8T,2.0,SDAN_11,sciRED_25,739,24,15,0.5419889502762432,0.06476121808982421
CD8T,2.0,SDAN_11,sciRED_26,739,24,15,0.5676795580110496,0.026254220229013386
CD8T,2.0,SDAN_11,sciRED_27,739,24,15,0.46243093922651934,0.023918796996468688
CD8T,2.0,SDAN_11,sciRED_28,739,24,15,0.4613259668508287,0.02337943310049326
CD8T,2.0,SDAN_11,sciRED_29,739,24,15,0.5787292817679558,0.026428494013481015
CD8T,2.0,SDAN_11,sciRED_30,739,24,15,0.6348987108655617,0.03861075887796922
CD8T,2.0,SDAN_11,sciRED_31,739,24,15,0.4753222836095764,0.020154599438477454
CD8T,2.0,SDAN_11,sciRED_32,739,24,15,0.4808471454880295,0.03316269694311981
CD8T,2.0,SDAN_11,sciRED_33,739,24,15,0.46685082872928174,0.018674624900262574
CD8T,2.0,SDAN_11,sciRED_34,739,24,15,0.4872007366482504,0.038149301232407284
CD8T,2.0,SDAN_11,sciRED_35,739,24,15,0.42265193370165743,0.08337324710411907
CD8T,2.0,SDAN_11,sciRED_36,739,24,15,0.466206261510129,0.023899528774352894
CD8T,2.0,SDAN_11,sciRED_37,739,24,15,0.4643646408839779,0.024722722381063572
CD8T,2.0,SDAN_11,sciRED_38,739,24,15,0.5410681399631676,0.02378607877012037
CD8T,2.0,SDAN_11,sciRED_39,739,24,15,0.429097605893186,0.017425025603980415
CD8T,2.0,SDAN_12,sciRED_0,739,24,10,0.6290809327846365,0.022580740197964928
CD8T,2.0,SDAN_12,sciRED_1,739,24,10,0.5128943758573388,0.01826064727828005
CD8T,2.0,SDAN_12,sciRED_2,739,24,10,0.41975308641975306,0.01218698995239818
CD8T,2.0,SDAN_12,sciRED_3,739,24,10,0.4417009602194788,0.01322020801633458
CD8T,2.0,SDAN_12,sciRED_4,739,24,10,0.48669410150891634,0.014207448412028322
CD8T,2.0,SDAN_12,sciRED_5,739,24,10,0.5404663923182441,0.020360855605944396
CD8T,2.0,SDAN_12,sciRED_6,739,24,10,0.4135802469135803,0.013907800270038597
CD8T,2.0,SDAN_12,sciRED_7,739,24,10,0.6032921810699589,0.019476163112345107
CD8T,2.0,SDAN_12,sciRED_8,739,24,10,0.6111111111111112,0.019074208078050027
CD8T,2.0,SDAN_12,sciRED_9,739,24,10,0.586556927297668,0.02126360047093854
CD8T,2.0,SDAN_12,sciRED_10,739,24,10,0.6226337448559671,0.023849985955100975
CD8T,2.0,SDAN_12,sciRED_11,739,24,10,0.5669410150891633,0.017649226620991918
CD8T,2.0,SDAN_12,sciRED_12,739,24,10,0.6530864197530863,0.03407276389262544
CD8T,2.0,SDAN_12,sciRED_13,739,24,10,0.4780521262002744,0.016753650659319795
CD8T,2.0,SDAN_12,sciRED_14,739,24,10,0.5482853223593964,0.12333243330247994
CD8T,2.0,SDAN_12,sciRED_15,739,24,10,0.5002743484224965,0.015292372087895419
CD8T,2.0,SDAN_12,sciRED_16,739,24,10,0.36502057613168726,0.011178827482311339
CD8T,2.0,SDAN_12,sciRED_17,739,24,10,0.2965706447187929,0.010698678193379744
CD8T,2.0,SDAN_12,sciRED_18,739,24,10,0.5277091906721536,0.016325682417695647
CD8T,2.0,SDAN_12,sciRED_19,739,24,10,0.4561042524005487,0.015761212837079604
CD8T,2.0,SDAN_12,sciRED_20,739,24,10,0.6193415637860082,0.021878601583247524
CD8T,2.0,SDAN_12,sciRED_21,739,24,10,0.6089163237311386,0.019414523112727344
CD8T,2.0,SDAN_12,sciRED_22,739,24,10,0.5412894375857339,0.02031941067740009
CD8T,2.0,SDAN_12,sciRED_23,739,24,10,0.5754458161865569,0.021643993418390368
CD8T,2.0,SDAN_12,sciRED_24,739,24,10,0.6359396433470508,0.023269053823240998
CD8T,2.0,SDAN_12,sciRED_25,739,24,10,0.41824417009602194,0.013421064006397683
CD8T,2.0,SDAN_12,sciRED_26,739,24,10,0.41906721536351166,0.01351449791593921
CD8T,2.0,SDAN_12,sciRED_27,739,24,10,0.6613168724279835,0.022042573848157034
CD8T,2.0,SDAN_12,sciRED_28,739,24,10,0.6348422496570645,0.02171531608795285
CD8T,2.0,SDAN_12,sciRED_29,739,24,10,0.4947873799725651,0.018322862784260218
CD8T,2.0,SDAN_12,sciRED_30,739,24,10,0.49657064471879286,0.01813578858994283
CD8T,2.0,SDAN_12,sciRED_31,739,24,10,0.5182441700960221,0.027574357469647825
CD8T,2.0,SDAN_12,sciRED_32,739,24,10,0.6178326474622771,0.02636471036632467
CD8T,2.0,SDAN_12,sciRED_33,739,24,10,0.4550068587105624,0.01314686858610058
CD8T,2.0,SDAN_12,sciRED_34,739,24,10,0.49931412894375854,0.01760487491702425
CD8T,2.0,SDAN_12,sciRED_35,739,24,10,0.6768175582990398,0.02933757319846375
CD8T,2.0,SDAN_12,sciRED_36,739,24,10,0.447599451303155,0.01363180014723761
CD8T,2.0,SDAN_12,sciRED_37,739,24,10,0.5873799725651577,0.050945933729074064
CD8T,2.0,SDAN_12,sciRED_38,739,24,10,0.6021947873799727,0.02623968254473841
CD8T,2.0,SDAN_12,sciRED_39,739,24,10,0.6126200274348422,0.03412857736337618
CD8T,2.0,SDAN_13,sciRED_0,739,26,7,0.37490241998438717,0.008135339911646212
CD8T,2.0,SDAN_13,sciRED_1,739,26,7,0.4650663544106167,0.011806506571721494
CD8T,2.0,SDAN_13,sciRED_2,739,26,7,0.5542544886807181,0.01262853161228717
CD8T,2.0,SDAN_13,sciRED_3,739,26,7,0.4193989071038251,0.011392252628632483
CD8T,2.0,SDAN_13,sciRED_4,739,26,7,0.4771662763466042,0.010220972397699377
CD8T,2.0,SDAN_13,sciRED_5,739,26,7,0.5169789227166277,0.012175770269340264
CD8T,2.0,SDAN_13,sciRED_6,739,26,7,0.5626463700234192,0.013843432582157098
CD8T,2.0,SDAN_13,sciRED_7,739,26,7,0.6028493364558939,0.018138602770064738
CD8T,2.0,SDAN_13,sciRED_8,739,26,7,0.48750975800156127,0.025933309789080754
CD8T,2.0,SDAN_13,sciRED_9,739,26,7,0.470335675253708,0.011076422963623204
CD8T,2.0,SDAN_13,sciRED_10,739,26,7,0.5975800156128025,0.013463000632775743
CD8T,2.0,SDAN_13,sciRED_11,739,26,7,0.4053473848555815,0.008503464271154539
CD8T,2.0,SDAN_13,sciRED_12,739,26,7,0.5659640905542545,0.013337411609598636
CD8T,2.0,SDAN_13,sciRED_13,739,26,7,0.46467603434816546,0.013480623697644491
CD8T,2.0,SDAN_13,sciRED_14,739,26,7,0.3444574551131928,0.00834218577120974
CD8T,2.0,SDAN_13,sciRED_15,739,26,7,0.3575331772053083,0.007976928657734684
CD8T,2.0,SDAN_13,sciRED_16,739,26,7,0.43130366900858697,0.010484533801578471
CD8T,2.0,SDAN_13,sciRED_17,739,26,7,0.6233411397345823,0.01909601871171893
CD8T,2.0,SDAN_13,sciRED_18,739,26,7,0.5550351288056206,0.011631581830170082
CD8T,2.0,SDAN_13,sciRED_19,739,26,7,0.48887587822014045,0.011276190951879447
CD8T,2.0,SDAN_13,sciRED_20,739,26,7,0.6323185011709601,0.021199330707645295
CD8T,2.0,SDAN_13,sciRED_21,739,26,7,0.27946916471506633,0.012881164482652429
CD8T,2.0,SDAN_13,sciRED_22,739,26,7,0.5068306010928962,0.01073634669409633
CD8T,2.0,SDAN_13,sciRED_23,739,26,7,0.46896955503512877,0.011288845375082263
CD8T,2.0,SDAN_13,sciRED_24,739,26,7,0.6149492583918813,0.013407342442672141
CD8T,2.0,SDAN_13,sciRED_25,739,26,7,0.6612021857923498,0.018040446685160055
CD8T,2.0,SDAN_13,sciRED_26,739,26,7,0.6309523809523809,0.024483354993279135
CD8T,2.0,SDAN_13,sciRED_27,739,26,7,0.6752537080405934,0.016288672777642503
CD8T,2.0,SDAN_13,sciRED_28,739,26,7,0.37861046057767367,0.008139138826924311
CD8T,2.0,SDAN_13,sciRED_29,739,26,7,0.43227946916471505,0.009193110571510168
CD8T,2.0,SDAN_13,sciRED_30,739,26,7,0.44047619047619047,0.010378726241008635
CD8T,2.0,SDAN_13,sciRED_31,739,26,7,0.38212334113973456,0.009919070217439431
CD8T,2.0,SDAN_13,sciRED_32,739,26,7,0.4350117096018735,0.010733668140335984
CD8T,2.0,SDAN_13,sciRED_33,739,26,7,0.6128024980483997,0.03500032711003174
CD8T,2.0,SDAN_13,sciRED_34,739,26,7,0.6799375487900078,0.019458692375144467
CD8T,2.0,SDAN_13,sciRED_35,739,26,7,0.6227556596409056,0.01984559792633249
CD8T,2.0,SDAN_13,sciRED_36,739,26,7,0.5835284933645589,0.01469256092240443
CD8T,2.0,SDAN_13,sciRED_37,739,26,7,0.509367681498829,0.010799268397387794
CD8T,2.0,SDAN_13,sciRED_38,739,26,7,0.6311475409836065,0.01983083014267069
CD8T,2.0,SDAN_13,sciRED_39,739,26,7,0.47736143637782985,0.009920428848764668
CD8T,2.0,SDAN_14,sciRED_0,739,23,17,0.5032589212970506,0.030884076395994692
CD8T,2.0,SDAN_14,sciRED_1,739,23,17,0.5526315789473684,0.027076330094488423
CD8T,2.0,SDAN_14,sciRED_2,739,23,17,0.48957145184943784,0.024302701749659202
CD8T,2.0,SDAN_14,sciRED_3,739,23,17,0.5651784259410135,0.02887510478099093
CD8T,2.0,SDAN_14,sciRED_4,739,23,17,0.4727065341372006,0.022659099896796216
CD8T,2.0,SDAN_14,sciRED_5,739,23,17,0.502444190972788,0.023687883124890223
CD8T,2.0,SDAN_14,sciRED_6,739,23,17,0.4745804138830047,0.022094474872393743
CD8T,2.0,SDAN_14,sciRED_7,739,23,17,0.45030145021997725,0.02144429752548345
CD8T,2.0,SDAN_14,sciRED_8,739,23,17,0.35343001466514584,0.01743753685765548
CD8T,2.0,SDAN_14,sciRED_9,739,23,17,0.44182825484764543,0.021139853970820133
CD8T,2.0,SDAN_14,sciRED_10,739,23,17,0.59035359296073,0.031033919562882397
CD8T,2.0,SDAN_14,sciRED_11,739,23,17,0.4725435880723481,0.024826044652684596
CD8T,2.0,SDAN_14,sciRED_12,739,23,17,0.48997881701156915,0.02346771594632458
CD8T,2.0,SDAN_14,sciRED_13,739,23,17,0.6425778067459671,0.03856449693977782
CD8T,2.0,SDAN_14,sciRED_14,739,23,17,0.5377220140133616,0.027499802956183796
CD8T,2.0,SDAN_14,sciRED_15,739,23,17,0.5110803324099723,0.04445781370577252
CD8T,2.0,SDAN_14,sciRED_16,739,23,17,0.5310412253544076,0.028036318225190128
CD8T,2.0,SDAN_14,sciRED_17,739,23,17,0.5712074303405572,0.03759038934361483
CD8T,2.0,SDAN_14,sciRED_18,739,23,17,0.5905980120580088,0.0322072825147902
CD8T,2.0,SDAN_14,sciRED_19,739,23,17,0.570229753951442,0.035710113871343555
CD8T,2.0,SDAN_14,sciRED_20,739,23,17,0.4335994785725925,0.020315077861398946
CD8T,2.0,SDAN_14,sciRED_21,739,23,17,0.5397588398240183,0.05621518223484638
CD8T,2.0,SDAN_14,sciRED_22,739,23,17,0.4775949160827766,0.028889864839864336
CD8T,2.0,SDAN_14,sciRED_23,739,23,17,0.3858562815708001,0.01864566542132312
CD8T,2.0,SDAN_14,sciRED_24,739,23,17,0.534463092716311,0.0335661196373483
CD8T,2.0,SDAN_14,sciRED_25,739,23,17,0.6163434903047093,0.031922820622702894
CD8T,2.0,SDAN_14,sciRED_26,739,23,17,0.4692031937428711,0.02262426572625311
CD8T,2.0,SDAN_14,sciRED_27,739,23,17,0.641029819129868,0.032460331812556184
CD8T,2.0,SDAN_14,sciRED_28,739,23,17,0.5512465373961218,0.03091995068922987
CD8T,2.0,SDAN_14,sciRED_29,739,23,17,0.5282711422519146,0.026371066133107905
CD8T,2.0,SDAN_14,sciRED_30,739,23,17,0.4219488349356363,0.019876844432870446
CD8T,2.0,SDAN_14,sciRED_31,739,23,17,0.46317418934332744,0.023097872835827198
CD8T,2.0,SDAN_14,sciRED_32,739,23,17,0.5035848134267558,0.09652429282323599
CD8T,2.0,SDAN_14,sciRED_33,739,23,17,0.48745315300635494,0.025249712820045133
CD8T,2.0,SDAN_14,sciRED_34,739,23,17,0.5972788007169627,0.03397998616280978
CD8T,2.0,SDAN_14,sciRED_35,739,23,17,0.5316930096138177,0.030451504927970538
CD8T,2.0,SDAN_14,sciRED_36,739,23,17,0.43392537070229753,0.025883821929290358
CD8T,2.0,SDAN_14,sciRED_37,739,23,17,0.5255825321818478,0.04306634297068734
CD8T,2.0,SDAN_14,sciRED_38,739,23,17,0.5683558742056379,0.028721405913604024
CD8T,2.0,SDAN_14,sciRED_39,739,23,17,0.4486719895714519,0.0337921445367358
CD8T,2.0,SDAN_15,sciRED_0,739,24,21,0.4405756731662024,0.02649233230450086
CD8T,2.0,SDAN_15,sciRED_1,739,24,21,0.5452977848521023,0.051253811287279
CD8T,2.0,SDAN_15,sciRED_2,739,24,21,0.46186496882875705,0.02995433052740344
CD8T,2.0,SDAN_15,sciRED_3,739,24,21,0.48660299774505905,0.03288848944701686
CD8T,2.0,SDAN_15,sciRED_4,739,24,21,0.5777954635893354,0.0588437992375028
CD8T,2.0,SDAN_15,sciRED_5,739,24,21,0.47652208515718264,0.02778225394066511
CD8T,2.0,SDAN_15,sciRED_6,739,24,21,0.5880090197638944,0.03625875036992256
CD8T,2.0,SDAN_15,sciRED_7,739,24,21,0.455033824114604,0.02550019687092384
CD8T,2.0,SDAN_15,sciRED_8,739,24,21,0.5811778750497414,0.04674858936338499
CD8T,2.0,SDAN_15,sciRED_9,739,24,21,0.6128133704735377,0.05505317521019272
CD8T,2.0,SDAN_15,sciRED_10,739,24,21,0.5413847990449662,0.03256838172713055
CD8T,2.0,SDAN_15,sciRED_11,739,24,21,0.5606844409072821,0.0352707808891187
CD8T,2.0,SDAN_15,sciRED_12,739,24,21,0.5494760578326038,0.03829901675458281
CD8T,2.0,SDAN_15,sciRED_13,739,24,21,0.4535084228677543,0.029955363158049465
CD8T,2.0,SDAN_15,sciRED_14,739,24,21,0.5689083432816022,0.04012510929785841
CD8T,2.0,SDAN_15,sciRED_15,739,24,21,0.6066454436927975,0.05636630229116327
CD8T,2.0,SDAN_15,sciRED_16,739,24,21,0.5577662820002652,0.06034700734884306
CD8T,2.0,SDAN_15,sciRED_17,739,24,21,0.45636025998142987,0.026967766756049248
CD8T,2.0,SDAN_15,sciRED_18,739,24,21,0.4511871601008091,0.028091416946489194
CD8T,2.0,SDAN_15,sciRED_19,739,24,21,0.5282530839633903,0.03722078257595751
CD8T,2.0,SDAN_15,sciRED_20,739,24,21,0.4867356413317416,0.02875165855478918
CD8T,2.0,SDAN_15,sciRED_21,739,24,21,0.4529115267276827,0.026386387757449142
CD8T,2.0,SDAN_15,sciRED_22,739,24,21,0.5904629261175223,0.0667389043119946
CD8T,2.0,SDAN_15,sciRED_23,739,24,21,0.5573020294468762,0.035530834978349156
CD8T,2.0,SDAN_15,sciRED_24,739,24,21,0.4188221249502586,0.023747128091337895
CD8T,2.0,SDAN_15,sciRED_25,739,24,21,0.4957554052261573,0.029200971141202972
CD8T,2.0,SDAN_15,sciRED_26,739,24,21,0.5301764159702879,0.05320148022887167
CD8T,2.0,SDAN_15,sciRED_27,739,24,21,0.3985939779811646,0.03529176984361888
CD8T,2.0,SDAN_15,sciRED_28,739,24,21,0.566122827961268,0.05808972893857227
CD8T,2.0,SDAN_15,sciRED_29,739,24,21,0.4131847725162488,0.02475836384657241
CD8T,2.0,SDAN_15,sciRED_30,739,24,21,0.44309590131317145,0.028327954578447497
CD8T,2.0,SDAN_15,sciRED_31,739,24,21,0.6223637087146836,0.05299278758992517
CD8T,2.0,SDAN_15,sciRED_32,739,24,21,0.441835787239687,0.025304221881546456
CD8T,2.0,SDAN_15,sciRED_33,739,24,21,0.4397134898527656,0.027273769561974977
CD8T,2.0,SDAN_15,sciRED_34,739,24,21,0.6718397665472874,0.08116419812183054
CD8T,2.0,SDAN_15,sciRED_35,739,24,21,0.4816288632444621,0.02958519217829518
CD8T,2.0,SDAN_15,sciRED_36,739,24,21,0.5510677808727948,0.030848085094729163
CD8T,2.0,SDAN_15,sciRED_37,739,24,21,0.47963920944422334,0.036914337752199704
CD8T,2.0,SDAN_15,sciRED_38,739,24,21,0.5675819074147764,0.04178626955301888
CD8T,2.0,SDAN_15,sciRED_39,739,24,21,0.534752619710837,0.058578156312116575
CD8T,2.0,SDAN_16,sciRED_0,739,24,19,0.4725877192982456,0.025399938163992265
CD8T,2.0,SDAN_16,sciRED_1,739,24,19,0.4931286549707602,0.032324224989000144
CD8T,2.0,SDAN_16,sciRED_2,739,24,19,0.5437134502923977,0.028819234816464704
CD8T,2.0,SDAN_16,sciRED_3,739,24,19,0.48479532163742683,0.033909640989199755
CD8T,2.0,SDAN_16,sciRED_4,739,24,19,0.441593567251462,0.024361821877669172
CD8T,2.0,SDAN_16,sciRED_5,739,24,19,0.4718567251461988,0.02599999522687984
CD8T,2.0,SDAN_16,sciRED_6,739,24,19,0.5619883040935673,0.03133323616993207
CD8T,2.0,SDAN_16,sciRED_7,739,24,19,0.5307748538011696,0.028471399583839922
CD8T,2.0,SDAN_16,sciRED_8,739,24,19,0.5216374269005848,0.028505700284514858
CD8T,2.0,SDAN_16,sciRED_9,739,24,19,0.5461988304093567,0.08477386155275464
CD8T,2.0,SDAN_16,sciRED_10,739,24,19,0.4523391812865497,0.048354946136071386
CD8T,2.0,SDAN_16,sciRED_11,739,24,19,0.4343567251461988,0.033968805617605013
CD8T,2.0,SDAN_16,sciRED_12,739,24,19,0.3908625730994152,0.021137846781947803
CD8T,2.0,SDAN_16,sciRED_13,739,24,19,0.501608187134503,0.029489286950172576
CD8T,2.0,SDAN_16,sciRED_14,739,24,19,0.5532163742690058,0.027935062297024103
CD8T,2.0,SDAN_16,sciRED_15,739,24,19,0.5165204678362573,0.03381451351124898
CD8T,2.0,SDAN_16,sciRED_16,739,24,19,0.547514619883041,0.030066710690937117
CD8T,2.0,SDAN_16,sciRED_17,739,24,19,0.44868421052631574,0.02425594573690297
CD8T,2.0,SDAN_16,sciRED_18,739,24,19,0.5304824561403508,0.02994845741083421
CD8T,2.0,SDAN_16,sciRED_19,739,24,19,0.43026315789473685,0.022734520958672174
CD8T,2.0,SDAN_16,sciRED_20,739,24,19,0.4523391812865497,0.02546042680187581
CD8T,2.0,SDAN_16,sciRED_21,739,24,19,0.43099415204678365,0.0250542199233715
CD8T,2.0,SDAN_16,sciRED_22,739,24,19,0.5183479532163742,0.03281885641064368
CD8T,2.0,SDAN_16,sciRED_23,739,24,19,0.5002923976608187,0.07349813854914028
CD8T,2.0,SDAN_16,sciRED_24,739,24,19,0.5342105263157895,0.03560177748262261
CD8T,2.0,SDAN_16,sciRED_25,739,24,19,0.4701023391812865,0.02778860107299818
CD8T,2.0,SDAN_16,sciRED_26,739,24,19,0.42317251461988303,0.022981695720104736
CD8T,2.0,SDAN_16,sciRED_27,739,24,19,0.5357456140350877,0.03592828160648669
CD8T,2.0,SDAN_16,sciRED_28,739,24,19,0.5584064327485381,0.03580984855097967
CD8T,2.0,SDAN_16,sciRED_29,739,24,19,0.5559941520467836,0.039779046588761566
CD8T,2.0,SDAN_16,sciRED_30,739,24,19,0.4784356725146199,0.024130420114726207
CD8T,2.0,SDAN_16,sciRED_31,739,24,19,0.4122807017543859,0.024780104732280178
CD8T,2.0,SDAN_16,sciRED_32,739,24,19,0.5762426900584795,0.03785165756240534
CD8T,2.0,SDAN_16,sciRED_33,739,24,19,0.5353070175438597,0.029878801913255246
CD8T,2.0,SDAN_16,sciRED_34,739,24,19,0.46900584795321637,0.02504655144884729
CD8T,2.0,SDAN_16,sciRED_35,739,24,19,0.5607456140350877,0.029975921006697406
CD8T,2.0,SDAN_16,sciRED_36,739,24,19,0.3427631578947368,0.05900003072796313
CD8T,2.0,SDAN_16,sciRED_37,739,24,19,0.4801169590643275,0.02680950880623729
CD8T,2.0,SDAN_16,sciRED_38,739,24,19,0.4339912280701754,0.02585598983731747
CD8T,2.0,SDAN_16,sciRED_39,739,24,19,0.48640350877192984,0.03658510379042431
CD8T,2.0,SDAN_17,sciRED_0,739,23,14,0.5461083743842364,0.02419680140433301
CD8T,2.0,SDAN_17,sciRED_1,739,23,14,0.4485714285714286,0.017997883483146578
CD8T,2.0,SDAN_17,sciRED_2,739,23,14,0.5403940886699508,0.0212955018169611
CD8T,2.0,SDAN_17,sciRED_3,739,23,14,0.46955665024630544,0.01807640927918206
CD8T,2.0,SDAN_17,sciRED_4,739,23,14,0.5114285714285715,0.0242358099072312
CD8T,2.0,SDAN_17,sciRED_5,739,23,14,0.4574384236453202,0.017362310821090438
CD8T,2.0,SDAN_17,sciRED_6,739,23,14,0.4886699507389162,0.018946901454801462
CD8T,2.0,SDAN_17,sciRED_7,739,23,14,0.5554679802955664,0.021667300761928715
CD8T,2.0,SDAN_17,sciRED_8,739,23,14,0.447192118226601,0.017933128140020613
CD8T,2.0,SDAN_17,sciRED_9,739,23,14,0.458128078817734,0.017410269982423017
CD8T,2.0,SDAN_17,sciRED_10,739,23,14,0.47990147783251236,0.018708653498991958
CD8T,2.0,SDAN_17,sciRED_11,739,23,14,0.46443349753694585,0.018388244517425014
CD8T,2.0,SDAN_17,sciRED_12,739,23,14,0.5156650246305419,0.01972619226994148
CD8T,2.0,SDAN_17,sciRED_13,739,23,14,0.5283743842364532,0.020816900765206182
CD8T,2.0,SDAN_17,sciRED_14,739,23,14,0.307192118226601,0.013601148635182199
CD8T,2.0,SDAN_17,sciRED_15,739,23,14,0.41123152709359606,0.01848376303192555
CD8T,2.0,SDAN_17,sciRED_16,739,23,14,0.5350738916256158,0.020966349742969
CD8T,2.0,SDAN_17,sciRED_17,739,23,14,0.4351724137931034,0.016900889696941816
CD8T,2.0,SDAN_17,sciRED_18,739,23,14,0.5132019704433497,0.021435905067029398
CD8T,2.0,SDAN_17,sciRED_19,739,23,14,0.5792118226600985,0.02877840459950328
CD8T,2.0,SDAN_17,sciRED_20,739,23,14,0.4700492610837439,0.019419602741052904
CD8T,2.0,SDAN_17,sciRED_21,739,23,14,0.47458128078817735,0.018128394491113073
CD8T,2.0,SDAN_17,sciRED_22,739,23,14,0.4779310344827586,0.019295290782842485
CD8T,2.0,SDAN_17,sciRED_23,739,23,14,0.43921182266009856,0.017120087547429923
CD8T,2.0,SDAN_17,sciRED_24,739,23,14,0.5704433497536946,0.023128201828094233
CD8T,2.0,SDAN_17,sciRED_25,739,23,14,0.5397044334975369,0.021337782050182805
CD8T,2.0,SDAN_17,sciRED_26,739,23,14,0.503743842364532,0.026820992548453115
CD8T,2.0,SDAN_17,sciRED_27,739,23,14,0.42167487684729066,0.0234761400836547
CD8T,2.0,SDAN_17,sciRED_28,739,23,14,0.5334975369458128,0.026231564085725443
CD8T,2.0,SDAN_17,sciRED_29,739,23,14,0.6038423645320197,0.029046260370813388
CD8T,2.0,SDAN_17,sciRED_30,739,23,14,0.41783251231527097,0.019808856005515955
CD8T,2.0,SDAN_17,sciRED_31,739,23,14,0.4611822660098522,0.01965514120822974
CD8T,2.0,SDAN_17,sciRED_32,739,23,14,0.4665024630541872,0.018920262047748312
CD8T,2.0,SDAN_17,sciRED_33,739,23,14,0.4062068965517242,0.01752244625828869
CD8T,2.0,SDAN_17,sciRED_34,739,23,14,0.4835467980295567,0.018235894566634863
CD8T,2.0,SDAN_17,sciRED_35,739,23,14,0.4774384236453202,0.018781571017520243
CD8T,2.0,SDAN_17,sciRED_36,739,23,14,0.43399014778325123,0.08745367068956729
CD8T,2.0,SDAN_17,sciRED_37,739,23,14,0.49901477832512314,0.020033842447721023
CD8T,2.0,SDAN_17,sciRED_38,739,23,14,0.35842364532019705,0.014520312113930962
CD8T,2.0,SDAN_17,sciRED_39,739,23,14,0.5977339901477833,0.026391955010570785
CD8T,2.0,SDAN_18,sciRED_0,739,26,5,0.23950953678474113,0.005110625426373661
CD8T,2.0,SDAN_18,sciRED_1,739,26,5,0.4809264305177112,0.008906365853654917
CD8T,2.0,SDAN_18,sciRED_2,739,26,5,0.44223433242506816,0.007133592480573839
CD8T,2.0,SDAN_18,sciRED_3,739,26,5,0.46185286103542234,0.008401172099795733
CD8T,2.0,SDAN_18,sciRED_4,739,26,5,0.45776566757493187,0.008425894354129243
CD8T,2.0,SDAN_18,sciRED_5,739,26,5,0.47574931880108995,0.013980413812245403
CD8T,2.0,SDAN_18,sciRED_6,739,26,5,0.3880108991825613,0.0062624555328632606
CD8T,2.0,SDAN_18,sciRED_7,739,26,5,0.2901907356948229,0.005399145427582544
CD8T,2.0,SDAN_18,sciRED_8,739,26,5,0.3743869209809264,0.006693899360104347
CD8T,2.0,SDAN_18,sciRED_9,739,26,5,0.3534059945504088,0.007159902629586726
CD8T,2.0,SDAN_18,sciRED_10,739,26,5,0.5643051771117167,0.010069114291568511
CD8T,2.0,SDAN_18,sciRED_11,739,26,5,0.3574931880108992,0.006195293464381482
CD8T,2.0,SDAN_18,sciRED_12,739,26,5,0.4245231607629428,0.006839500201475751
CD8T,2.0,SDAN_18,sciRED_13,739,26,5,0.4773841961852861,0.007296100085424657
CD8T,2.0,SDAN_18,sciRED_14,739,26,5,0.45613079019073566,0.007858053894707631
CD8T,2.0,SDAN_18,sciRED_15,739,26,5,0.650408719346049,0.02150554672321464
CD8T,2.0,SDAN_18,sciRED_16,739,26,5,0.426158038147139,0.006971405988236729
CD8T,2.0,SDAN_18,sciRED_17,739,26,5,0.3362397820163488,0.005869286123394426
CD8T,2.0,SDAN_18,sciRED_18,739,26,5,0.4803814713896457,0.007652605935876872
CD8T,2.0,SDAN_18,sciRED_19,739,26,5,0.6002724795640326,0.028707879105180457
CD8T,2.0,SDAN_18,sciRED_20,739,26,5,0.5953678474114441,0.02272037393588374
CD8T,2.0,SDAN_18,sciRED_21,739,26,5,0.5618528610354223,0.009435711954680822
CD8T,2.0,SDAN_18,sciRED_22,739,26,5,0.5929155313351498,0.019368666879471662
CD8T,2.0,SDAN_18,sciRED_23,739,26,5,0.6667574931880109,0.07601216913841925
CD8T,2.0,SDAN_18,sciRED_24,739,26,5,0.5316076294277929,0.009444912413405006
CD8T,2.0,SDAN_18,sciRED_25,739,26,5,0.48583106267029974,0.008645518012799464
CD8T,2.0,SDAN_18,sciRED_26,739,26,5,0.5133514986376022,0.20754098814233082
CD8T,2.0,SDAN_18,sciRED_27,739,26,5,0.5997275204359673,0.012823520042134317
CD8T,2.0,SDAN_18,sciRED_28,739,26,5,0.3724795640326975,0.006250960117427559
CD8T,2.0,SDAN_18,sciRED_29,739,26,5,0.6168937329700273,0.07494664261731829
CD8T,2.0,SDAN_18,sciRED_30,739,26,5,0.5975476839237057,0.013510602783311794
CD8T,2.0,SDAN_18,sciRED_31,739,26,5,0.6659400544959129,0.011808905461282156
CD8T,2.0,SDAN_18,sciRED_32,739,26,5,0.5106267029972752,0.008952792277802508
CD8T,2.0,SDAN_18,sciRED_33,739,26,5,0.5525885558583107,0.009002415849706298
CD8T,2.0,SDAN_18,sciRED_34,739,26,5,0.5757493188010899,0.01690702240920526
CD8T,2.0,SDAN_18,sciRED_35,739,26,5,0.5370572207084469,0.020139881062806498
CD8T,2.0,SDAN_18,sciRED_36,739,26,5,0.38092643051771125,0.00873903989505171
CD8T,2.0,SDAN_18,sciRED_37,739,26,5,0.48174386920980933,0.008919848614215738
CD8T,2.0,SDAN_18,sciRED_38,739,26,5,0.5250681198910082,0.046441512573057765
CD8T,2.0,SDAN_18,sciRED_39,739,26,5,0.6645776566757493,0.01627620831106156
CD8T,2.0,SDAN_19,sciRED_0,739,26,7,0.5462529274004684,0.011977941432988956
CD8T,2.0,SDAN_19,sciRED_1,739,26,7,0.41978922716627637,0.009556185828396319
CD8T,2.0,SDAN_19,sciRED_2,739,26,7,0.3879781420765027,0.00869503815587164
CD8T,2.0,SDAN_19,sciRED_3,739,26,7,0.43364558938329434,0.008922813757030882
CD8T,2.0,SDAN_19,sciRED_4,739,26,7,0.31635441061670566,0.007787500100826256
CD8T,2.0,SDAN_19,sciRED_5,739,26,7,0.2929352068696331,0.007175764733859849
CD8T,2.0,SDAN_19,sciRED_6,739,26,7,0.38017174082747857,0.008240506862248278
CD8T,2.0,SDAN_19,sciRED_7,739,26,7,0.6206088992974239,0.015021891702112482
CD8T,2.0,SDAN_19,sciRED_8,739,26,7,0.5443013270882123,0.012399889493336692
CD8T,2.0,SDAN_19,sciRED_9,739,26,7,0.2679547228727557,0.006945034250942431
CD8T,2.0,SDAN_19,sciRED_10,739,26,7,0.32513661202185795,0.007498788964846341
CD8T,2.0,SDAN_19,sciRED_11,739,26,7,0.6252927400468384,0.013676028947565018
CD8T,2.0,SDAN_19,sciRED_12,739,26,7,0.5569867291178766,0.012107657728024575
CD8T,2.0,SDAN_19,sciRED_13,739,26,7,0.31537861046057764,0.007552351336022228
CD8T,2.0,SDAN_19,sciRED_14,739,26,7,0.5669398907103825,0.014458467965407194
CD8T,2.0,SDAN_19,sciRED_15,739,26,7,0.48887587822014056,0.011411641892909268
CD8T,2.0,SDAN_19,sciRED_16,739,26,7,0.4193989071038251,0.009576445060306972
CD8T,2.0,SDAN_19,sciRED_17,739,26,7,0.3811475409836065,0.008546216011762572
CD8T,2.0,SDAN_19,sciRED_18,739,26,7,0.4959016393442623,0.01083823414682292
CD8T,2.0,SDAN_19,sciRED_19,739,26,7,0.39734582357533177,0.008437003054622418
CD8T,2.0,SDAN_19,sciRED_20,739,26,7,0.6174863387978142,0.06305425449289143
CD8T,2.0,SDAN_19,sciRED_21,739,26,7,0.5567915690866511,0.011727300997617065
CD8T,2.0,SDAN_19,sciRED_22,739,26,7,0.5202966432474628,0.011771952059402555
CD8T,2.0,SDAN_19,sciRED_23,739,26,7,0.62256049960968,0.023892866833597516
CD8T,2.0,SDAN_19,sciRED_24,739,26,7,0.4385245901639344,0.011130440764345167
CD8T,2.0,SDAN_19,sciRED_25,739,26,7,0.7377049180327868,0.03652501523949932
CD8T,2.0,SDAN_19,sciRED_26,739,26,7,0.3682669789227166,0.009402544921733312
CD8T,2.0,SDAN_19,sciRED_27,739,26,7,0.5581576893052302,0.015930821958637924
CD8T,2.0,SDAN_19,sciRED_28,739,26,7,0.5066354410616705,0.01631519950342009
CD8T,2.0,SDAN_19,sciRED_29,739,26,7,0.652615144418423,0.021121425158961364
CD8T,2.0,SDAN_19,sciRED_30,739,26,7,0.6354410616705699,0.0193229509247093
CD8T,2.0,SDAN_19,sciRED_31,739,26,7,0.5565964090554254,0.012467537603719242
CD8T,2.0,SDAN_19,sciRED_32,739,26,7,0.5351288056206089,0.012199469440824657
CD8T,2.0,SDAN_19,sciRED_33,739,26,7,0.5741608118657299,0.032314870911484994
CD8T,2.0,SDAN_19,sciRED_34,739,26,7,0.6742779078844652,0.03858331918317518
CD8T,2.0,SDAN_19,sciRED_35,739,26,7,0.6908665105386417,0.05532261003620046
CD8T,2.0,SDAN_19,sciRED_36,739,26,7,0.5333723653395784,0.013115796033145033
CD8T,2.0,SDAN_19,sciRED_37,739,26,7,0.4935597189695551,0.009948382563424115
CD8T,2.0,SDAN_19,sciRED_38,739,26,7,0.5733801717408274,0.021559982408237154
CD8T,2.0,SDAN_19,sciRED_39,739,26,7,0.4133489461358314,0.013198955462188069
CD8T,2.0,SDAN_20,sciRED_0,739,25,16,0.5200553250345782,0.022308132989757715
CD8T,2.0,SDAN_20,sciRED_1,739,25,16,0.37024550484094054,0.017168195774360413
CD8T,2.0,SDAN_20,sciRED_2,739,25,16,0.4996542185338866,0.038289821631583475
CD8T,2.0,SDAN_20,sciRED_3,739,25,16,0.38044605809128634,0.01816280271350021
CD8T,2.0,SDAN_20,sciRED_4,739,25,16,0.6495504840940526,0.03876386754994885
CD8T,2.0,SDAN_20,sciRED_5,739,25,16,0.4779564315352697,0.023627080823593584
CD8T,2.0,SDAN_20,sciRED_6,739,25,16,0.5193637621023512,0.02299162171780537
CD8T,2.0,SDAN_20,sciRED_7,739,25,16,0.6261237897648686,0.032641565915248916
CD8T,2.0,SDAN_20,sciRED_8,739,25,16,0.4248789764868603,0.020752864004812042
CD8T,2.0,SDAN_20,sciRED_9,739,25,16,0.4741528354080221,0.02073357277842595
CD8T,2.0,SDAN_20,sciRED_10,739,25,16,0.47112724757952973,0.11246566945629687
CD8T,2.0,SDAN_20,sciRED_11,739,25,16,0.4778699861687414,0.022210658944385245
CD8T,2.0,SDAN_20,sciRED_12,739,25,16,0.40975103734439833,0.017808568137749205
CD8T,2.0,SDAN_20,sciRED_13,739,25,16,0.38269363762102354,0.01752943088921258
CD8T,2.0,SDAN_20,sciRED_14,739,25,16,0.4835753803596127,0.02161584402219026
CD8T,2.0,SDAN_20,sciRED_15,739,25,16,0.6294951590594744,0.036452390808800056
CD8T,2.0,SDAN_20,sciRED_16,739,25,16,0.4756224066390042,0.030650414850853066
CD8T,2.0,SDAN_20,sciRED_17,739,25,16,0.509768326417704,0.025197007285332102
CD8T,2.0,SDAN_20,sciRED_18,739,25,16,0.5702800829875518,0.0300033798215789
CD8T,2.0,SDAN_20,sciRED_19,739,25,16,0.5366528354080222,0.03620874902115642
CD8T,2.0,SDAN_20,sciRED_20,739,25,16,0.5452109266943291,0.02749374327391991
CD8T,2.0,SDAN_20,sciRED_21,739,25,16,0.6069329183955741,0.04288996035702947
CD8T,2.0,SDAN_20,sciRED_22,739,25,16,0.6309647302904564,0.038963308657470705
CD8T,2.0,SDAN_20,sciRED_23,739,25,16,0.6373616874135547,0.03495741781866103
CD8T,2.0,SDAN_20,sciRED_24,739,25,16,0.6061549100968189,0.0347806381782719
CD8T,2.0,SDAN_20,sciRED_25,739,25,16,0.55567081604426,0.030312694831842537
CD8T,2.0,SDAN_20,sciRED_26,739,25,16,0.47847510373443985,0.02252958041808159
CD8T,2.0,SDAN_20,sciRED_27,739,25,16,0.5502247579529737,0.024741940244514794
CD8T,2.0,SDAN_20,sciRED_28,739,25,16,0.49688796680497926,0.028373399723928137
CD8T,2.0,SDAN_20,sciRED_29,739,25,16,0.48599585062240663,0.02163898795478319
CD8T,2.0,SDAN_20,sciRED_30,739,25,16,0.4709543568464731,0.022151196848282716
CD8T,2.0,SDAN_20,sciRED_31,739,25,16,0.54149377593361,0.026785964458217296
CD8T,2.0,SDAN_20,sciRED_32,739,25,16,0.5318118948824343,0.02778414994725092
CD8T,2.0,SDAN_20,sciRED_33,739,25,16,0.6021784232365146,0.04689170481461183
CD8T,2.0,SDAN_20,sciRED_34,739,25,16,0.47519017980636236,0.023224804109734543
CD8T,2.0,SDAN_20,sciRED_35,739,25,16,0.42176694329183956,0.01932301759279489
CD8T,2.0,SDAN_20,sciRED_36,739,25,16,0.5073478561549101,0.022195479714449275
CD8T,2.0,SDAN_20,sciRED_37,739,25,16,0.4676694329183956,0.02029172330029946
CD8T,2.0,SDAN_20,sciRED_38,739,25,16,0.5313796680497925,0.09254190173440043
CD8T,2.0,SDAN_20,sciRED_39,739,25,16,0.4371542185338866,0.019859582262618962
CD8T,2.0,SDAN_21,sciRED_0,739,24,18,0.5973185390661119,0.03907210077974142
CD8T,2.0,SDAN_21,sciRED_1,739,24,18,0.516412390198798,0.027867121609024787
CD8T,2.0,SDAN_21,sciRED_2,739,24,18,0.6051009400523963,0.18353880452296564
CD8T,2.0,SDAN_21,sciRED_3,739,24,18,0.5849899830482355,0.047079949675027336
CD8T,2.0,SDAN_21,sciRED_4,739,24,18,0.6177377099707196,0.033323736589954855
CD8T,2.0,SDAN_21,sciRED_5,739,24,18,0.467483433502851,0.02535203734977762
CD8T,2.0,SDAN_21,sciRED_6,739,24,18,0.4093851132686084,0.026913451227918987
CD8T,2.0,SDAN_21,sciRED_7,739,24,18,0.5600246571120358,0.028702804783577313
CD8T,2.0,SDAN_21,sciRED_8,739,24,18,0.567575897672985,0.03784237272200844
CD8T,2.0,SDAN_21,sciRED_9,739,24,18,0.6086453999075359,0.04512769277699149
CD8T,2.0,SDAN_21,sciRED_10,739,24,18,0.6621205116350748,0.05744272290027784
CD8T,2.0,SDAN_21,sciRED_11,739,24,18,0.6274464478347974,0.03276038648233921
CD8T,2.0,SDAN_21,sciRED_12,739,24,18,0.6380798274002157,0.061924460763886205
CD8T,2.0,SDAN_21,sciRED_13,739,24,18,0.5604099244875943,0.054332921358147296
CD8T,2.0,SDAN_21,sciRED_14,739,24,18,0.5314378178455849,0.0312666455971731
CD8T,2.0,SDAN_21,sciRED_15,739,24,18,0.48551394667899517,0.05353605089602894
CD8T,2.0,SDAN_21,sciRED_16,739,24,18,0.5487748497457235,0.033184727187649886
CD8T,2.0,SDAN_21,sciRED_17,739,24,18,0.5789798119895208,0.03939821464276233
CD8T,2.0,SDAN_21,sciRED_18,739,24,18,0.4625520110957004,0.023994636695814496
CD8T,2.0,SDAN_21,sciRED_19,739,24,18,0.390815225766682,0.020098403435195058
CD8T,2.0,SDAN_21,sciRED_20,739,24,18,0.6020958545230389,0.0486183756057745
CD8T,2.0,SDAN_21,sciRED_21,739,24,18,0.4842040376020958,0.06241511772566073
CD8T,2.0,SDAN_21,sciRED_22,739,24,18,0.5083217753120666,0.027640849121859146
CD8T,2.0,SDAN_21,sciRED_23,739,24,18,0.5347511172753892,0.029219442423236045
CD8T,2.0,SDAN_21,sciRED_24,739,24,18,0.4952997380181846,0.02570566359415765
CD8T,2.0,SDAN_21,sciRED_25,739,24,18,0.6311450146401602,0.05517109587220896
CD8T,2.0,SDAN_21,sciRED_26,739,24,18,0.521497919556172,0.026365555342375883
CD8T,2.0,SDAN_21,sciRED_27,739,24,18,0.43103713977500385,0.02338797025050769
CD8T,2.0,SDAN_21,sciRED_28,739,24,18,0.5594082293111419,0.03338150358001316
CD8T,2.0,SDAN_21,sciRED_29,739,24,18,0.4056865464632455,0.047721129343035344
CD8T,2.0,SDAN_21,sciRED_30,739,24,18,0.49545384496840805,0.025182581598673107
CD8T,2.0,SDAN_21,sciRED_31,739,24,18,0.5284327323162274,0.02556224269102455
CD8T,2.0,SDAN_21,sciRED_32,739,24,18,0.5635691169671753,0.03545512712622407
CD8T,2.0,SDAN_21,sciRED_33,739,24,18,0.6180459238711666,0.03835847557415803
CD8T,2.0,SDAN_21,sciRED_34,739,24,18,0.515256588072122,0.028315427528404942
CD8T,2.0,SDAN_21,sciRED_35,739,24,18,0.47757743874248726,0.025864559165568287
CD8T,2.0,SDAN_21,sciRED_36,739,24,18,0.6846971798428109,0.04212368345069392
CD8T,2.0,SDAN_21,sciRED_37,739,24,18,0.4702573586068732,0.024652322397826776
CD8T,2.0,SDAN_21,sciRED_38,739,24,18,0.5348281707505009,0.027824363954193392
CD8T,2.0,SDAN_21,sciRED_39,739,24,18,0.4667899522268454,0.03050718559254951
CD8T,2.0,SDAN_22,sciRED_0,739,26,4,0.6421768707482993,0.010392009594890641
CD8T,2.0,SDAN_22,sciRED_1,739,26,4,0.5360544217687075,0.008177176971403174
CD8T,2.0,SDAN_22,sciRED_2,739,26,4,0.5785714285714285,0.00858020187182474
CD8T,2.0,SDAN_22,sciRED_3,739,26,4,0.3214285714285714,0.004766756452703363
CD8T,2.0,SDAN_22,sciRED_4,739,26,4,0.6285714285714286,0.00858977016113063
CD8T,2.0,SDAN_22,sciRED_5,739,26,4,0.47346938775510206,0.013362278133047146
CD8T,2.0,SDAN_22,sciRED_6,739,26,4,0.5748299319727891,0.01164301420848177
CD8T,2.0,SDAN_22,sciRED_7,739,26,4,0.4928571428571429,0.008340892412443346
CD8T,2.0,SDAN_22,sciRED_8,739,26,4,0.3363945578231292,0.005092199925662203
CD8T,2.0,SDAN_22,sciRED_9,739,26,4,0.5340136054421769,0.006867429440860889
CD8T,2.0,SDAN_22,sciRED_10,739,26,4,0.3884353741496599,0.005392682845626996
CD8T,2.0,SDAN_22,sciRED_11,739,26,4,0.43367346938775514,0.005934124340212169
CD8T,2.0,SDAN_22,sciRED_12,739,26,4,0.6799319727891155,0.01044883784816699
CD8T,2.0,SDAN_22,sciRED_13,739,26,4,0.6857142857142857,0.01273776119962318
CD8T,2.0,SDAN_22,sciRED_14,739,26,4,0.28163265306122454,0.0044641651279063365
CD8T,2.0,SDAN_22,sciRED_15,739,26,4,0.4040816326530612,0.011914079570980226
CD8T,2.0,SDAN_22,sciRED_16,739,26,4,0.5799319727891157,0.009226838648345
CD8T,2.0,SDAN_22,sciRED_17,739,26,4,0.22755102040816325,0.004230264049571794
CD8T,2.0,SDAN_22,sciRED_18,739,26,4,0.7166666666666667,0.015058719705222844
CD8T,2.0,SDAN_22,sciRED_19,739,26,4,0.41122448979591836,0.006125341882644174
CD8T,2.0,SDAN_22,sciRED_20,739,26,4,0.6173469387755102,0.008977442572518974
CD8T,2.0,SDAN_22,sciRED_21,739,26,4,0.7700680272108844,0.015335431682024146
CD8T,2.0,SDAN_22,sciRED_22,739,26,4,0.636734693877551,0.008864721399137705
CD8T,2.0,SDAN_22,sciRED_23,739,26,4,0.665986394557823,0.01612299198762622
CD8T,2.0,SDAN_22,sciRED_24,739,26,4,0.5619047619047619,0.05310928035855184
CD8T,2.0,SDAN_22,sciRED_25,739,26,4,0.508843537414966,0.009007255358121007
CD8T,2.0,SDAN_22,sciRED_26,739,26,4,0.3071428571428571,0.006931341219365856
CD8T,2.0,SDAN_22,sciRED_27,739,26,4,0.5057823129251701,0.006637583829755348
CD8T,2.0,SDAN_22,sciRED_28,739,26,4,0.45816326530612245,0.006059124471611071
CD8T,2.0,SDAN_22,sciRED_29,739,26,4,0.5513605442176871,0.010657382275418015
CD8T,2.0,SDAN_22,sciRED_30,739,26,4,0.5765306122448979,0.0203894960850771
CD8T,2.0,SDAN_22,sciRED_31,739,26,4,0.7530612244897958,0.021521994873878438
CD8T,2.0,SDAN_22,sciRED_32,739,26,4,0.5479591836734694,0.011687827504461002
CD8T,2.0,SDAN_22,sciRED_33,739,26,4,0.31496598639455786,0.004822843133163684
CD8T,2.0,SDAN_22,sciRED_34,739,26,4,0.5744897959183674,0.011362562228803146
CD8T,2.0,SDAN_22,sciRED_35,739,26,4,0.2054421768707483,0.00407144948873634
CD8T,2.0,SDAN_22,sciRED_36,739,26,4,0.3982993197278911,0.005450704770524115
CD8T,2.0,SDAN_22,sciRED_37,739,26,4,0.5272108843537415,0.013798367618468931
CD8T,2.0,SDAN_22,sciRED_38,739,26,4,0.5693877551020408,0.007617039661519314
CD8T,2.0,SDAN_22,sciRED_39,739,26,4,0.6360544217687075,0.014058048178076793
CD8T,2.0,SDAN_23,sciRED_0,739,25,17,0.4533974254521753,0.02090355607123384
CD8T,2.0,SDAN_23,sciRED_1,739,25,17,0.32556623757536257,0.016670134927415512
CD8T,2.0,SDAN_23,sciRED_2,739,25,17,0.4353918852859703,0.020926579575079325
CD8T,2.0,SDAN_23,sciRED_3,739,25,17,0.40166204986149584,0.018718444411807277
CD8T,2.0,SDAN_23,sciRED_4,739,25,17,0.4875346260387812,0.026967597571047983
CD8T,2.0,SDAN_23,sciRED_5,739,25,17,0.4335994785725925,0.019762121834947924
CD8T,2.0,SDAN_23,sciRED_6,739,25,17,0.31831513768942477,0.016842318570596614
CD8T,2.0,SDAN_23,sciRED_7,739,25,17,0.5089620335668894,0.024471895590091396
CD8T,2.0,SDAN_23,sciRED_8,739,25,17,0.5346260387811634,0.03004642457540317
CD8T,2.0,SDAN_23,sciRED_9,739,25,17,0.4022323610884797,0.018646850274248748
CD8T,2.0,SDAN_23,sciRED_10,739,25,17,0.39335180055401664,0.019094068653627914
CD8T,2.0,SDAN_23,sciRED_11,739,25,17,0.48093531041225357,0.02223169013367452
CD8T,2.0,SDAN_23,sciRED_12,739,25,17,0.5057031122698388,0.030287439932409697
CD8T,2.0,SDAN_23,sciRED_13,739,25,17,0.4251262832002607,0.021968195389966094
CD8T,2.0,SDAN_23,sciRED_14,739,25,17,0.40369887567215257,0.021561349263760507
CD8T,2.0,SDAN_23,sciRED_15,739,25,17,0.44028026723154634,0.020524429105896747
CD8T,2.0,SDAN_23,sciRED_16,739,25,17,0.5342186736190321,0.0287380116230052
CD8T,2.0,SDAN_23,sciRED_17,739,25,17,0.43938406387485746,0.02146356224509905
CD8T,2.0,SDAN_23,sciRED_18,739,25,17,0.3523708652436044,0.018547291897784715
CD8T,2.0,SDAN_23,sciRED_19,739,25,17,0.4991852696757373,0.044158520279843086
CD8T,2.0,SDAN_23,sciRED_20,739,25,17,0.4916082776600945,0.0389092484915599
CD8T,2.0,SDAN_23,sciRED_21,739,25,17,0.4377546032263321,0.02210204536255949
CD8T,2.0,SDAN_23,sciRED_22,739,25,17,0.448101678344468,0.02387122895937991
CD8T,2.0,SDAN_23,sciRED_23,739,25,17,0.45225680299820753,0.02592633047953402
CD8T,2.0,SDAN_23,sciRED_24,739,25,17,0.5584976372820597,0.03944402273102024
CD8T,2.0,SDAN_23,sciRED_25,739,25,17,0.4326218021834773,0.02096135131241694
CD8T,2.0,SDAN_23,sciRED_26,739,25,17,0.5030959752321982,0.0271659242823924
CD8T,2.0,SDAN_23,sciRED_27,739,25,17,0.5734072022160664,0.03528897619579527
CD8T,2.0,SDAN_23,sciRED_28,739,25,17,0.4691217207104449,0.02277258692726137
CD8T,2.0,SDAN_23,sciRED_29,739,25,17,0.5715333224702623,0.038471268588513324
CD8T,2.0,SDAN_23,sciRED_30,739,25,17,0.5593123676063223,0.02734879830577555
CD8T,2.0,SDAN_23,sciRED_31,739,25,17,0.5366628645918201,0.04068960665386699
CD8T,2.0,SDAN_23,sciRED_32,739,25,17,0.5300635489652924,0.027914539881177414
CD8T,2.0,SDAN_23,sciRED_33,739,25,17,0.5844875346260388,0.03306894006400729
CD8T,2.0,SDAN_23,sciRED_34,739,25,17,0.38846341860844064,0.01820248975248844
CD8T,2.0,SDAN_23,sciRED_35,739,25,17,0.49584487534626037,0.024499555585433368
CD8T,2.0,SDAN_23,sciRED_36,739,25,17,0.4225191461626202,0.02251709078738728
CD8T,2.0,SDAN_23,sciRED_37,739,25,17,0.46724784096464067,0.026304858911574865
CD8T,2.0,SDAN_23,sciRED_38,739,25,17,0.5569496496659606,0.03378592707556823
CD8T,2.0,SDAN_23,sciRED_39,739,25,17,0.5624898158709467,0.029482902035081204
CD8T,2.0,SDAN_24,sciRED_0,739,26,10,0.5004115226337449,0.014851314136252916
CD8T,2.0,SDAN_24,sciRED_1,739,26,10,0.46982167352537724,0.013832588858622156
CD8T,2.0,SDAN_24,sciRED_2,739,26,10,0.5827160493827162,0.021036770920763653
CD8T,2.0,SDAN_24,sciRED_3,739,26,10,0.3585733882030179,0.010733248706297532
CD8T,2.0,SDAN_24,sciRED_4,739,26,10,0.5238683127572017,0.018341316354794697
CD8T,2.0,SDAN_24,sciRED_5,739,26,10,0.4805212620027434,0.014501623224231925
CD8T,2.0,SDAN_24,sciRED_6,739,26,10,0.42606310013717424,0.013819723168146808
CD8T,2.0,SDAN_24,sciRED_7,739,26,10,0.47174211248285325,0.01390325030661889
CD8T,2.0,SDAN_24,sciRED_8,739,26,10,0.5672153635116598,0.016751920474791
CD8T,2.0,SDAN_24,sciRED_9,739,26,10,0.5318244170096021,0.015640122266158508
CD8T,2.0,SDAN_24,sciRED_10,739,26,10,0.5183813443072702,0.019837717864700954
CD8T,2.0,SDAN_24,sciRED_11,739,26,10,0.5375857338820302,0.01705586107281593
CD8T,2.0,SDAN_24,sciRED_12,739,26,10,0.42578875171467767,0.01278636049431705
CD8T,2.0,SDAN_24,sciRED_13,739,26,10,0.38491083676268867,0.013706626649623094
CD8T,2.0,SDAN_24,sciRED_14,739,26,10,0.5931412894375858,0.018668830610154084
CD8T,2.0,SDAN_24,sciRED_15,739,26,10,0.5068587105624143,0.018345968697708936
CD8T,2.0,SDAN_24,sciRED_16,739,26,10,0.3846364883401921,0.011252670218623143
CD8T,2.0,SDAN_24,sciRED_17,739,26,10,0.36982167352537726,0.011635327866343297
CD8T,2.0,SDAN_24,sciRED_18,739,26,10,0.4323731138545953,0.01251659734869344
CD8T,2.0,SDAN_24,sciRED_19,739,26,10,0.5924554183813444,0.02236889331450392
CD8T,2.0,SDAN_24,sciRED_20,739,26,10,0.5347050754458162,0.026619887613906216
CD8T,2.0,SDAN_24,sciRED_21,739,26,10,0.5414266117969821,0.0244877367843218
CD8T,2.0,SDAN_24,sciRED_22,739,26,10,0.38532235939643344,0.011767505965079684
CD8T,2.0,SDAN_24,sciRED_23,739,26,10,0.5403292181069959,0.01752785675138405
CD8T,2.0,SDAN_24,sciRED_24,739,26,10,0.5961591220850481,0.018095287275602542
CD8T,2.0,SDAN_24,sciRED_25,739,26,10,0.4673525377229081,0.015754608718506896
CD8T,2.0,SDAN_24,sciRED_26,739,26,10,0.41989026063100143,0.013003863848955662
CD8T,2.0,SDAN_24,sciRED_27,739,26,10,0.615363511659808,0.021144037068489798
CD8T,2.0,SDAN_24,sciRED_28,739,26,10,0.6164609053497943,0.04255226694159539
CD8T,2.0,SDAN_24,sciRED_29,739,26,10,0.6260631001371741,0.019757947398930113
CD8T,2.0,SDAN_24,sciRED_30,739,26,10,0.6056241426611797,0.036808636613828834
CD8T,2.0,SDAN_24,sciRED_31,739,26,10,0.18792866941015088,0.008567742920983817
CD8T,2.0,SDAN_24,sciRED_32,739,26,10,0.4441700960219479,0.02151810974720209
CD8T,2.0,SDAN_24,sciRED_33,739,26,10,0.5072702331961592,0.015663027623322986
CD8T,2.0,SDAN_24,sciRED_34,739,26,10,0.5386831275720165,0.017719261915481378
CD8T,2.0,SDAN_24,sciRED_35,739,26,10,0.7323731138545954,0.04446471202020365
CD8T,2.0,SDAN_24,sciRED_36,739,26,10,0.3469135802469136,0.011486602555624736
CD8T,2.0,SDAN_24,sciRED_37,739,26,10,0.35075445816186557,0.010923849027849158
CD8T,2.0,SDAN_24,sciRED_38,739,26,10,0.525514403292181,0.0645481108049081
CD8T,2.0,SDAN_24,sciRED_39,739,26,10,0.5615912208504801,0.021252809349384942
CD8T,2.0,SDAN_25,sciRED_0,739,25,10,0.37805212620027434,0.011249245731416235
CD8T,2.0,SDAN_25,sciRED_1,739,25,10,0.43497942386831273,0.11228825631403073
CD8T,2.0,SDAN_25,sciRED_2,739,25,10,0.5308641975308641,0.015252904803487443
CD8T,2.0,SDAN_25,sciRED_3,739,25,10,0.7823045267489712,0.09344534599099796
CD8T,2.0,SDAN_25,sciRED_4,739,25,10,0.5030178326474624,0.014579303352310079
CD8T,2.0,SDAN_25,sciRED_5,739,25,10,0.47654320987654325,0.021207826019221908
CD8T,2.0,SDAN_25,sciRED_6,739,25,10,0.674074074074074,0.03146631910971088
CD8T,2.0,SDAN_25,sciRED_7,739,25,10,0.583676268861454,0.051910025074169155
CD8T,2.0,SDAN_25,sciRED_8,739,25,10,0.3791495198902607,0.01840941793069834
CD8T,2.0,SDAN_25,sciRED_9,739,25,10,0.5248285322359397,0.03283975128070207
CD8T,2.0,SDAN_25,sciRED_10,739,25,10,0.42235939643347054,0.013821448695717107
CD8T,2.0,SDAN_25,sciRED_11,739,25,10,0.7880658436213992,0.04903645192777947
CD8T,2.0,SDAN_25,sciRED_12,739,25,10,0.4780521262002743,0.01598746975788084
CD8T,2.0,SDAN_25,sciRED_13,739,25,10,0.615363511659808,0.03582853485111911
CD8T,2.0,SDAN_25,sciRED_14,739,25,10,0.6478737997256515,0.06716248229510921
CD8T,2.0,SDAN_25,sciRED_15,739,25,10,0.471604938271605,0.03236742421130828
CD8T,2.0,SDAN_25,sciRED_16,739,25,10,0.4607681755829904,0.013485285637138293
CD8T,2.0,SDAN_25,sciRED_17,739,25,10,0.576406035665295,0.025357973063664673
CD8T,2.0,SDAN_25,sciRED_18,739,25,10,0.5883401920438958,0.02562401493993162
CD8T,2.0,SDAN_25,sciRED_19,739,25,10,0.5883401920438958,0.1210274472217113
CD8T,2.0,SDAN_25,sciRED_20,739,25,10,0.4312757201646091,0.013324016191732579
CD8T,2.0,SDAN_25,sciRED_21,739,25,10,0.5947873799725651,0.016873362256811977
CD8T,2.0,SDAN_25,sciRED_22,739,25,10,0.37613168724279833,0.011925091793538102
CD8T,2.0,SDAN_25,sciRED_23,739,25,10,0.45198902606310015,0.012908809194739596
CD8T,2.0,SDAN_25,sciRED_24,739,25,10,0.31920438957475994,0.010133975428443085
CD8T,2.0,SDAN_25,sciRED_25,739,25,10,0.3873799725651577,0.011325882489395745
CD8T,2.0,SDAN_25,sciRED_26,739,25,10,0.552400548696845,0.019511694172752062
CD8T,2.0,SDAN_25,sciRED_27,739,25,10,0.460082304526749,0.01707712072548031
CD8T,2.0,SDAN_25,sciRED_28,739,25,10,0.4703703703703704,0.013887839637386793
CD8T,2.0,SDAN_25,sciRED_29,739,25,10,0.3430727023319616,0.01391672377663588
CD8T,2.0,SDAN_25,sciRED_30,739,25,10,0.40727023319615907,0.012514628694383929
CD8T,2.0,SDAN_25,sciRED_31,739,25,10,0.5340192043895748,0.017071628542816047
CD8T,2.0,SDAN_25,sciRED_32,739,25,10,0.40438957475994514,0.011563132677980089
CD8T,2.0,SDAN_25,sciRED_33,739,25,10,0.5161865569272976,0.014696741771896485
CD8T,2.0,SDAN_25,sciRED_34,739,25,10,0.43689986282578874,0.013894816428977887
CD8T,2.0,SDAN_25,sciRED_35,739,25,10,0.42318244170096025,0.01204978430361564
CD8T,2.0,SDAN_25,sciRED_36,739,25,10,0.6307270233196159,0.027238220742738902
CD8T,2.0,SDAN_25,sciRED_37,739,25,10,0.37695473251028805,0.011105938328902795
CD8T,2.0,SDAN_25,sciRED_38,739,25,10,0.29849108367626886,0.0110314882631447
CD8T,2.0,SDAN_25,sciRED_39,739,25,10,0.364883401920439,0.010819472459386985
CD8T,2.0,SDAN_26,sciRED_0,739,25,10,0.46145404663923184,0.014944154310919146
CD8T,2.0,SDAN_26,sciRED_1,739,25,10,0.4525377229080933,0.013231435354811517
CD8T,2.0,SDAN_26,sciRED_2,739,25,10,0.4772290809327846,0.014087586781727106
CD8T,2.0,SDAN_26,sciRED_3,739,25,10,0.453360768175583,0.11308784337609377
CD8T,2.0,SDAN_26,sciRED_4,739,25,10,0.5071330589849108,0.014635790471017412
CD8T,2.0,SDAN_26,sciRED_5,739,25,10,0.5668038408779149,0.02189677174806333
CD8T,2.0,SDAN_26,sciRED_6,739,25,10,0.3801097393689986,0.01138528902733009
CD8T,2.0,SDAN_26,sciRED_7,739,25,10,0.6478737997256516,0.025418830018348045
CD8T,2.0,SDAN_26,sciRED_8,739,25,10,0.5477366255144033,0.017458688187958968
CD8T,2.0,SDAN_26,sciRED_9,739,25,10,0.4909465020576131,0.017697738638321955
CD8T,2.0,SDAN_26,sciRED_10,739,25,10,0.48271604938271606,0.016384153790296827
CD8T,2.0,SDAN_26,sciRED_11,739,25,10,0.43703703703703706,0.013631088634074221
CD8T,2.0,SDAN_26,sciRED_12,739,25,10,0.49657064471879286,0.014543332049201921
CD8T,2.0,SDAN_26,sciRED_13,739,25,10,0.45226337448559667,0.014528582947803962
CD8T,2.0,SDAN_26,sciRED_14,739,25,10,0.510562414266118,0.018895797706537293
CD8T,2.0,SDAN_26,sciRED_15,739,25,10,0.5850480109739369,0.03913573967573491
CD8T,2.0,SDAN_26,sciRED_16,739,25,10,0.34074074074074073,0.011075108724840993
CD8T,2.0,SDAN_26,sciRED_17,739,25,10,0.4674897119341564,0.015969546704809708
CD8T,2.0,SDAN_26,sciRED_18,739,25,10,0.4183813443072702,0.01448442111357363
CD8T,2.0,SDAN_26,sciRED_19,739,25,10,0.5484224965706447,0.017037102030556778
CD8T,2.0,SDAN_26,sciRED_20,739,25,10,0.3843621399176955,0.011874207750574038
CD8T,2.0,SDAN_26,sciRED_21,739,25,10,0.4226337448559671,0.012716188692563673
CD8T,2.0,SDAN_26,sciRED_22,739,25,10,0.628395061728395,0.035992910811452526
CD8T,2.0,SDAN_26,sciRED_23,739,25,10,0.4832647462277092,0.01954484003859479
CD8T,2.0,SDAN_26,sciRED_24,739,25,10,0.491358024691358,0.019341369434968312
CD8T,2.0,SDAN_26,sciRED_25,739,25,10,0.3593964334705076,0.011258104175677118
CD8T,2.0,SDAN_26,sciRED_26,739,25,10,0.3873799725651577,0.012638775825617758
CD8T,2.0,SDAN_26,sciRED_27,739,25,10,0.36447187928669406,0.011855990896695107
CD8T,2.0,SDAN_26,sciRED_28,739,25,10,0.5429355281207133,0.015289143293349725
CD8T,2.0,SDAN_26,sciRED_29,739,25,10,0.4873799725651578,0.01450392435152039
CD8T,2.0,SDAN_26,sciRED_30,739,25,10,0.45322359396433476,0.012935146139854765
CD8T,2.0,SDAN_26,sciRED_31,739,25,10,0.3238683127572017,0.010226547915638567
CD8T,2.0,SDAN_26,sciRED_32,739,25,10,0.6072702331961591,0.025496335046529393
CD8T,2.0,SDAN_26,sciRED_33,739,25,10,0.5355281207133059,0.08682042179235548
CD8T,2.0,SDAN_26,sciRED_34,739,25,10,0.5524005486968451,0.016566228747574102
CD8T,2.0,SDAN_26,sciRED_35,739,25,10,0.588477366255144,0.018768735820194136
CD8T,2.0,SDAN_26,sciRED_36,739,25,10,0.5319615912208505,0.0156092643729977
CD8T,2.0,SDAN_26,sciRED_37,739,25,10,0.34951989026063096,0.011263644950683183
CD8T,2.0,SDAN_26,sciRED_38,739,25,10,0.48957475994513033,0.01448630906526574
CD8T,2.0,SDAN_26,sciRED_39,739,25,10,0.5083676268861455,0.014051135095549188
CD8T,2.0,SDAN_27,sciRED_0,739,26,4,0.48469387755102045,0.00641192569265195
CD8T,2.0,SDAN_27,sciRED_1,739,26,4,0.3857142857142857,0.013358799312297241
CD8T,2.0,SDAN_27,sciRED_2,739,26,4,0.6183673469387755,0.014624915001877372
CD8T,2.0,SDAN_27,sciRED_3,739,26,4,0.5459183673469388,0.009791697158704961
CD8T,2.0,SDAN_27,sciRED_4,739,26,4,0.6000000000000001,0.008700128131974015
CD8T,2.0,SDAN_27,sciRED_5,739,26,4,0.4806122448979592,0.008961893415370913
CD8T,2.0,SDAN_27,sciRED_6,739,26,4,0.4697278911564626,0.007685766614338043
CD8T,2.0,SDAN_27,sciRED_7,739,26,4,0.7489795918367347,0.0518949209181145
CD8T,2.0,SDAN_27,sciRED_8,739,26,4,0.32414965986394556,0.005122351925433703
CD8T,2.0,SDAN_27,sciRED_9,739,26,4,0.38265306122448983,0.007858318680895652
CD8T,2.0,SDAN_27,sciRED_10,739,26,4,0.4850340136054422,0.006269822101107002
CD8T,2.0,SDAN_27,sciRED_11,739,26,4,0.6517006802721089,0.0714871598100386
CD8T,2.0,SDAN_27,sciRED_12,739,26,4,0.35714285714285715,0.008137857643081451
CD8T,2.0,SDAN_27,sciRED_13,739,26,4,0.3891156462585034,0.005819160859319652
CD8T,2.0,SDAN_27,sciRED_14,739,26,4,0.5656462585034013,0.010191958622066547
CD8T,2.0,SDAN_27,sciRED_15,739,26,4,0.7020408163265306,0.02428473321695828
CD8T,2.0,SDAN_27,sciRED_16,739,26,4,0.7139455782312926,0.02579984049331531
CD8T,2.0,SDAN_27,sciRED_17,739,26,4,0.632312925170068,0.02510893256304171
CD8T,2.0,SDAN_27,sciRED_18,739,26,4,0.5806122448979592,0.016154263921227152
CD8T,2.0,SDAN_27,sciRED_19,739,26,4,0.5874149659863945,0.009670022143842986
CD8T,2.0,SDAN_27,sciRED_20,739,26,4,0.45782312925170066,0.006259283527470499
CD8T,2.0,SDAN_27,sciRED_21,739,26,4,0.33061224489795915,0.004819939841451528
CD8T,2.0,SDAN_27,sciRED_22,739,26,4,0.49115646258503404,0.007076879391412122
CD8T,2.0,SDAN_27,sciRED_23,739,26,4,0.4925170068027211,0.007089838103293396
CD8T,2.0,SDAN_27,sciRED_24,739,26,4,0.932312925170068,0.049820754785743965
CD8T,2.0,SDAN_27,sciRED_25,739,26,4,0.24183673469387754,0.004260955347799302
CD8T,2.0,SDAN_27,sciRED_26,739,26,4,0.30204081632653057,0.004664334607452802
CD8T,2.0,SDAN_27,sciRED_27,739,26,4,0.8544217687074831,0.028370516958215564
CD8T,2.0,SDAN_27,sciRED_28,739,26,4,0.5258503401360544,0.007384835196518404
CD8T,2.0,SDAN_27,sciRED_29,739,26,4,0.6717687074829932,0.021499069378761126
CD8T,2.0,SDAN_27,sciRED_30,739,26,4,0.7136054421768707,0.022811727448509036
CD8T,2.0,SDAN_27,sciRED_31,739,26,4,0.4493197278911565,0.0062698245146504935
CD8T,2.0,SDAN_27,sciRED_32,739,26,4,0.6870748299319728,0.014693157391193885
CD8T,2.0,SDAN_27,sciRED_33,739,26,4,0.7027210884353742,0.012216207237612025
CD8T,2.0,SDAN_27,sciRED_34,739,26,4,0.48027210884353744,0.0064254420336745405
CD8T,2.0,SDAN_27,sciRED_35,739,26,4,0.3476190476190476,0.00516217723822873
CD8T,2.0,SDAN_27,sciRED_36,739,26,4,0.4452380952380952,0.006514480657327684
CD8T,2.0,SDAN_27,sciRED_37,739,26,4,0.654421768707483,0.012262928031886217
CD8T,2.0,SDAN_27,sciRED_38,739,26,4,0.254421768707483,0.004299153529683304
CD8T,2.0,SDAN_27,sciRED_39,739,26,4,0.7047619047619047,0.27456561059571744
CD8T,2.0,SDAN_28,sciRED_0,739,23,19,0.41776315789473684,0.02212564296128154
CD8T,2.0,SDAN_28,sciRED_1,739,23,19,0.5426169590643275,0.034709970188756004
CD8T,2.0,SDAN_28,sciRED_2,739,23,19,0.595906432748538,0.03337480852551457
CD8T,2.0,SDAN_28,sciRED_3,739,23,19,0.5089912280701754,0.02832077793283945
CD8T,2.0,SDAN_28,sciRED_4,739,23,19,0.4605263157894737,0.025039737898470124
CD8T,2.0,SDAN_28,sciRED_5,739,23,19,0.5150584795321638,0.027006548955214225
CD8T,2.0,SDAN_28,sciRED_6,739,23,19,0.489766081871345,0.02901518923841584
CD8T,2.0,SDAN_28,sciRED_7,739,23,19,0.38391812865497077,0.020527655681001518
CD8T,2.0,SDAN_28,sciRED_8,739,23,19,0.42141812865497075,0.028084584047828598
CD8T,2.0,SDAN_28,sciRED_9,739,23,19,0.3944444444444444,0.021906878599828615
CD8T,2.0,SDAN_28,sciRED_10,739,23,19,0.35175438596491226,0.019151286564663937
CD8T,2.0,SDAN_28,sciRED_11,739,23,19,0.5658625730994152,0.028898437335532524
CD8T,2.0,SDAN_28,sciRED_12,739,23,19,0.45687134502923976,0.02384783091640821
CD8T,2.0,SDAN_28,sciRED_13,739,23,19,0.5528508771929824,0.03397686252359791
CD8T,2.0,SDAN_28,sciRED_14,739,23,19,0.4548976608187134,0.02281208657535579
CD8T,2.0,SDAN_28,sciRED_15,739,23,19,0.4396198830409357,0.02449193090096904
CD8T,2.0,SDAN_28,sciRED_16,739,23,19,0.35826023391812867,0.019985572232950402
CD8T,2.0,SDAN_28,sciRED_17,739,23,19,0.4553362573099415,0.02925705075799881
CD8T,2.0,SDAN_28,sciRED_18,739,23,19,0.5785087719298246,0.05011266992028155
CD8T,2.0,SDAN_28,sciRED_19,739,23,19,0.529312865497076,0.035806723044878155
CD8T,2.0,SDAN_28,sciRED_20,739,23,19,0.47346491228070176,0.024910580044648595
CD8T,2.0,SDAN_28,sciRED_21,739,23,19,0.49722222222222223,0.028069127611297054
CD8T,2.0,SDAN_28,sciRED_22,739,23,19,0.6253654970760234,0.04210824930659883
CD8T,2.0,SDAN_28,sciRED_23,739,23,19,0.47178362573099414,0.03629707532381613
CD8T,2.0,SDAN_28,sciRED_24,739,23,19,0.5724415204678363,0.031607009193238944
CD8T,2.0,SDAN_28,sciRED_25,739,23,19,0.6025584795321638,0.04089331561967847
CD8T,2.0,SDAN_28,sciRED_26,739,23,19,0.5793128654970761,0.04193298667808557
CD8T,2.0,SDAN_28,sciRED_27,739,23,19,0.4910087719298245,0.04687055934618181
CD8T,2.0,SDAN_28,sciRED_28,739,23,19,0.3277777777777778,0.01840588072205792
CD8T,2.0,SDAN_28,sciRED_29,739,23,19,0.6185672514619883,0.0366340572802778
CD8T,2.0,SDAN_28,sciRED_30,739,23,19,0.5473684210526315,0.03139394055164886
CD8T,2.0,SDAN_28,sciRED_31,739,23,19,0.6455409356725146,0.04129839758162566
CD8T,2.0,SDAN_28,sciRED_32,739,23,19,0.5487573099415204,0.035252906128852464
CD8T,2.0,SDAN_28,sciRED_33,739,23,19,0.4703216374269006,0.028157974385195628
CD8T,2.0,SDAN_28,sciRED_34,739,23,19,0.5360380116959064,0.03604903395660394
CD8T,2.0,SDAN_28,sciRED_35,739,23,19,0.5693713450292397,0.062077135578388204
CD8T,2.0,SDAN_28,sciRED_36,739,23,19,0.4208333333333333,0.021456039047403813
CD8T,2.0,SDAN_28,sciRED_37,739,23,19,0.574342105263158,0.07506518492203473
CD8T,2.0,SDAN_28,sciRED_38,739,23,19,0.5418128654970761,0.030390012849376487
CD8T,2.0,SDAN_28,sciRED_39,739,23,19,0.5442251461988303,0.035745148187066686
CD8T,2.0,SDAN_29,sciRED_0,739,26,9,0.41217656012176557,0.011125229957300298
CD8T,2.0,SDAN_29,sciRED_1,739,26,9,0.35509893455098934,0.010477868763314172
CD8T,2.0,SDAN_29,sciRED_2,739,26,9,0.5881278538812785,0.019454426298819473
CD8T,2.0,SDAN_29,sciRED_3,739,26,9,0.5884322678843227,0.01612498712062056
CD8T,2.0,SDAN_29,sciRED_4,739,26,9,0.40624048706240484,0.01187186148490331
CD8T,2.0,SDAN_29,sciRED_5,739,26,9,0.5671232876712329,0.014960623685440778
CD8T,2.0,SDAN_29,sciRED_6,739,26,9,0.40654490106544894,0.019174594215979092
CD8T,2.0,SDAN_29,sciRED_7,739,26,9,0.5202435312024354,0.013579421235044766
CD8T,2.0,SDAN_29,sciRED_8,739,26,9,0.5850837138508371,0.032431386188680814
CD8T,2.0,SDAN_29,sciRED_9,739,26,9,0.29421613394216134,0.008973761228654977
CD8T,2.0,SDAN_29,sciRED_10,739,26,9,0.5820395738203957,0.016668194096975127
CD8T,2.0,SDAN_29,sciRED_11,739,26,9,0.45403348554033485,0.023294938239562128
CD8T,2.0,SDAN_29,sciRED_12,739,26,9,0.5901065449010654,0.01582811708457995
CD8T,2.0,SDAN_29,sciRED_13,739,26,9,0.44490106544901065,0.011351170616526442
CD8T,2.0,SDAN_29,sciRED_14,739,26,9,0.5106544901065448,0.01943600057756168
CD8T,2.0,SDAN_29,sciRED_15,739,26,9,0.5852359208523592,0.017743449265161696
CD8T,2.0,SDAN_29,sciRED_16,739,26,9,0.4557077625570776,0.012349583111870725
CD8T,2.0,SDAN_29,sciRED_17,739,26,9,0.60882800608828,0.020365071604990657
CD8T,2.0,SDAN_29,sciRED_18,739,26,9,0.6409436834094369,0.01931046848319017
CD8T,2.0,SDAN_29,sciRED_19,739,26,9,0.38401826484018264,0.012275987861913844
CD8T,2.0,SDAN_29,sciRED_20,739,26,9,0.7631659056316591,0.10910894049787788
CD8T,2.0,SDAN_29,sciRED_21,739,26,9,0.7721461187214612,0.03938910237996401
CD8T,2.0,SDAN_29,sciRED_22,739,26,9,0.4993911719939117,0.013616829540348907
CD8T,2.0,SDAN_29,sciRED_23,739,26,9,0.5964992389649924,0.018500958606601097
CD8T,2.0,SDAN_29,sciRED_24,739,26,9,0.258751902587519,0.00843563040384436
CD8T,2.0,SDAN_29,sciRED_25,739,26,9,0.6452054794520549,0.04334288290815947
CD8T,2.0,SDAN_29,sciRED_26,739,26,9,0.6541856925418569,0.024712859159340753
CD8T,2.0,SDAN_29,sciRED_27,739,26,9,0.6514459665144596,0.07335943269826518
CD8T,2.0,SDAN_29,sciRED_28,739,26,9,0.41811263318112635,0.014211744159115592
CD8T,2.0,SDAN_29,sciRED_29,739,26,9,0.4094368340943683,0.014791402397662228
CD8T,2.0,SDAN_29,sciRED_30,739,26,9,0.49208523592085235,0.015109176861568083
CD8T,2.0,SDAN_29,sciRED_31,739,26,9,0.5691019786910197,0.022529208000956175
CD8T,2.0,SDAN_29,sciRED_32,739,26,9,0.6328767123287671,0.027790439137620065
CD8T,2.0,SDAN_29,sciRED_33,739,26,9,0.7284627092846271,0.0418007361962323
CD8T,2.0,SDAN_29,sciRED_34,739,26,9,0.3687975646879757,0.010940278379934828
CD8T,2.0,SDAN_29,sciRED_35,739,26,9,0.4208523592085236,0.011663521887196975
CD8T,2.0,SDAN_29,sciRED_36,739,26,9,0.5829528158295282,0.02247100603505523
CD8T,2.0,SDAN_29,sciRED_37,739,26,9,0.5245053272450533,0.022451811019736107
CD8T,2.0,SDAN_29,sciRED_38,739,26,9,0.528310502283105,0.021858463701893493
CD8T,2.0,SDAN_29,sciRED_39,739,26,9,0.3324200913242009,0.00999798732787574
CD8T,2.0,SDAN_30,sciRED_0,739,25,13,0.5208730663276118,0.019837940106363274
CD8T,2.0,SDAN_30,sciRED_1,739,25,13,0.48495443949989403,0.021699129894760107
CD8T,2.0,SDAN_30,sciRED_2,739,25,13,0.43865225683407505,0.01696074567599898
CD8T,2.0,SDAN_30,sciRED_3,739,25,13,0.6306420851875397,0.02627203315295986
CD8T,2.0,SDAN_30,sciRED_4,739,25,13,0.4276329730875185,0.016504823738486434
CD8T,2.0,SDAN_30,sciRED_5,739,25,13,0.465564738292011,0.018940395239623806
CD8T,2.0,SDAN_30,sciRED_6,739,25,13,0.526912481457936,0.023252669222379223
CD8T,2.0,SDAN_30,sciRED_7,739,25,13,0.4721339266793813,0.019831821671969445
CD8T,2.0,SDAN_30,sciRED_8,739,25,13,0.5939817757999576,0.02619934159322543
CD8T,2.0,SDAN_30,sciRED_9,739,25,13,0.9264674719220174,0.3192519973320943
CD8T,2.0,SDAN_30,sciRED_10,739,25,13,0.7065056155965246,0.08515581153112319
CD8T,2.0,SDAN_30,sciRED_11,739,25,13,0.5637847001483366,0.03325722076522768
CD8T,2.0,SDAN_30,sciRED_12,739,25,13,0.6153846153846154,0.03867493506859285
CD8T,2.0,SDAN_30,sciRED_13,739,25,13,0.6189870735325281,0.031247018277494876
CD8T,2.0,SDAN_30,sciRED_14,739,25,13,0.5289256198347106,0.02221083436395633
CD8T,2.0,SDAN_30,sciRED_15,739,25,13,0.4658826022462386,0.017235863319750796
CD8T,2.0,SDAN_30,sciRED_16,739,25,13,0.28544183089637637,0.012341580199684187
CD8T,2.0,SDAN_30,sciRED_17,739,25,13,0.3841915660097478,0.014422836977433722
CD8T,2.0,SDAN_30,sciRED_18,739,25,13,0.4990464081373172,0.019739473215212654
CD8T,2.0,SDAN_30,sciRED_19,739,25,13,0.3824962915872007,0.014533890871201402
CD8T,2.0,SDAN_30,sciRED_20,739,25,13,0.5452426361517271,0.026695137026288382
CD8T,2.0,SDAN_30,sciRED_21,739,25,13,0.4778554778554779,0.01793972701565321
CD8T,2.0,SDAN_30,sciRED_22,739,25,13,0.5009535918626827,0.06772764915899984
CD8T,2.0,SDAN_30,sciRED_23,739,25,13,0.3364060182242001,0.013390259453813757
CD8T,2.0,SDAN_30,sciRED_24,739,25,13,0.5326340326340326,0.02301086015420132
CD8T,2.0,SDAN_30,sciRED_25,739,25,13,0.35929222292858654,0.016116892300687087
CD8T,2.0,SDAN_30,sciRED_26,739,25,13,0.4778554778554779,0.017109678568095144
CD8T,2.0,SDAN_30,sciRED_27,739,25,13,0.4140707777071414,0.01635027008243013
CD8T,2.0,SDAN_30,sciRED_28,739,25,13,0.3731722822631913,0.015125852887315794
CD8T,2.0,SDAN_30,sciRED_29,739,25,13,0.4358974358974359,0.021244809514312527
CD8T,2.0,SDAN_30,sciRED_30,739,25,13,0.4826234371688917,0.01965987293182709
CD8T,2.0,SDAN_30,sciRED_31,739,25,13,0.5364484000847637,0.03340866293885744
CD8T,2.0,SDAN_30,sciRED_32,739,25,13,0.344988344988345,0.01382761575949307
CD8T,2.0,SDAN_30,sciRED_33,739,25,13,0.4326128417037508,0.01671230495257569
CD8T,2.0,SDAN_30,sciRED_34,739,25,13,0.4104683195592287,0.04215279961750999
CD8T,2.0,SDAN_30,sciRED_35,739,25,13,0.3956346683619411,0.017701930300297666
CD8T,2.0,SDAN_30,sciRED_36,739,25,13,0.6618987073532527,0.026205136734299618
CD8T,2.0,SDAN_30,sciRED_37,739,25,13,0.5603941513032422,0.02193262599792161
CD8T,2.0,SDAN_30,sciRED_38,739,25,13,0.4018859927950837,0.014668816540311758
CD8T,2.0,SDAN_30,sciRED_39,739,25,13,0.5276541640178003,0.01870698840649193
CD8T,2.0,SDAN_31,sciRED_0,739,24,17,0.46814404432132967,0.021909595209759436
CD8T,2.0,SDAN_31,sciRED_1,739,24,17,0.5283526152843409,0.029445225159888788
CD8T,2.0,SDAN_31,sciRED_2,739,24,17,0.44451686491771225,0.02565469509574391
CD8T,2.0,SDAN_31,sciRED_3,739,24,17,0.5030145021997718,0.04335460850503204
CD8T,2.0,SDAN_31,sciRED_4,739,24,17,0.48859377546032257,0.021979060185261474
CD8T,2.0,SDAN_31,sciRED_5,739,24,17,0.5442398566074629,0.033721776434161035
CD8T,2.0,SDAN_31,sciRED_6,739,24,17,0.480772364347401,0.021774881337815456
CD8T,2.0,SDAN_31,sciRED_7,739,24,17,0.5497800228124491,0.21145486067480673
CD8T,2.0,SDAN_31,sciRED_8,739,24,17,0.6386671011895063,0.033916375198824025
CD8T,2.0,SDAN_31,sciRED_9,739,24,17,0.5999674107870294,0.04729152767623626
CD8T,2.0,SDAN_31,sciRED_10,739,24,17,0.5168649177122373,0.037734351271050494
CD8T,2.0,SDAN_31,sciRED_11,739,24,17,0.5996415186573245,0.03188052160084055
CD8T,2.0,SDAN_31,sciRED_12,739,24,17,0.5241160175981749,0.02895022723580725
CD8T,2.0,SDAN_31,sciRED_13,739,24,17,0.5132801042854815,0.02951170570070379
CD8T,2.0,SDAN_31,sciRED_14,739,24,17,0.5554831350822879,0.03146796349996237
CD8T,2.0,SDAN_31,sciRED_15,739,24,17,0.5051328010428547,0.02883913321219061
CD8T,2.0,SDAN_31,sciRED_16,739,24,17,0.43343653250773995,0.020304833760946103
CD8T,2.0,SDAN_31,sciRED_17,739,24,17,0.6233501710933682,0.04454196816658984
CD8T,2.0,SDAN_31,sciRED_18,739,24,17,0.5505947531367118,0.03616500801524805
CD8T,2.0,SDAN_31,sciRED_19,739,24,17,0.4641518657324426,0.029862677353446325
CD8T,2.0,SDAN_31,sciRED_20,739,24,17,0.583346912172071,0.031695017664516954
CD8T,2.0,SDAN_31,sciRED_21,739,24,17,0.5070066807886588,0.024460001367488278
CD8T,2.0,SDAN_31,sciRED_22,739,24,17,0.43376242463744497,0.02199664343851001
CD8T,2.0,SDAN_31,sciRED_23,739,24,17,0.363532670686003,0.021521029353030748
CD8T,2.0,SDAN_31,sciRED_24,739,24,17,0.4577969692031938,0.028281059843051327
CD8T,2.0,SDAN_31,sciRED_25,739,24,17,0.32018901743522893,0.01807210369369497
CD8T,2.0,SDAN_31,sciRED_26,739,24,17,0.5019553527782304,0.023175828464378684
CD8T,2.0,SDAN_31,sciRED_27,739,24,17,0.5197164738471566,0.029476818554993227
CD8T,2.0,SDAN_31,sciRED_28,739,24,17,0.44182825484764543,0.021228011980262702
CD8T,2.0,SDAN_31,sciRED_29,739,24,17,0.5292488186410298,0.03322602697270578
CD8T,2.0,SDAN_31,sciRED_30,739,24,17,0.47286948020205316,0.030303492297514036
CD8T,2.0,SDAN_31,sciRED_31,739,24,17,0.4828091901580577,0.024421056514437378
CD8T,2.0,SDAN_31,sciRED_32,739,24,17,0.40149910379664333,0.020599039767404757
CD8T,2.0,SDAN_31,sciRED_33,739,24,17,0.3702949323773831,0.02702736226688779
CD8T,2.0,SDAN_31,sciRED_34,739,24,17,0.605018738797458,0.031117067912985852
CD8T,2.0,SDAN_31,sciRED_35,739,24,17,0.48085383737982723,0.02258999399937167
CD8T,2.0,SDAN_31,sciRED_36,739,24,17,0.5566237575362555,0.03097933950845253
CD8T,2.0,SDAN_31,sciRED_37,739,24,17,0.4980446472217696,0.02616075283227419
CD8T,2.0,SDAN_31,sciRED_38,739,24,17,0.40785400032589214,0.018937148666366383
CD8T,2.0,SDAN_31,sciRED_39,739,24,17,0.46072999837053935,0.022491515148629355
CD8T,2.0,SDAN_32,sciRED_0,739,25,10,0.3962962962962963,0.012258634308352168
CD8T,2.0,SDAN_32,sciRED_1,739,25,10,0.5344307270233196,0.016497184866876534
CD8T,2.0,SDAN_32,sciRED_2,739,25,10,0.462962962962963,0.013229399657195634
CD8T,2.0,SDAN_32,sciRED_3,739,25,10,0.6074074074074075,0.03173449630617856
CD8T,2.0,SDAN_32,sciRED_4,739,25,10,0.5377229080932785,0.015163226936722087
CD8T,2.0,SDAN_32,sciRED_5,739,25,10,0.4541838134430727,0.014565537639671902
CD8T,2.0,SDAN_32,sciRED_6,739,25,10,0.6617283950617283,0.029908002195967894
CD8T,2.0,SDAN_32,sciRED_7,739,25,10,0.47722908093278466,0.0184756003680631
CD8T,2.0,SDAN_32,sciRED_8,739,25,10,0.5950617283950617,0.02189653182302387
CD8T,2.0,SDAN_32,sciRED_9,739,25,10,0.5305898491083677,0.01882869033002407
CD8T,2.0,SDAN_32,sciRED_10,739,25,10,0.7016460905349794,0.05137441942934456
CD8T,2.0,SDAN_32,sciRED_11,739,25,10,0.5356652949245542,0.035146974974565294
CD8T,2.0,SDAN_32,sciRED_12,739,25,10,0.5120713305898492,0.018186154243670143
CD8T,2.0,SDAN_32,sciRED_13,739,25,10,0.5238683127572017,0.02012184010508856
CD8T,2.0,SDAN_32,sciRED_14,739,25,10,0.47818930041152263,0.03560569513085046
CD8T,2.0,SDAN_32,sciRED_15,739,25,10,0.549519890260631,0.02235903944042944
CD8T,2.0,SDAN_32,sciRED_16,739,25,10,0.46844993141289437,0.015608190760613084
CD8T,2.0,SDAN_32,sciRED_17,739,25,10,0.5038408779149519,0.015531309359251448
CD8T,2.0,SDAN_32,sciRED_18,739,25,10,0.4762688614540467,0.01414443866247549
CD8T,2.0,SDAN_32,sciRED_19,739,25,10,0.5187928669410151,0.01823783011700144
CD8T,2.0,SDAN_32,sciRED_20,739,25,10,0.5983539094650205,0.020766258245894634
CD8T,2.0,SDAN_32,sciRED_21,739,25,10,0.6787379972565157,0.06812116908311583
CD8T,2.0,SDAN_32,sciRED_22,739,25,10,0.6093278463648834,0.03785496021639193
CD8T,2.0,SDAN_32,sciRED_23,739,25,10,0.6375857338820302,0.020068522369612873
CD8T,2.0,SDAN_32,sciRED_24,739,25,10,0.5331961591220851,0.020000043817088645
CD8T,2.0,SDAN_32,sciRED_25,739,25,10,0.4404663923182442,0.012629260372296149
CD8T,2.0,SDAN_32,sciRED_26,739,25,10,0.7685871056241426,0.046047347705283834
CD8T,2.0,SDAN_32,sciRED_27,739,25,10,0.5801097393689987,0.020206576938139695
CD8T,2.0,SDAN_32,sciRED_28,739,25,10,0.5101508916323731,0.017074018277099028
CD8T,2.0,SDAN_32,sciRED_29,739,25,10,0.5755829903978052,0.022538469012814588
CD8T,2.0,SDAN_32,sciRED_30,739,25,10,0.3737997256515775,0.011990715509447615
CD8T,2.0,SDAN_32,sciRED_31,739,25,10,0.6375857338820302,0.05212310180019578
CD8T,2.0,SDAN_32,sciRED_32,739,25,10,0.40397805212620025,0.012856277188203721
CD8T,2.0,SDAN_32,sciRED_33,739,25,10,0.42633744855967076,0.014135938034155172
CD8T,2.0,SDAN_32,sciRED_34,739,25,10,0.6001371742112482,0.01807972363654146
CD8T,2.0,SDAN_32,sciRED_35,739,25,10,0.6980795610425241,0.027643934569158295
CD8T,2.0,SDAN_32,sciRED_36,739,25,10,0.49314128943758573,0.03669022126666652
CD8T,2.0,SDAN_32,sciRED_37,739,25,10,0.3618655692729767,0.011045016013219467
CD8T,2.0,SDAN_32,sciRED_38,739,25,10,0.7087791495198903,0.05993922165758577
CD8T,2.0,SDAN_32,sciRED_39,739,25,10,0.578326474622771,0.02114550207445516
CD8T,2.0,SDAN_33,sciRED_0,739,24,20,0.5674547983310153,0.031882287766486404
CD8T,2.0,SDAN_33,sciRED_1,739,24,20,0.5009735744089012,0.033290870854677024
CD8T,2.0,SDAN_33,sciRED_2,739,24,20,0.5497913769123783,0.030370330287011
CD8T,2.0,SDAN_33,sciRED_3,739,24,20,0.5024339360222531,0.029735441700230403
CD8T,2.0,SDAN_33,sciRED_4,739,24,20,0.5310152990264256,0.03773916458372842
CD8T,2.0,SDAN_33,sciRED_5,739,24,20,0.4878303198887343,0.026922639451355812
CD8T,2.0,SDAN_33,sciRED_6,739,24,20,0.5449235048678721,0.03789866092527089
CD8T,2.0,SDAN_33,sciRED_7,739,24,20,0.46196105702364393,0.038473331461899477
CD8T,2.0,SDAN_33,sciRED_8,739,24,20,0.5081363004172461,0.03665936430578157
CD8T,2.0,SDAN_33,sciRED_9,739,24,20,0.4329624478442281,0.029829611911982586
CD8T,2.0,SDAN_33,sciRED_10,739,24,20,0.4399165507649513,0.02507084858014756
CD8T,2.0,SDAN_33,sciRED_11,739,24,20,0.5852573018080667,0.03626407595287087
CD8T,2.0,SDAN_33,sciRED_12,739,24,20,0.5534770514603616,0.04426864009583978
CD8T,2.0,SDAN_33,sciRED_13,739,24,20,0.5006954102920723,0.0347601113640488
CD8T,2.0,SDAN_33,sciRED_14,739,24,20,0.5719749652294854,0.062253066386519104
CD8T,2.0,SDAN_33,sciRED_15,739,24,20,0.4943671766342142,0.02761364218879642
CD8T,2.0,SDAN_33,sciRED_16,739,24,20,0.48115438108484004,0.028250360061973387
CD8T,2.0,SDAN_33,sciRED_17,739,24,20,0.5472183588317107,0.03836874380002022
CD8T,2.0,SDAN_33,sciRED_18,739,24,20,0.5710709318497913,0.040981721211290525
CD8T,2.0,SDAN_33,sciRED_19,739,24,20,0.608066759388039,0.04744201450123537
CD8T,2.0,SDAN_33,sciRED_20,739,24,20,0.4593880389429763,0.027830998476457085
CD8T,2.0,SDAN_33,sciRED_21,739,24,20,0.5716272600834492,0.039670491521262945
CD8T,2.0,SDAN_33,sciRED_22,739,24,20,0.5458970792767732,0.03330169098763792
CD8T,2.0,SDAN_33,sciRED_23,739,24,20,0.4780945757997218,0.027420935612576573
CD8T,2.0,SDAN_33,sciRED_24,739,24,20,0.5587621696801113,0.044578969378330474
CD8T,2.0,SDAN_33,sciRED_25,739,24,20,0.6777468706536857,0.056600766811174714
CD8T,2.0,SDAN_33,sciRED_26,739,24,20,0.4790681502086231,0.025869705017070463
CD8T,2.0,SDAN_33,sciRED_27,739,24,20,0.5537552155771905,0.07982821763049988
CD8T,2.0,SDAN_33,sciRED_28,739,24,20,0.5713490959666203,0.03437443414898998
CD8T,2.0,SDAN_33,sciRED_29,739,24,20,0.37023643949930457,0.021828736302746884
CD8T,2.0,SDAN_33,sciRED_30,739,24,20,0.5328233657858137,0.08674760627162223
CD8T,2.0,SDAN_33,sciRED_31,739,24,20,0.5379694019471488,0.03827103807568322
CD8T,2.0,SDAN_33,sciRED_32,739,24,20,0.42037552155771907,0.02310054289458655
CD8T,2.0,SDAN_33,sciRED_33,739,24,20,0.5082753824756606,0.032174185305410385
CD8T,2.0,SDAN_33,sciRED_34,739,24,20,0.5107093184979138,0.030738203212075425
CD8T,2.0,SDAN_33,sciRED_35,739,24,20,0.5092489568845618,0.044049915162056336
CD8T,2.0,SDAN_33,sciRED_36,739,24,20,0.49471488178025036,0.03549395684046508
CD8T,2.0,SDAN_33,sciRED_37,739,24,20,0.5157858136300417,0.03200931126593941
CD8T,2.0,SDAN_33,sciRED_38,739,24,20,0.5451321279554937,0.0357651499250129
CD8T,2.0,SDAN_33,sciRED_39,739,24,20,0.5007649513212795,0.027347902037506644
CD8T,2.0,SDAN_34,sciRED_0,739,26,8,0.5721614227086184,0.014267992404912404
CD8T,2.0,SDAN_34,sciRED_1,739,26,8,0.40783173734610123,0.009785107995700143
CD8T,2.0,SDAN_34,sciRED_2,739,26,8,0.3850889192886457,0.010290561872128812
CD8T,2.0,SDAN_34,sciRED_3,739,26,8,0.6580027359781122,0.017106058751425308
CD8T,2.0,SDAN_34,sciRED_4,739,26,8,0.5070109439124486,0.011698439258026317
CD8T,2.0,SDAN_34,sciRED_5,739,26,8,0.38833789329685364,0.00924345015143439
CD8T,2.0,SDAN_34,sciRED_6,739,26,8,0.48803009575923395,0.011264800872115104
CD8T,2.0,SDAN_34,sciRED_7,739,26,8,0.4745212038303694,0.011320480397416309
CD8T,2.0,SDAN_34,sciRED_8,739,26,8,0.5011969904240766,0.016308330908712046
CD8T,2.0,SDAN_34,sciRED_9,739,26,8,0.2853967168262654,0.007940507751663245
CD8T,2.0,SDAN_34,sciRED_10,739,26,8,0.47982216142270867,0.011021578088904289
CD8T,2.0,SDAN_34,sciRED_11,739,26,8,0.408686730506156,0.01046790880552985
CD8T,2.0,SDAN_34,sciRED_12,739,26,8,0.5841313269493843,0.031168062603769024
CD8T,2.0,SDAN_34,sciRED_13,739,26,8,0.46477428180574554,0.01734345873768382
CD8T,2.0,SDAN_34,sciRED_14,739,26,8,0.5379616963064295,0.01876802787384468
CD8T,2.0,SDAN_34,sciRED_15,739,26,8,0.2783857729138167,0.007936918899011037
CD8T,2.0,SDAN_34,sciRED_16,739,26,8,0.37978796169630646,0.009206741942551592
CD8T,2.0,SDAN_34,sciRED_17,739,26,8,0.31993844049247605,0.009137719622302812
CD8T,2.0,SDAN_34,sciRED_18,739,26,8,0.4716142270861833,0.012747004994513629
CD8T,2.0,SDAN_34,sciRED_19,739,26,8,0.41740766073871405,0.04016816700003309
CD8T,2.0,SDAN_34,sciRED_20,739,26,8,0.49829001367989056,0.016454516143503628
CD8T,2.0,SDAN_34,sciRED_21,739,26,8,0.44921340629274964,0.012664519024705577
CD8T,2.0,SDAN_34,sciRED_22,739,26,8,0.5577975376196991,0.029765487704653315
CD8T,2.0,SDAN_34,sciRED_23,739,26,8,0.4745212038303694,0.013382775677628966
CD8T,2.0,SDAN_34,sciRED_24,739,26,8,0.420827633378933,0.07271949149974674
CD8T,2.0,SDAN_34,sciRED_25,739,26,8,0.5902872777017784,0.14249996755930067
CD8T,2.0,SDAN_34,sciRED_26,739,26,8,0.3667920656634747,0.008984731197222522
CD8T,2.0,SDAN_34,sciRED_27,739,26,8,0.6292749658002736,0.015478385136335635
CD8T,2.0,SDAN_34,sciRED_28,739,26,8,0.5003419972640218,0.1367443088259174
CD8T,2.0,SDAN_34,sciRED_29,739,26,8,0.6085841313269494,0.03093590249204969
CD8T,2.0,SDAN_34,sciRED_30,739,26,8,0.39158686730506154,0.01084851481676422
CD8T,2.0,SDAN_34,sciRED_31,739,26,8,0.24504103967168261,0.007518406082620992
CD8T,2.0,SDAN_34,sciRED_32,739,26,8,0.3761969904240766,0.014493419608976444
CD8T,2.0,SDAN_34,sciRED_33,739,26,8,0.5073529411764706,0.016495177916716536
CD8T,2.0,SDAN_34,sciRED_34,739,26,8,0.5694254445964433,0.015113776897285115
CD8T,2.0,SDAN_34,sciRED_35,739,26,8,0.35772913816689467,0.021677137275524276
CD8T,2.0,SDAN_34,sciRED_36,739,26,8,0.5148768809849521,0.01277157467865984
CD8T,2.0,SDAN_34,sciRED_37,739,26,8,0.4211696306429549,0.010243554798665046
CD8T,2.0,SDAN_34,sciRED_38,739,26,8,0.32643638850889195,0.00843523126593345
CD8T,2.0,SDAN_34,sciRED_39,739,26,8,0.5865253077975376,0.017160739663483696
CD8T,2.0,SDAN_35,sciRED_0,739,24,12,0.5549060064190738,0.02120890426277372
CD8T,2.0,SDAN_35,sciRED_1,739,24,12,0.6578404401650619,0.08649805742484326
CD8T,2.0,SDAN_35,sciRED_2,739,24,12,0.40852819807427787,0.013942503653020268
CD8T,2.0,SDAN_35,sciRED_3,739,24,12,0.5714121962402567,0.022281503854111775
CD8T,2.0,SDAN_35,sciRED_4,739,24,12,0.3758596973865199,0.01299226073941754
CD8T,2.0,SDAN_35,sciRED_5,739,24,12,0.6461485557083907,0.03570665826808106
CD8T,2.0,SDAN_35,sciRED_6,739,24,12,0.6480972031178358,0.027120160521802317
CD8T,2.0,SDAN_35,sciRED_7,739,24,12,0.6134800550206327,0.026899163278402333
CD8T,2.0,SDAN_35,sciRED_8,739,24,12,0.5218936267767079,0.018920381053583544
CD8T,2.0,SDAN_35,sciRED_9,739,24,12,0.7811783585511234,0.07969732573814846
CD8T,2.0,SDAN_35,sciRED_10,739,24,12,0.6069463548830812,0.03340080362319205
CD8T,2.0,SDAN_35,sciRED_11,739,24,12,0.5184548372306281,0.027684892367657213
CD8T,2.0,SDAN_35,sciRED_12,739,24,12,0.40646492434663,0.014240960058116313
CD8T,2.0,SDAN_35,sciRED_13,739,24,12,0.49839523154516274,0.05303118780030448
CD8T,2.0,SDAN_35,sciRED_14,739,24,12,0.6854653828519028,0.033605773706087125
CD8T,2.0,SDAN_35,sciRED_15,739,24,12,0.5177670793214122,0.01737661837185615
CD8T,2.0,SDAN_35,sciRED_16,739,24,12,0.5427556166895919,0.02334463889328474
CD8T,2.0,SDAN_35,sciRED_17,739,24,12,0.5583447959651535,0.02055512799501269
CD8T,2.0,SDAN_35,sciRED_18,739,24,12,0.4911737734983952,0.022116495615813254
CD8T,2.0,SDAN_35,sciRED_19,739,24,12,0.4325997248968363,0.014925243333880789
CD8T,2.0,SDAN_35,sciRED_20,739,24,12,0.6092388812471343,0.024001987849705447
CD8T,2.0,SDAN_35,sciRED_21,739,24,12,0.45392022008253097,0.01661301125434457
CD8T,2.0,SDAN_35,sciRED_22,739,24,12,0.5302613480055021,0.02980824089520271
CD8T,2.0,SDAN_35,sciRED_23,739,24,12,0.364740944520862,0.012767763221983293
CD8T,2.0,SDAN_35,sciRED_24,739,24,12,0.38411279229711137,0.015678044384190386
CD8T,2.0,SDAN_35,sciRED_25,739,24,12,0.406808803301238,0.018385693535257812
CD8T,2.0,SDAN_35,sciRED_26,739,24,12,0.6124484181568088,0.022947064669208532
CD8T,2.0,SDAN_35,sciRED_27,739,24,12,0.4076111875286566,0.015331948263180507
CD8T,2.0,SDAN_35,sciRED_28,739,24,12,0.5231545162769371,0.01832948054002708
CD8T,2.0,SDAN_35,sciRED_29,739,24,12,0.5551352590554791,0.020282269424503757
CD8T,2.0,SDAN_35,sciRED_30,739,24,12,0.4265245300320954,0.014345346365377645
CD8T,2.0,SDAN_35,sciRED_31,739,24,12,0.4941540577716643,0.018038948065510478
CD8T,2.0,SDAN_35,sciRED_32,739,24,12,0.4912883998165979,0.018893995646020942
CD8T,2.0,SDAN_35,sciRED_33,739,24,12,0.4706556625401192,0.017831966646477355
CD8T,2.0,SDAN_35,sciRED_34,739,24,12,0.579092159559835,0.022054976155205727
CD8T,2.0,SDAN_35,sciRED_35,739,24,12,0.5184548372306281,0.021039777208622434
CD8T,2.0,SDAN_35,sciRED_36,739,24,12,0.588835396607061,0.024169248146580887
CD8T,2.0,SDAN_35,sciRED_37,739,24,12,0.6126776707932141,0.023196759109752028
CD8T,2.0,SDAN_35,sciRED_38,739,24,12,0.33814763869784503,0.012543377189017425
CD8T,2.0,SDAN_35,sciRED_39,739,24,12,0.4252636405318661,0.015109150553746922
CD8T,2.0,SDAN_36,sciRED_0,739,25,13,0.5067810976901886,0.01899450879035229
CD8T,2.0,SDAN_36,sciRED_1,739,25,13,0.3412799321890231,0.013349877361178283
CD8T,2.0,SDAN_36,sciRED_2,739,25,13,0.516105107014198,0.019293282133829855
CD8T,2.0,SDAN_36,sciRED_3,739,25,13,0.5922865013774106,0.025018143513183672
CD8T,2.0,SDAN_36,sciRED_4,739,25,13,0.39425725789362154,0.014762885322733073
CD8T,2.0,SDAN_36,sciRED_5,739,25,13,0.48336511972875607,0.02141373911231931
CD8T,2.0,SDAN_36,sciRED_6,739,25,13,0.6636999364272091,0.08521552082055985
CD8T,2.0,SDAN_36,sciRED_7,739,25,13,0.29497774952320405,0.016148500609820874
CD8T,2.0,SDAN_36,sciRED_8,739,25,13,0.48156389065479976,0.0266916964689522
CD8T,2.0,SDAN_36,sciRED_9,739,25,13,0.49396058486967576,0.017740868049950138
CD8T,2.0,SDAN_36,sciRED_10,739,25,13,0.4413011231193049,0.027428334563618456
CD8T,2.0,SDAN_36,sciRED_11,739,25,13,0.5086882814155541,0.021416406578699636
CD8T,2.0,SDAN_36,sciRED_12,739,25,13,0.7146641237550329,0.11791532849834555
CD8T,2.0,SDAN_36,sciRED_13,739,25,13,0.5289256198347108,0.019428288053932014
CD8T,2.0,SDAN_36,sciRED_14,739,25,13,0.5038143674507312,0.02070825770977709
CD8T,2.0,SDAN_36,sciRED_15,739,25,13,0.5673871582962492,0.033878978864701655
CD8T,2.0,SDAN_36,sciRED_16,739,25,13,0.5704598431871158,0.02527454869921545
CD8T,2.0,SDAN_36,sciRED_17,739,25,13,0.42445433354524265,0.01634356570654848
CD8T,2.0,SDAN_36,sciRED_18,739,25,13,0.47213392667938126,0.02020455326516466
CD8T,2.0,SDAN_36,sciRED_19,739,25,13,0.3480610298792117,0.019145186070749012
CD8T,2.0,SDAN_36,sciRED_20,739,25,13,0.42636151727060817,0.016228068950543496
CD8T,2.0,SDAN_36,sciRED_21,739,25,13,0.4095147276965459,0.025065662578837883
CD8T,2.0,SDAN_36,sciRED_22,739,25,13,0.5096418732782368,0.022053103491111378
CD8T,2.0,SDAN_36,sciRED_23,739,25,13,0.3670269124814579,0.015077139287563466
CD8T,2.0,SDAN_36,sciRED_24,739,25,13,0.5004238186056368,0.0192725298004045
CD8T,2.0,SDAN_36,sciRED_25,739,25,13,0.5541428268700996,0.029281177396198208
CD8T,2.0,SDAN_36,sciRED_26,739,25,13,0.6028819665183301,0.06639559762921507
CD8T,2.0,SDAN_36,sciRED_27,739,25,13,0.5680228862047044,0.021310133441005002
CD8T,2.0,SDAN_36,sciRED_28,739,25,13,0.5953591862682772,0.062406570327979916
CD8T,2.0,SDAN_36,sciRED_29,739,25,13,0.45179063360881544,0.01673469800401428
CD8T,2.0,SDAN_36,sciRED_30,739,25,13,0.5504344140707778,0.030725239027978114
CD8T,2.0,SDAN_36,sciRED_31,739,25,13,0.5074168255986438,0.019691364967597016
CD8T,2.0,SDAN_36,sciRED_32,739,25,13,0.4435261707988981,0.016349652048795946
CD8T,2.0,SDAN_36,sciRED_33,739,25,13,0.44882390336935796,0.02712368005028297
CD8T,2.0,SDAN_36,sciRED_34,739,25,13,0.5460902733630006,0.10104404830720759
CD8T,2.0,SDAN_36,sciRED_35,739,25,13,0.4636575545666455,0.01646285210083722
CD8T,2.0,SDAN_36,sciRED_36,739,25,13,0.5653740199194744,0.023661332964328395
CD8T,2.0,SDAN_36,sciRED_37,739,25,13,0.5043441407077771,0.018436255048514642
CD8T,2.0,SDAN_36,sciRED_38,739,25,13,0.5394151303242213,0.024549276107505257
CD8T,2.0,SDAN_36,sciRED_39,739,25,13,0.660415342233524,0.04739476925644122
CD8T,2.0,SDAN_37,sciRED_0,739,23,17,0.5211829884308294,0.029232426918892385
CD8T,2.0,SDAN_37,sciRED_1,739,23,17,0.5307153332247025,0.025854904358158733
CD8T,2.0,SDAN_37,sciRED_2,739,23,17,0.5521427407528108,0.028769887962232413
CD8T,2.0,SDAN_37,sciRED_3,739,23,17,0.5499429688773017,0.05874514395343194
CD8T,2.0,SDAN_37,sciRED_4,739,23,17,0.3975069252077562,0.019846961721571722
CD8T,2.0,SDAN_37,sciRED_5,739,23,17,0.4153495193091087,0.01926935157445714
CD8T,2.0,SDAN_37,sciRED_6,739,23,17,0.46113736353267076,0.023105659965979266
CD8T,2.0,SDAN_37,sciRED_7,739,23,17,0.6695453804790614,0.03605232786469029
CD8T,2.0,SDAN_37,sciRED_8,739,23,17,0.5237086524360437,0.02635544538785944
CD8T,2.0,SDAN_37,sciRED_9,739,23,17,0.5680299820759329,0.032898184651472186
CD8T,2.0,SDAN_37,sciRED_10,739,23,17,0.5215903535929607,0.034433157901000454
CD8T,2.0,SDAN_37,sciRED_11,739,23,17,0.6081147140296562,0.03863798055432392
CD8T,2.0,SDAN_37,sciRED_12,739,23,17,0.49120091249796316,0.06028686553973342
CD8T,2.0,SDAN_37,sciRED_13,739,23,17,0.5508391722339906,0.029878288378823094
CD8T,2.0,SDAN_37,sciRED_14,739,23,17,0.4050839172233991,0.03666532407986808
CD8T,2.0,SDAN_37,sciRED_15,739,23,17,0.5841616424963337,0.06449485082424282
CD8T,2.0,SDAN_37,sciRED_16,739,23,17,0.5283526152843409,0.03062046186602998
CD8T,2.0,SDAN_37,sciRED_17,739,23,17,0.5008147303242627,0.028982030900991218
CD8T,2.0,SDAN_37,sciRED_18,739,23,17,0.5866058334691218,0.039033238160454106
CD8T,2.0,SDAN_37,sciRED_19,739,23,17,0.6915430992341535,0.0671502186726944
CD8T,2.0,SDAN_37,sciRED_20,739,23,17,0.5277008310249307,0.049407059122784945
CD8T,2.0,SDAN_37,sciRED_21,739,23,17,0.6112921622942806,0.03449574467593824
CD8T,2.0,SDAN_37,sciRED_22,739,23,17,0.5366628645918201,0.04996136566189263
CD8T,2.0,SDAN_37,sciRED_23,739,23,17,0.5572755417956656,0.03339022501420465
CD8T,2.0,SDAN_37,sciRED_24,739,23,17,0.46887730161316604,0.024479515912366502
CD8T,2.0,SDAN_37,sciRED_25,739,23,17,0.4753136711748411,0.02628714511906618
CD8T,2.0,SDAN_37,sciRED_26,739,23,17,0.49250448101678346,0.025074441552289266
CD8T,2.0,SDAN_37,sciRED_27,739,23,17,0.6112106892618543,0.04439220495509407
CD8T,2.0,SDAN_37,sciRED_28,739,23,17,0.5030959752321982,0.04180239299764474
CD8T,2.0,SDAN_37,sciRED_29,739,23,17,0.5221606648199446,0.04231995597185584
CD8T,2.0,SDAN_37,sciRED_30,739,23,17,0.5731627831187877,0.03410863025303881
CD8T,2.0,SDAN_37,sciRED_31,739,23,17,0.4961707674759655,0.029623997279927816
CD8T,2.0,SDAN_37,sciRED_32,739,23,17,0.4261039595893759,0.020349141676307303
CD8T,2.0,SDAN_37,sciRED_33,739,23,17,0.40638748574221933,0.02028948473723661
CD8T,2.0,SDAN_37,sciRED_34,739,23,17,0.5776437999022324,0.05547538904420597
CD8T,2.0,SDAN_37,sciRED_35,739,23,17,0.5963011243278475,0.03498594552111323
CD8T,2.0,SDAN_37,sciRED_36,739,23,17,0.6472217695942643,0.05765372661523775
CD8T,2.0,SDAN_37,sciRED_37,739,23,17,0.5158057682906958,0.02736510655921119
CD8T,2.0,SDAN_37,sciRED_38,739,23,17,0.532670686002933,0.030984079421272556
CD8T,2.0,SDAN_37,sciRED_39,739,23,17,0.4338438976698713,0.02327245277968374
CD8T,2.0,SDAN_38,sciRED_0,739,25,13,0.44373808010171645,0.016852292156926157
CD8T,2.0,SDAN_38,sciRED_1,739,25,13,0.5574274210637846,0.02831408421644898
CD8T,2.0,SDAN_38,sciRED_2,739,25,13,0.30557321466412374,0.012575419919871015
CD8T,2.0,SDAN_38,sciRED_3,739,25,13,0.5953591862682772,0.0423727112130804
CD8T,2.0,SDAN_38,sciRED_4,739,25,13,0.3782581055308328,0.014299036156696626
CD8T,2.0,SDAN_38,sciRED_5,739,25,13,0.3903369357914812,0.01433317345992761
CD8T,2.0,SDAN_38,sciRED_6,739,25,13,0.6167620258529349,0.16062188592546883
CD8T,2.0,SDAN_38,sciRED_7,739,25,13,0.6364695910150456,0.04488200394885795
CD8T,2.0,SDAN_38,sciRED_8,739,25,13,0.6960161051070143,0.06248713739388367
CD8T,2.0,SDAN_38,sciRED_9,739,25,13,0.5522356431447341,0.029150295265190817
CD8T,2.0,SDAN_38,sciRED_10,739,25,13,0.7515363424454333,0.052167363373926814
CD8T,2.0,SDAN_38,sciRED_11,739,25,13,0.6871159143886417,0.27789126386552904
CD8T,2.0,SDAN_38,sciRED_12,739,25,13,0.6518330154693791,0.04979295859004641
CD8T,2.0,SDAN_38,sciRED_13,739,25,13,0.38525111252383976,0.020517524701178735
CD8T,2.0,SDAN_38,sciRED_14,739,25,13,0.5185420639966094,0.03145161815147732
CD8T,2.0,SDAN_38,sciRED_15,739,25,13,0.6325492689129053,0.08454919768086211
CD8T,2.0,SDAN_38,sciRED_16,739,25,13,0.45496927315109137,0.016721977733658452
CD8T,2.0,SDAN_38,sciRED_17,739,25,13,0.593134138588684,0.02540169882614375
CD8T,2.0,SDAN_38,sciRED_18,739,25,13,0.5052977325704598,0.0188060181818397
CD8T,2.0,SDAN_38,sciRED_19,739,25,13,0.5795719432083069,0.026127590151775012
CD8T,2.0,SDAN_38,sciRED_20,739,25,13,0.6236490781945327,0.0532399067496721
CD8T,2.0,SDAN_38,sciRED_21,739,25,13,0.5918626827717736,0.024788044428674813
CD8T,2.0,SDAN_38,sciRED_22,739,25,13,0.4850603941513033,0.01702518892461757
CD8T,2.0,SDAN_38,sciRED_23,739,25,13,0.487073532528078,0.019133738818155416
CD8T,2.0,SDAN_38,sciRED_24,739,25,13,0.3664971392244119,0.014745052285909084
CD8T,2.0,SDAN_38,sciRED_25,739,25,13,0.4678957406230133,0.018699089713657305
CD8T,2.0,SDAN_38,sciRED_26,739,25,13,0.5699300699300699,0.037212344985637816
CD8T,2.0,SDAN_38,sciRED_27,739,25,13,0.36766264038991314,0.013881881357189277
CD8T,2.0,SDAN_38,sciRED_28,739,25,13,0.581267217630854,0.02397897973442008
CD8T,2.0,SDAN_38,sciRED_29,739,25,13,0.5739563466836194,0.03958902698024222
CD8T,2.0,SDAN_38,sciRED_30,739,25,13,0.3616232252595889,0.013812281271334726
CD8T,2.0,SDAN_38,sciRED_31,739,25,13,0.5953591862682772,0.047472037103896116
CD8T,2.0,SDAN_38,sciRED_32,739,25,13,0.43854630218266577,0.01718532630010573
CD8T,2.0,SDAN_38,sciRED_33,739,25,13,0.4823055732146641,0.018719837175289602
CD8T,2.0,SDAN_38,sciRED_34,739,25,13,0.40209790209790214,0.01860559582008929
CD8T,2.0,SDAN_38,sciRED_35,739,25,13,0.4709684255138801,0.022916665236309294
CD8T,2.0,SDAN_38,sciRED_36,739,25,13,0.4401356219538038,0.015707895194394805
CD8T,2.0,SDAN_38,sciRED_37,739,25,13,0.4266793812248358,0.02025750543940362
CD8T,2.0,SDAN_38,sciRED_38,739,25,13,0.5378258105530833,0.02240859762608731
CD8T,2.0,SDAN_38,sciRED_39,739,25,13,0.48559016740834926,0.019833697824213348
CD8T,2.0,SDAN_39,sciRED_0,739,25,16,0.6260373443983402,0.09495145408781593
CD8T,2.0,SDAN_39,sciRED_1,739,25,16,0.5373443983402489,0.029278879768054714
CD8T,2.0,SDAN_39,sciRED_2,739,25,16,0.6206777316735823,0.052392342352063595
CD8T,2.0,SDAN_39,sciRED_3,739,25,16,0.5911134163208852,0.03500302464941755
CD8T,2.0,SDAN_39,sciRED_4,739,25,16,0.5321576763485477,0.02415967778146474
CD8T,2.0,SDAN_39,sciRED_5,739,25,16,0.6307918395573997,0.03581350603149423
CD8T,2.0,SDAN_39,sciRED_6,739,25,16,0.6338174273858921,0.03195307650784192
CD8T,2.0,SDAN_39,sciRED_7,739,25,16,0.647216459197787,0.07765423328877172
CD8T,2.0,SDAN_39,sciRED_8,739,25,16,0.4900587828492393,0.024716956471981355
CD8T,2.0,SDAN_39,sciRED_9,739,25,16,0.4438969571230982,0.022490303694305533
CD8T,2.0,SDAN_39,sciRED_10,739,25,16,0.6752247579529737,0.05410349827428392
CD8T,2.0,SDAN_39,sciRED_11,739,25,16,0.4559128630705394,0.03841494215164105
CD8T,2.0,SDAN_39,sciRED_12,739,25,16,0.508558091286307,0.05352248434721393
CD8T,2.0,SDAN_39,sciRED_13,739,25,16,0.5668222683264177,0.17682766705109892
CD8T,2.0,SDAN_39,sciRED_14,739,25,16,0.5111514522821576,0.026150658380103626
CD8T,2.0,SDAN_39,sciRED_15,739,25,16,0.576417704011065,0.02922527060410562
CD8T,2.0,SDAN_39,sciRED_16,739,25,16,0.5327627939142462,0.026467765447430812
CD8T,2.0,SDAN_39,sciRED_17,739,25,16,0.5682918395573997,0.04835493969875089
CD8T,2.0,SDAN_39,sciRED_18,739,25,16,0.6019190871369294,0.04699181488984834
CD8T,2.0,SDAN_39,sciRED_19,739,25,16,0.4352524204702628,0.019882775725621745
CD8T,2.0,SDAN_39,sciRED_20,739,25,16,0.5136583679114799,0.02318906294462387
CD8T,2.0,SDAN_39,sciRED_21,739,25,16,0.6342496542185339,0.18660858759991106
CD8T,2.0,SDAN_39,sciRED_22,739,25,16,0.3802731673582296,0.017540178936335353
CD8T,2.0,SDAN_39,sciRED_23,739,25,16,0.4085408022130014,0.019166784569330516
CD8T,2.0,SDAN_39,sciRED_24,739,25,16,0.5581777316735823,0.0276171245322964
CD8T,2.0,SDAN_39,sciRED_25,739,25,16,0.4202109266943292,0.022339129923340077
CD8T,2.0,SDAN_39,sciRED_26,739,25,16,0.5720954356846473,0.027454260155515293
CD8T,2.0,SDAN_39,sciRED_27,739,25,16,0.49403526970954353,0.025661294222490263
CD8T,2.0,SDAN_39,sciRED_28,739,25,16,0.44424273858921165,0.029976014590982536
CD8T,2.0,SDAN_39,sciRED_29,739,25,16,0.6189488243430152,0.04016492939438823
CD8T,2.0,SDAN_39,sciRED_30,739,25,16,0.5180670816044259,0.026172701182986625
CD8T,2.0,SDAN_39,sciRED_31,739,25,16,0.449948132780083,0.019555377485362326
CD8T,2.0,SDAN_39,sciRED_32,739,25,16,0.468015214384509,0.023037875206269282
CD8T,2.0,SDAN_39,sciRED_33,739,25,16,0.5331085753803596,0.02299307885027413
CD8T,2.0,SDAN_39,sciRED_34,739,25,16,0.5543741355463347,0.030057220037562678
CD8T,2.0,SDAN_39,sciRED_35,739,25,16,0.45980290456431533,0.02449441554996888
CD8T,2.0,SDAN_39,sciRED_36,739,25,16,0.607883817427386,0.04577311830459005
CD8T,2.0,SDAN_39,sciRED_37,739,25,16,0.6948478561549101,0.05437212823856413
CD8T,2.0,SDAN_39,sciRED_38,739,25,16,0.45522130013831263,0.043239430636389554
CD8T,2.0,SDAN_39,sciRED_39,739,25,16,0.40318118948824344,0.018186716269775097
