cell_type,sdan_weight,program,factor,n_sdan_genes,n_spectra_genes,n_genes_overlap,n_program_genes_total,n_program_genes_overlap,auroc,average_precision
CD8T,2.0,SDAN_0,Spectra_0,1259,1178,674,23,16,0.43493541033434646,0.020742906583874045
CD8T,2.0,SDAN_0,Spectra_1,1259,1178,674,23,16,0.47254939209726443,0.02557147223777545
CD8T,2.0,SDAN_0,Spectra_2,1259,1178,674,23,16,0.4588715805471124,0.021314334577926457
CD8T,2.0,SDAN_0,Spectra_3,1259,1178,674,23,16,0.38449848024316113,0.018841765506896802
CD8T,2.0,SDAN_0,Spectra_4,1259,1178,674,23,16,0.7389817629179332,0.114170526100093
CD8T,2.0,SDAN_0,Spectra_5,1259,1178,674,23,16,0.3931420972644377,0.019206173118795876
CD8T,2.0,SDAN_0,Spectra_6,1259,1178,674,23,16,0.5883358662613981,0.03778456932929657
CD8T,2.0,SDAN_0,Spectra_7,1259,1178,674,23,16,0.5218465045592705,0.026708636406043387
CD8T,2.0,SDAN_0,Spectra_8,1259,1178,674,23,16,0.5257408814589666,0.03204792416266895
CD8T,2.0,SDAN_0,Spectra_9,1259,1178,674,23,16,0.589095744680851,0.031184937917552502
CD8T,2.0,SDAN_0,Spectra_10,1259,1178,674,23,16,0.5992591185410334,0.031413500678523956
CD8T,2.0,SDAN_0,Spectra_11,1259,1178,674,23,16,0.3880129179331307,0.019011926952170088
CD8T,2.0,SDAN_0,Spectra_12,1259,1178,674,23,16,0.43047112462006076,0.02119051041913655
CD8T,2.0,SDAN_0,Spectra_13,1259,1178,674,23,16,0.44813829787234044,0.020846263464303606
CD8T,2.0,SDAN_0,Spectra_14,1259,1178,674,23,16,0.4317059270516717,0.020521530272339557
CD8T,2.0,SDAN_0,Spectra_15,1259,1178,674,23,16,0.5401785714285714,0.025274820828875014
CD8T,2.0,SDAN_0,Spectra_16,1259,1178,674,23,16,0.42135258358662614,0.020150857889149096
CD8T,2.0,SDAN_0,Spectra_17,1259,1178,674,23,16,0.42049772036474165,0.019992667904806347
CD8T,2.0,SDAN_0,Spectra_18,1259,1178,674,23,16,0.44927811550151975,0.022181908047237277
CD8T,2.0,SDAN_0,Spectra_19,1259,1178,674,23,16,0.5579407294832827,0.026425419958994494
CD8T,2.0,SDAN_0,Spectra_20,1259,1178,674,23,16,0.3813639817629179,0.01863933561302972
CD8T,2.0,SDAN_0,Spectra_21,1259,1178,674,23,16,0.5972644376899696,0.03316745109173462
CD8T,2.0,SDAN_0,Spectra_22,1259,1178,674,23,16,0.5918503039513677,0.06619091683991246
CD8T,2.0,SDAN_0,Spectra_23,1259,1178,674,23,16,0.5044642857142857,0.023264971491628983
CD8T,2.0,SDAN_0,Spectra_24,1259,1178,674,23,16,0.46837006079027355,0.021662149975098532
CD8T,2.0,SDAN_0,Spectra_25,1259,1178,674,23,16,0.6519756838905775,0.03829820349318079
CD8T,2.0,SDAN_0,Spectra_26,1259,1178,674,23,16,0.5369490881458967,0.026042332059775353
CD8T,2.0,SDAN_0,Spectra_27,1259,1178,674,23,16,0.771466565349544,0.06149448796505333
CD8T,2.0,SDAN_0,Spectra_28,1259,1178,674,23,16,0.4659954407294833,0.027696873882918943
CD8T,2.0,SDAN_0,Spectra_29,1259,1178,674,23,16,0.7350873860182371,0.08090816296018244
CD8T,2.0,SDAN_0,Spectra_30,1259,1178,674,23,16,0.5091185410334347,0.02407791073443193
CD8T,2.0,SDAN_0,Spectra_31,1259,1178,674,23,16,0.4217325227963526,0.02010818013245255
CD8T,2.0,SDAN_0,Spectra_32,1259,1178,674,23,16,0.5370440729483283,0.027142225955192056
CD8T,2.0,SDAN_0,Spectra_33,1259,1178,674,23,16,0.6492211246200608,0.04626786488233318
CD8T,2.0,SDAN_0,Spectra_34,1259,1178,674,23,16,0.5826367781155015,0.060269028603566366
CD8T,2.0,SDAN_0,Spectra_35,1259,1178,674,23,16,0.5165273556231003,0.02905333550371536
CD8T,2.0,SDAN_0,Spectra_36,1259,1178,674,23,16,0.4700797872340426,0.021775046311979226
CD8T,2.0,SDAN_0,Spectra_37,1259,1178,674,23,16,0.3991261398176292,0.01918433736910248
CD8T,2.0,SDAN_0,Spectra_38,1259,1178,674,23,16,0.46248100303951367,0.022410800428257053
CD8T,2.0,SDAN_0,Spectra_39,1259,1178,674,23,16,0.46514057750759874,0.02198449173202921
CD8T,2.0,SDAN_1,Spectra_0,1259,1178,674,23,16,0.5254559270516718,0.033872949151114454
CD8T,2.0,SDAN_1,Spectra_1,1259,1178,674,23,16,0.7174202127659575,0.051496139408065696
CD8T,2.0,SDAN_1,Spectra_2,1259,1178,674,23,16,0.7878989361702128,0.08086748806536241
CD8T,2.0,SDAN_1,Spectra_3,1259,1178,674,23,16,0.7046922492401216,0.04786694270517524
CD8T,2.0,SDAN_1,Spectra_4,1259,1178,674,23,16,0.6618541033434651,0.03960524574119803
CD8T,2.0,SDAN_1,Spectra_5,1259,1178,674,23,16,0.7853343465045592,0.11096992281654221
CD8T,2.0,SDAN_1,Spectra_6,1259,1178,674,23,16,0.6627089665653495,0.04105917060448494
CD8T,2.0,SDAN_1,Spectra_7,1259,1178,674,23,16,0.4845174772036474,0.02316784547475026
CD8T,2.0,SDAN_1,Spectra_8,1259,1178,674,23,16,0.6383928571428571,0.03859376847469641
CD8T,2.0,SDAN_1,Spectra_9,1259,1178,674,23,16,0.7076367781155015,0.16052517192155916
CD8T,2.0,SDAN_1,Spectra_10,1259,1178,674,23,16,0.6028685410334347,0.10725781262760721
CD8T,2.0,SDAN_1,Spectra_11,1259,1178,674,23,16,0.4570668693009119,0.022859105314470964
CD8T,2.0,SDAN_1,Spectra_12,1259,1178,674,23,16,0.7232142857142857,0.07734476483244936
CD8T,2.0,SDAN_1,Spectra_13,1259,1178,674,23,16,0.3838335866261398,0.020179637933107876
CD8T,2.0,SDAN_1,Spectra_14,1259,1178,674,23,16,0.7308130699088146,0.0649841466087511
CD8T,2.0,SDAN_1,Spectra_15,1259,1178,674,23,16,0.6007788753799392,0.05223476689915649
CD8T,2.0,SDAN_1,Spectra_16,1259,1178,674,23,16,0.39342705167173253,0.0208090036499749
CD8T,2.0,SDAN_1,Spectra_17,1259,1178,674,23,16,0.8020516717325228,0.17911662060659128
CD8T,2.0,SDAN_1,Spectra_18,1259,1178,674,23,16,0.7604483282674772,0.07081410257705169
CD8T,2.0,SDAN_1,Spectra_19,1259,1178,674,23,16,0.6800911854103343,0.05953441188859687
CD8T,2.0,SDAN_1,Spectra_20,1259,1178,674,23,16,0.7284384498480243,0.061989290142455286
CD8T,2.0,SDAN_1,Spectra_21,1259,1178,674,23,16,0.6615691489361702,0.07247096557919164
CD8T,2.0,SDAN_1,Spectra_22,1259,1178,674,23,16,0.6671732522796353,0.06674916688169144
CD8T,2.0,SDAN_1,Spectra_23,1259,1178,674,23,16,0.3360562310030395,0.0230800204206805
CD8T,2.0,SDAN_1,Spectra_24,1259,1178,674,23,16,0.7577887537993921,0.12090230012605321
CD8T,2.0,SDAN_1,Spectra_25,1259,1178,674,23,16,0.6522606382978724,0.042937965859967814
CD8T,2.0,SDAN_1,Spectra_26,1259,1178,674,23,16,0.6310790273556232,0.044141194844633636
CD8T,2.0,SDAN_1,Spectra_27,1259,1178,674,23,16,0.5647796352583587,0.03274503173562301
CD8T,2.0,SDAN_1,Spectra_28,1259,1178,674,23,16,0.7032674772036474,0.05461882059304595
CD8T,2.0,SDAN_1,Spectra_29,1259,1178,674,23,16,0.6089475683890577,0.03078771031809822
CD8T,2.0,SDAN_1,Spectra_30,1259,1178,674,23,16,0.6369680851063829,0.04594052350731139
CD8T,2.0,SDAN_1,Spectra_31,1259,1178,674,23,16,0.6928191489361701,0.045258556680591124
CD8T,2.0,SDAN_1,Spectra_32,1259,1178,674,23,16,0.5530965045592705,0.028252338027487466
CD8T,2.0,SDAN_1,Spectra_33,1259,1178,674,23,16,0.8132598784194528,0.32199741106064717
CD8T,2.0,SDAN_1,Spectra_34,1259,1178,674,23,16,0.6773366261398176,0.05533300078880361
CD8T,2.0,SDAN_1,Spectra_35,1259,1178,674,23,16,0.6450417933130699,0.04343965227568247
CD8T,2.0,SDAN_1,Spectra_36,1259,1178,674,23,16,0.7456306990881458,0.05892565569957726
CD8T,2.0,SDAN_1,Spectra_37,1259,1178,674,23,16,0.6072378419452887,0.030990941817479932
CD8T,2.0,SDAN_1,Spectra_38,1259,1178,674,23,16,0.7371770516717325,0.08283484913505922
CD8T,2.0,SDAN_1,Spectra_39,1259,1178,674,23,16,0.6501709726443768,0.046136342059469884
CD8T,2.0,SDAN_2,Spectra_0,1259,1178,674,24,16,0.5275455927051672,0.030987014642912113
CD8T,2.0,SDAN_2,Spectra_1,1259,1178,674,24,16,0.44129939209726443,0.022155233590373247
CD8T,2.0,SDAN_2,Spectra_2,1259,1178,674,24,16,0.5072188449848024,0.025349063828685264
CD8T,2.0,SDAN_2,Spectra_3,1259,1178,674,24,16,0.41888297872340424,0.027529784502369578
CD8T,2.0,SDAN_2,Spectra_4,1259,1178,674,24,16,0.4997150455927052,0.027806231106708268
CD8T,2.0,SDAN_2,Spectra_5,1259,1178,674,24,16,0.48736702127659576,0.023320673519557255
CD8T,2.0,SDAN_2,Spectra_6,1259,1178,674,24,16,0.40501519756838905,0.02283455943262181
CD8T,2.0,SDAN_2,Spectra_7,1259,1178,674,24,16,0.49021656534954405,0.032184277220199314
CD8T,2.0,SDAN_2,Spectra_8,1259,1178,674,24,16,0.3940919452887538,0.023722877396080793
CD8T,2.0,SDAN_2,Spectra_9,1259,1178,674,24,16,0.47112462006079026,0.024531923915176217
CD8T,2.0,SDAN_2,Spectra_10,1259,1178,674,24,16,0.6122720364741641,0.03615194608850115
CD8T,2.0,SDAN_2,Spectra_11,1259,1178,674,24,16,0.40311550151975684,0.019826396988818065
CD8T,2.0,SDAN_2,Spectra_12,1259,1178,674,24,16,0.35115881458966564,0.017971634517580676
CD8T,2.0,SDAN_2,Spectra_13,1259,1178,674,24,16,0.4192629179331307,0.020026139837528434
CD8T,2.0,SDAN_2,Spectra_14,1259,1178,674,24,16,0.40416033434650456,0.022056019263489723
CD8T,2.0,SDAN_2,Spectra_15,1259,1178,674,24,16,0.5218465045592705,0.026854361605343352
CD8T,2.0,SDAN_2,Spectra_16,1259,1178,674,24,16,0.3479293313069909,0.01790221943203111
CD8T,2.0,SDAN_2,Spectra_17,1259,1178,674,24,16,0.3186740121580547,0.019223890834269633
CD8T,2.0,SDAN_2,Spectra_18,1259,1178,674,24,16,0.42477203647416417,0.020374769240134226
CD8T,2.0,SDAN_2,Spectra_19,1259,1178,674,24,16,0.5084536474164134,0.02563412278377803
CD8T,2.0,SDAN_2,Spectra_20,1259,1178,674,24,16,0.3342515197568389,0.017532826565310043
CD8T,2.0,SDAN_2,Spectra_21,1259,1178,674,24,16,0.5325797872340425,0.02706463775991687
CD8T,2.0,SDAN_2,Spectra_22,1259,1178,674,24,16,0.3697758358662614,0.01848941644878262
CD8T,2.0,SDAN_2,Spectra_23,1259,1178,674,24,16,0.7561740121580547,0.08544462721559262
CD8T,2.0,SDAN_2,Spectra_24,1259,1178,674,24,16,0.45013297872340424,0.022564134640963324
CD8T,2.0,SDAN_2,Spectra_25,1259,1178,674,24,16,0.35201367781155013,0.02574413427073248
CD8T,2.0,SDAN_2,Spectra_26,1259,1178,674,24,16,0.41137917933130697,0.02710787211537405
CD8T,2.0,SDAN_2,Spectra_27,1259,1178,674,24,16,0.38915273556231,0.02216515375918028
CD8T,2.0,SDAN_2,Spectra_28,1259,1178,674,24,16,0.4422492401215805,0.035307940431277995
CD8T,2.0,SDAN_2,Spectra_29,1259,1178,674,24,16,0.3754749240121581,0.019515725024768636
CD8T,2.0,SDAN_2,Spectra_30,1259,1178,674,24,16,0.4625759878419453,0.023165726710069223
CD8T,2.0,SDAN_2,Spectra_31,1259,1178,674,24,16,0.3143996960486322,0.016870582464163418
CD8T,2.0,SDAN_2,Spectra_32,1259,1178,674,24,16,0.41413373860182373,0.02286516885646709
CD8T,2.0,SDAN_2,Spectra_33,1259,1178,674,24,16,0.4778685410334347,0.028794488745124754
CD8T,2.0,SDAN_2,Spectra_34,1259,1178,674,24,16,0.3692059270516717,0.01884706505029342
CD8T,2.0,SDAN_2,Spectra_35,1259,1178,674,24,16,0.431895896656535,0.021411710932084972
CD8T,2.0,SDAN_2,Spectra_36,1259,1178,674,24,16,0.36939589665653494,0.023553463843493088
CD8T,2.0,SDAN_2,Spectra_37,1259,1178,674,24,16,0.42306231003039513,0.022128524424393142
CD8T,2.0,SDAN_2,Spectra_38,1259,1178,674,24,16,0.435790273556231,0.021753061232100336
CD8T,2.0,SDAN_2,Spectra_39,1259,1178,674,24,16,0.3549582066869301,0.018126580071290536
CD8T,2.0,SDAN_3,Spectra_0,1259,1178,674,23,20,0.5677370030581039,0.040985607630011016
CD8T,2.0,SDAN_3,Spectra_1,1259,1178,674,23,20,0.569724770642202,0.044570849505622234
CD8T,2.0,SDAN_3,Spectra_2,1259,1178,674,23,20,0.6613914373088685,0.09734504761846005
CD8T,2.0,SDAN_3,Spectra_3,1259,1178,674,23,20,0.5110091743119266,0.029967126091106026
CD8T,2.0,SDAN_3,Spectra_4,1259,1178,674,23,20,0.5532874617737004,0.038089081513249606
CD8T,2.0,SDAN_3,Spectra_5,1259,1178,674,23,20,0.5271406727828747,0.033161395975270076
CD8T,2.0,SDAN_3,Spectra_6,1259,1178,674,23,20,0.5866972477064221,0.036115746569594674
CD8T,2.0,SDAN_3,Spectra_7,1259,1178,674,23,20,0.5359327217125383,0.047839300709489635
CD8T,2.0,SDAN_3,Spectra_8,1259,1178,674,23,20,0.5222477064220183,0.030409914561312264
CD8T,2.0,SDAN_3,Spectra_9,1259,1178,674,23,20,0.4357033639143731,0.026396964291577243
CD8T,2.0,SDAN_3,Spectra_10,1259,1178,674,23,20,0.461697247706422,0.02740119812795362
CD8T,2.0,SDAN_3,Spectra_11,1259,1178,674,23,20,0.6095565749235474,0.049213653757191334
CD8T,2.0,SDAN_3,Spectra_12,1259,1178,674,23,20,0.6110091743119266,0.04505222693792735
CD8T,2.0,SDAN_3,Spectra_13,1259,1178,674,23,20,0.5581039755351682,0.03577799723577834
CD8T,2.0,SDAN_3,Spectra_14,1259,1178,674,23,20,0.5136085626911315,0.030002188847411515
CD8T,2.0,SDAN_3,Spectra_15,1259,1178,674,23,20,0.6728593272171253,0.07094450440983373
CD8T,2.0,SDAN_3,Spectra_16,1259,1178,674,23,20,0.4574923547400611,0.02648964624698022
CD8T,2.0,SDAN_3,Spectra_17,1259,1178,674,23,20,0.47675840978593276,0.029491032914995448
CD8T,2.0,SDAN_3,Spectra_18,1259,1178,674,23,20,0.5363149847094801,0.037902610081634786
CD8T,2.0,SDAN_3,Spectra_19,1259,1178,674,23,20,0.4782110091743119,0.028563225383582254
CD8T,2.0,SDAN_3,Spectra_20,1259,1178,674,23,20,0.527599388379205,0.030815783346717307
CD8T,2.0,SDAN_3,Spectra_21,1259,1178,674,23,20,0.5963302752293578,0.055204734865191056
CD8T,2.0,SDAN_3,Spectra_22,1259,1178,674,23,20,0.42538226299694193,0.032864573278907086
CD8T,2.0,SDAN_3,Spectra_23,1259,1178,674,23,20,0.41605504587155967,0.025810834289787518
CD8T,2.0,SDAN_3,Spectra_24,1259,1178,674,23,20,0.6864678899082568,0.06302566205014232
CD8T,2.0,SDAN_3,Spectra_25,1259,1178,674,23,20,0.5737003058103975,0.034529151732752034
CD8T,2.0,SDAN_3,Spectra_26,1259,1178,674,23,20,0.5769877675840979,0.050907067421751974
CD8T,2.0,SDAN_3,Spectra_27,1259,1178,674,23,20,0.6892966360856269,0.05274816559868224
CD8T,2.0,SDAN_3,Spectra_28,1259,1178,674,23,20,0.5256880733944954,0.03583123416209588
CD8T,2.0,SDAN_3,Spectra_29,1259,1178,674,23,20,0.5464067278287462,0.03574107948768109
CD8T,2.0,SDAN_3,Spectra_30,1259,1178,674,23,20,0.44288990825688074,0.03029418559075804
CD8T,2.0,SDAN_3,Spectra_31,1259,1178,674,23,20,0.516131498470948,0.03557769556987646
CD8T,2.0,SDAN_3,Spectra_32,1259,1178,674,23,20,0.6256880733944954,0.05362359153891446
CD8T,2.0,SDAN_3,Spectra_33,1259,1178,674,23,20,0.5237003058103975,0.032508820462467815
CD8T,2.0,SDAN_3,Spectra_34,1259,1178,674,23,20,0.5340978593272171,0.031353283374491725
CD8T,2.0,SDAN_3,Spectra_35,1259,1178,674,23,20,0.5610091743119267,0.047979016200455485
CD8T,2.0,SDAN_3,Spectra_36,1259,1178,674,23,20,0.5267584097859327,0.03080992672511276
CD8T,2.0,SDAN_3,Spectra_37,1259,1178,674,23,20,0.5499235474006116,0.0373911628476723
CD8T,2.0,SDAN_3,Spectra_38,1259,1178,674,23,20,0.6245412844036698,0.08593288941204744
CD8T,2.0,SDAN_3,Spectra_39,1259,1178,674,23,20,0.6218654434250764,0.04266128413495493
CD8T,2.0,SDAN_4,Spectra_0,1259,1178,674,25,16,0.6642287234042552,0.14077739848656876
CD8T,2.0,SDAN_4,Spectra_1,1259,1178,674,25,16,0.5621200607902734,0.15053831263947653
CD8T,2.0,SDAN_4,Spectra_2,1259,1178,674,25,16,0.32864741641337386,0.01720225635287189
CD8T,2.0,SDAN_4,Spectra_3,1259,1178,674,25,16,0.4469984802431611,0.02169974116519012
CD8T,2.0,SDAN_4,Spectra_4,1259,1178,674,25,16,0.5347644376899696,0.09011891847870743
CD8T,2.0,SDAN_4,Spectra_5,1259,1178,674,25,16,0.41479863221884494,0.02004514212048488
CD8T,2.0,SDAN_4,Spectra_6,1259,1178,674,25,16,0.3861132218844985,0.02441186028484415
CD8T,2.0,SDAN_4,Spectra_7,1259,1178,674,25,16,0.501709726443769,0.03063375846529274
CD8T,2.0,SDAN_4,Spectra_8,1259,1178,674,25,16,0.4508928571428571,0.022795458907356438
CD8T,2.0,SDAN_4,Spectra_9,1259,1178,674,25,16,0.390387537993921,0.019391372563224388
CD8T,2.0,SDAN_4,Spectra_10,1259,1178,674,25,16,0.5529065349544073,0.031210181228945446
CD8T,2.0,SDAN_4,Spectra_11,1259,1178,674,25,16,0.5102583586626139,0.02623924998367627
CD8T,2.0,SDAN_4,Spectra_12,1259,1178,674,25,16,0.5108282674772037,0.024453893529629102
CD8T,2.0,SDAN_4,Spectra_13,1259,1178,674,25,16,0.5861512158054711,0.03720761179715531
CD8T,2.0,SDAN_4,Spectra_14,1259,1178,674,25,16,0.4322758358662614,0.023377262650916025
CD8T,2.0,SDAN_4,Spectra_15,1259,1178,674,25,16,0.5240311550151975,0.03193815720628918
CD8T,2.0,SDAN_4,Spectra_16,1259,1178,674,25,16,0.4655205167173252,0.03011320475024638
CD8T,2.0,SDAN_4,Spectra_17,1259,1178,674,25,16,0.39342705167173253,0.019180302080616517
CD8T,2.0,SDAN_4,Spectra_18,1259,1178,674,25,16,0.39200227963525835,0.01937686529914926
CD8T,2.0,SDAN_4,Spectra_19,1259,1178,674,25,16,0.5443579027355623,0.10697727777079072
CD8T,2.0,SDAN_4,Spectra_20,1259,1178,674,25,16,0.3705357142857143,0.018368465664327566
CD8T,2.0,SDAN_4,Spectra_21,1259,1178,674,25,16,0.5119680851063829,0.027034660982420158
CD8T,2.0,SDAN_4,Spectra_22,1259,1178,674,25,16,0.5424582066869301,0.04672169594007959
CD8T,2.0,SDAN_4,Spectra_23,1259,1178,674,25,16,0.46305091185410335,0.023061327238023906
CD8T,2.0,SDAN_4,Spectra_24,1259,1178,674,25,16,0.5651595744680851,0.029623750142498167
CD8T,2.0,SDAN_4,Spectra_25,1259,1178,674,25,16,0.5671542553191489,0.030639724927640957
CD8T,2.0,SDAN_4,Spectra_26,1259,1178,674,25,16,0.5080737082066868,0.028570533725203517
CD8T,2.0,SDAN_4,Spectra_27,1259,1178,674,25,16,0.4969604863221885,0.03407914537285839
CD8T,2.0,SDAN_4,Spectra_28,1259,1178,674,25,16,0.35087386018237077,0.017820414273452323
CD8T,2.0,SDAN_4,Spectra_29,1259,1178,674,25,16,0.4175531914893617,0.020841090371964133
CD8T,2.0,SDAN_4,Spectra_30,1259,1178,674,25,16,0.2854293313069909,0.016516930512339927
CD8T,2.0,SDAN_4,Spectra_31,1259,1178,674,25,16,0.3982712765957447,0.01934346099551913
CD8T,2.0,SDAN_4,Spectra_32,1259,1178,674,25,16,0.4799582066869301,0.028442936175288917
CD8T,2.0,SDAN_4,Spectra_33,1259,1178,674,25,16,0.42477203647416417,0.02048717496357949
CD8T,2.0,SDAN_4,Spectra_34,1259,1178,674,25,16,0.3751899696048632,0.018652531847572304
CD8T,2.0,SDAN_4,Spectra_35,1259,1178,674,25,16,0.49800531914893614,0.024330200683056802
CD8T,2.0,SDAN_4,Spectra_36,1259,1178,674,25,16,0.46314589665653494,0.02213994557729055
CD8T,2.0,SDAN_4,Spectra_37,1259,1178,674,25,16,0.4307560790273556,0.02127106278164332
CD8T,2.0,SDAN_4,Spectra_38,1259,1178,674,25,16,0.4122340425531915,0.020009160791906205
CD8T,2.0,SDAN_4,Spectra_39,1259,1178,674,25,16,0.42857142857142855,0.025091494283168016
CD8T,2.0,SDAN_5,Spectra_0,1259,1178,674,23,15,0.5759231158320688,0.03847508469541581
CD8T,2.0,SDAN_5,Spectra_1,1259,1178,674,23,15,0.27132018209408193,0.015064097768577703
CD8T,2.0,SDAN_5,Spectra_2,1259,1178,674,23,15,0.43621648963075366,0.019344336674575288
CD8T,2.0,SDAN_5,Spectra_3,1259,1178,674,23,15,0.35275670207384924,0.018275405489376735
CD8T,2.0,SDAN_5,Spectra_4,1259,1178,674,23,15,0.4376327769347496,0.03814002858896313
CD8T,2.0,SDAN_5,Spectra_5,1259,1178,674,23,15,0.4022255943348508,0.01848133864786048
CD8T,2.0,SDAN_5,Spectra_6,1259,1178,674,23,15,0.3717754172989378,0.018013294459355535
CD8T,2.0,SDAN_5,Spectra_7,1259,1178,674,23,15,0.5080424886191199,0.038670142987853054
CD8T,2.0,SDAN_5,Spectra_8,1259,1178,674,23,15,0.4124430955993931,0.03249350121139945
CD8T,2.0,SDAN_5,Spectra_9,1259,1178,674,23,15,0.41800708143652,0.019703073088476263
CD8T,2.0,SDAN_5,Spectra_10,1259,1178,674,23,15,0.4482549317147193,0.02178049280913637
CD8T,2.0,SDAN_5,Spectra_11,1259,1178,674,23,15,0.46069802731411225,0.022464629263280335
CD8T,2.0,SDAN_5,Spectra_12,1259,1178,674,23,15,0.5195751138088012,0.027885945426996912
CD8T,2.0,SDAN_5,Spectra_13,1259,1178,674,23,15,0.5555892766818412,0.027899861863440185
CD8T,2.0,SDAN_5,Spectra_14,1259,1178,674,23,15,0.3911987860394538,0.01974696043974751
CD8T,2.0,SDAN_5,Spectra_15,1259,1178,674,23,15,0.5124936772888214,0.027122397407927868
CD8T,2.0,SDAN_5,Spectra_16,1259,1178,674,23,15,0.545371775417299,0.04587807823000247
CD8T,2.0,SDAN_5,Spectra_17,1259,1178,674,23,15,0.30510875063227116,0.015756250591652487
CD8T,2.0,SDAN_5,Spectra_18,1259,1178,674,23,15,0.4784016186140617,0.021160732044147357
CD8T,2.0,SDAN_5,Spectra_19,1259,1178,674,23,15,0.47212948912493674,0.023126758879054125
CD8T,2.0,SDAN_5,Spectra_20,1259,1178,674,23,15,0.45806777946383403,0.08825097686666089
CD8T,2.0,SDAN_5,Spectra_21,1259,1178,674,23,15,0.4261001517450683,0.019419045469469057
CD8T,2.0,SDAN_5,Spectra_22,1259,1178,674,23,15,0.42893272635306023,0.019831329720734356
CD8T,2.0,SDAN_5,Spectra_23,1259,1178,674,23,15,0.5832068791097622,0.028038450147195894
CD8T,2.0,SDAN_5,Spectra_24,1259,1178,674,23,15,0.31188669701568034,0.015805489042809703
CD8T,2.0,SDAN_5,Spectra_25,1259,1178,674,23,15,0.41689428426909453,0.019392844762557836
CD8T,2.0,SDAN_5,Spectra_26,1259,1178,674,23,15,0.40424886191198783,0.018632366962809933
CD8T,2.0,SDAN_5,Spectra_27,1259,1178,674,23,15,0.3889731917046029,0.017955682547660584
CD8T,2.0,SDAN_5,Spectra_28,1259,1178,674,23,15,0.4128477491148204,0.02112362402240116
CD8T,2.0,SDAN_5,Spectra_29,1259,1178,674,23,15,0.40758725341426405,0.019278541498445635
CD8T,2.0,SDAN_5,Spectra_30,1259,1178,674,23,15,0.46454223571067277,0.020455509570464245
CD8T,2.0,SDAN_5,Spectra_31,1259,1178,674,23,15,0.3497218007081436,0.01733640395826865
CD8T,2.0,SDAN_5,Spectra_32,1259,1178,674,23,15,0.3986848760748609,0.08523768485371189
CD8T,2.0,SDAN_5,Spectra_33,1259,1178,674,23,15,0.4372281234193222,0.023506380122397096
CD8T,2.0,SDAN_5,Spectra_34,1259,1178,674,23,15,0.46231664137582196,0.022026299056544102
CD8T,2.0,SDAN_5,Spectra_35,1259,1178,674,23,15,0.398583712696004,0.01970420385205317
CD8T,2.0,SDAN_5,Spectra_36,1259,1178,674,23,15,0.3876580677794638,0.01936463412153394
CD8T,2.0,SDAN_5,Spectra_37,1259,1178,674,23,15,0.37005563985837125,0.024279116370265103
CD8T,2.0,SDAN_5,Spectra_38,1259,1178,674,23,15,0.4645422357106727,0.023458035217955055
CD8T,2.0,SDAN_5,Spectra_39,1259,1178,674,23,15,0.31299949418310574,0.015923378097243233
CD8T,2.0,SDAN_7,Spectra_0,1259,1178,674,25,14,0.5466450216450216,0.02830066785336128
CD8T,2.0,SDAN_7,Spectra_1,1259,1178,674,25,14,0.3041125541125541,0.014941703130772291
CD8T,2.0,SDAN_7,Spectra_2,1259,1178,674,25,14,0.4445887445887446,0.018722089541667854
CD8T,2.0,SDAN_7,Spectra_3,1259,1178,674,25,14,0.46298701298701295,0.01974712832567889
CD8T,2.0,SDAN_7,Spectra_4,1259,1178,674,25,14,0.5031385281385281,0.021410114649050516
CD8T,2.0,SDAN_7,Spectra_5,1259,1178,674,25,14,0.4168831168831169,0.020065407734495614
CD8T,2.0,SDAN_7,Spectra_6,1259,1178,674,25,14,0.5114718614718614,0.023403404368511183
CD8T,2.0,SDAN_7,Spectra_7,1259,1178,674,25,14,0.5599567099567099,0.028886551005642847
CD8T,2.0,SDAN_7,Spectra_8,1259,1178,674,25,14,0.46374458874458874,0.02169500290914053
CD8T,2.0,SDAN_7,Spectra_9,1259,1178,674,25,14,0.5507575757575758,0.02439112843583989
CD8T,2.0,SDAN_7,Spectra_10,1259,1178,674,25,14,0.4091991341991342,0.019177439088880102
CD8T,2.0,SDAN_7,Spectra_11,1259,1178,674,25,14,0.611038961038961,0.1412383780800265
CD8T,2.0,SDAN_7,Spectra_12,1259,1178,674,25,14,0.5189393939393938,0.02277112768967853
CD8T,2.0,SDAN_7,Spectra_13,1259,1178,674,25,14,0.6323593073593073,0.03498170487357844
CD8T,2.0,SDAN_7,Spectra_14,1259,1178,674,25,14,0.43246753246753245,0.018159661533266765
CD8T,2.0,SDAN_7,Spectra_15,1259,1178,674,25,14,0.4912337662337662,0.03703596682203938
CD8T,2.0,SDAN_7,Spectra_16,1259,1178,674,25,14,0.6257575757575757,0.031140255174221445
CD8T,2.0,SDAN_7,Spectra_17,1259,1178,674,25,14,0.41277056277056273,0.017703575714150634
CD8T,2.0,SDAN_7,Spectra_18,1259,1178,674,25,14,0.3845238095238095,0.016890657290001904
CD8T,2.0,SDAN_7,Spectra_19,1259,1178,674,25,14,0.35335497835497837,0.015841197410575315
CD8T,2.0,SDAN_7,Spectra_20,1259,1178,674,25,14,0.44112554112554114,0.01887590080358755
CD8T,2.0,SDAN_7,Spectra_21,1259,1178,674,25,14,0.4695887445887446,0.020106679395905633
CD8T,2.0,SDAN_7,Spectra_22,1259,1178,674,25,14,0.4748917748917749,0.019814373669445252
CD8T,2.0,SDAN_7,Spectra_23,1259,1178,674,25,14,0.6163419913419914,0.036425079476251364
CD8T,2.0,SDAN_7,Spectra_24,1259,1178,674,25,14,0.304004329004329,0.014730968041905601
CD8T,2.0,SDAN_7,Spectra_25,1259,1178,674,25,14,0.45487012987012987,0.02211228930254104
CD8T,2.0,SDAN_7,Spectra_26,1259,1178,674,25,14,0.5812770562770562,0.03611231936888437
CD8T,2.0,SDAN_7,Spectra_27,1259,1178,674,25,14,0.4915584415584416,0.03171427386346566
CD8T,2.0,SDAN_7,Spectra_28,1259,1178,674,25,14,0.42067099567099564,0.018033057596821514
CD8T,2.0,SDAN_7,Spectra_29,1259,1178,674,25,14,0.4277056277056277,0.017930480390051885
CD8T,2.0,SDAN_7,Spectra_30,1259,1178,674,25,14,0.3617965367965368,0.018570660101130728
CD8T,2.0,SDAN_7,Spectra_31,1259,1178,674,25,14,0.44632034632034634,0.01907128600965571
CD8T,2.0,SDAN_7,Spectra_32,1259,1178,674,25,14,0.5163419913419913,0.03907338886435509
CD8T,2.0,SDAN_7,Spectra_33,1259,1178,674,25,14,0.5148268398268399,0.0245613605289983
CD8T,2.0,SDAN_7,Spectra_34,1259,1178,674,25,14,0.48463203463203464,0.09854241203228069
CD8T,2.0,SDAN_7,Spectra_35,1259,1178,674,25,14,0.4824675324675325,0.019983326831296225
CD8T,2.0,SDAN_7,Spectra_36,1259,1178,674,25,14,0.5725108225108224,0.053650471165696455
CD8T,2.0,SDAN_7,Spectra_37,1259,1178,674,25,14,0.4706709956709957,0.02477829077209384
CD8T,2.0,SDAN_7,Spectra_38,1259,1178,674,25,14,0.4194805194805195,0.017819738967706604
CD8T,2.0,SDAN_7,Spectra_39,1259,1178,674,25,14,0.4721861471861472,0.02059333148872561
CD8T,2.0,SDAN_8,Spectra_0,1259,1178,674,23,19,0.6795500200883888,0.05469320362129811
CD8T,2.0,SDAN_8,Spectra_1,1259,1178,674,23,19,0.5010044194455604,0.03021309810829631
CD8T,2.0,SDAN_8,Spectra_2,1259,1178,674,23,19,0.5760546404178384,0.03687873557125733
CD8T,2.0,SDAN_8,Spectra_3,1259,1178,674,23,19,0.4272398553635998,0.024606556387363653
CD8T,2.0,SDAN_8,Spectra_4,1259,1178,674,23,19,0.6544797107271997,0.04243823024548437
CD8T,2.0,SDAN_8,Spectra_5,1259,1178,674,23,19,0.6206508638007231,0.04016709494418777
CD8T,2.0,SDAN_8,Spectra_6,1259,1178,674,23,19,0.519003615910004,0.047288389786873615
CD8T,2.0,SDAN_8,Spectra_7,1259,1178,674,23,19,0.5201285656890318,0.028941059890419653
CD8T,2.0,SDAN_8,Spectra_8,1259,1178,674,23,19,0.5324226597026918,0.036803460033938994
CD8T,2.0,SDAN_8,Spectra_9,1259,1178,674,23,19,0.5859381277621535,0.036966513589589245
CD8T,2.0,SDAN_8,Spectra_10,1259,1178,674,23,19,0.5028525512253916,0.027834395467649972
CD8T,2.0,SDAN_8,Spectra_11,1259,1178,674,23,19,0.59750903977501,0.03759211408881512
CD8T,2.0,SDAN_8,Spectra_12,1259,1178,674,23,19,0.4459622338288469,0.025977601955240674
CD8T,2.0,SDAN_8,Spectra_13,1259,1178,674,23,19,0.4196866211329851,0.023565912483885305
CD8T,2.0,SDAN_8,Spectra_14,1259,1178,674,23,19,0.4370429891522699,0.026076165431247834
CD8T,2.0,SDAN_8,Spectra_15,1259,1178,674,23,19,0.5972679791080755,0.0419019275420398
CD8T,2.0,SDAN_8,Spectra_16,1259,1178,674,23,19,0.4863800723182,0.026491796330782975
CD8T,2.0,SDAN_8,Spectra_17,1259,1178,674,23,19,0.48453194053836873,0.030833940855160197
CD8T,2.0,SDAN_8,Spectra_18,1259,1178,674,23,19,0.4847730012053033,0.030203028346280174
CD8T,2.0,SDAN_8,Spectra_19,1259,1178,674,23,19,0.5684210526315789,0.033064681476305424
CD8T,2.0,SDAN_8,Spectra_20,1259,1178,674,23,19,0.5366813981518681,0.04710803491512808
CD8T,2.0,SDAN_8,Spectra_21,1259,1178,674,23,19,0.5472077139413419,0.03579684175123778
CD8T,2.0,SDAN_8,Spectra_22,1259,1178,674,23,19,0.498272398553636,0.08252375670435547
CD8T,2.0,SDAN_8,Spectra_23,1259,1178,674,23,19,0.5910807553234232,0.0548352318175282
CD8T,2.0,SDAN_8,Spectra_24,1259,1178,674,23,19,0.46572920851747684,0.026794443473822385
CD8T,2.0,SDAN_8,Spectra_25,1259,1178,674,23,19,0.5496986741663319,0.08576360318917854
CD8T,2.0,SDAN_8,Spectra_26,1259,1178,674,23,19,0.5041382081157091,0.03139589051511382
CD8T,2.0,SDAN_8,Spectra_27,1259,1178,674,23,19,0.5979911611088791,0.03725036576061417
CD8T,2.0,SDAN_8,Spectra_28,1259,1178,674,23,19,0.5623945359582161,0.049676447534056124
CD8T,2.0,SDAN_8,Spectra_29,1259,1178,674,23,19,0.5517878666130975,0.031191968395317345
CD8T,2.0,SDAN_8,Spectra_30,1259,1178,674,23,19,0.7356368019284854,0.07156948078872914
CD8T,2.0,SDAN_8,Spectra_31,1259,1178,674,23,19,0.4862193652069104,0.03043788304098613
CD8T,2.0,SDAN_8,Spectra_32,1259,1178,674,23,19,0.5861791884290879,0.0463970916405004
CD8T,2.0,SDAN_8,Spectra_33,1259,1178,674,23,19,0.6081157091201286,0.036150408304533935
CD8T,2.0,SDAN_8,Spectra_34,1259,1178,674,23,19,0.6294897549216554,0.04502190930936082
CD8T,2.0,SDAN_8,Spectra_35,1259,1178,674,23,19,0.5079148252310165,0.028637466726807018
CD8T,2.0,SDAN_8,Spectra_36,1259,1178,674,23,19,0.5453595821615106,0.034872472916675015
CD8T,2.0,SDAN_8,Spectra_37,1259,1178,674,23,19,0.5279228605865809,0.03012379013005919
CD8T,2.0,SDAN_8,Spectra_38,1259,1178,674,23,19,0.546163117717959,0.035448647551359444
CD8T,2.0,SDAN_8,Spectra_39,1259,1178,674,23,19,0.44997991161108875,0.02672523855462356
CD8T,2.0,SDAN_9,Spectra_0,1259,1178,674,25,8,0.6492117117117118,0.021067900913969175
CD8T,2.0,SDAN_9,Spectra_1,1259,1178,674,25,8,0.42567567567567566,0.011067853897834282
CD8T,2.0,SDAN_9,Spectra_2,1259,1178,674,25,8,0.4393768768768769,0.011069195906356489
CD8T,2.0,SDAN_9,Spectra_3,1259,1178,674,25,8,0.6403903903903904,0.04974587933181592
CD8T,2.0,SDAN_9,Spectra_4,1259,1178,674,25,8,0.39301801801801795,0.010211105360593888
CD8T,2.0,SDAN_9,Spectra_5,1259,1178,674,25,8,0.5914039039039038,0.01838001686024095
CD8T,2.0,SDAN_9,Spectra_6,1259,1178,674,25,8,0.48085585585585583,0.012118810624663051
CD8T,2.0,SDAN_9,Spectra_7,1259,1178,674,25,8,0.431493993993994,0.011562829840074472
CD8T,2.0,SDAN_9,Spectra_8,1259,1178,674,25,8,0.3999624624624625,0.010342063329500748
CD8T,2.0,SDAN_9,Spectra_9,1259,1178,674,25,8,0.5407282282282282,0.014090068829189631
CD8T,2.0,SDAN_9,Spectra_10,1259,1178,674,25,8,0.7156531531531531,0.029974449535195617
CD8T,2.0,SDAN_9,Spectra_11,1259,1178,674,25,8,0.5369744744744744,0.01725093907815163
CD8T,2.0,SDAN_9,Spectra_12,1259,1178,674,25,8,0.43787537537537535,0.01162810305241897
CD8T,2.0,SDAN_9,Spectra_13,1259,1178,674,25,8,0.47184684684684686,0.011977403725483293
CD8T,2.0,SDAN_9,Spectra_14,1259,1178,674,25,8,0.43806306306306303,0.011029386738538347
CD8T,2.0,SDAN_9,Spectra_15,1259,1178,674,25,8,0.5853978978978979,0.014981598151323283
CD8T,2.0,SDAN_9,Spectra_16,1259,1178,674,25,8,0.5728228228228228,0.0269518057289305
CD8T,2.0,SDAN_9,Spectra_17,1259,1178,674,25,8,0.5416666666666667,0.013847386726186947
CD8T,2.0,SDAN_9,Spectra_18,1259,1178,674,25,8,0.6777402402402402,0.022992410542670018
CD8T,2.0,SDAN_9,Spectra_19,1259,1178,674,25,8,0.5037537537537538,0.013283108447240646
CD8T,2.0,SDAN_9,Spectra_20,1259,1178,674,25,8,0.3982732732732732,0.010375364098462028
CD8T,2.0,SDAN_9,Spectra_21,1259,1178,674,25,8,0.5003753753753754,0.014557506924561873
CD8T,2.0,SDAN_9,Spectra_22,1259,1178,674,25,8,0.32995495495495497,0.009312888962861213
CD8T,2.0,SDAN_9,Spectra_23,1259,1178,674,25,8,0.6039789789789789,0.016775854752484533
CD8T,2.0,SDAN_9,Spectra_24,1259,1178,674,25,8,0.4652777777777778,0.011891640246048432
CD8T,2.0,SDAN_9,Spectra_25,1259,1178,674,25,8,0.5311561561561562,0.04382183305390892
CD8T,2.0,SDAN_9,Spectra_26,1259,1178,674,25,8,0.5078828828828829,0.1369453782394105
CD8T,2.0,SDAN_9,Spectra_27,1259,1178,674,25,8,0.5381006006006006,0.013696065050193083
CD8T,2.0,SDAN_9,Spectra_28,1259,1178,674,25,8,0.34046546546546547,0.009577704135313276
CD8T,2.0,SDAN_9,Spectra_29,1259,1178,674,25,8,0.5033783783783784,0.01382717144139547
CD8T,2.0,SDAN_9,Spectra_30,1259,1178,674,25,8,0.34628378378378377,0.009590210163304906
CD8T,2.0,SDAN_9,Spectra_31,1259,1178,674,25,8,0.473536036036036,0.011752470753487282
CD8T,2.0,SDAN_9,Spectra_32,1259,1178,674,25,8,0.5069444444444444,0.015120134021158305
CD8T,2.0,SDAN_9,Spectra_33,1259,1178,674,25,8,0.5073198198198199,0.012890815083531217
CD8T,2.0,SDAN_9,Spectra_34,1259,1178,674,25,8,0.5489864864864865,0.017721367652584658
CD8T,2.0,SDAN_9,Spectra_35,1259,1178,674,25,8,0.5591216216216216,0.01604887550946319
CD8T,2.0,SDAN_9,Spectra_36,1259,1178,674,25,8,0.553490990990991,0.014130277448427635
CD8T,2.0,SDAN_9,Spectra_37,1259,1178,674,25,8,0.6325075075075075,0.03354612871555564
CD8T,2.0,SDAN_9,Spectra_38,1259,1178,674,25,8,0.5118243243243243,0.013791519965827939
CD8T,2.0,SDAN_9,Spectra_39,1259,1178,674,25,8,0.4664039039039039,0.012231684276132894
CD8T,2.0,SDAN_10,Spectra_0,1259,1178,674,25,9,0.3762740183792816,0.01334616798723447
CD8T,2.0,SDAN_10,Spectra_1,1259,1178,674,25,9,0.2606516290726817,0.009420578470946581
CD8T,2.0,SDAN_10,Spectra_2,1259,1178,674,25,9,0.2481203007518797,0.009187110711897256
CD8T,2.0,SDAN_10,Spectra_3,1259,1178,674,25,9,0.4030075187969925,0.01750271116038496
CD8T,2.0,SDAN_10,Spectra_4,1259,1178,674,25,9,0.21737677527151208,0.00886113766826609
CD8T,2.0,SDAN_10,Spectra_5,1259,1178,674,25,9,0.27886382623224726,0.011064525524961235
CD8T,2.0,SDAN_10,Spectra_6,1259,1178,674,25,9,0.4279030910609858,0.08385475350537389
CD8T,2.0,SDAN_10,Spectra_7,1259,1178,674,25,9,0.5451963241436926,0.01784428573876992
CD8T,2.0,SDAN_10,Spectra_8,1259,1178,674,25,9,0.28721804511278193,0.009637086890242261
CD8T,2.0,SDAN_10,Spectra_9,1259,1178,674,25,9,0.39749373433583957,0.011601688273862553
CD8T,2.0,SDAN_10,Spectra_10,1259,1178,674,25,9,0.3455304928989139,0.010593880303337817
CD8T,2.0,SDAN_10,Spectra_11,1259,1178,674,25,9,0.21821219715956558,0.008848782769158677
CD8T,2.0,SDAN_10,Spectra_12,1259,1178,674,25,9,0.2546365914786967,0.009238813876659258
CD8T,2.0,SDAN_10,Spectra_13,1259,1178,674,25,9,0.7328320802005013,0.06455648514990098
CD8T,2.0,SDAN_10,Spectra_14,1259,1178,674,25,9,0.4472848788638262,0.019399831536553797
CD8T,2.0,SDAN_10,Spectra_15,1259,1178,674,25,9,0.2883876357560568,0.009726989942331437
CD8T,2.0,SDAN_10,Spectra_16,1259,1178,674,25,9,0.5923141186299081,0.018953631590756047
CD8T,2.0,SDAN_10,Spectra_17,1259,1178,674,25,9,0.35304928989139517,0.011398562664231768
CD8T,2.0,SDAN_10,Spectra_18,1259,1178,674,25,9,0.2706766917293233,0.009485966877387135
CD8T,2.0,SDAN_10,Spectra_19,1259,1178,674,25,9,0.35806182121971597,0.011125099709365007
CD8T,2.0,SDAN_10,Spectra_20,1259,1178,674,25,9,0.356390977443609,0.013290847671691034
CD8T,2.0,SDAN_10,Spectra_21,1259,1178,674,25,9,0.3436925647451963,0.011203042045401611
CD8T,2.0,SDAN_10,Spectra_22,1259,1178,674,25,9,0.2509607351712615,0.009341987402951012
CD8T,2.0,SDAN_10,Spectra_23,1259,1178,674,25,9,0.3923141186299081,0.01204943291061314
CD8T,2.0,SDAN_10,Spectra_24,1259,1178,674,25,9,0.2586466165413534,0.009282092170909218
CD8T,2.0,SDAN_10,Spectra_25,1259,1178,674,25,9,0.24360902255639097,0.009109906986082841
CD8T,2.0,SDAN_10,Spectra_26,1259,1178,674,25,9,0.26165413533834586,0.009610931005167033
CD8T,2.0,SDAN_10,Spectra_27,1259,1178,674,25,9,0.21687552213868003,0.008997768160229652
CD8T,2.0,SDAN_10,Spectra_28,1259,1178,674,25,9,0.2907268170426065,0.009724638577730527
CD8T,2.0,SDAN_10,Spectra_29,1259,1178,674,25,9,0.2728487886382623,0.01136406205850704
CD8T,2.0,SDAN_10,Spectra_30,1259,1178,674,25,9,0.3558897243107769,0.02197212951392421
CD8T,2.0,SDAN_10,Spectra_31,1259,1178,674,25,9,0.42389306599832915,0.014364830835584845
CD8T,2.0,SDAN_10,Spectra_32,1259,1178,674,25,9,0.2711779448621554,0.009725418142269848
CD8T,2.0,SDAN_10,Spectra_33,1259,1178,674,25,9,0.2902255639097744,0.009736819654059082
CD8T,2.0,SDAN_10,Spectra_34,1259,1178,674,25,9,0.3538847117794486,0.011044017235371607
CD8T,2.0,SDAN_10,Spectra_35,1259,1178,674,25,9,0.21921470342522978,0.009692368877706048
CD8T,2.0,SDAN_10,Spectra_36,1259,1178,674,25,9,0.3408521303258146,0.011815907080067214
CD8T,2.0,SDAN_10,Spectra_37,1259,1178,674,25,9,0.40083542188805343,0.016437578981528977
CD8T,2.0,SDAN_10,Spectra_38,1259,1178,674,25,9,0.4078529657477026,0.013157802166599912
CD8T,2.0,SDAN_10,Spectra_39,1259,1178,674,25,9,0.5077694235588972,0.142413541851164
CD8T,2.0,SDAN_11,Spectra_0,1259,1178,674,24,12,0.5727593152064451,0.022135436969777954
CD8T,2.0,SDAN_11,Spectra_1,1259,1178,674,24,12,0.38569989929506543,0.01477804164486552
CD8T,2.0,SDAN_11,Spectra_2,1259,1178,674,24,12,0.431520644511581,0.015755754749864875
CD8T,2.0,SDAN_11,Spectra_3,1259,1178,674,24,12,0.4295065458207452,0.024461881615888158
CD8T,2.0,SDAN_11,Spectra_4,1259,1178,674,24,12,0.40118328298086603,0.01628229409201757
CD8T,2.0,SDAN_11,Spectra_5,1259,1178,674,24,12,0.5352467270896274,0.02030153368543623
CD8T,2.0,SDAN_11,Spectra_6,1259,1178,674,24,12,0.4773413897280967,0.02387338457805063
CD8T,2.0,SDAN_11,Spectra_7,1259,1178,674,24,12,0.5624370594159114,0.022995898756499933
CD8T,2.0,SDAN_11,Spectra_8,1259,1178,674,24,12,0.35989425981873113,0.01410688120636468
CD8T,2.0,SDAN_11,Spectra_9,1259,1178,674,24,12,0.516742195367573,0.019742725870180482
CD8T,2.0,SDAN_11,Spectra_10,1259,1178,674,24,12,0.6686807653575025,0.02845752983494551
CD8T,2.0,SDAN_11,Spectra_11,1259,1178,674,24,12,0.604607250755287,0.027186626817931256
CD8T,2.0,SDAN_11,Spectra_12,1259,1178,674,24,12,0.3841893252769386,0.01493899502181008
CD8T,2.0,SDAN_11,Spectra_13,1259,1178,674,24,12,0.5628147029204431,0.020178884795330684
CD8T,2.0,SDAN_11,Spectra_14,1259,1178,674,24,12,0.4235901309164149,0.016728900351209688
CD8T,2.0,SDAN_11,Spectra_15,1259,1178,674,24,12,0.46576032225579056,0.01684092615056322
CD8T,2.0,SDAN_11,Spectra_16,1259,1178,674,24,12,0.6610020140986909,0.029360225515881782
CD8T,2.0,SDAN_11,Spectra_17,1259,1178,674,24,12,0.46513091641490434,0.017516507564419213
CD8T,2.0,SDAN_11,Spectra_18,1259,1178,674,24,12,0.4496475327291037,0.017113475811014363
CD8T,2.0,SDAN_11,Spectra_19,1259,1178,674,24,12,0.5492195367573011,0.02265906892728705
CD8T,2.0,SDAN_11,Spectra_20,1259,1178,674,24,12,0.381294058408862,0.015138881457287732
CD8T,2.0,SDAN_11,Spectra_21,1259,1178,674,24,12,0.4291289023162135,0.01696454207773014
CD8T,2.0,SDAN_11,Spectra_22,1259,1178,674,24,12,0.44020644511581064,0.016632351541823506
CD8T,2.0,SDAN_11,Spectra_23,1259,1178,674,24,12,0.7549093655589123,0.04137697845574147
CD8T,2.0,SDAN_11,Spectra_24,1259,1178,674,24,12,0.4209466263846929,0.016002493833984187
CD8T,2.0,SDAN_11,Spectra_25,1259,1178,674,24,12,0.45543806646525675,0.019857720664449185
CD8T,2.0,SDAN_11,Spectra_26,1259,1178,674,24,12,0.4475075528700906,0.021062034312444525
CD8T,2.0,SDAN_11,Spectra_27,1259,1178,674,24,12,0.45115810674723056,0.01663994494319326
CD8T,2.0,SDAN_11,Spectra_28,1259,1178,674,24,12,0.4422205438066465,0.01674641670070871
CD8T,2.0,SDAN_11,Spectra_29,1259,1178,674,24,12,0.3517119838872105,0.017305713454206405
CD8T,2.0,SDAN_11,Spectra_30,1259,1178,674,24,12,0.45329808660624366,0.016223628579563505
CD8T,2.0,SDAN_11,Spectra_31,1259,1178,674,24,12,0.470669687814703,0.018622503147214264
CD8T,2.0,SDAN_11,Spectra_32,1259,1178,674,24,12,0.3217522658610272,0.013074832959471427
CD8T,2.0,SDAN_11,Spectra_33,1259,1178,674,24,12,0.3400050352467271,0.014133220673731328
CD8T,2.0,SDAN_11,Spectra_34,1259,1178,674,24,12,0.5094410876132931,0.019353357046854376
CD8T,2.0,SDAN_11,Spectra_35,1259,1178,674,24,12,0.41553373615307143,0.01659985642814722
CD8T,2.0,SDAN_11,Spectra_36,1259,1178,674,24,12,0.3974068479355488,0.015558477672694566
CD8T,2.0,SDAN_11,Spectra_37,1259,1178,674,24,12,0.3294310171198389,0.013352707616872376
CD8T,2.0,SDAN_11,Spectra_38,1259,1178,674,24,12,0.42170191339375634,0.015611756197663924
CD8T,2.0,SDAN_11,Spectra_39,1259,1178,674,24,12,0.4712990936555891,0.0238584837657136
CD8T,2.0,SDAN_12,Spectra_0,1259,1178,674,24,10,0.3730421686746988,0.012029797018904186
CD8T,2.0,SDAN_12,Spectra_1,1259,1178,674,24,10,0.5204819277108433,0.0240003324547618
CD8T,2.0,SDAN_12,Spectra_2,1259,1178,674,24,10,0.29066265060240964,0.010653198069807553
CD8T,2.0,SDAN_12,Spectra_3,1259,1178,674,24,10,0.5727409638554217,0.0195866682760353
CD8T,2.0,SDAN_12,Spectra_4,1259,1178,674,24,10,0.4545180722891566,0.017340611556035952
CD8T,2.0,SDAN_12,Spectra_5,1259,1178,674,24,10,0.4305722891566265,0.013354808207690869
CD8T,2.0,SDAN_12,Spectra_6,1259,1178,674,24,10,0.5079819277108434,0.01609035052347848
CD8T,2.0,SDAN_12,Spectra_7,1259,1178,674,24,10,0.6881024096385543,0.03929811183340812
CD8T,2.0,SDAN_12,Spectra_8,1259,1178,674,24,10,0.580421686746988,0.03231026841717062
CD8T,2.0,SDAN_12,Spectra_9,1259,1178,674,24,10,0.4158132530120482,0.013247405765224964
CD8T,2.0,SDAN_12,Spectra_10,1259,1178,674,24,10,0.42590361445783137,0.014468951315505388
CD8T,2.0,SDAN_12,Spectra_11,1259,1178,674,24,10,0.32876506024096386,0.011201939854721118
CD8T,2.0,SDAN_12,Spectra_12,1259,1178,674,24,10,0.5368975903614457,0.020472962062804537
CD8T,2.0,SDAN_12,Spectra_13,1259,1178,674,24,10,0.7036144578313254,0.04815272127444201
CD8T,2.0,SDAN_12,Spectra_14,1259,1178,674,24,10,0.5766566265060241,0.02080267619690837
CD8T,2.0,SDAN_12,Spectra_15,1259,1178,674,24,10,0.5522590361445783,0.018905920758884923
CD8T,2.0,SDAN_12,Spectra_16,1259,1178,674,24,10,0.4251506024096386,0.01741290696984851
CD8T,2.0,SDAN_12,Spectra_17,1259,1178,674,24,10,0.40632530120481924,0.012933566644234267
CD8T,2.0,SDAN_12,Spectra_18,1259,1178,674,24,10,0.401355421686747,0.01388531274207048
CD8T,2.0,SDAN_12,Spectra_19,1259,1178,674,24,10,0.3759036144578313,0.012098574199313851
CD8T,2.0,SDAN_12,Spectra_20,1259,1178,674,24,10,0.5414156626506024,0.01712116181488943
CD8T,2.0,SDAN_12,Spectra_21,1259,1178,674,24,10,0.46716867469879514,0.025773070384375766
CD8T,2.0,SDAN_12,Spectra_22,1259,1178,674,24,10,0.5426204819277108,0.017114556617835924
CD8T,2.0,SDAN_12,Spectra_23,1259,1178,674,24,10,0.37439759036144576,0.015548241560229627
CD8T,2.0,SDAN_12,Spectra_24,1259,1178,674,24,10,0.4840361445783132,0.015365692540364424
CD8T,2.0,SDAN_12,Spectra_25,1259,1178,674,24,10,0.39036144578313253,0.012432027437674208
CD8T,2.0,SDAN_12,Spectra_26,1259,1178,674,24,10,0.4519578313253012,0.013856022662651526
CD8T,2.0,SDAN_12,Spectra_27,1259,1178,674,24,10,0.4135542168674699,0.015101786757324258
CD8T,2.0,SDAN_12,Spectra_28,1259,1178,674,24,10,0.676355421686747,0.08716580890479123
CD8T,2.0,SDAN_12,Spectra_29,1259,1178,674,24,10,0.5249999999999999,0.017024628025472797
CD8T,2.0,SDAN_12,Spectra_30,1259,1178,674,24,10,0.38825301204819285,0.013658250857247046
CD8T,2.0,SDAN_12,Spectra_31,1259,1178,674,24,10,0.4710843373493976,0.014761174567892766
CD8T,2.0,SDAN_12,Spectra_32,1259,1178,674,24,10,0.5835843373493976,0.027869753681006595
CD8T,2.0,SDAN_12,Spectra_33,1259,1178,674,24,10,0.40843373493975904,0.012736195873013617
CD8T,2.0,SDAN_12,Spectra_34,1259,1178,674,24,10,0.41942771084337344,0.015000819299421018
CD8T,2.0,SDAN_12,Spectra_35,1259,1178,674,24,10,0.5266566265060242,0.0182650719894926
CD8T,2.0,SDAN_12,Spectra_36,1259,1178,674,24,10,0.5632530120481928,0.018164739908045326
CD8T,2.0,SDAN_12,Spectra_37,1259,1178,674,24,10,0.6484939759036145,0.09213056299145549
CD8T,2.0,SDAN_12,Spectra_38,1259,1178,674,24,10,0.4905120481927711,0.016714150781429522
CD8T,2.0,SDAN_12,Spectra_39,1259,1178,674,24,10,0.45240963855421684,0.013971066175800448
CD8T,2.0,SDAN_13,Spectra_0,1259,1178,674,26,7,0.37823945170272005,0.009548591285494994
CD8T,2.0,SDAN_13,Spectra_1,1259,1178,674,26,7,0.3752409509530949,0.008961475443925063
CD8T,2.0,SDAN_13,Spectra_2,1259,1178,674,26,7,0.4206468194474191,0.009699511676855342
CD8T,2.0,SDAN_13,Spectra_3,1259,1178,674,26,7,0.36795887770400515,0.009259231872683855
CD8T,2.0,SDAN_13,Spectra_4,1259,1178,674,26,7,0.3441850503319769,0.01934049884925987
CD8T,2.0,SDAN_13,Spectra_5,1259,1178,674,26,7,0.32876418933390444,0.008304732085307623
CD8T,2.0,SDAN_13,Spectra_6,1259,1178,674,26,7,0.32405225958449346,0.008270927905861897
CD8T,2.0,SDAN_13,Spectra_7,1259,1178,674,26,7,0.6410366245448704,0.02904298107938406
CD8T,2.0,SDAN_13,Spectra_8,1259,1178,674,26,7,0.381023773827372,0.009262916704480172
CD8T,2.0,SDAN_13,Spectra_9,1259,1178,674,26,7,0.37952452345255944,0.009044813487550584
CD8T,2.0,SDAN_13,Spectra_10,1259,1178,674,26,7,0.5474405654315699,0.014015568312278293
CD8T,2.0,SDAN_13,Spectra_11,1259,1178,674,26,7,0.3431141572071107,0.008494382270662603
CD8T,2.0,SDAN_13,Spectra_12,1259,1178,674,26,7,0.40479760119940034,0.009918322767799288
CD8T,2.0,SDAN_13,Spectra_13,1259,1178,674,26,7,0.7603341186549583,0.05608378410439805
CD8T,2.0,SDAN_13,Spectra_14,1259,1178,674,26,7,0.27821803384022276,0.007761787329766527
CD8T,2.0,SDAN_13,Spectra_15,1259,1178,674,26,7,0.24202184621974723,0.007359795946497485
CD8T,2.0,SDAN_13,Spectra_16,1259,1178,674,26,7,0.5210965945598629,0.018639080328813954
CD8T,2.0,SDAN_13,Spectra_17,1259,1178,674,26,7,0.3135575069608053,0.008132009268419605
CD8T,2.0,SDAN_13,Spectra_18,1259,1178,674,26,7,0.5412293853073463,0.012126629820277096
CD8T,2.0,SDAN_13,Spectra_19,1259,1178,674,26,7,0.48340115656457483,0.011275161612769355
CD8T,2.0,SDAN_13,Spectra_20,1259,1178,674,26,7,0.2981366459627329,0.007952762688500495
CD8T,2.0,SDAN_13,Spectra_21,1259,1178,674,26,7,0.31655600771043046,0.00809194969498927
CD8T,2.0,SDAN_13,Spectra_22,1259,1178,674,26,7,0.5465838509316769,0.01637662036237984
CD8T,2.0,SDAN_13,Spectra_23,1259,1178,674,26,7,0.6131934032983508,0.014801649032677892
CD8T,2.0,SDAN_13,Spectra_24,1259,1178,674,26,7,0.4902548725637181,0.013719031114731915
CD8T,2.0,SDAN_13,Spectra_25,1259,1178,674,26,7,0.47933176269008354,0.022628162885977014
CD8T,2.0,SDAN_13,Spectra_26,1259,1178,674,26,7,0.5555793531805526,0.017497265355779956
CD8T,2.0,SDAN_13,Spectra_27,1259,1178,674,26,7,0.17883915185264507,0.006868368043951677
CD8T,2.0,SDAN_13,Spectra_28,1259,1178,674,26,7,0.2651531377168559,0.007552052348815629
CD8T,2.0,SDAN_13,Spectra_29,1259,1178,674,26,7,0.25358749196830155,0.007485419111403584
CD8T,2.0,SDAN_13,Spectra_30,1259,1178,674,26,7,0.38530734632683655,0.0090020074418294
CD8T,2.0,SDAN_13,Spectra_31,1259,1178,674,26,7,0.28914114371385735,0.007812156022909836
CD8T,2.0,SDAN_13,Spectra_32,1259,1178,674,26,7,0.5061040908117369,0.032146695346553913
CD8T,2.0,SDAN_13,Spectra_33,1259,1178,674,26,7,0.22103234097237096,0.007131314802064168
CD8T,2.0,SDAN_13,Spectra_34,1259,1178,674,26,7,0.33219104733347615,0.008392635001471662
CD8T,2.0,SDAN_13,Spectra_35,1259,1178,674,26,7,0.37866780895266655,0.009934428415454576
CD8T,2.0,SDAN_13,Spectra_36,1259,1178,674,26,7,0.28914114371385735,0.007834192005561527
CD8T,2.0,SDAN_13,Spectra_37,1259,1178,674,26,7,0.32940672520882414,0.008697516937372288
CD8T,2.0,SDAN_13,Spectra_38,1259,1178,674,26,7,0.26686656671664166,0.007567140345078319
CD8T,2.0,SDAN_13,Spectra_39,1259,1178,674,26,7,0.5187406296851574,0.023125674461554887
CD8T,2.0,SDAN_14,Spectra_0,1259,1178,674,23,16,0.4574468085106383,0.022361566363827065
CD8T,2.0,SDAN_14,Spectra_1,1259,1178,674,23,16,0.5627849544072948,0.03147395424264249
CD8T,2.0,SDAN_14,Spectra_2,1259,1178,674,23,16,0.5897606382978724,0.028432032661466024
CD8T,2.0,SDAN_14,Spectra_3,1259,1178,674,23,16,0.5022796352583587,0.023981613520327287
CD8T,2.0,SDAN_14,Spectra_4,1259,1178,674,23,16,0.6080927051671733,0.048656552070891965
CD8T,2.0,SDAN_14,Spectra_5,1259,1178,674,23,16,0.5338145896656534,0.027621177869237023
CD8T,2.0,SDAN_14,Spectra_6,1259,1178,674,23,16,0.5851063829787234,0.03416321022269146
CD8T,2.0,SDAN_14,Spectra_7,1259,1178,674,23,16,0.6097074468085106,0.038090017888733174
CD8T,2.0,SDAN_14,Spectra_8,1259,1178,674,23,16,0.5149126139817629,0.02488748194757307
CD8T,2.0,SDAN_14,Spectra_9,1259,1178,674,23,16,0.6106572948328267,0.03988580332043214
CD8T,2.0,SDAN_14,Spectra_10,1259,1178,674,23,16,0.5571808510638298,0.03566259844505276
CD8T,2.0,SDAN_14,Spectra_11,1259,1178,674,23,16,0.5269756838905775,0.02756628461011717
CD8T,2.0,SDAN_14,Spectra_12,1259,1178,674,23,16,0.7271086626139818,0.0454490115449186
CD8T,2.0,SDAN_14,Spectra_13,1259,1178,674,23,16,0.5695288753799392,0.02690750284344818
CD8T,2.0,SDAN_14,Spectra_14,1259,1178,674,23,16,0.4436740121580547,0.020872077652610614
CD8T,2.0,SDAN_14,Spectra_15,1259,1178,674,23,16,0.5750379939209727,0.027779368500242357
CD8T,2.0,SDAN_14,Spectra_16,1259,1178,674,23,16,0.5450227963525835,0.030160227497173786
CD8T,2.0,SDAN_14,Spectra_17,1259,1178,674,23,16,0.49639057750759874,0.02418336949369041
CD8T,2.0,SDAN_14,Spectra_18,1259,1178,674,23,16,0.6603343465045594,0.03861885819781736
CD8T,2.0,SDAN_14,Spectra_19,1259,1178,674,23,16,0.5416033434650456,0.025606196707087234
CD8T,2.0,SDAN_14,Spectra_20,1259,1178,674,23,16,0.4817629179331307,0.02247472109903494
CD8T,2.0,SDAN_14,Spectra_21,1259,1178,674,23,16,0.5735182370820668,0.030606426721272336
CD8T,2.0,SDAN_14,Spectra_22,1259,1178,674,23,16,0.5795022796352584,0.03137594419023689
CD8T,2.0,SDAN_14,Spectra_23,1259,1178,674,23,16,0.4881268996960486,0.022776871978219766
CD8T,2.0,SDAN_14,Spectra_24,1259,1178,674,23,16,0.49078647416413373,0.02343041964572412
CD8T,2.0,SDAN_14,Spectra_25,1259,1178,674,23,16,0.6446618541033435,0.03392365725709638
CD8T,2.0,SDAN_14,Spectra_26,1259,1178,674,23,16,0.5723784194528876,0.03946164015698367
CD8T,2.0,SDAN_14,Spectra_27,1259,1178,674,23,16,0.5378039513677813,0.02578574653333074
CD8T,2.0,SDAN_14,Spectra_28,1259,1178,674,23,16,0.5465425531914894,0.03120755217879603
CD8T,2.0,SDAN_14,Spectra_29,1259,1178,674,23,16,0.5321048632218845,0.026263602494466513
CD8T,2.0,SDAN_14,Spectra_30,1259,1178,674,23,16,0.6382978723404256,0.03282537548025805
CD8T,2.0,SDAN_14,Spectra_31,1259,1178,674,23,16,0.5100683890577509,0.02472525908253627
CD8T,2.0,SDAN_14,Spectra_32,1259,1178,674,23,16,0.4655205167173252,0.02225455093316463
CD8T,2.0,SDAN_14,Spectra_33,1259,1178,674,23,16,0.7090615501519757,0.1793078821260051
CD8T,2.0,SDAN_14,Spectra_34,1259,1178,674,23,16,0.5323898176291794,0.027936424724527044
CD8T,2.0,SDAN_14,Spectra_35,1259,1178,674,23,16,0.5411284194528876,0.02707623109157952
CD8T,2.0,SDAN_14,Spectra_36,1259,1178,674,23,16,0.5872910334346505,0.03025007482996467
CD8T,2.0,SDAN_14,Spectra_37,1259,1178,674,23,16,0.5859612462006079,0.031190333687617332
CD8T,2.0,SDAN_14,Spectra_38,1259,1178,674,23,16,0.6141717325227963,0.033416388601184316
CD8T,2.0,SDAN_14,Spectra_39,1259,1178,674,23,16,0.5853913373860182,0.03217593582552422
CD8T,2.0,SDAN_15,Spectra_0,1259,1178,674,24,22,0.6284160624651423,0.04967715026505434
CD8T,2.0,SDAN_15,Spectra_1,1259,1178,674,24,22,0.6240239821528166,0.05259366198589015
CD8T,2.0,SDAN_15,Spectra_2,1259,1178,674,24,22,0.6127300613496933,0.04764007675958712
CD8T,2.0,SDAN_15,Spectra_3,1259,1178,674,24,22,0.5529141104294478,0.057851437932280446
CD8T,2.0,SDAN_15,Spectra_4,1259,1178,674,24,22,0.4760178471834914,0.029700553871877488
CD8T,2.0,SDAN_15,Spectra_5,1259,1178,674,24,22,0.43272448410485226,0.029612612859094098
CD8T,2.0,SDAN_15,Spectra_6,1259,1178,674,24,22,0.5850529838259899,0.04922399873484802
CD8T,2.0,SDAN_15,Spectra_7,1259,1178,674,24,22,0.37723089793641945,0.025252217386358793
CD8T,2.0,SDAN_15,Spectra_8,1259,1178,674,24,22,0.5057863915225879,0.03571271354076991
CD8T,2.0,SDAN_15,Spectra_9,1259,1178,674,24,22,0.5301171221416621,0.03495359774713185
CD8T,2.0,SDAN_15,Spectra_10,1259,1178,674,24,22,0.37744004461795877,0.025166477677474826
CD8T,2.0,SDAN_15,Spectra_11,1259,1178,674,24,22,0.6044339096486335,0.04532773782957102
CD8T,2.0,SDAN_15,Spectra_12,1259,1178,674,24,22,0.5723647518126046,0.037234273538780255
CD8T,2.0,SDAN_15,Spectra_13,1259,1178,674,24,22,0.491494701617401,0.032504585644252584
CD8T,2.0,SDAN_15,Spectra_14,1259,1178,674,24,22,0.5414807585052983,0.04429439295014993
CD8T,2.0,SDAN_15,Spectra_15,1259,1178,674,24,22,0.5675543781372002,0.05072221753720746
CD8T,2.0,SDAN_15,Spectra_16,1259,1178,674,24,22,0.43767428890128274,0.02918303694930145
CD8T,2.0,SDAN_15,Spectra_17,1259,1178,674,24,22,0.5924428332403793,0.042963584507218426
CD8T,2.0,SDAN_15,Spectra_18,1259,1178,674,24,22,0.630856107083101,0.07564420386559483
CD8T,2.0,SDAN_15,Spectra_19,1259,1178,674,24,22,0.396611823759063,0.02603633496418529
CD8T,2.0,SDAN_15,Spectra_20,1259,1178,674,24,22,0.5382041271611823,0.0459101807977631
CD8T,2.0,SDAN_15,Spectra_21,1259,1178,674,24,22,0.4530814277746793,0.029308106521353215
CD8T,2.0,SDAN_15,Spectra_22,1259,1178,674,24,22,0.4534300055772448,0.02955142335108799
CD8T,2.0,SDAN_15,Spectra_23,1259,1178,674,24,22,0.5902816508644729,0.09621791920233656
CD8T,2.0,SDAN_15,Spectra_24,1259,1178,674,24,22,0.5570273284997211,0.0395938449482837
CD8T,2.0,SDAN_15,Spectra_25,1259,1178,674,24,22,0.5265616285554936,0.03668033822741022
CD8T,2.0,SDAN_15,Spectra_26,1259,1178,674,24,22,0.43816229782487454,0.029089403248606368
CD8T,2.0,SDAN_15,Spectra_27,1259,1178,674,24,22,0.419478527607362,0.028423783230324698
CD8T,2.0,SDAN_15,Spectra_28,1259,1178,674,24,22,0.5629531511433352,0.03900976737173272
CD8T,2.0,SDAN_15,Spectra_29,1259,1178,674,24,22,0.5080870050195203,0.03280909517841162
CD8T,2.0,SDAN_15,Spectra_30,1259,1178,674,24,22,0.4517568321249303,0.029190200090956155
CD8T,2.0,SDAN_15,Spectra_31,1259,1178,674,24,22,0.5778025655326269,0.047418333942271636
CD8T,2.0,SDAN_15,Spectra_32,1259,1178,674,24,22,0.526770775237033,0.037197650459310797
CD8T,2.0,SDAN_15,Spectra_33,1259,1178,674,24,22,0.46332961517010596,0.02932597320528949
CD8T,2.0,SDAN_15,Spectra_34,1259,1178,674,24,22,0.5055075292805354,0.03231895524471155
CD8T,2.0,SDAN_15,Spectra_35,1259,1178,674,24,22,0.4419269380925823,0.027847701956509235
CD8T,2.0,SDAN_15,Spectra_36,1259,1178,674,24,22,0.5110847741215839,0.03357398468248657
CD8T,2.0,SDAN_15,Spectra_37,1259,1178,674,24,22,0.5212632459564975,0.037567939356442114
CD8T,2.0,SDAN_15,Spectra_38,1259,1178,674,24,22,0.5315811489124374,0.034531923894805194
CD8T,2.0,SDAN_15,Spectra_39,1259,1178,674,24,22,0.5246095928611265,0.033967799042575963
CD8T,2.0,SDAN_16,Spectra_0,1259,1178,674,24,15,0.34365199797673246,0.016827125133963984
CD8T,2.0,SDAN_16,Spectra_1,1259,1178,674,24,15,0.47850278199291857,0.022343322070360848
CD8T,2.0,SDAN_16,Spectra_2,1259,1178,674,24,15,0.4227617602427921,0.020057542874009546
CD8T,2.0,SDAN_16,Spectra_3,1259,1178,674,24,15,0.6332827516439048,0.10383474584098717
CD8T,2.0,SDAN_16,Spectra_4,1259,1178,674,24,15,0.4705108750632271,0.024108063579341473
CD8T,2.0,SDAN_16,Spectra_5,1259,1178,674,24,15,0.3566009104704097,0.017113566471515997
CD8T,2.0,SDAN_16,Spectra_6,1259,1178,674,24,15,0.5760242792109257,0.02763300998585811
CD8T,2.0,SDAN_16,Spectra_7,1259,1178,674,24,15,0.47536671724835605,0.023519452039912313
CD8T,2.0,SDAN_16,Spectra_8,1259,1178,674,24,15,0.5665149215983813,0.027252871666226496
CD8T,2.0,SDAN_16,Spectra_9,1259,1178,674,24,15,0.42336874051593326,0.019625729718799136
CD8T,2.0,SDAN_16,Spectra_10,1259,1178,674,24,15,0.45048052604957,0.02241968203840433
CD8T,2.0,SDAN_16,Spectra_11,1259,1178,674,24,15,0.48770864946889225,0.023867935310232097
CD8T,2.0,SDAN_16,Spectra_12,1259,1178,674,24,15,0.48902377339403136,0.022906011348100525
CD8T,2.0,SDAN_16,Spectra_13,1259,1178,674,24,15,0.5489124936772889,0.02680302970646021
CD8T,2.0,SDAN_16,Spectra_14,1259,1178,674,24,15,0.6073849266565503,0.03403510782724257
CD8T,2.0,SDAN_16,Spectra_15,1259,1178,674,24,15,0.61446636317653,0.08647257164924999
CD8T,2.0,SDAN_16,Spectra_16,1259,1178,674,24,15,0.5185634800202327,0.02743875037330025
CD8T,2.0,SDAN_16,Spectra_17,1259,1178,674,24,15,0.599291856348002,0.031633047217020885
CD8T,2.0,SDAN_16,Spectra_18,1259,1178,674,24,15,0.4891249367728882,0.030074756270849906
CD8T,2.0,SDAN_16,Spectra_19,1259,1178,674,24,15,0.5166413758219525,0.0237008474512324
CD8T,2.0,SDAN_16,Spectra_20,1259,1178,674,24,15,0.5589276681841173,0.0319352107102702
CD8T,2.0,SDAN_16,Spectra_21,1259,1178,674,24,15,0.4210419828022256,0.020313211186292986
CD8T,2.0,SDAN_16,Spectra_22,1259,1178,674,24,15,0.4689934243803743,0.024475732190506957
CD8T,2.0,SDAN_16,Spectra_23,1259,1178,674,24,15,0.47607486090035406,0.021496298628331485
CD8T,2.0,SDAN_16,Spectra_24,1259,1178,674,24,15,0.5362670713201821,0.02443342824744398
CD8T,2.0,SDAN_16,Spectra_25,1259,1178,674,24,15,0.4456246838644411,0.020582574701123665
CD8T,2.0,SDAN_16,Spectra_26,1259,1178,674,24,15,0.5016691957511381,0.024902751525359042
CD8T,2.0,SDAN_16,Spectra_27,1259,1178,674,24,15,0.5147192716236723,0.062023513308292054
CD8T,2.0,SDAN_16,Spectra_28,1259,1178,674,24,15,0.5508345978755691,0.028417729238267426
CD8T,2.0,SDAN_16,Spectra_29,1259,1178,674,24,15,0.575113808801214,0.030135000773633645
CD8T,2.0,SDAN_16,Spectra_30,1259,1178,674,24,15,0.5136064744562469,0.03164523221302436
CD8T,2.0,SDAN_16,Spectra_31,1259,1178,674,24,15,0.6071825998988367,0.030589120590833463
CD8T,2.0,SDAN_16,Spectra_32,1259,1178,674,24,15,0.5262518968133536,0.025522645180170403
CD8T,2.0,SDAN_16,Spectra_33,1259,1178,674,24,15,0.5113808801213962,0.02596139478625796
CD8T,2.0,SDAN_16,Spectra_34,1259,1178,674,24,15,0.45199797673242287,0.020528470795819653
CD8T,2.0,SDAN_16,Spectra_35,1259,1178,674,24,15,0.4228629236216489,0.02024909314588872
CD8T,2.0,SDAN_16,Spectra_36,1259,1178,674,24,15,0.4964087000505817,0.024198600493577638
CD8T,2.0,SDAN_16,Spectra_37,1259,1178,674,24,15,0.4276176024279211,0.021564968892043408
CD8T,2.0,SDAN_16,Spectra_38,1259,1178,674,24,15,0.5947395042994436,0.029929836564820383
CD8T,2.0,SDAN_16,Spectra_39,1259,1178,674,24,15,0.48406676783004554,0.02377443051478862
CD8T,2.0,SDAN_17,Spectra_0,1259,1178,674,23,15,0.3682346990389479,0.018489811086695073
CD8T,2.0,SDAN_17,Spectra_1,1259,1178,674,23,15,0.4550328780981285,0.023740083386502853
CD8T,2.0,SDAN_17,Spectra_2,1259,1178,674,23,15,0.43368740515933235,0.019390179717359908
CD8T,2.0,SDAN_17,Spectra_3,1259,1178,674,23,15,0.49165402124430957,0.03894306326183644
CD8T,2.0,SDAN_17,Spectra_4,1259,1178,674,23,15,0.342539200809307,0.0748944543770729
CD8T,2.0,SDAN_17,Spectra_5,1259,1178,674,23,15,0.48447142134547294,0.024403595906941453
CD8T,2.0,SDAN_17,Spectra_6,1259,1178,674,23,15,0.4271117855336368,0.02000092499090793
CD8T,2.0,SDAN_17,Spectra_7,1259,1178,674,23,15,0.5112797167425392,0.022608568143710324
CD8T,2.0,SDAN_17,Spectra_8,1259,1178,674,23,15,0.4708143651997977,0.02544415099703195
CD8T,2.0,SDAN_17,Spectra_9,1259,1178,674,23,15,0.5253414264036419,0.02419194534117245
CD8T,2.0,SDAN_17,Spectra_10,1259,1178,674,23,15,0.6478502781992919,0.03477100896941789
CD8T,2.0,SDAN_17,Spectra_11,1259,1178,674,23,15,0.47344461305007585,0.02253568502285258
CD8T,2.0,SDAN_17,Spectra_12,1259,1178,674,23,15,0.28649468892261,0.015759614277521712
CD8T,2.0,SDAN_17,Spectra_13,1259,1178,674,23,15,0.4496712190187152,0.022799851161163343
CD8T,2.0,SDAN_17,Spectra_14,1259,1178,674,23,15,0.39372787051087504,0.01974020733052323
CD8T,2.0,SDAN_17,Spectra_15,1259,1178,674,23,15,0.42913505311077393,0.019515584470264503
CD8T,2.0,SDAN_17,Spectra_16,1259,1178,674,23,15,0.4424886191198786,0.019791955892624946
CD8T,2.0,SDAN_17,Spectra_17,1259,1178,674,23,15,0.3707637835103692,0.018353930844284508
CD8T,2.0,SDAN_17,Spectra_18,1259,1178,674,23,15,0.4979261507334345,0.021960665081450594
CD8T,2.0,SDAN_17,Spectra_19,1259,1178,674,23,15,0.3774405665149215,0.017837850962254955
CD8T,2.0,SDAN_17,Spectra_20,1259,1178,674,23,15,0.3698533131006575,0.019147732154349208
CD8T,2.0,SDAN_17,Spectra_21,1259,1178,674,23,15,0.4385432473444613,0.023532997394722224
CD8T,2.0,SDAN_17,Spectra_22,1259,1178,674,23,15,0.2590794132524026,0.014708974771690574
CD8T,2.0,SDAN_17,Spectra_23,1259,1178,674,23,15,0.5289833080424886,0.0235855283272525
CD8T,2.0,SDAN_17,Spectra_24,1259,1178,674,23,15,0.48801213960546275,0.02489556303353096
CD8T,2.0,SDAN_17,Spectra_25,1259,1178,674,23,15,0.45968639352554375,0.02588558442188282
CD8T,2.0,SDAN_17,Spectra_26,1259,1178,674,23,15,0.4298431967627719,0.03252521240214245
CD8T,2.0,SDAN_17,Spectra_27,1259,1178,674,23,15,0.4613050075872534,0.03216899011756593
CD8T,2.0,SDAN_17,Spectra_28,1259,1178,674,23,15,0.4876074860900354,0.025592684359624716
CD8T,2.0,SDAN_17,Spectra_29,1259,1178,674,23,15,0.42114314618108245,0.02531295137442382
CD8T,2.0,SDAN_17,Spectra_30,1259,1178,674,23,15,0.5174506828528073,0.028566184061566878
CD8T,2.0,SDAN_17,Spectra_31,1259,1178,674,23,15,0.4541224076884168,0.05560578758669854
CD8T,2.0,SDAN_17,Spectra_32,1259,1178,674,23,15,0.40950935761254426,0.03049625780235847
CD8T,2.0,SDAN_17,Spectra_33,1259,1178,674,23,15,0.29843196762771873,0.01600358123361608
CD8T,2.0,SDAN_17,Spectra_34,1259,1178,674,23,15,0.38492665655032876,0.019352829037723097
CD8T,2.0,SDAN_17,Spectra_35,1259,1178,674,23,15,0.3911987860394537,0.023209465673729286
CD8T,2.0,SDAN_17,Spectra_36,1259,1178,674,23,15,0.30177035912999495,0.015662205005782352
CD8T,2.0,SDAN_17,Spectra_37,1259,1178,674,23,15,0.35386949924127464,0.0170488669146462
CD8T,2.0,SDAN_17,Spectra_38,1259,1178,674,23,15,0.37653009610520993,0.018347432923158376
CD8T,2.0,SDAN_17,Spectra_39,1259,1178,674,23,15,0.44764795144157815,0.027575664245968978
CD8T,2.0,SDAN_18,Spectra_0,1259,1178,674,26,4,0.5738805970149254,0.01014416484922103
CD8T,2.0,SDAN_18,Spectra_1,1259,1178,674,26,4,0.33582089552238803,0.006384735972087425
CD8T,2.0,SDAN_18,Spectra_2,1259,1178,674,26,4,0.5186567164179104,0.00763231896059123
CD8T,2.0,SDAN_18,Spectra_3,1259,1178,674,26,4,0.1988805970149254,0.0045185673166226615
CD8T,2.0,SDAN_18,Spectra_4,1259,1178,674,26,4,0.3951492537313433,0.011990946467248038
CD8T,2.0,SDAN_18,Spectra_5,1259,1178,674,26,4,0.6682835820895523,0.011283104793687035
CD8T,2.0,SDAN_18,Spectra_6,1259,1178,674,26,4,0.20708955223880596,0.004463467547972827
CD8T,2.0,SDAN_18,Spectra_7,1259,1178,674,26,4,0.5604477611940298,0.008126494503793007
CD8T,2.0,SDAN_18,Spectra_8,1259,1178,674,26,4,0.1861940298507463,0.004393303934108692
CD8T,2.0,SDAN_18,Spectra_9,1259,1178,674,26,4,0.2847014925373134,0.005117417142838563
CD8T,2.0,SDAN_18,Spectra_10,1259,1178,674,26,4,0.3414179104477612,0.00538006358942676
CD8T,2.0,SDAN_18,Spectra_11,1259,1178,674,26,4,0.5548507462686567,0.009176159081594044
CD8T,2.0,SDAN_18,Spectra_12,1259,1178,674,26,4,0.3869402985074627,0.005815163216292214
CD8T,2.0,SDAN_18,Spectra_13,1259,1178,674,26,4,0.75,0.01393263510680061
CD8T,2.0,SDAN_18,Spectra_14,1259,1178,674,26,4,0.1742537313432836,0.004344404221529877
CD8T,2.0,SDAN_18,Spectra_15,1259,1178,674,26,4,0.26865671641791045,0.004995086362964242
CD8T,2.0,SDAN_18,Spectra_16,1259,1178,674,26,4,0.5451492537313433,0.009139095401649203
CD8T,2.0,SDAN_18,Spectra_17,1259,1178,674,26,4,0.16865671641791047,0.004318346893614941
CD8T,2.0,SDAN_18,Spectra_18,1259,1178,674,26,4,0.6794776119402985,0.011564504754970121
CD8T,2.0,SDAN_18,Spectra_19,1259,1178,674,26,4,0.3421641791044776,0.006667437766304498
CD8T,2.0,SDAN_18,Spectra_20,1259,1178,674,26,4,0.208955223880597,0.004473492351855054
CD8T,2.0,SDAN_18,Spectra_21,1259,1178,674,26,4,0.5421641791044776,0.00850754201332412
CD8T,2.0,SDAN_18,Spectra_22,1259,1178,674,26,4,0.40746268656716417,0.008697265869016636
CD8T,2.0,SDAN_18,Spectra_23,1259,1178,674,26,4,0.25037313432835817,0.004689598185084934
CD8T,2.0,SDAN_18,Spectra_24,1259,1178,674,26,4,0.17201492537313434,0.00433866948882744
CD8T,2.0,SDAN_18,Spectra_25,1259,1178,674,26,4,0.21119402985074626,0.0044589787891598995
CD8T,2.0,SDAN_18,Spectra_26,1259,1178,674,26,4,0.3537313432835821,0.006580507698865068
CD8T,2.0,SDAN_18,Spectra_27,1259,1178,674,26,4,0.21007462686567166,0.004497255275304262
CD8T,2.0,SDAN_18,Spectra_28,1259,1178,674,26,4,0.19813432835820893,0.004411309328446108
CD8T,2.0,SDAN_18,Spectra_29,1259,1178,674,26,4,0.132089552238806,0.004182725440399312
CD8T,2.0,SDAN_18,Spectra_30,1259,1178,674,26,4,0.47388059701492535,0.006676112552345165
CD8T,2.0,SDAN_18,Spectra_31,1259,1178,674,26,4,0.17164179104477614,0.004340507017956103
CD8T,2.0,SDAN_18,Spectra_32,1259,1178,674,26,4,0.14850746268656717,0.004213127471605451
CD8T,2.0,SDAN_18,Spectra_33,1259,1178,674,26,4,0.3664179104477612,0.005680913851138458
CD8T,2.0,SDAN_18,Spectra_34,1259,1178,674,26,4,0.28582089552238804,0.005085629480155416
CD8T,2.0,SDAN_18,Spectra_35,1259,1178,674,26,4,0.323134328358209,0.0052526489353086556
CD8T,2.0,SDAN_18,Spectra_36,1259,1178,674,26,4,0.21231343283582088,0.004586595356466196
CD8T,2.0,SDAN_18,Spectra_37,1259,1178,674,26,4,0.18246268656716416,0.004450712454499342
CD8T,2.0,SDAN_18,Spectra_38,1259,1178,674,26,4,0.21194029850746268,0.004477903824513913
CD8T,2.0,SDAN_18,Spectra_39,1259,1178,674,26,4,0.5690298507462687,0.009916471214293322
CD8T,2.0,SDAN_19,Spectra_0,1259,1178,674,26,6,0.6155189620758483,0.012757834903565104
CD8T,2.0,SDAN_19,Spectra_1,1259,1178,674,26,6,0.5818363273453093,0.013552588319244191
CD8T,2.0,SDAN_19,Spectra_2,1259,1178,674,26,6,0.30439121756487025,0.006986302514031911
CD8T,2.0,SDAN_19,Spectra_3,1259,1178,674,26,6,0.39870259481037923,0.008428929246884565
CD8T,2.0,SDAN_19,Spectra_4,1259,1178,674,26,6,0.3146207584830339,0.007117915109992857
CD8T,2.0,SDAN_19,Spectra_5,1259,1178,674,26,6,0.49226546906187624,0.009904140724542912
CD8T,2.0,SDAN_19,Spectra_6,1259,1178,674,26,6,0.3275948103792415,0.0073442808065553025
CD8T,2.0,SDAN_19,Spectra_7,1259,1178,674,26,6,0.6714071856287425,0.018823331582423785
CD8T,2.0,SDAN_19,Spectra_8,1259,1178,674,26,6,0.3545409181636726,0.007584024195238247
CD8T,2.0,SDAN_19,Spectra_9,1259,1178,674,26,6,0.3011477045908183,0.007020257332514527
CD8T,2.0,SDAN_19,Spectra_10,1259,1178,674,26,6,0.4932634730538922,0.01024595052237179
CD8T,2.0,SDAN_19,Spectra_11,1259,1178,674,26,6,0.4214071856287425,0.008824267800585218
CD8T,2.0,SDAN_19,Spectra_12,1259,1178,674,26,6,0.3859780439121756,0.007937674810323777
CD8T,2.0,SDAN_19,Spectra_13,1259,1178,674,26,6,0.7921656686626746,0.034154342181025796
CD8T,2.0,SDAN_19,Spectra_14,1259,1178,674,26,6,0.3532934131736527,0.007614077627756289
CD8T,2.0,SDAN_19,Spectra_15,1259,1178,674,26,6,0.4757984031936128,0.009474567326481855
CD8T,2.0,SDAN_19,Spectra_16,1259,1178,674,26,6,0.3013972055888223,0.007030628158642346
CD8T,2.0,SDAN_19,Spectra_17,1259,1178,674,26,6,0.30613772455089816,0.006996785073078623
CD8T,2.0,SDAN_19,Spectra_18,1259,1178,674,26,6,0.5835828343313373,0.013307002384240284
CD8T,2.0,SDAN_19,Spectra_19,1259,1178,674,26,6,0.4241516966067864,0.009007925220349693
CD8T,2.0,SDAN_19,Spectra_20,1259,1178,674,26,6,0.3772455089820359,0.008013408665919151
CD8T,2.0,SDAN_19,Spectra_21,1259,1178,674,26,6,0.34406187624750495,0.007648096637226496
CD8T,2.0,SDAN_19,Spectra_22,1259,1178,674,26,6,0.39645708582834327,0.09001688705959168
CD8T,2.0,SDAN_19,Spectra_23,1259,1178,674,26,6,0.5291916167664671,0.010535284375862482
CD8T,2.0,SDAN_19,Spectra_24,1259,1178,674,26,6,0.28268463073852296,0.0068015238589463735
CD8T,2.0,SDAN_19,Spectra_25,1259,1178,674,26,6,0.4281437125748503,0.010177976132740896
CD8T,2.0,SDAN_19,Spectra_26,1259,1178,674,26,6,0.5269461077844311,0.013013387239563249
CD8T,2.0,SDAN_19,Spectra_27,1259,1178,674,26,6,0.3285928143712575,0.012501344321595676
CD8T,2.0,SDAN_19,Spectra_28,1259,1178,674,26,6,0.40069860279441116,0.00907245247339752
CD8T,2.0,SDAN_19,Spectra_29,1259,1178,674,26,6,0.2372754491017964,0.006414409178279965
CD8T,2.0,SDAN_19,Spectra_30,1259,1178,674,26,6,0.2771956087824351,0.006762593932744645
CD8T,2.0,SDAN_19,Spectra_31,1259,1178,674,26,6,0.44236526946107785,0.009044784618963369
CD8T,2.0,SDAN_19,Spectra_32,1259,1178,674,26,6,0.3143712574850299,0.00708146750602276
CD8T,2.0,SDAN_19,Spectra_33,1259,1178,674,26,6,0.28742514970059874,0.006884415451864329
CD8T,2.0,SDAN_19,Spectra_34,1259,1178,674,26,6,0.4957584830339321,0.014065104565840224
CD8T,2.0,SDAN_19,Spectra_35,1259,1178,674,26,6,0.2926646706586826,0.006933366643319606
CD8T,2.0,SDAN_19,Spectra_36,1259,1178,674,26,6,0.342814371257485,0.007471285644140405
CD8T,2.0,SDAN_19,Spectra_37,1259,1178,674,26,6,0.31462075848303395,0.007105743319848756
CD8T,2.0,SDAN_19,Spectra_38,1259,1178,674,26,6,0.31062874251497,0.007067935893823449
CD8T,2.0,SDAN_19,Spectra_39,1259,1178,674,26,6,0.4341317365269461,0.17408068541665933
CD8T,2.0,SDAN_20,Spectra_0,1259,1178,674,25,15,0.5120890237733939,0.025317303300314842
CD8T,2.0,SDAN_20,Spectra_1,1259,1178,674,25,15,0.4004046535154274,0.019418433751888217
CD8T,2.0,SDAN_20,Spectra_2,1259,1178,674,25,15,0.4240768841679312,0.019087655658664864
CD8T,2.0,SDAN_20,Spectra_3,1259,1178,674,25,15,0.38583712696004047,0.018686439256213445
CD8T,2.0,SDAN_20,Spectra_4,1259,1178,674,25,15,0.4451188669701568,0.021620606837991767
CD8T,2.0,SDAN_20,Spectra_5,1259,1178,674,25,15,0.6023267577137077,0.03237151562769526
CD8T,2.0,SDAN_20,Spectra_6,1259,1178,674,25,15,0.3541729893778452,0.01688929110573727
CD8T,2.0,SDAN_20,Spectra_7,1259,1178,674,25,15,0.4685887708649469,0.020473751462902028
CD8T,2.0,SDAN_20,Spectra_8,1259,1178,674,25,15,0.41962569549822964,0.030514614047545775
CD8T,2.0,SDAN_20,Spectra_9,1259,1178,674,25,15,0.5059180576631259,0.023119285803582294
CD8T,2.0,SDAN_20,Spectra_10,1259,1178,674,25,15,0.4408700050581689,0.020794696171316678
CD8T,2.0,SDAN_20,Spectra_11,1259,1178,674,25,15,0.34415781487101665,0.01690544956238493
CD8T,2.0,SDAN_20,Spectra_12,1259,1178,674,25,15,0.5035912999494183,0.04091473353368817
CD8T,2.0,SDAN_20,Spectra_13,1259,1178,674,25,15,0.540414769853313,0.025886273675458756
CD8T,2.0,SDAN_20,Spectra_14,1259,1178,674,25,15,0.3524532119372787,0.016825845296615717
CD8T,2.0,SDAN_20,Spectra_15,1259,1178,674,25,15,0.4431967627718766,0.02028254976096558
CD8T,2.0,SDAN_20,Spectra_16,1259,1178,674,25,15,0.38755690440060697,0.01783250347593837
CD8T,2.0,SDAN_20,Spectra_17,1259,1178,674,25,15,0.3104704097116843,0.016124749779075548
CD8T,2.0,SDAN_20,Spectra_18,1259,1178,674,25,15,0.543955488113303,0.024461629284241698
CD8T,2.0,SDAN_20,Spectra_19,1259,1178,674,25,15,0.4458270106221548,0.021332522526608434
CD8T,2.0,SDAN_20,Spectra_20,1259,1178,674,25,15,0.33302984319676276,0.01632906937926369
CD8T,2.0,SDAN_20,Spectra_21,1259,1178,674,25,15,0.4957005563985837,0.024823001812264565
CD8T,2.0,SDAN_20,Spectra_22,1259,1178,674,25,15,0.5196762771876581,0.025552780514365173
CD8T,2.0,SDAN_20,Spectra_23,1259,1178,674,25,15,0.48477491148204355,0.023472138306577336
CD8T,2.0,SDAN_20,Spectra_24,1259,1178,674,25,15,0.37996965098634294,0.017630681799605225
CD8T,2.0,SDAN_20,Spectra_25,1259,1178,674,25,15,0.35690440060698025,0.016922708481195044
CD8T,2.0,SDAN_20,Spectra_26,1259,1178,674,25,15,0.3931208902377339,0.018347848674624447
CD8T,2.0,SDAN_20,Spectra_27,1259,1178,674,25,15,0.46039453717754175,0.03605416299367472
CD8T,2.0,SDAN_20,Spectra_28,1259,1178,674,25,15,0.38775923115832067,0.01790770690811025
CD8T,2.0,SDAN_20,Spectra_29,1259,1178,674,25,15,0.2868993424380374,0.01548651225910449
CD8T,2.0,SDAN_20,Spectra_30,1259,1178,674,25,15,0.5618614061709661,0.027734821945605947
CD8T,2.0,SDAN_20,Spectra_31,1259,1178,674,25,15,0.35022761760242793,0.016853487951060883
CD8T,2.0,SDAN_20,Spectra_32,1259,1178,674,25,15,0.38816388467374807,0.024794378884053118
CD8T,2.0,SDAN_20,Spectra_33,1259,1178,674,25,15,0.35123925139099643,0.0171178763853427
CD8T,2.0,SDAN_20,Spectra_34,1259,1178,674,25,15,0.4743550834597875,0.02330823492798082
CD8T,2.0,SDAN_20,Spectra_35,1259,1178,674,25,15,0.5584218512898331,0.03505013524719859
CD8T,2.0,SDAN_20,Spectra_36,1259,1178,674,25,15,0.3601416287303996,0.01702210844263211
CD8T,2.0,SDAN_20,Spectra_37,1259,1178,674,25,15,0.39241274658573594,0.01799642389299138
CD8T,2.0,SDAN_20,Spectra_38,1259,1178,674,25,15,0.42984319676277194,0.019978792613322062
CD8T,2.0,SDAN_20,Spectra_39,1259,1178,674,25,15,0.3680323722812342,0.017515512691019492
CD8T,2.0,SDAN_21,Spectra_0,1259,1178,674,24,15,0.7237228123419321,0.20198207714121813
CD8T,2.0,SDAN_21,Spectra_1,1259,1178,674,24,15,0.648457258472433,0.05625410687517531
CD8T,2.0,SDAN_21,Spectra_2,1259,1178,674,24,15,0.674759736975215,0.05987072712099323
CD8T,2.0,SDAN_21,Spectra_3,1259,1178,674,24,15,0.701062215477997,0.05629612986755078
CD8T,2.0,SDAN_21,Spectra_4,1259,1178,674,24,15,0.6090035407182599,0.06028649749245278
CD8T,2.0,SDAN_21,Spectra_5,1259,1178,674,24,15,0.6503793626707133,0.08206129439560622
CD8T,2.0,SDAN_21,Spectra_6,1259,1178,674,24,15,0.5818917551846232,0.03857468253866495
CD8T,2.0,SDAN_21,Spectra_7,1259,1178,674,24,15,0.6998482549317148,0.06199802776510222
CD8T,2.0,SDAN_21,Spectra_8,1259,1178,674,24,15,0.6820435002529084,0.0837351354302428
CD8T,2.0,SDAN_21,Spectra_9,1259,1178,674,24,15,0.7074355083459788,0.044966149303356094
CD8T,2.0,SDAN_21,Spectra_10,1259,1178,674,24,15,0.6016186140617097,0.032842138967782035
CD8T,2.0,SDAN_21,Spectra_11,1259,1178,674,24,15,0.6000000000000001,0.060586815676959276
CD8T,2.0,SDAN_21,Spectra_12,1259,1178,674,24,15,0.6681841173495194,0.07592726512116915
CD8T,2.0,SDAN_21,Spectra_13,1259,1178,674,24,15,0.578553363682347,0.03520408636525246
CD8T,2.0,SDAN_21,Spectra_14,1259,1178,674,24,15,0.5749114820435003,0.028532643451123937
CD8T,2.0,SDAN_21,Spectra_15,1259,1178,674,24,15,0.5956499747091553,0.03478340454564319
CD8T,2.0,SDAN_21,Spectra_16,1259,1178,674,24,15,0.6147698533131006,0.05914914126156552
CD8T,2.0,SDAN_21,Spectra_17,1259,1178,674,24,15,0.6246838644410723,0.03897774892534602
CD8T,2.0,SDAN_21,Spectra_18,1259,1178,674,24,15,0.7405159332321699,0.08903448875027546
CD8T,2.0,SDAN_21,Spectra_19,1259,1178,674,24,15,0.6056651492159838,0.0516346918065079
CD8T,2.0,SDAN_21,Spectra_20,1259,1178,674,24,15,0.5784522003034901,0.03699383648782295
CD8T,2.0,SDAN_21,Spectra_21,1259,1178,674,24,15,0.7515427415275671,0.07481799063670574
CD8T,2.0,SDAN_21,Spectra_22,1259,1178,674,24,15,0.6471421345472939,0.059639026254317856
CD8T,2.0,SDAN_21,Spectra_23,1259,1178,674,24,15,0.4489630753667173,0.023914787525138467
CD8T,2.0,SDAN_21,Spectra_24,1259,1178,674,24,15,0.6788062721294892,0.07632570568933247
CD8T,2.0,SDAN_21,Spectra_25,1259,1178,674,24,15,0.705918057663126,0.09809789297843924
CD8T,2.0,SDAN_21,Spectra_26,1259,1178,674,24,15,0.6633282751643905,0.063827727185791
CD8T,2.0,SDAN_21,Spectra_27,1259,1178,674,24,15,0.5869499241274658,0.03353983115553777
CD8T,2.0,SDAN_21,Spectra_28,1259,1178,674,24,15,0.6604957005563985,0.06990909320791094
CD8T,2.0,SDAN_21,Spectra_29,1259,1178,674,24,15,0.5794638340920586,0.0304291149876372
CD8T,2.0,SDAN_21,Spectra_30,1259,1178,674,24,15,0.6461305007587254,0.06499658388903215
CD8T,2.0,SDAN_21,Spectra_31,1259,1178,674,24,15,0.6035407182599899,0.08446065967543823
CD8T,2.0,SDAN_21,Spectra_32,1259,1178,674,24,15,0.6418816388467374,0.034209119118945856
CD8T,2.0,SDAN_21,Spectra_33,1259,1178,674,24,15,0.5434496712190187,0.025191207404834392
CD8T,2.0,SDAN_21,Spectra_34,1259,1178,674,24,15,0.7038947900859888,0.06142101481291065
CD8T,2.0,SDAN_21,Spectra_35,1259,1178,674,24,15,0.6161861406170966,0.08156837691783769
CD8T,2.0,SDAN_21,Spectra_36,1259,1178,674,24,15,0.5722812341932221,0.029316694568082703
CD8T,2.0,SDAN_21,Spectra_37,1259,1178,674,24,15,0.6763783510369246,0.05042967042514714
CD8T,2.0,SDAN_21,Spectra_38,1259,1178,674,24,15,0.660900354071826,0.08983729826036456
CD8T,2.0,SDAN_21,Spectra_39,1259,1178,674,24,15,0.6123419322205361,0.09547050614453555
CD8T,2.0,SDAN_22,Spectra_0,1259,1178,674,26,3,0.49826130153999004,0.006337662267659316
CD8T,2.0,SDAN_22,Spectra_1,1259,1178,674,26,3,0.5697963238946845,0.015797558412159428
CD8T,2.0,SDAN_22,Spectra_2,1259,1178,674,26,3,0.48633879781420764,0.00567722426442687
CD8T,2.0,SDAN_22,Spectra_3,1259,1178,674,26,3,0.18579234972677597,0.003491580599509792
CD8T,2.0,SDAN_22,Spectra_4,1259,1178,674,26,3,0.10183805265772479,0.0032146993233219436
CD8T,2.0,SDAN_22,Spectra_5,1259,1178,674,26,3,0.40784898161947336,0.005294697763438676
CD8T,2.0,SDAN_22,Spectra_6,1259,1178,674,26,3,0.10879284649776455,0.0032254418314282773
CD8T,2.0,SDAN_22,Spectra_7,1259,1178,674,26,3,0.5727769498261301,0.0066257095014171695
CD8T,2.0,SDAN_22,Spectra_8,1259,1178,674,26,3,0.16641828117237953,0.003431399325931734
CD8T,2.0,SDAN_22,Spectra_9,1259,1178,674,26,3,0.1843020367610531,0.0034878996246839357
CD8T,2.0,SDAN_22,Spectra_10,1259,1178,674,26,3,0.46597118728266274,0.006178265995897218
CD8T,2.0,SDAN_22,Spectra_11,1259,1178,674,26,3,0.5360158966716343,0.007114413364413364
CD8T,2.0,SDAN_22,Spectra_12,1259,1178,674,26,3,0.15151515151515146,0.0033983340975028004
CD8T,2.0,SDAN_22,Spectra_13,1259,1178,674,26,3,0.698956780923994,0.03270281363916226
CD8T,2.0,SDAN_22,Spectra_14,1259,1178,674,26,3,0.1788375558867362,0.003493364181803021
CD8T,2.0,SDAN_22,Spectra_15,1259,1178,674,26,3,0.4739195230998509,0.0054224671097736115
CD8T,2.0,SDAN_22,Spectra_16,1259,1178,674,26,3,0.3561847988077496,0.005316702634601994
CD8T,2.0,SDAN_22,Spectra_17,1259,1178,674,26,3,0.11077993045206158,0.003262499197651006
CD8T,2.0,SDAN_22,Spectra_18,1259,1178,674,26,3,0.5201192250372578,0.006023969901933853
CD8T,2.0,SDAN_22,Spectra_19,1259,1178,674,26,3,0.3035270740188773,0.0043416106498699175
CD8T,2.0,SDAN_22,Spectra_20,1259,1178,674,26,3,0.2260307998012916,0.0037605268216112414
CD8T,2.0,SDAN_22,Spectra_21,1259,1178,674,26,3,0.5126676602086438,0.005920669390714891
CD8T,2.0,SDAN_22,Spectra_22,1259,1178,674,26,3,0.5479384003974168,0.009738096892037994
CD8T,2.0,SDAN_22,Spectra_23,1259,1178,674,26,3,0.6462990561351217,0.008562304662297866
CD8T,2.0,SDAN_22,Spectra_24,1259,1178,674,26,3,0.07699950322901142,0.003145655939108318
CD8T,2.0,SDAN_22,Spectra_25,1259,1178,674,26,3,0.10531544957774466,0.0032110470760777507
CD8T,2.0,SDAN_22,Spectra_26,1259,1178,674,26,3,0.1395926477893691,0.0033112905304074607
CD8T,2.0,SDAN_22,Spectra_27,1259,1178,674,26,3,0.10531544957774466,0.0032453437215341978
CD8T,2.0,SDAN_22,Spectra_28,1259,1178,674,26,3,0.14307004470938894,0.003329346370101271
CD8T,2.0,SDAN_22,Spectra_29,1259,1178,674,26,3,0.1147540983606557,0.003245439343031556
CD8T,2.0,SDAN_22,Spectra_30,1259,1178,674,26,3,0.49329359165424735,0.0064298178382857785
CD8T,2.0,SDAN_22,Spectra_31,1259,1178,674,26,3,0.12270243417784397,0.0032645200755240344
CD8T,2.0,SDAN_22,Spectra_32,1259,1178,674,26,3,0.17188276204669645,0.0034354293659670204
CD8T,2.0,SDAN_22,Spectra_33,1259,1178,674,26,3,0.18132141082960754,0.003524891442325724
CD8T,2.0,SDAN_22,Spectra_34,1259,1178,674,26,3,0.09538002980625933,0.0031986472905475936
CD8T,2.0,SDAN_22,Spectra_35,1259,1178,674,26,3,0.10978638847491301,0.0032698311656511178
CD8T,2.0,SDAN_22,Spectra_36,1259,1178,674,26,3,0.24689518132141083,0.0038101761002110515
CD8T,2.0,SDAN_22,Spectra_37,1259,1178,674,26,3,0.16045702930948832,0.003414574401753591
CD8T,2.0,SDAN_22,Spectra_38,1259,1178,674,26,3,0.12816691505216093,0.0032815153281524644
CD8T,2.0,SDAN_22,Spectra_39,1259,1178,674,26,3,0.12319920516641827,0.003296412654874725
CD8T,2.0,SDAN_23,Spectra_0,1259,1178,674,25,18,0.5345528455284553,0.029368717397716477
CD8T,2.0,SDAN_23,Spectra_1,1259,1178,674,25,18,0.5194783197831978,0.03182390260307107
CD8T,2.0,SDAN_23,Spectra_2,1259,1178,674,25,18,0.3798272357723577,0.020815202506587364
CD8T,2.0,SDAN_23,Spectra_3,1259,1178,674,25,18,0.421239837398374,0.041452742424078204
CD8T,2.0,SDAN_23,Spectra_4,1259,1178,674,25,18,0.44927168021680214,0.025641854492374813
CD8T,2.0,SDAN_23,Spectra_5,1259,1178,674,25,18,0.4872120596205962,0.02756074889318562
CD8T,2.0,SDAN_23,Spectra_6,1259,1178,674,25,18,0.5504742547425475,0.06724928781920186
CD8T,2.0,SDAN_23,Spectra_7,1259,1178,674,25,18,0.4953421409214092,0.08473338018834711
CD8T,2.0,SDAN_23,Spectra_8,1259,1178,674,25,18,0.5927337398373984,0.057258608293636735
CD8T,2.0,SDAN_23,Spectra_9,1259,1178,674,25,18,0.47908197831978316,0.025947124437029078
CD8T,2.0,SDAN_23,Spectra_10,1259,1178,674,25,18,0.5626693766937669,0.03291563874224355
CD8T,2.0,SDAN_23,Spectra_11,1259,1178,674,25,18,0.37652439024390244,0.022946044791581625
CD8T,2.0,SDAN_23,Spectra_12,1259,1178,674,25,18,0.4852642276422764,0.026964434061856384
CD8T,2.0,SDAN_23,Spectra_13,1259,1178,674,25,18,0.4585027100271003,0.024162308036306854
CD8T,2.0,SDAN_23,Spectra_14,1259,1178,674,25,18,0.5118563685636857,0.03595595733374301
CD8T,2.0,SDAN_23,Spectra_15,1259,1178,674,25,18,0.48839769647696474,0.02563532345439948
CD8T,2.0,SDAN_23,Spectra_16,1259,1178,674,25,18,0.5058434959349594,0.02694012265048501
CD8T,2.0,SDAN_23,Spectra_17,1259,1178,674,25,18,0.49839092140921404,0.027458678105668224
CD8T,2.0,SDAN_23,Spectra_18,1259,1178,674,25,18,0.47925135501355015,0.02537226141468802
CD8T,2.0,SDAN_23,Spectra_19,1259,1178,674,25,18,0.5259146341463415,0.031264326792655554
CD8T,2.0,SDAN_23,Spectra_20,1259,1178,674,25,18,0.4642615176151761,0.02733009872471774
CD8T,2.0,SDAN_23,Spectra_21,1259,1178,674,25,18,0.5697831978319783,0.03080448705746431
CD8T,2.0,SDAN_23,Spectra_22,1259,1178,674,25,18,0.47704945799457993,0.03189619575811105
CD8T,2.0,SDAN_23,Spectra_23,1259,1178,674,25,18,0.4927168021680217,0.0266350584916469
CD8T,2.0,SDAN_23,Spectra_24,1259,1178,674,25,18,0.5892615176151761,0.03613471663752428
CD8T,2.0,SDAN_23,Spectra_25,1259,1178,674,25,18,0.6144986449864499,0.06060102427181232
CD8T,2.0,SDAN_23,Spectra_26,1259,1178,674,25,18,0.3672933604336043,0.025722658991494736
CD8T,2.0,SDAN_23,Spectra_27,1259,1178,674,25,18,0.5764735772357724,0.03254652198676737
CD8T,2.0,SDAN_23,Spectra_28,1259,1178,674,25,18,0.5413279132791329,0.09356354305057044
CD8T,2.0,SDAN_23,Spectra_29,1259,1178,674,25,18,0.3482384823848238,0.01987678612679569
CD8T,2.0,SDAN_23,Spectra_30,1259,1178,674,25,18,0.5757960704607046,0.03635984355865071
CD8T,2.0,SDAN_23,Spectra_31,1259,1178,674,25,18,0.5118563685636857,0.029889403235360837
CD8T,2.0,SDAN_23,Spectra_32,1259,1178,674,25,18,0.5504742547425474,0.04578180807795441
CD8T,2.0,SDAN_23,Spectra_33,1259,1178,674,25,18,0.46019647696476956,0.02442919032127977
CD8T,2.0,SDAN_23,Spectra_34,1259,1178,674,25,18,0.4310636856368564,0.023114287039777994
CD8T,2.0,SDAN_23,Spectra_35,1259,1178,674,25,18,0.48179200542005424,0.035895629515067
CD8T,2.0,SDAN_23,Spectra_36,1259,1178,674,25,18,0.3700880758807588,0.02106360102974062
CD8T,2.0,SDAN_23,Spectra_37,1259,1178,674,25,18,0.37305216802168023,0.022563249680615738
CD8T,2.0,SDAN_23,Spectra_38,1259,1178,674,25,18,0.47493224932249317,0.025167688437793774
CD8T,2.0,SDAN_23,Spectra_39,1259,1178,674,25,18,0.39405487804878053,0.02222844555085922
CD8T,2.0,SDAN_24,Spectra_0,1259,1178,674,26,9,0.4671679197994987,0.013408733559098735
CD8T,2.0,SDAN_24,Spectra_1,1259,1178,674,26,9,0.5137844611528821,0.03943632772779697
CD8T,2.0,SDAN_24,Spectra_2,1259,1178,674,26,9,0.26332497911445274,0.009408934021095215
CD8T,2.0,SDAN_24,Spectra_3,1259,1178,674,26,9,0.28554720133667505,0.009644248428557867
CD8T,2.0,SDAN_24,Spectra_4,1259,1178,674,26,9,0.26867167919799495,0.00941850432458417
CD8T,2.0,SDAN_24,Spectra_5,1259,1178,674,26,9,0.5151211361737678,0.014932984200523792
CD8T,2.0,SDAN_24,Spectra_6,1259,1178,674,26,9,0.4820384294068505,0.025336097153727033
CD8T,2.0,SDAN_24,Spectra_7,1259,1178,674,26,9,0.5535505430242272,0.03503010144230419
CD8T,2.0,SDAN_24,Spectra_8,1259,1178,674,26,9,0.29390142021720966,0.009740265004317301
CD8T,2.0,SDAN_24,Spectra_9,1259,1178,674,26,9,0.2417710944026733,0.009223320857265953
CD8T,2.0,SDAN_24,Spectra_10,1259,1178,674,26,9,0.4619883040935673,0.016229014474924988
CD8T,2.0,SDAN_24,Spectra_11,1259,1178,674,26,9,0.27769423558897244,0.009635725753839815
CD8T,2.0,SDAN_24,Spectra_12,1259,1178,674,26,9,0.49690893901420213,0.0697515688194974
CD8T,2.0,SDAN_24,Spectra_13,1259,1178,674,26,9,0.6940685045948204,0.07390258731912944
CD8T,2.0,SDAN_24,Spectra_14,1259,1178,674,26,9,0.28287385129490394,0.009654437003811479
CD8T,2.0,SDAN_24,Spectra_15,1259,1178,674,26,9,0.19415204678362571,0.008625761602436591
CD8T,2.0,SDAN_24,Spectra_16,1259,1178,674,26,9,0.27903091060985796,0.009791524641127466
CD8T,2.0,SDAN_24,Spectra_17,1259,1178,674,26,9,0.3782790309106099,0.012019871070200111
CD8T,2.0,SDAN_24,Spectra_18,1259,1178,674,26,9,0.5243107769423558,0.014529942463168886
CD8T,2.0,SDAN_24,Spectra_19,1259,1178,674,26,9,0.23141186299081037,0.00896408850418813
CD8T,2.0,SDAN_24,Spectra_20,1259,1178,674,26,9,0.420718462823726,0.012751830729582692
CD8T,2.0,SDAN_24,Spectra_21,1259,1178,674,26,9,0.3156223893065998,0.01061390636138769
CD8T,2.0,SDAN_24,Spectra_22,1259,1178,674,26,9,0.3732664995822891,0.011564680571996541
CD8T,2.0,SDAN_24,Spectra_23,1259,1178,674,26,9,0.46365914786967416,0.014201680859516673
CD8T,2.0,SDAN_24,Spectra_24,1259,1178,674,26,9,0.20852130325814536,0.008791181988414984
CD8T,2.0,SDAN_24,Spectra_25,1259,1178,674,26,9,0.3639097744360902,0.016933462636050146
CD8T,2.0,SDAN_24,Spectra_26,1259,1178,674,26,9,0.29306599832915625,0.009752454706961374
CD8T,2.0,SDAN_24,Spectra_27,1259,1178,674,26,9,0.30008354218880534,0.010626033184822147
CD8T,2.0,SDAN_24,Spectra_28,1259,1178,674,26,9,0.3172932330827068,0.010068202978941794
CD8T,2.0,SDAN_24,Spectra_29,1259,1178,674,26,9,0.17092731829573934,0.008442172607729177
CD8T,2.0,SDAN_24,Spectra_30,1259,1178,674,26,9,0.3856307435254803,0.011812642699045368
CD8T,2.0,SDAN_24,Spectra_31,1259,1178,674,26,9,0.4432748538011696,0.014563747170514646
CD8T,2.0,SDAN_24,Spectra_32,1259,1178,674,26,9,0.2601503759398496,0.009302963694947028
CD8T,2.0,SDAN_24,Spectra_33,1259,1178,674,26,9,0.187468671679198,0.00861124175334487
CD8T,2.0,SDAN_24,Spectra_34,1259,1178,674,26,9,0.3136173767752715,0.010950767541265609
CD8T,2.0,SDAN_24,Spectra_35,1259,1178,674,26,9,0.4227234753550543,0.012589465668718183
CD8T,2.0,SDAN_24,Spectra_36,1259,1178,674,26,9,0.2910609857978279,0.009744928434154303
CD8T,2.0,SDAN_24,Spectra_37,1259,1178,674,26,9,0.22690058479532163,0.008914083723481373
CD8T,2.0,SDAN_24,Spectra_38,1259,1178,674,26,9,0.4050125313283208,0.012359458525009713
CD8T,2.0,SDAN_24,Spectra_39,1259,1178,674,26,9,0.283375104427736,0.009663487207644898
CD8T,2.0,SDAN_25,Spectra_0,1259,1178,674,25,11,0.38872891814068283,0.014193382117209137
CD8T,2.0,SDAN_25,Spectra_1,1259,1178,674,25,11,0.45509392568216095,0.01558147721374676
CD8T,2.0,SDAN_25,Spectra_2,1259,1178,674,25,11,0.5978335390100096,0.05121941275250383
CD8T,2.0,SDAN_25,Spectra_3,1259,1178,674,25,11,0.6252570958453312,0.029307177182437718
CD8T,2.0,SDAN_25,Spectra_4,1259,1178,674,25,11,0.42739613327848625,0.01447733226505949
CD8T,2.0,SDAN_25,Spectra_5,1259,1178,674,25,11,0.42136295077471553,0.01569237289248319
CD8T,2.0,SDAN_25,Spectra_6,1259,1178,674,25,11,0.4962292609351433,0.017157609150256586
CD8T,2.0,SDAN_25,Spectra_7,1259,1178,674,25,11,0.43274372686137397,0.020115657476430262
CD8T,2.0,SDAN_25,Spectra_8,1259,1178,674,25,11,0.4412450294803236,0.015034160082105865
CD8T,2.0,SDAN_25,Spectra_9,1259,1178,674,25,11,0.3739201974496092,0.013357403168414687
CD8T,2.0,SDAN_25,Spectra_10,1259,1178,674,25,11,0.44988344988344986,0.015418409383738625
CD8T,2.0,SDAN_25,Spectra_11,1259,1178,674,25,11,0.3802276155217331,0.013289630593078352
CD8T,2.0,SDAN_25,Spectra_12,1259,1178,674,25,11,0.560263266145619,0.019524184043784035
CD8T,2.0,SDAN_25,Spectra_13,1259,1178,674,25,11,0.6558343617167146,0.025767659404681308
CD8T,2.0,SDAN_25,Spectra_14,1259,1178,674,25,11,0.548745372274784,0.020578539214513657
CD8T,2.0,SDAN_25,Spectra_15,1259,1178,674,25,11,0.5395584807349514,0.023486257809706968
CD8T,2.0,SDAN_25,Spectra_16,1259,1178,674,25,11,0.636500754147813,0.04357470487600566
CD8T,2.0,SDAN_25,Spectra_17,1259,1178,674,25,11,0.5560126148361443,0.026344628380467385
CD8T,2.0,SDAN_25,Spectra_18,1259,1178,674,25,11,0.4356232003290827,0.016454438515849525
CD8T,2.0,SDAN_25,Spectra_19,1259,1178,674,25,11,0.4083367612779377,0.013895968656584937
CD8T,2.0,SDAN_25,Spectra_20,1259,1178,674,25,11,0.4574249280131633,0.015850672083637808
CD8T,2.0,SDAN_25,Spectra_21,1259,1178,674,25,11,0.6329356917592212,0.1499477578491186
CD8T,2.0,SDAN_25,Spectra_22,1259,1178,674,25,11,0.5383244206773619,0.018910923728201745
CD8T,2.0,SDAN_25,Spectra_23,1259,1178,674,25,11,0.44864938982586045,0.015976315500878184
CD8T,2.0,SDAN_25,Spectra_24,1259,1178,674,25,11,0.4430275606746195,0.014860119651062384
CD8T,2.0,SDAN_25,Spectra_25,1259,1178,674,25,11,0.49348690525161115,0.01817330809528623
CD8T,2.0,SDAN_25,Spectra_26,1259,1178,674,25,11,0.41999177293294937,0.015083610256376216
CD8T,2.0,SDAN_25,Spectra_27,1259,1178,674,25,11,0.3500617030028795,0.013608017282168365
CD8T,2.0,SDAN_25,Spectra_28,1259,1178,674,25,11,0.4741532976827094,0.01592516658117633
CD8T,2.0,SDAN_25,Spectra_29,1259,1178,674,25,11,0.4585218702865762,0.016412925135335238
CD8T,2.0,SDAN_25,Spectra_30,1259,1178,674,25,11,0.4693541752365282,0.02123883665880215
CD8T,2.0,SDAN_25,Spectra_31,1259,1178,674,25,11,0.5619086795557384,0.021837577874800305
CD8T,2.0,SDAN_25,Spectra_32,1259,1178,674,25,11,0.5625942684766214,0.032560425178231156
CD8T,2.0,SDAN_25,Spectra_33,1259,1178,674,25,11,0.4936240230357878,0.016753813087561874
CD8T,2.0,SDAN_25,Spectra_34,1259,1178,674,25,11,0.4230083641848348,0.01429768038646125
CD8T,2.0,SDAN_25,Spectra_35,1259,1178,674,25,11,0.537913067324832,0.018410767286658386
CD8T,2.0,SDAN_25,Spectra_36,1259,1178,674,25,11,0.5052790346907994,0.01741240398451179
CD8T,2.0,SDAN_25,Spectra_37,1259,1178,674,25,11,0.5838475250239956,0.02325809034045799
CD8T,2.0,SDAN_25,Spectra_38,1259,1178,674,25,11,0.4504319210201563,0.01504340763862019
CD8T,2.0,SDAN_25,Spectra_39,1259,1178,674,25,11,0.46222405045934456,0.015690721012035173
CD8T,2.0,SDAN_26,Spectra_0,1259,1178,674,25,8,0.7423048048048049,0.05793730771938906
CD8T,2.0,SDAN_26,Spectra_1,1259,1178,674,25,8,0.506006006006006,0.01317688235253886
CD8T,2.0,SDAN_26,Spectra_2,1259,1178,674,25,8,0.5412912912912913,0.015162255322274432
CD8T,2.0,SDAN_26,Spectra_3,1259,1178,674,25,8,0.5037537537537538,0.012566767862379934
CD8T,2.0,SDAN_26,Spectra_4,1259,1178,674,25,8,0.40146396396396394,0.0103312961918041
CD8T,2.0,SDAN_26,Spectra_5,1259,1178,674,25,8,0.615427927927928,0.01832169730737873
CD8T,2.0,SDAN_26,Spectra_6,1259,1178,674,25,8,0.4513888888888889,0.011569755688636784
CD8T,2.0,SDAN_26,Spectra_7,1259,1178,674,25,8,0.4692192192192192,0.01195953294046085
CD8T,2.0,SDAN_26,Spectra_8,1259,1178,674,25,8,0.45608108108108114,0.011482497188904036
CD8T,2.0,SDAN_26,Spectra_9,1259,1178,674,25,8,0.3262012012012012,0.009477722564517914
CD8T,2.0,SDAN_26,Spectra_10,1259,1178,674,25,8,0.36204954954954954,0.010371065168456248
CD8T,2.0,SDAN_26,Spectra_11,1259,1178,674,25,8,0.28772522522522526,0.008728344074107892
CD8T,2.0,SDAN_26,Spectra_12,1259,1178,674,25,8,0.4894894894894895,0.012372624981853276
CD8T,2.0,SDAN_26,Spectra_13,1259,1178,674,25,8,0.6420795795795795,0.02382214506454146
CD8T,2.0,SDAN_26,Spectra_14,1259,1178,674,25,8,0.5583708708708709,0.014395198086669479
CD8T,2.0,SDAN_26,Spectra_15,1259,1178,674,25,8,0.5591216216216216,0.01833507623233656
CD8T,2.0,SDAN_26,Spectra_16,1259,1178,674,25,8,0.4682807807807808,0.013043472502048948
CD8T,2.0,SDAN_26,Spectra_17,1259,1178,674,25,8,0.5328453453453453,0.016571575702168453
CD8T,2.0,SDAN_26,Spectra_18,1259,1178,674,25,8,0.6606606606606606,0.02052269090932967
CD8T,2.0,SDAN_26,Spectra_19,1259,1178,674,25,8,0.44650900900900903,0.011390655525736367
CD8T,2.0,SDAN_26,Spectra_20,1259,1178,674,25,8,0.5197072072072072,0.012945407656522946
CD8T,2.0,SDAN_26,Spectra_21,1259,1178,674,25,8,0.48686186186186187,0.01286399601939707
CD8T,2.0,SDAN_26,Spectra_22,1259,1178,674,25,8,0.44481981981981983,0.0112197799217067
CD8T,2.0,SDAN_26,Spectra_23,1259,1178,674,25,8,0.18168168168168164,0.007685340625981616
CD8T,2.0,SDAN_26,Spectra_24,1259,1178,674,25,8,0.6052927927927928,0.02073059827984906
CD8T,2.0,SDAN_26,Spectra_25,1259,1178,674,25,8,0.585960960960961,0.024269877102530764
CD8T,2.0,SDAN_26,Spectra_26,1259,1178,674,25,8,0.49793543543543545,0.012623934839878951
CD8T,2.0,SDAN_26,Spectra_27,1259,1178,674,25,8,0.6659159159159159,0.028215004718584874
CD8T,2.0,SDAN_26,Spectra_28,1259,1178,674,25,8,0.5230855855855856,0.013106973346821149
CD8T,2.0,SDAN_26,Spectra_29,1259,1178,674,25,8,0.25731981981981983,0.008504421528267116
CD8T,2.0,SDAN_26,Spectra_30,1259,1178,674,25,8,0.4108483483483484,0.011298815563731582
CD8T,2.0,SDAN_26,Spectra_31,1259,1178,674,25,8,0.5007507507507507,0.012490576031080575
CD8T,2.0,SDAN_26,Spectra_32,1259,1178,674,25,8,0.4271771771771772,0.010935046012665232
CD8T,2.0,SDAN_26,Spectra_33,1259,1178,674,25,8,0.2997372372372372,0.008887360868476463
CD8T,2.0,SDAN_26,Spectra_34,1259,1178,674,25,8,0.6437687687687688,0.018573049637710542
CD8T,2.0,SDAN_26,Spectra_35,1259,1178,674,25,8,0.5330330330330331,0.013311186377527134
CD8T,2.0,SDAN_26,Spectra_36,1259,1178,674,25,8,0.48855105105105107,0.012105681818927433
CD8T,2.0,SDAN_26,Spectra_37,1259,1178,674,25,8,0.33108108108108114,0.009426200920287266
CD8T,2.0,SDAN_26,Spectra_38,1259,1178,674,25,8,0.607545045045045,0.02037681796129242
CD8T,2.0,SDAN_26,Spectra_39,1259,1178,674,25,8,0.7077702702702702,0.02614559010479449
CD8T,2.0,SDAN_27,Spectra_0,1259,1178,674,26,3,0.34028812717337303,0.0044437209120429845
CD8T,2.0,SDAN_27,Spectra_1,1259,1178,674,26,3,0.10879284649776455,0.0032138818925110447
CD8T,2.0,SDAN_27,Spectra_2,1259,1178,674,26,3,0.22454048683556882,0.0036669975612233464
CD8T,2.0,SDAN_27,Spectra_3,1259,1178,674,26,3,0.13710879284649774,0.00330501534155317
CD8T,2.0,SDAN_27,Spectra_4,1259,1178,674,26,3,0.25931445603576747,0.004238785792828629
CD8T,2.0,SDAN_27,Spectra_5,1259,1178,674,26,3,0.6010928961748634,0.007322672500868587
CD8T,2.0,SDAN_27,Spectra_6,1259,1178,674,26,3,0.3025335320417288,0.004342926426087782
CD8T,2.0,SDAN_27,Spectra_7,1259,1178,674,26,3,0.5131644311972181,0.005847069597069597
CD8T,2.0,SDAN_27,Spectra_8,1259,1178,674,26,3,0.37655240933929457,0.0049963314822283784
CD8T,2.0,SDAN_27,Spectra_9,1259,1178,674,26,3,0.19175360158966714,0.003562440678775083
CD8T,2.0,SDAN_27,Spectra_10,1259,1178,674,26,3,0.4669647292598112,0.005342960557396929
CD8T,2.0,SDAN_27,Spectra_11,1259,1178,674,26,3,0.4093392945851962,0.0052079185449480534
CD8T,2.0,SDAN_27,Spectra_12,1259,1178,674,26,3,0.09438648782911081,0.0031829087594421913
CD8T,2.0,SDAN_27,Spectra_13,1259,1178,674,26,3,0.8430203676105315,0.0941400832177531
CD8T,2.0,SDAN_27,Spectra_14,1259,1178,674,26,3,0.3989071038251366,0.06939148987042605
CD8T,2.0,SDAN_27,Spectra_15,1259,1178,674,26,3,0.24888226527570786,0.0037982172399610064
CD8T,2.0,SDAN_27,Spectra_16,1259,1178,674,26,3,0.3790362642821659,0.004608353357186445
CD8T,2.0,SDAN_27,Spectra_17,1259,1178,674,26,3,0.41877794336810725,0.023683894078630918
CD8T,2.0,SDAN_27,Spectra_18,1259,1178,674,26,3,0.3015399900645802,0.0040685499458920065
CD8T,2.0,SDAN_27,Spectra_19,1259,1178,674,26,3,0.1142573273720815,0.0032573944405567727
CD8T,2.0,SDAN_27,Spectra_20,1259,1178,674,26,3,0.12965722801788374,0.003287155382519184
CD8T,2.0,SDAN_27,Spectra_21,1259,1178,674,26,3,0.7252856433184303,0.010318896386157883
CD8T,2.0,SDAN_27,Spectra_22,1259,1178,674,26,3,0.3204172876304024,0.0069400733509789305
CD8T,2.0,SDAN_27,Spectra_23,1259,1178,674,26,3,0.7913561847988078,0.016567460317460318
CD8T,2.0,SDAN_27,Spectra_24,1259,1178,674,26,3,0.353204172876304,0.004693944260760599
CD8T,2.0,SDAN_27,Spectra_25,1259,1178,674,26,3,0.16790859413810236,0.003421976769584292
CD8T,2.0,SDAN_27,Spectra_26,1259,1178,674,26,3,0.21510183805265776,0.003687280342909482
CD8T,2.0,SDAN_27,Spectra_27,1259,1178,674,26,3,0.12270243417784402,0.0032866486855501935
CD8T,2.0,SDAN_27,Spectra_28,1259,1178,674,26,3,0.08991554893194238,0.0032042665317941485
CD8T,2.0,SDAN_27,Spectra_29,1259,1178,674,26,3,0.09488325881768503,0.0031712476379114375
CD8T,2.0,SDAN_27,Spectra_30,1259,1178,674,26,3,0.42722305017386986,0.010076596846595565
CD8T,2.0,SDAN_27,Spectra_31,1259,1178,674,26,3,0.37804272230501734,0.006319255577082645
CD8T,2.0,SDAN_27,Spectra_32,1259,1178,674,26,3,0.14754098360655735,0.003341494529413177
CD8T,2.0,SDAN_27,Spectra_33,1259,1178,674,26,3,0.1569796323894684,0.0033878142351928086
CD8T,2.0,SDAN_27,Spectra_34,1259,1178,674,26,3,0.21410829607550913,0.0036104867674730014
CD8T,2.0,SDAN_27,Spectra_35,1259,1178,674,26,3,0.21162444113263784,0.0036483753190583697
CD8T,2.0,SDAN_27,Spectra_36,1259,1178,674,26,3,0.14654744162940883,0.003338418991776524
CD8T,2.0,SDAN_27,Spectra_37,1259,1178,674,26,3,0.15250869349230003,0.0033642922459354322
CD8T,2.0,SDAN_27,Spectra_38,1259,1178,674,26,3,0.09339294585196223,0.0031929442561901672
CD8T,2.0,SDAN_27,Spectra_39,1259,1178,674,26,3,0.11227024341778438,0.0032249410374896085
CD8T,2.0,SDAN_28,Spectra_0,1259,1178,674,23,18,0.6299119241192411,0.03611090894480648
CD8T,2.0,SDAN_28,Spectra_1,1259,1178,674,23,18,0.6301659891598916,0.036464919584889635
CD8T,2.0,SDAN_28,Spectra_2,1259,1178,674,23,18,0.565379403794038,0.036557285442758575
CD8T,2.0,SDAN_28,Spectra_3,1259,1178,674,23,18,0.5623306233062331,0.030910292694340764
CD8T,2.0,SDAN_28,Spectra_4,1259,1178,674,23,18,0.5811314363143631,0.03162596971338044
CD8T,2.0,SDAN_28,Spectra_5,1259,1178,674,23,18,0.578760162601626,0.031771973827098766
CD8T,2.0,SDAN_28,Spectra_6,1259,1178,674,23,18,0.6023035230352303,0.035922474936900345
CD8T,2.0,SDAN_28,Spectra_7,1259,1178,674,23,18,0.4885670731707317,0.03708888975120021
CD8T,2.0,SDAN_28,Spectra_8,1259,1178,674,23,18,0.5842649051490515,0.031116647101095875
CD8T,2.0,SDAN_28,Spectra_9,1259,1178,674,23,18,0.49991531165311653,0.027201580525164526
CD8T,2.0,SDAN_28,Spectra_10,1259,1178,674,23,18,0.555809620596206,0.03204292768392836
CD8T,2.0,SDAN_28,Spectra_11,1259,1178,674,23,18,0.7705792682926829,0.06998197117146397
CD8T,2.0,SDAN_28,Spectra_12,1259,1178,674,23,18,0.5470020325203252,0.029893315777746482
CD8T,2.0,SDAN_28,Spectra_13,1259,1178,674,23,18,0.5158367208672087,0.028596808508664712
CD8T,2.0,SDAN_28,Spectra_14,1259,1178,674,23,18,0.5958672086720866,0.0379476991085622
CD8T,2.0,SDAN_28,Spectra_15,1259,1178,674,23,18,0.6596375338753387,0.0653596623798171
CD8T,2.0,SDAN_28,Spectra_16,1259,1178,674,23,18,0.5750338753387534,0.032623012192946846
CD8T,2.0,SDAN_28,Spectra_17,1259,1178,674,23,18,0.6583672086720866,0.05956488471459128
CD8T,2.0,SDAN_28,Spectra_18,1259,1178,674,23,18,0.6111957994579945,0.03444436519656759
CD8T,2.0,SDAN_28,Spectra_19,1259,1178,674,23,18,0.5168529810298103,0.030749612747456103
CD8T,2.0,SDAN_28,Spectra_20,1259,1178,674,23,18,0.6931741192411924,0.07798878601568031
CD8T,2.0,SDAN_28,Spectra_21,1259,1178,674,23,18,0.5274390243902439,0.029424753785748024
CD8T,2.0,SDAN_28,Spectra_22,1259,1178,674,23,18,0.615599593495935,0.03640723047144794
CD8T,2.0,SDAN_28,Spectra_23,1259,1178,674,23,18,0.49856029810298097,0.026004655465329866
CD8T,2.0,SDAN_28,Spectra_24,1259,1178,674,23,18,0.5414126016260161,0.029427499183064084
CD8T,2.0,SDAN_28,Spectra_25,1259,1178,674,23,18,0.6886009485094851,0.05512676749822224
CD8T,2.0,SDAN_28,Spectra_26,1259,1178,674,23,18,0.603150406504065,0.03798086027661887
CD8T,2.0,SDAN_28,Spectra_27,1259,1178,674,23,18,0.714769647696477,0.05257443817153888
CD8T,2.0,SDAN_28,Spectra_28,1259,1178,674,23,18,0.6483739837398375,0.06569431831735105
CD8T,2.0,SDAN_28,Spectra_29,1259,1178,674,23,18,0.6481199186991871,0.03941887579282995
CD8T,2.0,SDAN_28,Spectra_30,1259,1178,674,23,18,0.6219512195121951,0.05016092716798237
CD8T,2.0,SDAN_28,Spectra_31,1259,1178,674,23,18,0.6571815718157181,0.05893137440374781
CD8T,2.0,SDAN_28,Spectra_32,1259,1178,674,23,18,0.4933943089430894,0.025607038987215315
CD8T,2.0,SDAN_28,Spectra_33,1259,1178,674,23,18,0.6136517615176151,0.03604376068607978
CD8T,2.0,SDAN_28,Spectra_34,1259,1178,674,23,18,0.6462567750677506,0.05616270197246925
CD8T,2.0,SDAN_28,Spectra_35,1259,1178,674,23,18,0.7267107046070461,0.07492567585842588
CD8T,2.0,SDAN_28,Spectra_36,1259,1178,674,23,18,0.6902947154471544,0.05899253384948381
CD8T,2.0,SDAN_28,Spectra_37,1259,1178,674,23,18,0.5598746612466124,0.03062403382136461
CD8T,2.0,SDAN_28,Spectra_38,1259,1178,674,23,18,0.5943428184281843,0.03508406934983459
CD8T,2.0,SDAN_28,Spectra_39,1259,1178,674,23,18,0.6079776422764228,0.034513915516347256
CD8T,2.0,SDAN_29,Spectra_0,1259,1178,674,26,9,0.48554720133667495,0.01602886855228381
CD8T,2.0,SDAN_29,Spectra_1,1259,1178,674,26,9,0.31211361737677523,0.010256445499322954
CD8T,2.0,SDAN_29,Spectra_2,1259,1178,674,26,9,0.2071846282372598,0.008802520762243863
CD8T,2.0,SDAN_29,Spectra_3,1259,1178,674,26,9,0.2984126984126984,0.011137902664800081
CD8T,2.0,SDAN_29,Spectra_4,1259,1178,674,26,9,0.3774436090225564,0.015394366153779735
CD8T,2.0,SDAN_29,Spectra_5,1259,1178,674,26,9,0.514954051796157,0.017031925911146405
CD8T,2.0,SDAN_29,Spectra_6,1259,1178,674,26,9,0.3004177109440267,0.011696908093099994
CD8T,2.0,SDAN_29,Spectra_7,1259,1178,674,26,9,0.5440267335004176,0.016415662825674894
CD8T,2.0,SDAN_29,Spectra_8,1259,1178,674,26,9,0.2571428571428571,0.009369819109354884
CD8T,2.0,SDAN_29,Spectra_9,1259,1178,674,26,9,0.2805346700083542,0.009615205641971894
CD8T,2.0,SDAN_29,Spectra_10,1259,1178,674,26,9,0.4624895572263993,0.021640756821267856
CD8T,2.0,SDAN_29,Spectra_11,1259,1178,674,26,9,0.4213868003341688,0.016477824473306688
CD8T,2.0,SDAN_29,Spectra_12,1259,1178,674,26,9,0.2683375104427736,0.009945194609946254
CD8T,2.0,SDAN_29,Spectra_13,1259,1178,674,26,9,0.7316624895572265,0.1554199526409114
CD8T,2.0,SDAN_29,Spectra_14,1259,1178,674,26,9,0.2900584795321637,0.010450573063294992
CD8T,2.0,SDAN_29,Spectra_15,1259,1178,674,26,9,0.3659147869674185,0.012785209662466194
CD8T,2.0,SDAN_29,Spectra_16,1259,1178,674,26,9,0.5274853801169591,0.015011195848943136
CD8T,2.0,SDAN_29,Spectra_17,1259,1178,674,26,9,0.2913951545530493,0.011363783208147262
CD8T,2.0,SDAN_29,Spectra_18,1259,1178,674,26,9,0.47719298245614034,0.013732420159366949
CD8T,2.0,SDAN_29,Spectra_19,1259,1178,674,26,9,0.4280701754385965,0.014272414986156678
CD8T,2.0,SDAN_29,Spectra_20,1259,1178,674,26,9,0.29657477025898077,0.009955086128206916
CD8T,2.0,SDAN_29,Spectra_21,1259,1178,674,26,9,0.31060985797827906,0.010160940919152886
CD8T,2.0,SDAN_29,Spectra_22,1259,1178,674,26,9,0.23575605680868836,0.009175783036890461
CD8T,2.0,SDAN_29,Spectra_23,1259,1178,674,26,9,0.2023391812865497,0.008676439996540726
CD8T,2.0,SDAN_29,Spectra_24,1259,1178,674,26,9,0.2934001670843776,0.011050102256191551
CD8T,2.0,SDAN_29,Spectra_25,1259,1178,674,26,9,0.24394319131161235,0.011082319865707933
CD8T,2.0,SDAN_29,Spectra_26,1259,1178,674,26,9,0.3162907268170426,0.012068376469066288
CD8T,2.0,SDAN_29,Spectra_27,1259,1178,674,26,9,0.22506265664160402,0.008899523144588155
CD8T,2.0,SDAN_29,Spectra_28,1259,1178,674,26,9,0.23909774436090223,0.00914096146350869
CD8T,2.0,SDAN_29,Spectra_29,1259,1178,674,26,9,0.23575605680868836,0.00908141152556682
CD8T,2.0,SDAN_29,Spectra_30,1259,1178,674,26,9,0.3680868838763576,0.010986727727947834
CD8T,2.0,SDAN_29,Spectra_31,1259,1178,674,26,9,0.23074352548036756,0.008978146266608224
CD8T,2.0,SDAN_29,Spectra_32,1259,1178,674,26,9,0.2895572263993316,0.030914191241238214
CD8T,2.0,SDAN_29,Spectra_33,1259,1178,674,26,9,0.32096908939014207,0.01018530470403082
CD8T,2.0,SDAN_29,Spectra_34,1259,1178,674,26,9,0.2868838763575606,0.010415437370573962
CD8T,2.0,SDAN_29,Spectra_35,1259,1178,674,26,9,0.389640768588137,0.01270081100223183
CD8T,2.0,SDAN_29,Spectra_36,1259,1178,674,26,9,0.2935672514619883,0.009782539868854714
CD8T,2.0,SDAN_29,Spectra_37,1259,1178,674,26,9,0.25680868838763576,0.009326130329256305
CD8T,2.0,SDAN_29,Spectra_38,1259,1178,674,26,9,0.25898078529657476,0.00933677558498098
CD8T,2.0,SDAN_29,Spectra_39,1259,1178,674,26,9,0.347702589807853,0.012302561893546575
CD8T,2.0,SDAN_30,Spectra_0,1259,1178,674,25,13,0.5286861398812988,0.022031386327011078
CD8T,2.0,SDAN_30,Spectra_1,1259,1178,674,25,13,0.4480391015943209,0.017999540305379057
CD8T,2.0,SDAN_30,Spectra_2,1259,1178,674,25,13,0.4729430932154079,0.01816488067198143
CD8T,2.0,SDAN_30,Spectra_3,1259,1178,674,25,13,0.4210403817060398,0.020513838405815863
CD8T,2.0,SDAN_30,Spectra_4,1259,1178,674,25,13,0.36122425229838245,0.014973767741991679
CD8T,2.0,SDAN_30,Spectra_5,1259,1178,674,25,13,0.31013615733736766,0.013992110166395367
CD8T,2.0,SDAN_30,Spectra_6,1259,1178,674,25,13,0.25683696031653674,0.01291010827774528
CD8T,2.0,SDAN_30,Spectra_7,1259,1178,674,25,13,0.295473059467008,0.01362836880385695
CD8T,2.0,SDAN_30,Spectra_8,1259,1178,674,25,13,0.3537763295705807,0.015015118186500327
CD8T,2.0,SDAN_30,Spectra_9,1259,1178,674,25,13,0.29268008844408244,0.013628144414493537
CD8T,2.0,SDAN_30,Spectra_10,1259,1178,674,25,13,0.2711509368090306,0.013119128575621142
CD8T,2.0,SDAN_30,Spectra_11,1259,1178,674,25,13,0.3187478179913884,0.015381491548339753
CD8T,2.0,SDAN_30,Spectra_12,1259,1178,674,25,13,0.4494355871057838,0.020271260766048196
CD8T,2.0,SDAN_30,Spectra_13,1259,1178,674,25,13,0.5883858954963342,0.025022448653688197
CD8T,2.0,SDAN_30,Spectra_14,1259,1178,674,25,13,0.29745141394158037,0.013602369985509203
CD8T,2.0,SDAN_30,Spectra_15,1259,1178,674,25,13,0.4474572326312115,0.020973521266175296
CD8T,2.0,SDAN_30,Spectra_16,1259,1178,674,25,13,0.234027696962644,0.012605546555770201
CD8T,2.0,SDAN_30,Spectra_17,1259,1178,674,25,13,0.33655300826253925,0.014684689573057956
CD8T,2.0,SDAN_30,Spectra_18,1259,1178,674,25,13,0.8726870708716398,0.15454895626844803
CD8T,2.0,SDAN_30,Spectra_19,1259,1178,674,25,13,0.2504364017223321,0.012848339943407599
CD8T,2.0,SDAN_30,Spectra_20,1259,1178,674,25,13,0.315605725590597,0.013954214677021702
CD8T,2.0,SDAN_30,Spectra_21,1259,1178,674,25,13,0.3288723379494938,0.014538159965846356
CD8T,2.0,SDAN_30,Spectra_22,1259,1178,674,25,13,0.39171418596532065,0.01591411842289979
CD8T,2.0,SDAN_30,Spectra_23,1259,1178,674,25,13,0.1431397649249389,0.011494674841656885
CD8T,2.0,SDAN_30,Spectra_24,1259,1178,674,25,13,0.2645176306295822,0.013564265284244788
CD8T,2.0,SDAN_30,Spectra_25,1259,1178,674,25,13,0.3136273711160247,0.014037427385531678
CD8T,2.0,SDAN_30,Spectra_26,1259,1178,674,25,13,0.3530780868148493,0.014994530478837264
CD8T,2.0,SDAN_30,Spectra_27,1259,1178,674,25,13,0.2697544512975678,0.013127431257587578
CD8T,2.0,SDAN_30,Spectra_28,1259,1178,674,25,13,0.28034446642616084,0.01326699840092533
CD8T,2.0,SDAN_30,Spectra_29,1259,1178,674,25,13,0.28907250087280345,0.013494680104448584
CD8T,2.0,SDAN_30,Spectra_30,1259,1178,674,25,13,0.4459443733271268,0.01754588893695928
CD8T,2.0,SDAN_30,Spectra_31,1259,1178,674,25,13,0.27685325264750377,0.013215732350257015
CD8T,2.0,SDAN_30,Spectra_32,1259,1178,674,25,13,0.34132433376003724,0.014600087489045096
CD8T,2.0,SDAN_30,Spectra_33,1259,1178,674,25,13,0.3416734551379029,0.014663615645464714
CD8T,2.0,SDAN_30,Spectra_34,1259,1178,674,25,13,0.3294542069126033,0.01432822213808473
CD8T,2.0,SDAN_30,Spectra_35,1259,1178,674,25,13,0.35936227161643197,0.014902714413296098
CD8T,2.0,SDAN_30,Spectra_36,1259,1178,674,25,13,0.341673455137903,0.014512482417883076
CD8T,2.0,SDAN_30,Spectra_37,1259,1178,674,25,13,0.35540556266728734,0.014853095625019446
CD8T,2.0,SDAN_30,Spectra_38,1259,1178,674,25,13,0.28546491330152446,0.01351097055542888
CD8T,2.0,SDAN_30,Spectra_39,1259,1178,674,25,13,0.5783777493308506,0.025253236409109512
CD8T,2.0,SDAN_31,Spectra_0,1259,1178,674,24,15,0.2797167425392008,0.015426128960207041
CD8T,2.0,SDAN_31,Spectra_1,1259,1178,674,24,15,0.4534142640364188,0.02198378120093291
CD8T,2.0,SDAN_31,Spectra_2,1259,1178,674,24,15,0.4658573596358119,0.02497206747390353
CD8T,2.0,SDAN_31,Spectra_3,1259,1178,674,24,15,0.2891249367728882,0.016231170847528027
CD8T,2.0,SDAN_31,Spectra_4,1259,1178,674,24,15,0.40900354071826,0.02008943627507351
CD8T,2.0,SDAN_31,Spectra_5,1259,1178,674,24,15,0.45655032878098134,0.15209037117458038
CD8T,2.0,SDAN_31,Spectra_6,1259,1178,674,24,15,0.4,0.02044567735204914
CD8T,2.0,SDAN_31,Spectra_7,1259,1178,674,24,15,0.356398583712696,0.017280594286076076
CD8T,2.0,SDAN_31,Spectra_8,1259,1178,674,24,15,0.37420333839150227,0.019559641589063786
CD8T,2.0,SDAN_31,Spectra_9,1259,1178,674,24,15,0.33555892766818407,0.017702004892472138
CD8T,2.0,SDAN_31,Spectra_10,1259,1178,674,24,15,0.32058674759736977,0.016086821025758764
CD8T,2.0,SDAN_31,Spectra_11,1259,1178,674,24,15,0.42498735457764286,0.01945603042245751
CD8T,2.0,SDAN_31,Spectra_12,1259,1178,674,24,15,0.40910470409711686,0.020079186407409983
CD8T,2.0,SDAN_31,Spectra_13,1259,1178,674,24,15,0.516337885685382,0.03065852985712027
CD8T,2.0,SDAN_31,Spectra_14,1259,1178,674,24,15,0.38634294385432477,0.08561984381943878
CD8T,2.0,SDAN_31,Spectra_15,1259,1178,674,24,15,0.4639352554375316,0.022607611737539984
CD8T,2.0,SDAN_31,Spectra_16,1259,1178,674,24,15,0.6800202326757714,0.03959336919090542
CD8T,2.0,SDAN_31,Spectra_17,1259,1178,674,24,15,0.41406170966110273,0.0205326152865869
CD8T,2.0,SDAN_31,Spectra_18,1259,1178,674,24,15,0.43318158826504805,0.025537107956145357
CD8T,2.0,SDAN_31,Spectra_19,1259,1178,674,24,15,0.42134547293879615,0.02018477655985792
CD8T,2.0,SDAN_31,Spectra_20,1259,1178,674,24,15,0.35852301466868997,0.019126114158918642
CD8T,2.0,SDAN_31,Spectra_21,1259,1178,674,24,15,0.3184623166413758,0.015966147726331058
CD8T,2.0,SDAN_31,Spectra_22,1259,1178,674,24,15,0.3943348507840162,0.020597853865446894
CD8T,2.0,SDAN_31,Spectra_23,1259,1178,674,24,15,0.29802731411229133,0.015573017619813893
CD8T,2.0,SDAN_31,Spectra_24,1259,1178,674,24,15,0.4072837632776935,0.019472743570851277
CD8T,2.0,SDAN_31,Spectra_25,1259,1178,674,24,15,0.3100657561962569,0.016555963416684208
CD8T,2.0,SDAN_31,Spectra_26,1259,1178,674,24,15,0.28507840161861414,0.015262358449856161
CD8T,2.0,SDAN_31,Spectra_27,1259,1178,674,24,15,0.3974709155285786,0.019041487921577744
CD8T,2.0,SDAN_31,Spectra_28,1259,1178,674,24,15,0.3378856853818918,0.01897664262685896
CD8T,2.0,SDAN_31,Spectra_29,1259,1178,674,24,15,0.4539200809307031,0.022801685884581757
CD8T,2.0,SDAN_31,Spectra_30,1259,1178,674,24,15,0.4675771370763783,0.02305557109056334
CD8T,2.0,SDAN_31,Spectra_31,1259,1178,674,24,15,0.36702073849266564,0.018297994853656054
CD8T,2.0,SDAN_31,Spectra_32,1259,1178,674,24,15,0.34011127971674254,0.017932700246051515
CD8T,2.0,SDAN_31,Spectra_33,1259,1178,674,24,15,0.45847243297926155,0.020668866435432323
CD8T,2.0,SDAN_31,Spectra_34,1259,1178,674,24,15,0.344663631765301,0.017295134988759307
CD8T,2.0,SDAN_31,Spectra_35,1259,1178,674,24,15,0.4992412746585736,0.02503048115021052
CD8T,2.0,SDAN_31,Spectra_36,1259,1178,674,24,15,0.3867475973697521,0.022978855942399866
CD8T,2.0,SDAN_31,Spectra_37,1259,1178,674,24,15,0.30500758725341426,0.01589022113090549
CD8T,2.0,SDAN_31,Spectra_38,1259,1178,674,24,15,0.42802225594334853,0.020801949362226423
CD8T,2.0,SDAN_31,Spectra_39,1259,1178,674,24,15,0.2646433990895296,0.01530329376006312
CD8T,2.0,SDAN_32,Spectra_0,1259,1178,674,25,10,0.5959337349397591,0.022268888445262945
CD8T,2.0,SDAN_32,Spectra_1,1259,1178,674,25,10,0.3746987951807229,0.012163365491112955
CD8T,2.0,SDAN_32,Spectra_2,1259,1178,674,25,10,0.28554216867469884,0.011201246634171238
CD8T,2.0,SDAN_32,Spectra_3,1259,1178,674,25,10,0.3545180722891566,0.011672694037486359
CD8T,2.0,SDAN_32,Spectra_4,1259,1178,674,25,10,0.3421686746987952,0.011629418688998198
CD8T,2.0,SDAN_32,Spectra_5,1259,1178,674,25,10,0.23810240963855425,0.01007020137601233
CD8T,2.0,SDAN_32,Spectra_6,1259,1178,674,25,10,0.3658132530120482,0.012013002002527185
CD8T,2.0,SDAN_32,Spectra_7,1259,1178,674,25,10,0.6225903614457832,0.021824420313616488
CD8T,2.0,SDAN_32,Spectra_8,1259,1178,674,25,10,0.2787650602409638,0.010544250862455737
CD8T,2.0,SDAN_32,Spectra_9,1259,1178,674,25,10,0.2840361445783133,0.010662646098865228
CD8T,2.0,SDAN_32,Spectra_10,1259,1178,674,25,10,0.44081325301204816,0.014712299818630196
CD8T,2.0,SDAN_32,Spectra_11,1259,1178,674,25,10,0.40210843373493976,0.024014013887658954
CD8T,2.0,SDAN_32,Spectra_12,1259,1178,674,25,10,0.4266566265060241,0.013395027836045664
CD8T,2.0,SDAN_32,Spectra_13,1259,1178,674,25,10,0.8225903614457832,0.04666083766422409
CD8T,2.0,SDAN_32,Spectra_14,1259,1178,674,25,10,0.35240963855421686,0.011665129475543348
CD8T,2.0,SDAN_32,Spectra_15,1259,1178,674,25,10,0.41656626506024097,0.015073001188037304
CD8T,2.0,SDAN_32,Spectra_16,1259,1178,674,25,10,0.6960843373493977,0.03444497642573225
CD8T,2.0,SDAN_32,Spectra_17,1259,1178,674,25,10,0.3656626506024096,0.013922803679348464
CD8T,2.0,SDAN_32,Spectra_18,1259,1178,674,25,10,0.4954819277108434,0.020693482858468573
CD8T,2.0,SDAN_32,Spectra_19,1259,1178,674,25,10,0.5653614457831325,0.02714479636103697
CD8T,2.0,SDAN_32,Spectra_20,1259,1178,674,25,10,0.3689759036144578,0.012099662287965975
CD8T,2.0,SDAN_32,Spectra_21,1259,1178,674,25,10,0.45331325301204817,0.01465361995692678
CD8T,2.0,SDAN_32,Spectra_22,1259,1178,674,25,10,0.5751506024096387,0.0196537689348984
CD8T,2.0,SDAN_32,Spectra_23,1259,1178,674,25,10,0.38177710843373486,0.012446465000679897
CD8T,2.0,SDAN_32,Spectra_24,1259,1178,674,25,10,0.31822289156626504,0.011129161673420087
CD8T,2.0,SDAN_32,Spectra_25,1259,1178,674,25,10,0.3262048192771084,0.011218289007387857
CD8T,2.0,SDAN_32,Spectra_26,1259,1178,674,25,10,0.28795180722891567,0.01058067734604759
CD8T,2.0,SDAN_32,Spectra_27,1259,1178,674,25,10,0.27515060240963857,0.015433256850005265
CD8T,2.0,SDAN_32,Spectra_28,1259,1178,674,25,10,0.31656626506024094,0.01109076605215347
CD8T,2.0,SDAN_32,Spectra_29,1259,1178,674,25,10,0.32319277108433736,0.016478674140067928
CD8T,2.0,SDAN_32,Spectra_30,1259,1178,674,25,10,0.457078313253012,0.04706835591950362
CD8T,2.0,SDAN_32,Spectra_31,1259,1178,674,25,10,0.31114457831325304,0.010974783136204449
CD8T,2.0,SDAN_32,Spectra_32,1259,1178,674,25,10,0.32710843373493975,0.011179784467798368
CD8T,2.0,SDAN_32,Spectra_33,1259,1178,674,25,10,0.3591867469879518,0.011789893888720504
CD8T,2.0,SDAN_32,Spectra_34,1259,1178,674,25,10,0.35451807228915666,0.01179647672472106
CD8T,2.0,SDAN_32,Spectra_35,1259,1178,674,25,10,0.42530120481927713,0.013958723692728919
CD8T,2.0,SDAN_32,Spectra_36,1259,1178,674,25,10,0.35406626506024097,0.01176379772631732
CD8T,2.0,SDAN_32,Spectra_37,1259,1178,674,25,10,0.44984939759036147,0.014133270748957276
CD8T,2.0,SDAN_32,Spectra_38,1259,1178,674,25,10,0.3730421686746988,0.015801047381943024
CD8T,2.0,SDAN_32,Spectra_39,1259,1178,674,25,10,0.3921686746987952,0.022811814053872455
CD8T,2.0,SDAN_33,Spectra_0,1259,1178,674,24,19,0.47987143431096824,0.03335244244623142
CD8T,2.0,SDAN_33,Spectra_1,1259,1178,674,24,19,0.5625552430695058,0.03916972506476531
CD8T,2.0,SDAN_33,Spectra_2,1259,1178,674,24,19,0.4565689031739654,0.02545542825302096
CD8T,2.0,SDAN_33,Spectra_3,1259,1178,674,24,19,0.6864604258738448,0.07303254043828548
CD8T,2.0,SDAN_33,Spectra_4,1259,1178,674,24,19,0.5857774206508638,0.03638266827324265
CD8T,2.0,SDAN_33,Spectra_5,1259,1178,674,24,19,0.5122539172358377,0.030557794458732593
CD8T,2.0,SDAN_33,Spectra_6,1259,1178,674,24,19,0.5995982322217758,0.04599349673593445
CD8T,2.0,SDAN_33,Spectra_7,1259,1178,674,24,19,0.647488951386099,0.051478542429285845
CD8T,2.0,SDAN_33,Spectra_8,1259,1178,674,24,19,0.591562876657292,0.03886242503349181
CD8T,2.0,SDAN_33,Spectra_9,1259,1178,674,24,19,0.4497388509441543,0.026640078636859837
CD8T,2.0,SDAN_33,Spectra_10,1259,1178,674,24,19,0.5437525110486139,0.03157238231212008
CD8T,2.0,SDAN_33,Spectra_11,1259,1178,674,24,19,0.580715146645239,0.04455953538273712
CD8T,2.0,SDAN_33,Spectra_12,1259,1178,674,24,19,0.46910405785456005,0.025576176681390696
CD8T,2.0,SDAN_33,Spectra_13,1259,1178,674,24,19,0.5231820008035356,0.028566770399303543
CD8T,2.0,SDAN_33,Spectra_14,1259,1178,674,24,19,0.6354359180393733,0.0491016344697065
CD8T,2.0,SDAN_33,Spectra_15,1259,1178,674,24,19,0.5987946966653275,0.03886795410819991
CD8T,2.0,SDAN_33,Spectra_16,1259,1178,674,24,19,0.6981116914423464,0.051449588136963605
CD8T,2.0,SDAN_33,Spectra_17,1259,1178,674,24,19,0.6293290478103656,0.09248733219143132
CD8T,2.0,SDAN_33,Spectra_18,1259,1178,674,24,19,0.5926878264363198,0.04062207176893913
CD8T,2.0,SDAN_33,Spectra_19,1259,1178,674,24,19,0.4515869827239855,0.025338467061542035
CD8T,2.0,SDAN_33,Spectra_20,1259,1178,674,24,19,0.5756528726396143,0.03705325591431141
CD8T,2.0,SDAN_33,Spectra_21,1259,1178,674,24,19,0.535797509039775,0.030841501557498333
CD8T,2.0,SDAN_33,Spectra_22,1259,1178,674,24,19,0.5266372036962635,0.029065042856060857
CD8T,2.0,SDAN_33,Spectra_23,1259,1178,674,24,19,0.444435516271595,0.02469714312230918
CD8T,2.0,SDAN_33,Spectra_24,1259,1178,674,24,19,0.5368421052631579,0.02979918515846017
CD8T,2.0,SDAN_33,Spectra_25,1259,1178,674,24,19,0.5895540377661712,0.04226089645845141
CD8T,2.0,SDAN_33,Spectra_26,1259,1178,674,24,19,0.6788268380875854,0.06942166006136476
CD8T,2.0,SDAN_33,Spectra_27,1259,1178,674,24,19,0.512575331458417,0.02831067679363491
CD8T,2.0,SDAN_33,Spectra_28,1259,1178,674,24,19,0.6724789071916433,0.05822882793007296
CD8T,2.0,SDAN_33,Spectra_29,1259,1178,674,24,19,0.5193250301325834,0.028679201870106846
CD8T,2.0,SDAN_33,Spectra_30,1259,1178,674,24,19,0.6229007633587786,0.06037943024570565
CD8T,2.0,SDAN_33,Spectra_31,1259,1178,674,24,19,0.6452390518280433,0.09795329124254916
CD8T,2.0,SDAN_33,Spectra_32,1259,1178,674,24,19,0.5991964644435517,0.04050204618565704
CD8T,2.0,SDAN_33,Spectra_33,1259,1178,674,24,19,0.4462836480514263,0.026394484211714444
CD8T,2.0,SDAN_33,Spectra_34,1259,1178,674,24,19,0.512093210124548,0.032001709015183705
CD8T,2.0,SDAN_33,Spectra_35,1259,1178,674,24,19,0.5695460024106067,0.03644690388849406
CD8T,2.0,SDAN_33,Spectra_36,1259,1178,674,24,19,0.521494576134994,0.030523661958868832
CD8T,2.0,SDAN_33,Spectra_37,1259,1178,674,24,19,0.5884290879871434,0.037994239382906025
CD8T,2.0,SDAN_33,Spectra_38,1259,1178,674,24,19,0.5949377259943752,0.03777187018738114
CD8T,2.0,SDAN_33,Spectra_39,1259,1178,674,24,19,0.5141824025713138,0.03071034751507333
CD8T,2.0,SDAN_34,Spectra_0,1259,1178,674,26,5,0.4478325859491779,0.013016058179877131
CD8T,2.0,SDAN_34,Spectra_1,1259,1178,674,26,5,0.4391629297458894,0.007507044596016519
CD8T,2.0,SDAN_34,Spectra_2,1259,1178,674,26,5,0.2272047832585949,0.00545019837131154
CD8T,2.0,SDAN_34,Spectra_3,1259,1178,674,26,5,0.40597907324364724,0.007748384890249482
CD8T,2.0,SDAN_34,Spectra_4,1259,1178,674,26,5,0.3832585949177878,0.006858045113970723
CD8T,2.0,SDAN_34,Spectra_5,1259,1178,674,26,5,0.2499252615844544,0.005679908724089015
CD8T,2.0,SDAN_34,Spectra_6,1259,1178,674,26,5,0.33183856502242154,0.00641971011548638
CD8T,2.0,SDAN_34,Spectra_7,1259,1178,674,26,5,0.688490284005979,0.05653227445480967
CD8T,2.0,SDAN_34,Spectra_8,1259,1178,674,26,5,0.32286995515695066,0.006481441306696166
CD8T,2.0,SDAN_34,Spectra_9,1259,1178,674,26,5,0.20298953662182362,0.005421394123705422
CD8T,2.0,SDAN_34,Spectra_10,1259,1178,674,26,5,0.2221225710014948,0.005425393838731229
CD8T,2.0,SDAN_34,Spectra_11,1259,1178,674,26,5,0.32825112107623317,0.006562060904777302
CD8T,2.0,SDAN_34,Spectra_12,1259,1178,674,26,5,0.295067264573991,0.006012617653105028
CD8T,2.0,SDAN_34,Spectra_13,1259,1178,674,26,5,0.9434977578475336,0.26360696517412935
CD8T,2.0,SDAN_34,Spectra_14,1259,1178,674,26,5,0.40508221225710017,0.00761888153422054
CD8T,2.0,SDAN_34,Spectra_15,1259,1178,674,26,5,0.1306427503736921,0.004964242950172563
CD8T,2.0,SDAN_34,Spectra_16,1259,1178,674,26,5,0.39880418535127055,0.011981431865609867
CD8T,2.0,SDAN_34,Spectra_17,1259,1178,674,26,5,0.4131539611360239,0.007520042207347567
CD8T,2.0,SDAN_34,Spectra_18,1259,1178,674,26,5,0.19820627802690582,0.005278722602910564
CD8T,2.0,SDAN_34,Spectra_19,1259,1178,674,26,5,0.2544095665171898,0.005712953963229483
CD8T,2.0,SDAN_34,Spectra_20,1259,1178,674,26,5,0.4056801195814649,0.007528358234631648
CD8T,2.0,SDAN_34,Spectra_21,1259,1178,674,26,5,0.23348281016442454,0.005994331228578701
CD8T,2.0,SDAN_34,Spectra_22,1259,1178,674,26,5,0.4920777279521674,0.009889075054118533
CD8T,2.0,SDAN_34,Spectra_23,1259,1178,674,26,5,0.33841554559043346,0.007337001386132689
CD8T,2.0,SDAN_34,Spectra_24,1259,1178,674,26,5,0.2953662182361734,0.005948431487219206
CD8T,2.0,SDAN_34,Spectra_25,1259,1178,674,26,5,0.31330343796711513,0.006148700488640896
CD8T,2.0,SDAN_34,Spectra_26,1259,1178,674,26,5,0.4298953662182362,0.008253552744392278
CD8T,2.0,SDAN_34,Spectra_27,1259,1178,674,26,5,0.3273542600896861,0.009067782890777266
CD8T,2.0,SDAN_34,Spectra_28,1259,1178,674,26,5,0.35754857997010464,0.006668230825058
CD8T,2.0,SDAN_34,Spectra_29,1259,1178,674,26,5,0.2603886397608371,0.005754954244309945
CD8T,2.0,SDAN_34,Spectra_30,1259,1178,674,26,5,0.19282511210762332,0.005277968483434856
CD8T,2.0,SDAN_34,Spectra_31,1259,1178,674,26,5,0.347085201793722,0.006605694945525417
CD8T,2.0,SDAN_34,Spectra_32,1259,1178,674,26,5,0.38983557548579967,0.007181098371514488
CD8T,2.0,SDAN_34,Spectra_33,1259,1178,674,26,5,0.333034379671151,0.00632089431060058
CD8T,2.0,SDAN_34,Spectra_34,1259,1178,674,26,5,0.29865470852017945,0.006288023267893307
CD8T,2.0,SDAN_34,Spectra_35,1259,1178,674,26,5,0.30433482810164425,0.006195517441646738
CD8T,2.0,SDAN_34,Spectra_36,1259,1178,674,26,5,0.45739910313901344,0.008853058729599995
CD8T,2.0,SDAN_34,Spectra_37,1259,1178,674,26,5,0.39701046337817636,0.007200422871435338
CD8T,2.0,SDAN_34,Spectra_38,1259,1178,674,26,5,0.2878923766816144,0.00592198652148167
CD8T,2.0,SDAN_34,Spectra_39,1259,1178,674,26,5,0.3533632286995516,0.006630567420265051
CD8T,2.0,SDAN_35,Spectra_0,1259,1178,674,24,11,0.4470039764157411,0.015592448842197707
CD8T,2.0,SDAN_35,Spectra_1,1259,1178,674,24,11,0.6063348416289592,0.022096399627714296
CD8T,2.0,SDAN_35,Spectra_2,1259,1178,674,24,11,0.6835321541203894,0.0336877392625637
CD8T,2.0,SDAN_35,Spectra_3,1259,1178,674,24,11,0.49485808309337725,0.01734164251870044
CD8T,2.0,SDAN_35,Spectra_4,1259,1178,674,24,11,0.5100781571369806,0.02010167507955079
CD8T,2.0,SDAN_35,Spectra_5,1259,1178,674,24,11,0.5299602358425888,0.018394705530428157
CD8T,2.0,SDAN_35,Spectra_6,1259,1178,674,24,11,0.4127245303715892,0.014115378794545294
CD8T,2.0,SDAN_35,Spectra_7,1259,1178,674,24,11,0.31619361031125737,0.012048928039368138
CD8T,2.0,SDAN_35,Spectra_8,1259,1178,674,24,11,0.47113670643082406,0.01750689459403717
CD8T,2.0,SDAN_35,Spectra_9,1259,1178,674,24,11,0.3637734814205403,0.013277672310999161
CD8T,2.0,SDAN_35,Spectra_10,1259,1178,674,24,11,0.3325106266282737,0.012478462691695391
CD8T,2.0,SDAN_35,Spectra_11,1259,1178,674,24,11,0.48704236939531054,0.018966630452433
CD8T,2.0,SDAN_35,Spectra_12,1259,1178,674,24,11,0.44933497874674344,0.015478520487763497
CD8T,2.0,SDAN_35,Spectra_13,1259,1178,674,24,11,0.7228849581790758,0.030859381199674907
CD8T,2.0,SDAN_35,Spectra_14,1259,1178,674,24,11,0.483065953654189,0.018573438373884768
CD8T,2.0,SDAN_35,Spectra_15,1259,1178,674,24,11,0.4969148498560263,0.01671861711203583
CD8T,2.0,SDAN_35,Spectra_16,1259,1178,674,24,11,0.3918826271767448,0.01698763908257727
CD8T,2.0,SDAN_35,Spectra_17,1259,1178,674,24,11,0.5398327163033045,0.026365143340217324
CD8T,2.0,SDAN_35,Spectra_18,1259,1178,674,24,11,0.7592211709858769,0.07520424709398962
CD8T,2.0,SDAN_35,Spectra_19,1259,1178,674,24,11,0.43726861373920195,0.014846375318927511
CD8T,2.0,SDAN_35,Spectra_20,1259,1178,674,24,11,0.4816947758124229,0.016564848215952874
CD8T,2.0,SDAN_35,Spectra_21,1259,1178,674,24,11,0.4182092417386535,0.01421942557865126
CD8T,2.0,SDAN_35,Spectra_22,1259,1178,674,24,11,0.5311942959001783,0.01957176444715189
CD8T,2.0,SDAN_35,Spectra_23,1259,1178,674,24,11,0.46880570409982175,0.016423971073483624
CD8T,2.0,SDAN_35,Spectra_24,1259,1178,674,24,11,0.42122583299053884,0.01443907764105272
CD8T,2.0,SDAN_35,Spectra_25,1259,1178,674,24,11,0.43342931578225696,0.014658190065249816
CD8T,2.0,SDAN_35,Spectra_26,1259,1178,674,24,11,0.4646921705745235,0.016050777598525447
CD8T,2.0,SDAN_35,Spectra_27,1259,1178,674,24,11,0.36185383244206776,0.014293474969776947
CD8T,2.0,SDAN_35,Spectra_28,1259,1178,674,24,11,0.44645550527903466,0.015701692975088416
CD8T,2.0,SDAN_35,Spectra_29,1259,1178,674,24,11,0.30371589195118603,0.011874426863289895
CD8T,2.0,SDAN_35,Spectra_30,1259,1178,674,24,11,0.4424790895379131,0.01841350664615759
CD8T,2.0,SDAN_35,Spectra_31,1259,1178,674,24,11,0.4585218702865761,0.018460830204029614
CD8T,2.0,SDAN_35,Spectra_32,1259,1178,674,24,11,0.44247908953791304,0.015247741684554212
CD8T,2.0,SDAN_35,Spectra_33,1259,1178,674,24,11,0.32483203071438366,0.012251826266512231
CD8T,2.0,SDAN_35,Spectra_34,1259,1178,674,24,11,0.45934457699163583,0.0157430787648637
CD8T,2.0,SDAN_35,Spectra_35,1259,1178,674,24,11,0.4638694638694639,0.015508623602874642
CD8T,2.0,SDAN_35,Spectra_36,1259,1178,674,24,11,0.4626354038118744,0.018436500220988
CD8T,2.0,SDAN_35,Spectra_37,1259,1178,674,24,11,0.3842040312628548,0.013388078581976891
CD8T,2.0,SDAN_35,Spectra_38,1259,1178,674,24,11,0.48224324694912934,0.018534607259857422
CD8T,2.0,SDAN_35,Spectra_39,1259,1178,674,24,11,0.558892088303853,0.019015816913358824
CD8T,2.0,SDAN_36,Spectra_0,1259,1178,674,25,11,0.5880981763334705,0.033256682202945614
CD8T,2.0,SDAN_36,Spectra_1,1259,1178,674,25,11,0.3467708761826409,0.012749022716547381
CD8T,2.0,SDAN_36,Spectra_2,1259,1178,674,25,11,0.3474564651035239,0.013169230946598713
CD8T,2.0,SDAN_36,Spectra_3,1259,1178,674,25,11,0.4576991635815165,0.016218606651402748
CD8T,2.0,SDAN_36,Spectra_4,1259,1178,674,25,11,0.4571506924448101,0.015261578497822748
CD8T,2.0,SDAN_36,Spectra_5,1259,1178,674,25,11,0.3574660633484163,0.012859064003934856
CD8T,2.0,SDAN_36,Spectra_6,1259,1178,674,25,11,0.4951323186617304,0.10916778582236757
CD8T,2.0,SDAN_36,Spectra_7,1259,1178,674,25,11,0.513094748388866,0.02870355204341584
CD8T,2.0,SDAN_36,Spectra_8,1259,1178,674,25,11,0.49856026326614555,0.016799027189541384
CD8T,2.0,SDAN_36,Spectra_9,1259,1178,674,25,11,0.3898258604140957,0.013513139284600026
CD8T,2.0,SDAN_36,Spectra_10,1259,1178,674,25,11,0.5453174276703688,0.019707782818447428
CD8T,2.0,SDAN_36,Spectra_11,1259,1178,674,25,11,0.43178390237213765,0.014875547970236935
CD8T,2.0,SDAN_36,Spectra_12,1259,1178,674,25,11,0.46907993966817496,0.01676635939510223
CD8T,2.0,SDAN_36,Spectra_13,1259,1178,674,25,11,0.6883312765665707,0.03921409587313312
CD8T,2.0,SDAN_36,Spectra_14,1259,1178,674,25,11,0.5684903331962156,0.024620170957948606
CD8T,2.0,SDAN_36,Spectra_15,1259,1178,674,25,11,0.5595776772247361,0.023205052685404192
CD8T,2.0,SDAN_36,Spectra_16,1259,1178,674,25,11,0.5558754970519677,0.03298602557910633
CD8T,2.0,SDAN_36,Spectra_17,1259,1178,674,25,11,0.4034005210475799,0.015281218730667063
CD8T,2.0,SDAN_36,Spectra_18,1259,1178,674,25,11,0.3600713012477718,0.013075874666128098
CD8T,2.0,SDAN_36,Spectra_19,1259,1178,674,25,11,0.5949540655423009,0.07224294193874362
CD8T,2.0,SDAN_36,Spectra_20,1259,1178,674,25,11,0.49856026326614566,0.0331969771023295
CD8T,2.0,SDAN_36,Spectra_21,1259,1178,674,25,11,0.38694638694638694,0.017011777502926588
CD8T,2.0,SDAN_36,Spectra_22,1259,1178,674,25,11,0.44398738516385583,0.014960892919114212
CD8T,2.0,SDAN_36,Spectra_23,1259,1178,674,25,11,0.6352666940902235,0.03799874816819874
CD8T,2.0,SDAN_36,Spectra_24,1259,1178,674,25,11,0.43754284930755516,0.0156709927103741
CD8T,2.0,SDAN_36,Spectra_25,1259,1178,674,25,11,0.5503907856849033,0.026574671900231835
CD8T,2.0,SDAN_36,Spectra_26,1259,1178,674,25,11,0.4770327711504182,0.016352484464634668
CD8T,2.0,SDAN_36,Spectra_27,1259,1178,674,25,11,0.5362676539147126,0.11150729617901808
CD8T,2.0,SDAN_36,Spectra_28,1259,1178,674,25,11,0.5102152749211573,0.02503974181118651
CD8T,2.0,SDAN_36,Spectra_29,1259,1178,674,25,11,0.47867818456053746,0.019135603573321187
CD8T,2.0,SDAN_36,Spectra_30,1259,1178,674,25,11,0.3314136843548608,0.012642727736685982
CD8T,2.0,SDAN_36,Spectra_31,1259,1178,674,25,11,0.4430275606746195,0.015011348879330874
CD8T,2.0,SDAN_36,Spectra_32,1259,1178,674,25,11,0.4494720965309201,0.015185540242812597
CD8T,2.0,SDAN_36,Spectra_33,1259,1178,674,25,11,0.4597559303441656,0.017325510187462326
CD8T,2.0,SDAN_36,Spectra_34,1259,1178,674,25,11,0.5266694090223502,0.01811216660267393
CD8T,2.0,SDAN_36,Spectra_35,1259,1178,674,25,11,0.3672014260249554,0.014547266041360956
CD8T,2.0,SDAN_36,Spectra_36,1259,1178,674,25,11,0.3980529274646921,0.014104717118184548
CD8T,2.0,SDAN_36,Spectra_37,1259,1178,674,25,11,0.46428081722199366,0.01936923860839481
CD8T,2.0,SDAN_36,Spectra_38,1259,1178,674,25,11,0.3684354860825449,0.013026172557208442
CD8T,2.0,SDAN_36,Spectra_39,1259,1178,674,25,11,0.43411490470314,0.014515646396236691
CD8T,2.0,SDAN_37,Spectra_0,1259,1178,674,23,16,0.40700987841945285,0.021433486702286952
CD8T,2.0,SDAN_37,Spectra_1,1259,1178,674,23,16,0.5606003039513678,0.0381972845197788
CD8T,2.0,SDAN_37,Spectra_2,1259,1178,674,23,16,0.3281724924012158,0.017540877817469585
CD8T,2.0,SDAN_37,Spectra_3,1259,1178,674,23,16,0.5301101823708207,0.02905422850025469
CD8T,2.0,SDAN_37,Spectra_4,1259,1178,674,23,16,0.4684650455927052,0.022112679112105953
CD8T,2.0,SDAN_37,Spectra_5,1259,1178,674,23,16,0.567629179331307,0.02834362821784555
CD8T,2.0,SDAN_37,Spectra_6,1259,1178,674,23,16,0.4877469604863222,0.03168041401207658
CD8T,2.0,SDAN_37,Spectra_7,1259,1178,674,23,16,0.6298442249240122,0.04659230915908906
CD8T,2.0,SDAN_37,Spectra_8,1259,1178,674,23,16,0.5387537993920972,0.03242918147330296
CD8T,2.0,SDAN_37,Spectra_9,1259,1178,674,23,16,0.45222264437689963,0.0218718256120891
CD8T,2.0,SDAN_37,Spectra_10,1259,1178,674,23,16,0.46751519756838905,0.02227143455777167
CD8T,2.0,SDAN_37,Spectra_11,1259,1178,674,23,16,0.42135258358662614,0.020016595122959
CD8T,2.0,SDAN_37,Spectra_12,1259,1178,674,23,16,0.4651405775075988,0.02463799497309846
CD8T,2.0,SDAN_37,Spectra_13,1259,1178,674,23,16,0.534669452887538,0.030029025959578882
CD8T,2.0,SDAN_37,Spectra_14,1259,1178,674,23,16,0.5462575987841944,0.04365753160149488
CD8T,2.0,SDAN_37,Spectra_15,1259,1178,674,23,16,0.33995060790273557,0.0183099011878959
CD8T,2.0,SDAN_37,Spectra_16,1259,1178,674,23,16,0.515862462006079,0.11863448713372071
CD8T,2.0,SDAN_37,Spectra_17,1259,1178,674,23,16,0.4561170212765957,0.025727137364138584
CD8T,2.0,SDAN_37,Spectra_18,1259,1178,674,23,16,0.42923632218844987,0.022214605073066933
CD8T,2.0,SDAN_37,Spectra_19,1259,1178,674,23,16,0.38402355623100304,0.018844324320670774
CD8T,2.0,SDAN_37,Spectra_20,1259,1178,674,23,16,0.5298252279635258,0.026726641400256844
CD8T,2.0,SDAN_37,Spectra_21,1259,1178,674,23,16,0.43901975683890576,0.020859753717411868
CD8T,2.0,SDAN_37,Spectra_22,1259,1178,674,23,16,0.4908814589665654,0.024326177032722194
CD8T,2.0,SDAN_37,Spectra_23,1259,1178,674,23,16,0.5155775075987843,0.024846001744867514
CD8T,2.0,SDAN_37,Spectra_24,1259,1178,674,23,16,0.5371390577507599,0.026532812499257666
CD8T,2.0,SDAN_37,Spectra_25,1259,1178,674,23,16,0.44842325227963525,0.020919760511131626
CD8T,2.0,SDAN_37,Spectra_26,1259,1178,674,23,16,0.4593465045592705,0.02194718588803516
CD8T,2.0,SDAN_37,Spectra_27,1259,1178,674,23,16,0.36597644376899696,0.018377282148913644
CD8T,2.0,SDAN_37,Spectra_28,1259,1178,674,23,16,0.5237462006079028,0.02526461714103241
CD8T,2.0,SDAN_37,Spectra_29,1259,1178,674,23,16,0.42296732522796354,0.02098855334289073
CD8T,2.0,SDAN_37,Spectra_30,1259,1178,674,23,16,0.38677811550151975,0.018986607750111514
CD8T,2.0,SDAN_37,Spectra_31,1259,1178,674,23,16,0.5203267477203647,0.02922923431835854
CD8T,2.0,SDAN_37,Spectra_32,1259,1178,674,23,16,0.4773936170212766,0.023550420727071978
CD8T,2.0,SDAN_37,Spectra_33,1259,1178,674,23,16,0.40634498480243164,0.020721192499745023
CD8T,2.0,SDAN_37,Spectra_34,1259,1178,674,23,16,0.49021656534954405,0.02398804693638884
CD8T,2.0,SDAN_37,Spectra_35,1259,1178,674,23,16,0.41346884498480246,0.01978532750842557
CD8T,2.0,SDAN_37,Spectra_36,1259,1178,674,23,16,0.48917173252279633,0.02449514286291434
CD8T,2.0,SDAN_37,Spectra_37,1259,1178,674,23,16,0.5196618541033434,0.06189334460247775
CD8T,2.0,SDAN_37,Spectra_38,1259,1178,674,23,16,0.560790273556231,0.027669295163441004
CD8T,2.0,SDAN_37,Spectra_39,1259,1178,674,23,16,0.5213715805471124,0.02887932932305356
CD8T,2.0,SDAN_38,Spectra_0,1259,1178,674,25,13,0.512975677877342,0.023535604163557176
CD8T,2.0,SDAN_38,Spectra_1,1259,1178,674,25,13,0.30431746770627255,0.02392865172309166
CD8T,2.0,SDAN_38,Spectra_2,1259,1178,674,25,13,0.33364366344699176,0.014564264384509161
CD8T,2.0,SDAN_38,Spectra_3,1259,1178,674,25,13,0.37856394739904575,0.015481698480992194
CD8T,2.0,SDAN_38,Spectra_4,1259,1178,674,25,13,0.2244850459676481,0.012421619286145245
CD8T,2.0,SDAN_38,Spectra_5,1259,1178,674,25,13,0.35517281508204357,0.015284070174120583
CD8T,2.0,SDAN_38,Spectra_6,1259,1178,674,25,13,0.2913999767252415,0.013485958375913498
CD8T,2.0,SDAN_38,Spectra_7,1259,1178,674,25,13,0.25695333410915866,0.03788565622527269
CD8T,2.0,SDAN_38,Spectra_8,1259,1178,674,25,13,0.3494704992435704,0.014733291874304102
CD8T,2.0,SDAN_38,Spectra_9,1259,1178,674,25,13,0.17351332479925521,0.011825680739601187
CD8T,2.0,SDAN_38,Spectra_10,1259,1178,674,25,13,0.4483882229721867,0.0995608587654577
CD8T,2.0,SDAN_38,Spectra_11,1259,1178,674,25,13,0.47049924357034795,0.03071397882024926
CD8T,2.0,SDAN_38,Spectra_12,1259,1178,674,25,13,0.4802746421505877,0.020432052839245714
CD8T,2.0,SDAN_38,Spectra_13,1259,1178,674,25,13,0.6821831723495868,0.06487218471723556
CD8T,2.0,SDAN_38,Spectra_14,1259,1178,674,25,13,0.4359362271616432,0.019333686924846508
CD8T,2.0,SDAN_38,Spectra_15,1259,1178,674,25,13,0.3757709763761201,0.015446201922973076
CD8T,2.0,SDAN_38,Spectra_16,1259,1178,674,25,13,0.4304666589084139,0.028597890280118735
CD8T,2.0,SDAN_38,Spectra_17,1259,1178,674,25,13,0.37076690329337836,0.015244192299097487
CD8T,2.0,SDAN_38,Spectra_18,1259,1178,674,25,13,0.36506458745490517,0.015273352535893443
CD8T,2.0,SDAN_38,Spectra_19,1259,1178,674,25,13,0.5517281508204352,0.06655083157535054
CD8T,2.0,SDAN_38,Spectra_20,1259,1178,674,25,13,0.42418247410683113,0.017166056438274582
CD8T,2.0,SDAN_38,Spectra_21,1259,1178,674,25,13,0.2489235424182474,0.013106154230438224
CD8T,2.0,SDAN_38,Spectra_22,1259,1178,674,25,13,0.3739089956941697,0.015904341621775144
CD8T,2.0,SDAN_38,Spectra_23,1259,1178,674,25,13,0.302571860816944,0.01463158386394085
CD8T,2.0,SDAN_38,Spectra_24,1259,1178,674,25,13,0.44664261608285816,0.026543529343028758
CD8T,2.0,SDAN_38,Spectra_25,1259,1178,674,25,13,0.333410915861748,0.015030711041570343
CD8T,2.0,SDAN_38,Spectra_26,1259,1178,674,25,13,0.3188641917840102,0.014009928014384932
CD8T,2.0,SDAN_38,Spectra_27,1259,1178,674,25,13,0.25951355754684047,0.017361564491432873
CD8T,2.0,SDAN_38,Spectra_28,1259,1178,674,25,13,0.4057954148725707,0.017088628095312745
CD8T,2.0,SDAN_38,Spectra_29,1259,1178,674,25,13,0.2870941463982311,0.013480347779257378
CD8T,2.0,SDAN_38,Spectra_30,1259,1178,674,25,13,0.17037123239846383,0.01188757922679454
CD8T,2.0,SDAN_38,Spectra_31,1259,1178,674,25,13,0.3577330385197254,0.01828527582130151
CD8T,2.0,SDAN_38,Spectra_32,1259,1178,674,25,13,0.3450482951239381,0.014589047735828132
CD8T,2.0,SDAN_38,Spectra_33,1259,1178,674,25,13,0.28069358780402653,0.013310921236248979
CD8T,2.0,SDAN_38,Spectra_34,1259,1178,674,25,13,0.21889910392179682,0.012499428910344699
CD8T,2.0,SDAN_38,Spectra_35,1259,1178,674,25,13,0.2715000581868963,0.013161746936511608
CD8T,2.0,SDAN_38,Spectra_36,1259,1178,674,25,13,0.3844990108227627,0.01572609769286268
CD8T,2.0,SDAN_38,Spectra_37,1259,1178,674,25,13,0.29954614220877457,0.013653322037046703
CD8T,2.0,SDAN_38,Spectra_38,1259,1178,674,25,13,0.26765972303037355,0.013097716763999385
CD8T,2.0,SDAN_38,Spectra_39,1259,1178,674,25,13,0.34551379029442575,0.014667638820750834
CD8T,2.0,SDAN_39,Spectra_0,1259,1178,674,25,15,0.6878098128477491,0.055610614517978524
CD8T,2.0,SDAN_39,Spectra_1,1259,1178,674,25,15,0.6836621143146181,0.04729879452225061
CD8T,2.0,SDAN_39,Spectra_2,1259,1178,674,25,15,0.6831562974203339,0.05079571525757376
CD8T,2.0,SDAN_39,Spectra_3,1259,1178,674,25,15,0.621446636317653,0.03893458517175416
CD8T,2.0,SDAN_39,Spectra_4,1259,1178,674,25,15,0.6035407182599899,0.04043848420416253
CD8T,2.0,SDAN_39,Spectra_5,1259,1178,674,25,15,0.7344461305007588,0.07872286404264434
CD8T,2.0,SDAN_39,Spectra_6,1259,1178,674,25,15,0.6245827010622155,0.04935921677823392
CD8T,2.0,SDAN_39,Spectra_7,1259,1178,674,25,15,0.587556904400607,0.03133048777284375
CD8T,2.0,SDAN_39,Spectra_8,1259,1178,674,25,15,0.6420839656044511,0.04439678939074402
CD8T,2.0,SDAN_39,Spectra_9,1259,1178,674,25,15,0.544663631765301,0.02988090977139831
CD8T,2.0,SDAN_39,Spectra_10,1259,1178,674,25,15,0.5168437025796662,0.025273766507554515
CD8T,2.0,SDAN_39,Spectra_11,1259,1178,674,25,15,0.5860394537177541,0.028784293983923695
CD8T,2.0,SDAN_39,Spectra_12,1259,1178,674,25,15,0.5670207384926657,0.03827934075109571
CD8T,2.0,SDAN_39,Spectra_13,1259,1178,674,25,15,0.6338897319170461,0.06624657710564445
CD8T,2.0,SDAN_39,Spectra_14,1259,1178,674,25,15,0.7424380374304502,0.06334957833657537
CD8T,2.0,SDAN_39,Spectra_15,1259,1178,674,25,15,0.5836115326251897,0.03672933481294531
CD8T,2.0,SDAN_39,Spectra_16,1259,1178,674,25,15,0.7374810318664644,0.10393590405578651
CD8T,2.0,SDAN_39,Spectra_17,1259,1178,674,25,15,0.6455235204855841,0.051009150722205784
CD8T,2.0,SDAN_39,Spectra_18,1259,1178,674,25,15,0.5229135053110774,0.02718955175630188
CD8T,2.0,SDAN_39,Spectra_19,1259,1178,674,25,15,0.5973697521497218,0.04361285496364695
CD8T,2.0,SDAN_39,Spectra_20,1259,1178,674,25,15,0.6455235204855841,0.03873303974207708
CD8T,2.0,SDAN_39,Spectra_21,1259,1178,674,25,15,0.6671724835609509,0.041828116017055134
CD8T,2.0,SDAN_39,Spectra_22,1259,1178,674,25,15,0.6928679817905918,0.06461880084396537
CD8T,2.0,SDAN_39,Spectra_23,1259,1178,674,25,15,0.43014668689934243,0.027290175851263074
CD8T,2.0,SDAN_39,Spectra_24,1259,1178,674,25,15,0.6539200809307031,0.03820880985201489
CD8T,2.0,SDAN_39,Spectra_25,1259,1178,674,25,15,0.5532625189681335,0.02822366642940085
CD8T,2.0,SDAN_39,Spectra_26,1259,1178,674,25,15,0.6783004552352049,0.05611106421891103
CD8T,2.0,SDAN_39,Spectra_27,1259,1178,674,25,15,0.4506828528072838,0.019914478388537007
CD8T,2.0,SDAN_39,Spectra_28,1259,1178,674,25,15,0.6589782498735457,0.052507025012477004
CD8T,2.0,SDAN_39,Spectra_29,1259,1178,674,25,15,0.5017703591299949,0.023914614562903808
CD8T,2.0,SDAN_39,Spectra_30,1259,1178,674,25,15,0.5829033889731916,0.08022681263904916
CD8T,2.0,SDAN_39,Spectra_31,1259,1178,674,25,15,0.6128477491148205,0.04305923905374447
CD8T,2.0,SDAN_39,Spectra_32,1259,1178,674,25,15,0.6055639858371269,0.031862099932042594
CD8T,2.0,SDAN_39,Spectra_33,1259,1178,674,25,15,0.527364693980779,0.02374775889471421
CD8T,2.0,SDAN_39,Spectra_34,1259,1178,674,25,15,0.5694486595852302,0.028118290501455888
CD8T,2.0,SDAN_39,Spectra_35,1259,1178,674,25,15,0.5954476479514416,0.030218579925034253
CD8T,2.0,SDAN_39,Spectra_36,1259,1178,674,25,15,0.5875569044006069,0.03232907963537411
CD8T,2.0,SDAN_39,Spectra_37,1259,1178,674,25,15,0.609711684370258,0.03818140703732841
CD8T,2.0,SDAN_39,Spectra_38,1259,1178,674,25,15,0.6261001517450683,0.06563967206554366
CD8T,2.0,SDAN_39,Spectra_39,1259,1178,674,25,15,0.6142640364188163,0.03679834027243567
