term	set_size	overlap	pval	padj
GO_BP::GOBP_CELL_ADHESION	898	231	1.6509097272694423e-20	1.3331096047700747e-16
GO_BP::GOBP_CELL_CELL_ADHESION	572	150	2.6193180980875877e-14	1.0575496821028635e-10
GO_BP::GOBP_CELL_JUNCTION_ORGANIZATION	531	139	2.842352417437228e-13	7.650665256935206e-10
GO_BP::GOBP_REGULATION_OF_SYSTEM_PROCESS	304	91	1.6342532879783304e-12	3.2991488251062544e-09
GO_BP::GOBP_CELL_MOTILITY	1022	224	1.0453458008624782e-11	1.6882334683929023e-08
GO_BP::GOBP_NEUROGENESIS	1157	246	2.4512387789902945e-11	3.298958856724438e-08
GO_BP::GOBP_LOCOMOTION	757	173	9.800183240393086e-11	1.1305211380882025e-07
Immune::GSE1432_1H_VS_24H_IFNG_MICROGLIA_UP	168	57	1.263200741089772e-10	1.1808565040730744e-07
GO_BP::GOBP_REGULATION_OF_ANATOMICAL_STRUCTURE_MORPHOGENESIS	569	138	1.3161248961805163e-10	1.1808565040730744e-07
GO_BP::GOBP_GENERATION_OF_NEURONS	1010	217	1.6020123035685083e-10	1.2936249351315705e-07
Immune::GSE21360_SECONDARY_VS_QUATERNARY_MEMORY_CD8_TCELL_UP	121	45	3.8584276535633053e-10	2.83243666386579e-07
GO_BP::GOBP_REGULATION_OF_LOCOMOTION	660	153	4.36040939117897e-10	2.9341921528141823e-07
GO_BP::GOBP_MUSCLE_SYSTEM_PROCESS	242	72	4.745522297030504e-10	2.947699426809332e-07
GO_BP::GOBP_SYNAPSE_ORGANIZATION	358	95	8.486738041095724e-10	4.895029262989141e-07
GO_BP::GOBP_REGULATION_OF_CELL_ADHESION	501	122	1.2432186128606362e-09	6.692660199233092e-07
Immune::HOWARD_PBMC_INACT_MONOV_INFLUENZA_A_INDONESIA_05_2005_H5N1_AGE_19_39YO_AS03_ADJUVANT_VS_BUFFER_1DY_UP	282	79	1.583930617910032e-09	7.993899837264692e-07
GO_BP::GOBP_NEURON_DEVELOPMENT	812	178	1.6893629641286315e-09	8.024474079611e-07
GO_BP::GOBP_CIRCULATORY_SYSTEM_PROCESS	326	87	3.2565015001859474e-09	1.4609027563334181e-06
Immune::GSE22886_NAIVE_CD8_TCELL_VS_NEUTROPHIL_DN	120	43	3.5652511816989485e-09	1.5152317522220532e-06
Immune::GSE40274_FOXP3_VS_FOXP3_AND_SATB1_TRANSDUCED_ACTIVATED_CD4_TCELL_UP	59	27	6.992325808736821e-09	2.823151545277491e-06
Immune::GSE30971_CTRL_VS_LPS_STIM_MACROPHAGE_WBP7_KO_4H_UP	141	47	9.976944607030858e-09	3.836372747703532e-06
GO_BP::GOBP_POSITIVE_REGULATION_OF_MULTICELLULAR_ORGANISMAL_PROCESS	1023	211	1.1212509209658167e-08	4.115500539454078e-06
GO_BP::GOBP_TRANSMEMBRANE_RECEPTOR_PROTEIN_TYROSINE_KINASE_SIGNALING_PATHWAY	380	95	2.235033755198366e-08	7.846911988359481e-06
Immune::GSE21360_SECONDARY_VS_QUATERNARY_MEMORY_CD8_TCELL_DN	140	46	2.364549210941601e-08	7.955722865980596e-06
Immune::GSE37605_FOXP3_FUSION_GFP_VS_IRES_GFP_TREG_C57BL6_UP	127	43	2.495695941851166e-08	8.061097892179266e-06
Immune::GSE14769_UNSTIM_VS_80MIN_LPS_BMDM_DN	150	48	3.040729696654378e-08	9.106291355454601e-06
GO_BP::GOBP_REGULATION_OF_MONOATOMIC_ION_TRANSPORT	320	83	3.0448280693160895e-08	9.106291355454601e-06
Immune::GSE3565_DUSP1_VS_WT_SPLENOCYTES_UP	124	42	3.572953082567982e-08	1.0154553819805902e-05
GO_BP::GOBP_REGULATION_OF_TRANSMEMBRANE_TRANSPORT	347	88	3.646836665936485e-08	1.0154553819805902e-05
Immune::GSE36888_UNTREATED_VS_IL2_TREATED_STAT5_AB_KNOCKIN_TCELL_17H_UP	133	44	3.7742651986919876e-08	1.0159063826479267e-05
Immune::GSE2706_UNSTIM_VS_8H_R848_DC_DN	129	43	4.1933566745549596e-08	1.0591718582820796e-05
Immune::HARALAMBIEVA_PBMC_M_M_R_II_AGE_11_22YO_VACCINATED_VS_UNVACCINATED_7YR_UP	591	133	4.301230165731375e-08	1.0591718582820796e-05
Immune::GSE360_L_DONOVANI_VS_B_MALAYI_LOW_DOSE_DC_UP	138	45	4.331954325791519e-08	1.0591718582820796e-05
Immune::GSE6259_FLT3L_INDUCED_VS_WT_SPLENIC_DC_33D1_POS_DN	95	35	4.459670982240335e-08	1.0591718582820796e-05
Immune::GSE2706_UNSTIM_VS_2H_R848_DC_DN	125	42	4.6412059766279746e-08	1.070792521750597e-05
Immune::GSE29618_PDC_VS_MDC_DAY7_FLU_VACCINE_DN	175	53	4.7769303210751654e-08	1.0714920095189433e-05
GO_BP::GOBP_CELL_JUNCTION_ASSEMBLY	293	77	5.290499747154456e-08	1.1383504851358937e-05
GO_BP::GOBP_CELL_CELL_SIGNALING	1007	205	5.3822326508262724e-08	1.1383504851358937e-05
GO_BP::GOBP_REGULATION_OF_MONOATOMIC_ION_TRANSMEMBRANE_TRANSPORT	258	70	5.4979156557646876e-08	1.1383504851358937e-05
Immune::GSE30971_CTRL_VS_LPS_STIM_MACROPHAGE_WBP7_KO_2H_UP	135	44	6.200886009604671e-08	1.251803863188943e-05
Immune::GSE30971_WBP7_HET_VS_KO_MACROPHAGE_2H_LPS_STIM_DN	140	45	7.021165208348596e-08	1.3828270501808517e-05
Immune::GSE7219_UNSTIM_VS_LPS_AND_ANTI_CD40_STIM_NIK_NFKB2_KO_DC_DN	154	48	7.625893866147114e-08	1.4661688802175701e-05
Immune::HARALAMBIEVA_PBMC_M_M_R_II_AGE_11_22YO_VACCINATED_VS_UNVACCINATED_7YR_DN	522	119	1.0820206825552152e-07	2.0319341887519448e-05
GO_BP::GOBP_CELL_SUBSTRATE_ADHESION	233	64	1.2412795219504093e-07	2.2780300317612625e-05
Immune::GSE2935_UV_INACTIVATED_VS_LIVE_SENDAI_VIRUS_INF_MACROPHAGE_UP	125	41	1.4226243277483507e-07	2.5528203214595403e-05
Immune::GSE17974_CTRL_VS_ACT_IL4_AND_ANTI_IL12_4H_CD4_TCELL_UP	157	48	1.4738466778176395e-07	2.5872417224733565e-05
GO_BP::GOBP_G_PROTEIN_COUPLED_RECEPTOR_SIGNALING_PATHWAY	359	88	1.90179755510405e-07	3.2674500547798305e-05
GO_BP::GOBP_ENZYME_LINKED_RECEPTOR_PROTEIN_SIGNALING_PATHWAY	590	130	2.188929772829111e-07	3.608114152740601e-05
Immune::GSE9988_ANTI_TREM1_VS_CTRL_TREATED_MONOCYTES_UP	145	45	2.2170343747321685e-07	3.608114152740601e-05
GO_BP::GOBP_POSITIVE_REGULATION_OF_DEVELOPMENTAL_PROCESS	831	172	2.2341264103656973e-07	3.608114152740601e-05
GO_BP::GOBP_NERVOUS_SYSTEM_PROCESS	591	130	2.418765704868807e-07	3.829712366042278e-05
Immune::GSE2585_CD80_HIGH_VS_LOW_AIRE_KO_MTEC_UP	123	40	2.6045901721531024e-07	4.04462800771852e-05
GO_BP::GOBP_REGULATION_OF_VASCULATURE_DEVELOPMENT	160	48	2.778320927026379e-07	4.182420083104308e-05
Immune::GSE19825_NAIVE_VS_IL2RAHIGH_DAY3_EFF_CD8_TCELL_UP	110	37	2.796912501394831e-07	4.182420083104308e-05
GO_BP::GOBP_MONOATOMIC_ION_TRANSPORT	747	157	2.899811267110947e-07	4.257450178531072e-05
GO_BP::GOBP_POSITIVE_REGULATION_OF_VASCULATURE_DEVELOPMENT	93	33	2.9921974369670034e-07	4.311149780044331e-05
GO_BP::GOBP_ANATOMICAL_STRUCTURE_FORMATION_INVOLVED_IN_MORPHOGENESIS	650	140	3.043164550619528e-07	4.311149780044331e-05
Immune::GSE3039_NKT_CELL_VS_B2_BCELL_DN	142	44	3.1636674598993616e-07	4.404588748049543e-05
GO_BP::GOBP_ACTIN_FILAMENT_BASED_PROCESS	562	124	3.882749414282405e-07	5.231955187477612e-05
Immune::GSE7460_TCONV_VS_TREG_LN_DN	157	47	3.948244598095822e-07	5.231955187477612e-05
Immune::GSE22140_HEALTHY_VS_ARTHRITIC_GERMFREE_MOUSE_CD4_TCELL_DN	176	51	3.9523128970419115e-07	5.231955187477612e-05
Immune::GSE2706_UNSTIM_VS_2H_LPS_DC_DN	125	40	4.2086770876382623e-07	5.481462497206285e-05
GO_BP::GOBP_CALCIUM_ION_TRANSPORT	261	68	4.4544416446724467e-07	5.709462901703176e-05
GO_BP::GOBP_RESPONSE_TO_OXYGEN_CONTAINING_COMPOUND	1120	219	4.869229190810516e-07	6.082349055082286e-05
Immune::GSE43863_LY6C_INT_CXCR5POS_VS_LY6C_LOW_CXCR5NEG_EFFECTOR_CD4_TCELL_DN	144	44	4.896008527310818e-07	6.082349055082286e-05
Immune::GSE34392_ST2_KO_VS_WT_DAY8_LCMV_EFFECTOR_CD8_TCELL_DN	145	44	6.063086375958933e-07	7.418094316040664e-05
GO_BP::GOBP_CENTRAL_NERVOUS_SYSTEM_DEVELOPMENT	675	143	6.235623437438669e-07	7.51532227721153e-05
Immune::GSE29618_MONOCYTE_VS_MDC_UP	174	50	6.758425977597509e-07	8.012827819812624e-05
GO_BP::GOBP_BLOOD_VESSEL_MORPHOGENESIS	337	82	6.846874545722241e-07	8.012827819812624e-05
Immune::GSE360_DC_VS_MAC_B_MALAYI_HIGH_DOSE_DN	160	47	7.247490125016739e-07	8.360497537072881e-05
Immune::GSE29618_BCELL_VS_PDC_DAY7_FLU_VACCINE_UP	146	44	7.486155781526589e-07	8.514184216313692e-05
Immune::GSE29618_MONOCYTE_VS_PDC_DAY7_FLU_VACCINE_UP	180	51	8.396627274963867e-07	9.417050728518504e-05
GO_BP::GOBP_POSITIVE_REGULATION_OF_MOLECULAR_FUNCTION	895	180	8.660930549192614e-07	9.580412902017857e-05
Immune::GSE7348_UNSTIM_VS_LPS_STIM_MACROPHAGE_DN	133	41	9.188314793593322e-07	0.00010026438102468388
Immune::GSE7460_TCONV_VS_TREG_THYMUS_DN	152	45	9.762998304594121e-07	0.00010511494841279671
GO_BP::GOBP_CELLULAR_RESPONSE_TO_OXYGEN_CONTAINING_COMPOUND	826	168	9.961714182080092e-07	0.00010584321318460099
GO_BP::GOBP_RESPONSE_TO_OXYGEN_LEVELS	216	58	1.0769215775456839e-06	0.0001119766494625095
GO_BP::GOBP_REGULATION_OF_TRANSPORT	1162	224	1.0823757048174312e-06	0.0001119766494625095
GO_BP::GOBP_ADENYLATE_CYCLASE_MODULATING_G_PROTEIN_COUPLED_RECEPTOR_SIGNALING_PATHWAY	111	36	1.0954991092926626e-06	0.0001119766494625095
GO_BP::GOBP_CELL_CELL_ADHESION_VIA_PLASMA_MEMBRANE_ADHESION_MOLECULES	134	41	1.1422473402692496e-06	0.00011529559090842737
GO_BP::GOBP_MUSCLE_CONTRACTION	182	51	1.2078905859832205e-06	0.00012041625286190749
Immune::GSE43955_1H_VS_20H_ACT_CD4_TCELL_WITH_TGFB_IL6_DN	139	42	1.2285180056907786e-06	0.00012097905970674436
GO_BP::GOBP_POSITIVE_REGULATION_OF_CELL_ADHESION	310	76	1.2791986798651374e-06	0.00012165819034318031
GO_BP::GOBP_CELL_MORPHOGENESIS	689	144	1.2814515892833234e-06	0.00012165819034318031
Immune::GSE14769_UNSTIM_VS_60MIN_LPS_BMDM_DN	163	47	1.3000007115044212e-06	0.00012165819034318031
Immune::GSE30971_CTRL_VS_LPS_STIM_MACROPHAGE_WBP7_HET_2H_UP	144	43	1.3096564223151566e-06	0.00012165819034318031
Immune::GSE2706_UNSTIM_VS_2H_LPS_AND_R848_DC_DN	130	40	1.3107445894559365e-06	0.00012165819034318031
GO_BP::GOBP_REGULATION_OF_CELL_JUNCTION_ASSEMBLY	140	42	1.5141583316889126e-06	0.00013455406961224126
Immune::GSE21670_STAT3_KO_VS_WT_CD4_TCELL_IL6_TREATED_DN	140	42	1.5141583316889126e-06	0.00013455406961224126
Immune::GSE2405_HEAT_KILLED_LYSATE_VS_LIVE_A_PHAGOCYTOPHILUM_STIM_NEUTROPHIL_24H_UP	140	42	1.5141583316889126e-06	0.00013455406961224126
Immune::HOWARD_MONOCYTE_INACT_MONOV_INFLUENZA_A_INDONESIA_05_2005_H5N1_AGE_18_49YO_1DY_UP	159	46	1.5163368835559078e-06	0.00013455406961224126
GO_BP::GOBP_CIRCULATORY_SYSTEM_DEVELOPMENT	651	137	1.5823185581150337e-06	0.00013888285170411845
Immune::GSE29618_MONOCYTE_VS_MDC_DAY7_FLU_VACCINE_UP	174	49	1.6613277228594046e-06	0.00014424969206548055
GO_BP::GOBP_NEGATIVE_REGULATION_OF_CELL_POPULATION_PROLIFERATION	561	121	1.8299149694230775e-06	0.00015719748274565268
Immune::GSE7852_TREG_VS_TCONV_LN_UP	165	47	1.8956724756295167e-06	0.0001611321604285089
Immune::GSE25123_CTRL_VS_ROSIGLITAZONE_STIM_PPARG_KO_MACROPHAGE_UP	118	37	1.957153596750519e-06	0.00016351227156454954
Immune::GSE7852_TREG_VS_TCONV_THYMUS_UP	146	43	1.9641721785462916e-06	0.00016351227156454954
GO_BP::GOBP_NEGATIVE_REGULATION_OF_LOCOMOTION	230	60	1.9932097448193015e-06	0.000164236415198121
Immune::GSE37605_TREG_VS_TCONV_NOD_FOXP3_FUSION_GFP_UP	83	29	2.213819608100829e-06	0.00018057164985266864
Immune::GSE18791_CTRL_VS_NEWCASTLE_VIRUS_DC_16H_DN	128	39	2.3204964238455027e-06	0.0001866684691610564
Immune::GSE21670_STAT3_KO_VS_WT_CD4_TCELL_TGFB_IL6_TREATED_DN	171	48	2.3348006669060925e-06	0.0001866684691610564
GO_BP::GOBP_RESPONSE_TO_SALT	226	59	2.358003710147214e-06	0.00018667529371998778
GO_BP::GOBP_MONOATOMIC_CATION_TRANSPORT	622	131	2.5774008064644212e-06	0.00020206321856505052
Immune::GSE360_T_GONDII_VS_B_MALAYI_HIGH_DOSE_DC_UP	138	41	2.6426453713419263e-06	0.00020518616705371206
Immune::GSE17974_IL4_AND_ANTI_IL12_VS_UNTREATED_24H_ACT_CD4_TCELL_DN	106	34	2.8579566405885467e-06	0.0002197904749785954
Immune::GSE36476_CTRL_VS_TSST_ACT_72H_MEMORY_CD4_TCELL_OLD_UP	148	43	2.9127872846572225e-06	0.00021982016190286982
Immune::GSE39916_B_CELL_SPLEEN_VS_PLASMA_CELL_BONE_MARROW_DN	148	43	2.9127872846572225e-06	0.00021982016190286982
GO_BP::GOBP_CELL_MATRIX_ADHESION	153	44	3.026449518201478e-06	0.00022628314684700865
Immune::GSE37301_HEMATOPOIETIC_STEM_CELL_VS_RAG2_KO_NK_CELL_DN	144	42	3.3920365103902602e-06	0.00025129077817799404
Immune::GARCIA_PINERES_PBMC_HPV_16_L1_VLP_AGE_18_25YO_STIMULATED_VS_UNSTIMULATED_0DY_VACCINATION_INDEPENDENT_DN	89	30	3.478984206623994e-06	0.00025287674285880287
Immune::GSE43863_TH1_VS_LY6C_INT_CXCR5POS_MEMORY_CD4_TCELL_DN	116	36	3.5019549198943585e-06	0.00025287674285880287
GO_BP::GOBP_VASCULATURE_DEVELOPMENT	416	94	3.5201289802613805e-06	0.00025287674285880287
Immune::GSE21360_PRIMARY_VS_QUATERNARY_MEMORY_CD8_TCELL_UP	130	39	3.5387085997578608e-06	0.00025287674285880287
GO_BP::GOBP_REGULATION_OF_EPITHELIAL_CELL_MIGRATION	154	44	3.6554250867766423e-06	0.0002561583841157929
GO_BP::GOBP_TAXIS	260	65	3.672089319122344e-06	0.0002561583841157929
GO_BP::GOBP_REGULATION_OF_MULTICELLULAR_ORGANISMAL_DEVELOPMENT	861	171	3.679798459124703e-06	0.0002561583841157929
GO_BP::GOBP_RESPONSE_TO_ENDOGENOUS_STIMULUS	1072	206	3.813752123148219e-06	0.00026321408884121255
GO_BP::GOBP_REGULATION_OF_HYDROLASE_ACTIVITY	518	112	3.9302583017638295e-06	0.0002689562354808722
Immune::GSE18791_CTRL_VS_NEWCASTLE_VIRUS_DC_14H_DN	112	35	3.999930295536538e-06	0.00026983579246719853
Immune::GSE29618_MONOCYTE_VS_PDC_UP	179	49	4.009943665147223e-06	0.00026983579246719853
Immune::GSE360_T_GONDII_VS_B_MALAYI_LOW_DOSE_DC_UP	145	42	4.120255642135055e-06	0.00027496747363835183
Immune::GSE7219_WT_VS_NIK_NFKB2_KO_DC_UP	150	43	4.272721575320138e-06	0.00028280513705500093
Immune::GSE5589_WT_VS_IL10_KO_LPS_STIM_MACROPHAGE_180MIN_DN	90	30	4.507629229957379e-06	0.0002959276913163076
GO_BP::GOBP_REGULATION_OF_BLOOD_CIRCULATION	136	40	4.58752018868926e-06	0.0002963538041893262
Immune::GSE9988_ANTI_TREM1_VS_VEHICLE_TREATED_MONOCYTES_UP	136	40	4.58752018868926e-06	0.0002963538041893262
GO_BP::GOBP_REGULATION_OF_MONOATOMIC_CATION_TRANSMEMBRANE_TRANSPORT	190	51	4.763936944409013e-06	0.00030530786369922845
Immune::GSE360_HIGH_DOSE_B_MALAYI_VS_M_TUBERCULOSIS_MAC_DN	141	41	4.801918051649964e-06	0.0003053188052525469
Immune::GSE29618_BCELL_VS_PDC_UP	151	43	5.154366151787612e-06	0.00032516802090378877
Immune::GSE10325_CD4_TCELL_VS_BCELL_UP	156	44	5.292146260139027e-06	0.0003312719461288577
Immune::GSE19198_CTRL_VS_IL21_TREATED_TCELL_6H_DN	181	49	5.620999989453263e-06	0.00034915057626796233
Reactome::REACTOME_INTERLEUKIN_4_AND_INTERLEUKIN_13_SIGNALING	61	23	5.673217421315283e-06	0.00034970405097038866
GO_BP::GOBP_SYNAPTIC_SIGNALING	529	113	6.438394201005143e-06	0.0003906561114217404
Immune::GSE26495_NAIVE_VS_PD1LOW_CD8_TCELL_DN	167	46	6.540178992565228e-06	0.0003906561114217404
GO_BP::GOBP_REGULATION_OF_SYNAPSE_STRUCTURE_OR_ACTIVITY	187	50	6.619476146517139e-06	0.0003906561114217404
Immune::GSE16450_CTRL_VS_IFNA_12H_STIM_IMMATURE_NEURON_CELL_LINE_DN	96	31	6.621465631170069e-06	0.0003906561114217404
Immune::GSE17974_IL4_AND_ANTI_IL12_VS_UNTREATED_12H_ACT_CD4_TCELL_DN	96	31	6.621465631170069e-06	0.0003906561114217404
Immune::GSE29618_PDC_VS_MDC_DN	177	48	6.6278498160716325e-06	0.0003906561114217404
GO_BP::GOBP_POSITIVE_REGULATION_OF_CYTOSOLIC_CALCIUM_ION_CONCENTRATION	70	25	6.997445921468406e-06	0.00040841972968767897
GO_BP::GOBP_REGULATION_OF_MEMBRANE_POTENTIAL	286	69	7.030382963044877e-06	0.00040841972968767897
Immune::GSE43863_DAY6_EFF_VS_DAY150_MEM_TFH_CD4_TCELL_DN	110	34	7.146971020779127e-06	0.0004122270785199389
Immune::GSE7548_DAY7_VS_DAY28_PCC_IMMUNIZATION_CD4_TCELL_UP	153	43	7.4430986052530476e-06	0.0004256909155410224
GO_BP::GOBP_REGULATION_OF_CELL_CELL_ADHESION	308	73	7.5503056331736485e-06	0.0004256909155410224
Immune::GSE2585_CTEC_VS_MTEC_THYMUS_DN	129	38	7.559945171256922e-06	0.0004256909155410224
GO_BP::GOBP_POSITIVE_REGULATION_OF_HYDROLASE_ACTIVITY	346	80	7.591268339059718e-06	0.0004256909155410224
GO_BP::GOBP_REGULATION_OF_METAL_ION_TRANSPORT	234	59	7.673271943568539e-06	0.0004273218685814894
Immune::GSE3565_CTRL_VS_LPS_INJECTED_DUSP1_KO_SPLENOCYTES_UP	134	39	7.919227763938244e-06	0.0004350188040394647
Immune::GSE43863_TFH_VS_LY6C_LOW_CXCR5NEG_EFFECTOR_CD4_TCELL_DN	134	39	7.919227763938244e-06	0.0004350188040394647
GO_BP::GOBP_POSITIVE_REGULATION_OF_CATALYTIC_ACTIVITY	653	134	8.094022999560829e-06	0.0004416164575773898
Immune::GSE29618_BCELL_VS_MDC_UP	144	41	8.503696173801493e-06	0.00046085467519091985
Immune::GSE360_HIGH_DOSE_B_MALAYI_VS_M_TUBERCULOSIS_DC_DN	149	42	8.728854050576918e-06	0.0004699033097227241
Immune::GSE39110_UNTREATED_VS_IL2_TREATED_CD8_TCELL_DAY6_POST_IMMUNIZATION_DN	159	44	9.04980204327739e-06	0.0004839546456918207
Immune::GSE15330_LYMPHOID_MULTIPOTENT_VS_MEGAKARYOCYTE_ERYTHROID_PROGENITOR_IKAROS_KO_UP	135	39	9.611980305472113e-06	0.000510636453728206
GO_BP::GOBP_NEGATIVE_REGULATION_OF_MULTICELLULAR_ORGANISMAL_PROCESS	667	136	9.727620390067664e-06	0.0005134021872535711
GO_BP::GOBP_REGULATION_OF_SMALL_GTPASE_MEDIATED_SIGNAL_TRANSDUCTION	241	60	9.842715995037587e-06	0.0005161034523371981
GO_BP::GOBP_MONOATOMIC_ION_TRANSMEMBRANE_TRANSPORT	627	129	1.0472379343740184e-05	0.0005455771819400127
GO_BP::GOBP_ADENYLATE_CYCLASE_ACTIVATING_G_PROTEIN_COUPLED_RECEPTOR_SIGNALING_PATHWAY	63	23	1.0626124412014099e-05	0.0005470079703420593
Immune::FLETCHER_PBMC_BCG_10W_INFANT_PPD_STIMULATED_VS_UNSTIMULATED_10W_DN	155	43	1.0640590769494896e-05	0.0005470079703420593
GO_BP::GOBP_SKELETAL_SYSTEM_DEVELOPMENT	268	65	1.0703066168922025e-05	0.0005470079703420593
Immune::GSE369_PRE_VS_POST_IL6_INJECTION_SOCS3_KO_LIVER_UP	165	45	1.0853738000699164e-05	0.0005512197129285896
Immune::FLETCHER_PBMC_BCG_10W_INFANT_BCG_STIMULATED_VS_UNSTIMULATED_10W_DN	221	56	1.106297408883403e-05	0.0005583344735458425
Immune::GSE13547_CTRL_VS_ANTI_IGM_STIM_ZFX_KO_BCELL_12H_DN	131	38	1.1211710679503836e-05	0.0005612278336843806
GO_BP::GOBP_REGULATION_OF_TRANS_SYNAPTIC_SIGNALING	355	81	1.1259307623141753e-05	0.0005612278336843806
Immune::GSE37301_PRO_BCELL_VS_RAG2_KO_NK_CELL_DN	141	40	1.1987255073963347e-05	0.0005938471455353008
GO_BP::GOBP_TUBE_MORPHOGENESIS	479	103	1.2257291998646553e-05	0.000600887254102168
Immune::GSE36476_CTRL_VS_TSST_ACT_40H_MEMORY_CD4_TCELL_OLD_UP	146	41	1.2278191569889502e-05	0.000600887254102168
Immune::GSE25846_IL10_POS_VS_NEG_CD8_TCELL_DAY7_POST_CORONAVIRUS_BRAIN_UP	108	33	1.2697924927253508e-05	0.0006176852035395908
Reactome::REACTOME_SYNDECAN_INTERACTIONS	16	10	1.3010402121873386e-05	0.0006290957912223209
Immune::GSE16450_IMMATURE_VS_MATURE_NEURON_CELL_LINE_6H_IFNA_STIM_UP	113	34	1.3624747511466441e-05	0.0006475647758610369
Immune::GSE41867_DAY6_VS_DAY15_LCMV_ARMSTRONG_EFFECTOR_CD8_TCELL_UP	113	34	1.3624747511466441e-05	0.0006475647758610369
GO_BP::GOBP_BEHAVIOR	418	92	1.3691045632559571e-05	0.0006475647758610369
Reactome::REACTOME_NEURONAL_SYSTEM	286	68	1.3713136429998428e-05	0.0006475647758610369
GO_BP::GOBP_AMEBOIDAL_TYPE_CELL_MIGRATION	270	65	1.381778157559536e-05	0.0006487127105984451
Immune::GSE25123_IL4_VS_IL4_AND_ROSIGLITAZONE_STIM_PPARG_KO_MACROPHAGE_DAY10_DN	142	40	1.4403489491078778e-05	0.0006723016048581568
GO_BP::GOBP_CELLULAR_COMPONENT_MORPHOGENESIS	550	115	1.4933790685427621e-05	0.000693048044740391
Immune::GSE7852_LN_VS_THYMUS_TREG_UP	172	46	1.5142711400216025e-05	0.000697997036197118
Immune::GSE37605_FOXP3_FUSION_GFP_VS_IRES_GFP_TREG_C57BL6_DN	123	36	1.5213310014946472e-05	0.000697997036197118
Immune::GSE11057_EFF_MEM_VS_CENT_MEM_CD4_TCELL_DN	138	39	1.6888476901464427e-05	0.0007661486010074452
Immune::GSE7219_UNSTIM_VS_LPS_AND_ANTI_CD40_STIM_DC_UP	138	39	1.6888476901464427e-05	0.0007661486010074452
GO_BP::GOBP_STRIATED_MUSCLE_CONTRACTION	105	32	1.812414061551176e-05	0.0008176113713422205
Immune::GSE17974_IL4_AND_ANTI_IL12_VS_UNTREATED_6H_ACT_CD4_TCELL_UP	110	33	1.940606096449679e-05	0.000868614363811669
GO_BP::GOBP_REGULATION_OF_CELL_PROJECTION_ORGANIZATION	530	111	1.9469869950453512e-05	0.000868614363811669
Immune::GSE19941_UNSTIM_VS_LPS_AND_IL10_STIM_IL10_KO_MACROPHAGE_UP	134	38	1.979179031442122e-05	0.0008781247625766558
GO_BP::GOBP_MUSCLE_HYPERTROPHY	61	22	2.055003389495821e-05	0.0009004024705212738
GO_BP::GOBP_REGULATION_OF_CELL_SUBSTRATE_ADHESION	144	40	2.0627638092898602e-05	0.0009004024705212738
GO_BP::GOBP_CALCIUM_ION_TRANSMEMBRANE_TRANSPORT	215	54	2.0628415733304722e-05	0.0009004024705212738
Immune::GSE4590_LARGE_PRE_BCELL_VS_VPREB_POS_LARGE_PRE_BCELL_DN	149	41	2.0888628851613652e-05	0.0009068584837461303
GO_BP::GOBP_POSITIVE_REGULATION_OF_LOCOMOTION	361	81	2.146995168748184e-05	0.0009271115501412612
GO_BP::GOBP_REGULATION_OF_NEURON_PROJECTION_DEVELOPMENT	350	79	2.165626264720071e-05	0.000930182557851839
Immune::GSE9988_LOW_LPS_VS_CTRL_TREATED_MONOCYTE_UP	125	36	2.2445709461598447e-05	0.0009589899677376056
GO_BP::GOBP_REGULATION_OF_CATALYTIC_ACTIVITY	1022	193	2.3907656426724287e-05	0.0010111267525233839
GO_BP::GOBP_TISSUE_REMODELING	97	30	2.3916434641729576e-05	0.0010111267525233839
Immune::GSE15330_LYMPHOID_MULTIPOTENT_VS_MEGAKARYOCYTE_ERYTHROID_PROGENITOR_IKAROS_KO_DN	140	39	2.4246721020367023e-05	0.0010197514179138736
Immune::GSE29617_CTRL_VS_DAY7_TIV_FLU_VACCINE_PBMC_2008_UP	145	40	2.458796372582087e-05	0.0010287451144352514
Immune::GSE3920_IFNB_VS_IFNG_TREATED_ENDOTHELIAL_CELL_UP	121	35	2.6208775569105e-05	0.0010909065088686744
GO_BP::GOBP_CALCIUM_ION_TRANSMEMBRANE_IMPORT_INTO_CYTOSOL	126	36	2.713360851195886e-05	0.0011236096858157321
Immune::GSE4142_PLASMA_CELL_VS_MEMORY_BCELL_UP	93	29	2.737383953672603e-05	0.0011277742564237893
GO_BP::GOBP_CARDIAC_MUSCLE_CONTRACTION	84	27	2.8053539957147083e-05	0.0011441027027977915
Immune::GSE36891_POLYIC_TLR3_VS_PAM_TLR2_STIM_PERITONEAL_MACROPHAGE_UP	84	27	2.8053539957147083e-05	0.0011441027027977915
Immune::GSE22886_NAIVE_CD4_TCELL_VS_MONOCYTE_UP	146	40	2.9233160765794953e-05	0.0011693478076773359
Immune::GSE36888_UNTREATED_VS_IL2_TREATED_STAT5_AB_KNOCKIN_TCELL_2H_UP	146	40	2.9233160765794953e-05	0.0011693478076773359
GO_BP::GOBP_POSTSYNAPSE_ORGANIZATION	161	43	2.9357808594203842e-05	0.0011693478076773359
Immune::GSE1460_DP_VS_CD4_THYMOCYTE_DN	161	43	2.9357808594203842e-05	0.0011693478076773359
Immune::GSE3565_CTRL_VS_LPS_INJECTED_SPLENOCYTES_DN	151	41	2.939660742520114e-05	0.0011693478076773359
GO_BP::GOBP_RESPONSE_TO_METAL_ION	239	58	3.075104890520889e-05	0.0012172290191645185
GO_BP::GOBP_POSITIVE_REGULATION_OF_CYTOKINE_PRODUCTION	326	74	3.195826987994982e-05	0.0012502421456369556
Immune::GSE40274_CTRL_VS_FOXP3_AND_LEF1_TRANSDUCED_ACTIVATED_CD4_TCELL_UP	103	31	3.1972964702503175e-05	0.0012502421456369556
Immune::GSE25123_WT_VS_PPARG_KO_MACROPHAGE_ROSIGLITAZONE_STIM_UP	187	48	3.2049550977938056e-05	0.0012502421456369556
Immune::GSE2826_WT_VS_BTK_KO_BCELL_DN	132	37	3.346237524065047e-05	0.0012990801926358294
Immune::GSE14000_UNSTIM_VS_4H_LPS_DC_TRANSLATED_RNA_DN	137	38	3.4038078583640404e-05	0.0013026421069331578
Immune::GSE2706_UNSTIM_VS_8H_LPS_AND_R848_DC_DN	137	38	3.4038078583640404e-05	0.0013026421069331578
Immune::GSE3565_CTRL_VS_LPS_INJECTED_SPLENOCYTES_UP	137	38	3.4038078583640404e-05	0.0013026421069331578
Immune::GSE30962_ACUTE_VS_CHRONIC_LCMV_PRIMARY_INF_CD8_TCELL_DN	147	40	3.4667904549384416e-05	0.0013087162515681091
Immune::GSE36888_UNTREATED_VS_IL2_TREATED_TCELL_6H_UP	147	40	3.4667904549384416e-05	0.0013087162515681091
Immune::GSE11057_NAIVE_VS_EFF_MEMORY_CD4_TCELL_UP	157	42	3.468300654310531e-05	0.0013087162515681091
Immune::GSE6269_HEALTHY_VS_E_COLI_INF_PBMC_DN	99	30	3.692418544771478e-05	0.0013803833217143372
Immune::ZAK_PBMC_MRKAD5_HIV_1_GAG_POL_NEF_AGE_20_50YO_AD5_NAB_TITERS_GTE_200_VS_LTE_200_1DY_UP	99	30	3.692418544771478e-05	0.0013803833217143372
Immune::GSE45365_HEALTHY_VS_MCMV_INFECTION_CD11B_DC_DN	72	24	3.961956823051429e-05	0.001474322642679276
GO_BP::GOBP_REGULATION_OF_MUSCLE_SYSTEM_PROCESS	133	37	4.0028885113957615e-05	0.0014759509008913595
Immune::GSE15330_HSC_VS_MEGAKARYOCYTE_ERYTHROID_PROGENITOR_UP	133	37	4.0028885113957615e-05	0.0014759509008913595
GO_BP::GOBP_REGULATION_OF_NERVOUS_SYSTEM_PROCESS	81	26	4.028355893623311e-05	0.001478589720045829
Immune::GSE21380_NON_TFH_VS_TFH_CD4_TCELL_UP	158	42	4.0773963191221284e-05	0.001480192480873456
Immune::GSE25123_WT_VS_PPARG_KO_MACROPHAGE_UP	143	39	4.087714219625767e-05	0.001480192480873456
Immune::GSE36888_UNTREATED_VS_IL2_TREATED_TCELL_17H_DN	143	39	4.087714219625767e-05	0.001480192480873456
GO_BP::GOBP_INFLAMMATORY_RESPONSE	487	102	4.1913061091410966e-05	0.001510928429969391
GO_BP::GOBP_CELL_ACTIVATION	717	141	4.451152398927687e-05	0.0015974691387262699
GO_BP::GOBP_GROWTH	611	123	4.7300344061497355e-05	0.0016845559121265354
GO_BP::GOBP_POSITIVE_REGULATION_OF_CELL_DIFFERENTIATION	535	110	4.8026899460004474e-05	0.0016845559121265354
Immune::GSE30971_WBP7_HET_VS_KO_MACROPHAGE_DN	139	38	4.81892330693642e-05	0.0016845559121265354
Immune::GSE10325_LUPUS_CD4_TCELL_VS_LUPUS_BCELL_UP	154	41	4.8197890073261676e-05	0.0016845559121265354
Immune::GSE37605_C57BL6_VS_NOD_FOXP3_IRES_GFP_TCONV_UP	105	31	4.8249918825433176e-05	0.0016845559121265354
Immune::GSE360_CTRL_VS_M_TUBERCULOSIS_DC_DN	149	40	4.839479758767721e-05	0.0016845559121265354
Immune::GSE25123_WT_VS_PPARG_KO_MACROPHAGE_IL4_STIM_DN	144	39	4.839838657750541e-05	0.0016845559121265354
GO_BP::GOBP_HETEROPHILIC_CELL_CELL_ADHESION_VIA_PLASMA_MEMBRANE_CELL_ADHESION_MOLECULES	28	13	4.914637063838699e-05	0.001695969841474252
GO_BP::GOBP_POSITIVE_REGULATION_OF_INTERLEUKIN_2_PRODUCTION	28	13	4.914637063838699e-05	0.001695969841474252
Immune::GSE3982_BCELL_VS_EFF_MEMORY_CD4_TCELL_DN	110	32	5.0551643643190725e-05	0.0017370405209309152
Immune::GSE26156_DOUBLE_POSITIVE_VS_CD4_SINGLE_POSITIVE_THYMOCYTE_UP	175	45	5.326974572587074e-05	0.0018226830370186703
GO_BP::GOBP_TISSUE_MIGRATION	201	50	5.3736714618481356e-05	0.0018309028293005778
Immune::GSE9988_LOW_LPS_VS_VEHICLE_TREATED_MONOCYTE_UP	120	34	5.406479325314218e-05	0.001832424237193567
Reactome::REACTOME_MODULATION_BY_MTB_OF_HOST_IMMUNE_SYSTEM	7	6	5.423836870831229e-05	0.001832424237193567
GO_BP::GOBP_REGULATION_OF_ACTIN_FILAMENT_BASED_PROCESS	276	64	5.4689570183575753e-05	0.001832424237193567
Immune::ZAK_PBMC_MRKAD5_HIV_1_GAG_POL_NEF_AGE_20_50YO_1DY_DN	714	140	5.47779539945291e-05	0.001832424237193567
GO_BP::GOBP_ANIMAL_ORGAN_MORPHOGENESIS	525	108	5.49159957152747e-05	0.001832424237193567
GO_BP::GOBP_CARTILAGE_DEVELOPMENT	101	30	5.603560979126005e-05	0.0018544571682968234
GO_BP::GOBP_RESPONSE_TO_CALCIUM_ION	101	30	5.603560979126005e-05	0.0018544571682968234
Immune::GSE37301_MULTIPOTENT_PROGENITOR_VS_LYMPHOID_PRIMED_MPP_DN	135	37	5.679749534819265e-05	0.0018719990813741048
GO_BP::GOBP_REGULATION_OF_CELL_SHAPE	106	31	5.8923954649270596e-05	0.001934190787775854
Reactome::REACTOME_NEUREXINS_AND_NEUROLIGINS	52	19	6.044979897935552e-05	0.001976243428171238
GO_BP::GOBP_TRANSMEMBRANE_TRANSPORT	952	179	6.136074237533511e-05	0.0019870062378776316
GO_BP::GOBP_ADHERENS_JUNCTION_MAINTENANCE	5	5	6.151722098692359e-05	0.0019870062378776316
GO_BP::GOBP_CONNECTIVE_TISSUE_REPLACEMENT_INVOLVED_IN_INFLAMMATORY_RESPONSE_WOUND_HEALING	5	5	6.151722098692359e-05	0.0019870062378776316
GO_BP::GOBP_POSITIVE_REGULATION_OF_LIPID_LOCALIZATION	65	22	6.323332972961119e-05	0.002026226736375438
GO_BP::GOBP_REGULATION_OF_WOUND_HEALING	65	22	6.323332972961119e-05	0.002026226736375438
GO_BP::GOBP_CELL_PART_MORPHOGENESIS	498	103	6.509076706631188e-05	0.0020775017551797168
GO_BP::GOBP_ACTIN_FILAMENT_BUNDLE_ORGANIZATION	126	35	6.612878053040028e-05	0.002097685833941079
Immune::GSE43863_DAY6_EFF_VS_DAY150_MEM_TH1_CD4_TCELL_UP	156	41	6.624271054550776e-05	0.002097685833941079
Immune::GSE20366_EX_VIVO_VS_DEC205_CONVERSION_NAIVE_CD4_TCELL_DN	131	36	6.692835390620377e-05	0.002104600326238827
Immune::GSE41087_WT_VS_FOXP3_MUT_ANTI_CD3_CD28_STIM_CD4_TCELL_UP	146	39	6.733733836935014e-05	0.002104600326238827
Immune::GSE39820_IL1B_IL6_VS_IL1B_IL6_IL23A_TREATED_CD4_TCELL_DN	136	37	6.737704046549245e-05	0.002104600326238827
GO_BP::GOBP_HEART_PROCESS	141	38	6.750358941125154e-05	0.002104600326238827
Immune::GSE22601_IMMATURE_CD4_SINGLE_POSITIVE_VS_DOUBLE_POSITIVE_THYMOCYTE_DN	177	45	7.147538323048623e-05	0.002219860459946832
GO_BP::GOBP_REGULATION_OF_ACTIN_FILAMENT_BUNDLE_ASSEMBLY	79	25	7.322814052156289e-05	0.002265583274757166
GO_BP::GOBP_CELL_CHEMOTAXIS	167	43	7.476581585133253e-05	0.0023043281030515656
GO_BP::GOBP_ACTIN_FILAMENT_ORGANIZATION	340	75	7.721607713278047e-05	0.0023524304954699936
Immune::GSE1460_INTRATHYMIC_T_PROGENITOR_VS_CD4_THYMOCYTE_DN	157	41	7.739743351187412e-05	0.0023524304954699936
Immune::GSE44732_UNSTIM_VS_IL27_STIM_IMATURE_DC_DN	157	41	7.739743351187412e-05	0.0023524304954699936
Immune::GSE6259_33D1_POS_VS_DEC205_POS_FLT3L_INDUCED_SPLENIC_DC_UP	122	34	7.778315074804809e-05	0.0023524304954699936
Immune::GSE6269_E_COLI_VS_STAPH_AUREUS_INF_PBMC_UP	122	34	7.778315074804809e-05	0.0023524304954699936
Immune::GSE2706_UNSTIM_VS_8H_LPS_DC_DN	152	40	7.839378931441601e-05	0.0023620516743056317
GO_BP::GOBP_SYNAPSE_ASSEMBLY	132	36	7.947809590578619e-05	0.002380209501600293
Immune::GSE21360_NAIVE_VS_SECONDARY_MEMORY_CD8_TCELL_UP	142	38	7.958595237548967e-05	0.002380209501600293
Immune::GSE36476_CTRL_VS_TSST_ACT_72H_MEMORY_CD4_TCELL_YOUNG_UP	178	45	8.25578702208139e-05	0.0024599808193102295
GO_BP::GOBP_HOMOPHILIC_CELL_ADHESION_VIA_PLASMA_MEMBRANE_ADHESION_MOLECULES	75	24	8.317415992121913e-05	0.002469232872661193
GO_BP::GOBP_POSITIVE_REGULATION_OF_EPITHELIAL_CELL_MIGRATION	103	30	8.36591970324714e-05	0.002474534857279145
GO_BP::GOBP_CARDIAC_MUSCLE_CELL_ACTION_POTENTIAL_INVOLVED_IN_CONTRACTION	33	14	8.626326720332592e-05	0.0025330032096976614
GO_BP::GOBP_NEGATIVE_REGULATION_OF_WOUND_HEALING	33	14	8.626326720332592e-05	0.0025330032096976614
Immune::GSE7218_IGM_VS_IGG_SIGNAL_THGOUGH_ANTIGEN_BCELL_DN	108	31	8.688677901744091e-05	0.002542067900600853
Immune::GSE24671_CTRL_VS_BAKIMULC_INFECTED_MOUSE_SPLENOCYTES_DN	113	32	8.947617628542625e-05	0.002608375897129303
Immune::FLETCHER_PBMC_BCG_10W_INFANT_PPD_STIMULATED_VS_UNSTIMULATED_10W_UP	37	15	9.090102116776343e-05	0.002640380381042049
Immune::GSE35825_UNTREATED_VS_IFNG_STIM_MACROPHAGE_UP	153	40	9.164082227051993e-05	0.002652328458187987
Immune::GSE36476_CTRL_VS_TSST_ACT_16H_MEMORY_CD4_TCELL_OLD_UP	148	39	9.277534644109004e-05	0.0026590905578557067
Immune::GSE44649_WT_VS_MIR155_KO_NAIVE_CD8_TCELL_UP	148	39	9.277534644109004e-05	0.0026590905578557067
Immune::GSE14699_NAIVE_VS_DELETIONAL_TOLERANCE_CD8_TCELL_UP	123	34	9.286235756226741e-05	0.0026590905578557067
Immune::GSE6259_CD4_TCELL_VS_CD8_TCELL_UP	128	35	9.373556895970938e-05	0.0026743403069911724
Immune::GSE25123_IL4_VS_IL4_AND_ROSIGLITAZONE_STIM_MACROPHAGE_DAY10_UP	138	37	9.40572937691013e-05	0.0026743403069911724
GO_BP::GOBP_RESPONSE_TO_BACTERIUM	359	78	9.519285420048391e-05	0.002697130869013711
GO_BP::GOBP_REGULATION_OF_EPITHELIAL_CELL_PROLIFERATION	200	49	9.554352504003821e-05	0.002697601275168911
GO_BP::GOBP_EPITHELIAL_TO_MESENCHYMAL_TRANSITION	99	29	9.75273118510798e-05	0.002744017572116618
Immune::GSE36476_CTRL_VS_TSST_ACT_40H_MEMORY_CD4_TCELL_YOUNG_UP	174	44	9.786981341209035e-05	0.0027440928586896863
GO_BP::GOBP_REGULATION_OF_CELL_ACTIVATION	428	90	0.00010053573350476779	0.002809086671456747
GO_BP::GOBP_CELLULAR_RESPONSE_TO_DECREASED_OXYGEN_LEVELS	104	30	0.00010162009794462042	0.002826961868363087
Reactome::REACTOME_GLYCOGEN_SYNTHESIS	10	7	0.00010187565370819299	0.002826961868363087
GO_BP::GOBP_CELL_MORPHOGENESIS_INVOLVED_IN_NEURON_DIFFERENTIATION	411	87	0.00010249476092118573	0.0028330526974991153
Immune::GSE21546_WT_VS_SAP1A_KO_AND_ELK1_KO_DP_THYMOCYTES_DN	164	42	0.00010279683472040134	0.0028330526974991153
GO_BP::GOBP_REGULATION_OF_ENDOTHELIAL_CELL_MIGRATION	109	31	0.00010492864727425425	0.002873194838556773
Immune::GSE14769_UNSTIM_VS_120MIN_LPS_BMDM_DN	159	41	0.00010496501267792545	0.002873194838556773
Immune::GSE36891_UNSTIM_VS_POLYIC_TLR3_STIM_PERITONEAL_MACROPHAGE_UP	67	22	0.00010580818498653897	0.0028851361609760514
Immune::GSE16450_CTRL_VS_IFNA_12H_STIM_IMMATURE_NEURON_CELL_LINE_UP	185	46	0.00010611584393930492	0.0028851361609760514
Immune::GSE19941_LPS_VS_LPS_AND_IL10_STIM_IL10_KO_MACROPHAGE_DN	114	32	0.00010748644976980916	0.0029028531166930068
Immune::HOWARD_DENDRITIC_CELL_INACT_MONOV_INFLUENZA_A_INDONESIA_05_2005_H5N1_AGE_18_49YO_1DY_UP	114	32	0.00010748644976980916	0.0029028531166930068
Immune::GSE22886_DAY0_VS_DAY1_MONOCYTE_IN_CULTURE_DN	149	39	0.00010851026830730014	0.0029207347219381624
Immune::GSE10211_UV_INACT_SENDAI_VS_LIVE_SENDAI_VIRUS_TRACHEAL_EPITHELIAL_CELLS_DN	119	33	0.00010933663650987337	0.0029261178341471066
Immune::GSE11961_MEMORY_BCELL_DAY7_VS_MEMORY_BCELL_DAY40_UP	144	38	0.0001097973626930741	0.0029261178341471066
Immune::GSE24142_ADULT_VS_FETAL_DN3_THYMOCYTE_DN	144	38	0.0001097973626930741	0.0029261178341471066
Immune::GSE22886_NAIVE_CD4_TCELL_VS_NEUTROPHIL_DN	124	34	0.00011052870895542146	0.002935918831628383
Immune::GSE40274_CTRL_VS_FOXP3_AND_EOS_TRANSDUCED_ACTIVATED_CD4_TCELL_UP	129	35	0.0001111159220264543	0.0029418395749626833
GO_BP::GOBP_CELL_PROJECTION_ORGANIZATION	1149	209	0.00011651689543280487	0.003070297184313823
GO_BP::GOBP_SUPRAMOLECULAR_FIBER_ORGANIZATION	564	113	0.00011672832638815401	0.003070297184313823
GO_BP::GOBP_CARDIAC_MUSCLE_CELL_ACTION_POTENTIAL	50	18	0.0001173376378460234	0.003076303329891685
GO_BP::GOBP_GLIOGENESIS	207	50	0.0001192416353554991	0.0031161042249050327
Immune::GSE5679_CTRL_VS_PPARG_LIGAND_ROSIGLITAZONE_AND_RARA_AGONIST_AM580_TREATED_DC_UP	155	40	0.00012438487990987606	0.003240025500878223
GO_BP::GOBP_GLIAL_CELL_DIFFERENTIATION	150	39	0.00012661871202478408	0.003277070832051703
Immune::GSE360_DC_VS_MAC_T_GONDII_DN	150	39	0.00012661871202478408	0.003277070832051703
GO_BP::GOBP_LEARNING	115	32	0.00012869087660551313	0.003314479108955907
GO_BP::GOBP_RESPONSE_TO_MECHANICAL_STIMULUS	140	37	0.00012994530476896366	0.003314479108955907
Immune::GSE14415_FOXP3_KO_NATURAL_TREG_VS_TCONV_UP	140	37	0.00012994530476896366	0.003314479108955907
GO_BP::GOBP_REGULATION_OF_ANIMAL_ORGAN_MORPHOGENESIS	59	20	0.00013130359199607197	0.003314479108955907
GO_BP::GOBP_REGULATION_OF_RHO_PROTEIN_SIGNAL_TRANSDUCTION	59	20	0.00013130359199607197	0.003314479108955907
GO_BP::GOBP_CELL_CELL_JUNCTION_ORGANIZATION	130	35	0.00013134777893076042	0.003314479108955907
GO_BP::GOBP_POTASSIUM_ION_TRANSPORT	130	35	0.00013134777893076042	0.003314479108955907
Immune::GSE40274_CTRL_VS_FOXP3_AND_PBX1_TRANSDUCED_ACTIVATED_CD4_TCELL_UP	130	35	0.00013134777893076042	0.003314479108955907
GO_BP::GOBP_CYTOKINE_PRODUCTION	525	106	0.00013841240629217504	0.003481869722147394
Immune::GSE5542_UNTREATED_VS_IFNG_TREATED_EPITHELIAL_CELLS_24H_UP	161	41	0.00014113862041701482	0.0035394234778490514
GO_BP::GOBP_REGULATION_OF_INTRACELLULAR_SIGNAL_TRANSDUCTION	1235	222	0.00014766592572158687	0.0036803757077712588
GO_BP::GOBP_MONOATOMIC_CATION_TRANSMEMBRANE_TRANSPORT	520	105	0.00014806736416685923	0.0036803757077712588
Immune::GSE37301_PRO_BCELL_VS_GRANULOCYTE_MONOCYTE_PROGENITOR_UP	106	30	0.00014824878075401563	0.0036803757077712588
GO_BP::GOBP_POSITIVE_REGULATION_OF_TRANSPORT	591	117	0.00014858235055522357	0.0036803757077712588
Immune::GSE37533_UNTREATED_VS_PIOGLIZATONE_TREATED_CD4_TCELL_PPARG1_AND_FOXP3_TRASDUCED_UP	146	38	0.0001500086005830662	0.003704340824795901
GO_BP::GOBP_REGULATION_OF_OSTEOBLAST_DIFFERENTIATION	73	23	0.00015113696153531031	0.003712578960781407
GO_BP::GOBP_REGULATION_OF_HEART_CONTRACTION	111	31	0.00015141520197229863	0.003712578960781407
Reactome::REACTOME_HEMOSTASIS	404	85	0.00015213241099710785	0.003712578960781407
GO_BP::GOBP_CELLULAR_RESPONSE_TO_OXYGEN_LEVELS	116	32	0.00015357482619176985	0.003712578960781407
Immune::GSE36392_MAC_VS_NEUTROPHIL_IL25_TREATED_LUNG_DN	116	32	0.00015357482619176985	0.003712578960781407
Immune::GSE27241_WT_VS_RORGT_KO_TH17_POLARIZED_CD4_TCELL_TREATED_WITH_DIGOXIN_DN	136	36	0.000153794040117727	0.003712578960781407
Immune::GSE41176_UNSTIM_VS_ANTI_IGM_STIM_TAK1_KO_BCELL_24H_DN	136	36	0.000153794040117727	0.003712578960781407
Immune::GSE30971_WBP7_HET_VS_KO_MACROPHAGE_2H_LPS_STIM_UP	172	43	0.00015402030363613267	0.003712578960781407
Immune::GSE2405_S_AUREUS_VS_A_PHAGOCYTOPHILUM_NEUTROPHIL_UP	131	35	0.00015483402763763037	0.0037188098451040263
Immune::GSE24671_CTRL_VS_SENDAI_VIRUS_INFECTED_MOUSE_SPLENOCYTES_UP	126	34	0.0001551998659814312	0.0037188098451040263
GO_BP::GOBP_NEGATIVE_REGULATION_OF_EPITHELIAL_CELL_PROLIFERATION	78	24	0.00016525946071874715	0.003948136524567702
Immune::GSE3039_NKT_CELL_VS_ALPHAALPHA_CD8_TCELL_UP	157	40	0.0001673523552189657	0.003986342974611056
GO_BP::GOBP_REGULATION_OF_EPITHELIAL_TO_MESENCHYMAL_TRANSITION	60	20	0.00017060854393385774	0.004051952918429121
GO_BP::GOBP_REGULATION_OF_CALCIUM_ION_TRANSPORT	142	37	0.00017773390921031068	0.00419237528208805
GO_BP::GOBP_NEGATIVE_REGULATION_OF_NEURON_PROJECTION_DEVELOPMENT	107	30	0.00017807860331346144	0.00419237528208805
Immune::GSE16385_ROSIGLITAZONE_IL4_VS_IFNG_TNF_STIM_MACROPHAGE_DN	107	30	0.00017807860331346144	0.00419237528208805
Immune::GSE13946_CTRL_VS_DSS_COLITIS_GD_TCELL_FROM_COLON_UP	137	36	0.0001801993571000453	0.004229970373787401
Immune::GSE28783_CTRL_ANTI_MIR_VS_UNTREATED_ATHEROSCLEROSIS_MACROPHAGE_DN	132	35	0.00018202431228314114	0.004238999795268936
Immune::GSE26290_CTRL_VS_AKT_INHIBITOR_TREATED_ANTI_CD3_AND_IL2_STIM_CD8_TCELL_DN	168	42	0.00018267113510548168	0.004238999795268936
Immune::GSE32986_GMCSF_AND_CURDLAN_LOWDOSE_VS_GMCSF_AND_CURDLAN_HIGHDOSE_STIM_DC_DN	117	32	0.00018268383018620307	0.004238999795268936
Immune::GSE4590_PRE_BCELL_VS_LARGE_PRE_BCELL_UP	117	32	0.00018268383018620307	0.004238999795268936
Immune::GSE3920_IFNA_VS_IFNB_TREATED_ENDOTHELIAL_CELL_DN	122	33	0.00018336826282341274	0.004242689748707902
GO_BP::GOBP_POSITIVE_REGULATION_OF_MAPK_CASCADE	276	62	0.0001842382376512466	0.004250639340096618
GO_BP::GOBP_REGULATION_OF_SYNAPSE_ASSEMBLY	74	23	0.00018981448312244787	0.0043668146758226965
GO_BP::GOBP_RETINAL_GANGLION_CELL_AXON_GUIDANCE	17	9	0.00021149335826428157	0.004851729738591119
GO_BP::GOBP_POSITIVE_REGULATION_OF_MONOATOMIC_ION_TRANSPORT	123	33	0.0002165537614191659	0.0049414674657245455
Immune::GSE9988_LPS_VS_VEHICLE_TREATED_MONOCYTE_UP	118	32	0.00021662903812588098	0.0049414674657245455
GO_BP::GOBP_NEGATIVE_REGULATION_OF_COAGULATION	24	11	0.00021755858405556074	0.004948691735911699
GO_BP::GOBP_POSITIVE_REGULATION_OF_CELL_JUNCTION_ASSEMBLY	61	20	0.00021989607434602743	0.00498781123692183
GO_BP::GOBP_CONNECTIVE_TISSUE_DEVELOPMENT	154	39	0.00022951536397053284	0.00517312976408167
Immune::GSE26343_UNSTIM_VS_LPS_STIM_NFAT5_KO_MACROPHAGE_DN	154	39	0.00022951536397053284	0.00517312976408167
Immune::GSE36392_TYPE_2_MYELOID_VS_MAC_IL25_TREATED_LUNG_UP	89	26	0.00022998806009972997	0.00517312976408167
GO_BP::GOBP_REGULATION_OF_RESPONSE_TO_WOUNDING	94	27	0.0002390029640362934	0.0053461189323907735
Immune::GSE9601_UNTREATED_VS_NFKB_INHIBITOR_TREATED_HCMV_INF_MONOCYTE_UP	94	27	0.0002390029640362934	0.0053461189323907735
Immune::GSE37605_C57BL6_VS_NOD_FOXP3_FUSION_GFP_TCONV_UP	139	36	0.00024552129547880246	0.005471419410671849
GO_BP::GOBP_REGULATION_OF_LIPID_LOCALIZATION	99	28	0.0002459597827955271	0.005471419410671849
Immune::GSE7219_WT_VS_NIK_NFKB2_KO_LPS_AND_ANTI_CD40_STIM_DC_UP	134	35	0.00024957363592546805	0.0055365579947751495
Immune::GSE2935_UV_INACTIVATED_VS_LIVE_SENDAI_VIRUS_INF_MACROPHAGE_DN	129	34	0.00025278008384979156	0.005592326512567306
Immune::GSE19401_UNSTIM_VS_RETINOIC_ACID_AND_PAM2CSK4_STIM_FOLLICULAR_DC_DN	160	40	0.0002570562497653704	0.005671391302883514
Immune::HOWARD_T_CELL_INACT_MONOV_INFLUENZA_A_INDONESIA_05_2005_H5N1_AGE_18_49YO_1DY_UP	36	14	0.0002619743708993173	0.005764149986408684
Immune::GOLDRATH_NAIVE_VS_MEMORY_CD8_TCELL_DN	155	39	0.00026486095774954613	0.0057960765144379
Immune::GSE5589_IL6_KO_VS_IL10_KO_LPS_AND_IL10_STIM_MACROPHAGE_45MIN_UP	155	39	0.00026486095774954613	0.0057960765144379
GO_BP::GOBP_HUMORAL_IMMUNE_RESPONSE	85	25	0.00026822157805170125	0.005853754710182399
GO_BP::GOBP_REGULATION_OF_CELL_DIFFERENTIATION	960	176	0.0002745545014072525	0.005975815630360011
GO_BP::GOBP_NEGATIVE_REGULATION_OF_CELL_PROJECTION_ORGANIZATION	145	37	0.00027921031997083895	0.006028404635734022
GO_BP::GOBP_VASCULAR_PROCESS_IN_CIRCULATORY_SYSTEM	145	37	0.00027921031997083895	0.006028404635734022
Immune::GSE3982_EOSINOPHIL_VS_NKCELL_UP	145	37	0.00027921031997083895	0.006028404635734022
Immune::GSE15330_HSC_VS_MEGAKARYOCYTE_ERYTHROID_PROGENITOR_DN	140	36	0.00028552836918605435	0.0061157601622742405
Immune::GSE3920_UNTREATED_VS_IFNG_TREATED_FIBROBLAST_DN	140	36	0.00028552836918605435	0.0061157601622742405
Immune::GSE7219_UNSTIM_VS_LPS_AND_ANTI_CD40_STIM_DC_DN	140	36	0.00028552836918605435	0.0061157601622742405
GO_BP::GOBP_MYELIN_ASSEMBLY	21	10	0.0002873401117523007	0.0061382841333328785
GO_BP::GOBP_SMALL_GTPASE_MEDIATED_SIGNAL_TRANSDUCTION	400	83	0.0002901242790627566	0.006181407792695935
Immune::GSE45739_UNSTIM_VS_ACD3_ACD28_STIM_WT_CD4_TCELL_UP	135	35	0.0002911027753083109	0.006185933975301606
GO_BP::GOBP_EXTERNAL_ENCAPSULATING_STRUCTURE_ORGANIZATION	161	40	0.00029537612723590104	0.0062275776173104464
Immune::GSE17974_CTRL_VS_ACT_IL4_AND_ANTI_IL12_12H_CD4_TCELL_UP	161	40	0.00029537612723590104	0.0062275776173104464
Immune::GSE25087_TREG_VS_TCONV_ADULT_UP	161	40	0.00029537612723590104	0.0062275776173104464
GO_BP::GOBP_REGULATION_OF_GROWTH	412	85	0.0003000168863397519	0.006279481143119183
GO_BP::GOBP_CARDIAC_MUSCLE_CELL_CONTRACTION	49	17	0.00030094850803555714	0.006279481143119183
GO_BP::GOBP_NEGATIVE_REGULATION_OF_RESPONSE_TO_WOUNDING	49	17	0.00030094850803555714	0.006279481143119183
GO_BP::GOBP_POSITIVE_REGULATION_OF_LIPID_TRANSPORT	49	17	0.00030094850803555714	0.006279481143119183
Immune::GSE22886_TH1_VS_TH2_48H_ACT_UP	110	30	0.00030224383155466014	0.006290254999494538
Immune::GSE26343_WT_VS_NFAT5_KO_MACROPHAGE_DN	156	39	0.00030500330905652075	0.006298981382689015
Immune::GSE30971_CTRL_VS_LPS_STIM_MACROPHAGE_WBP7_KO_4H_DN	156	39	0.00030500330905652075	0.006298981382689015
Immune::GSE37534_UNTREATED_VS_ROSIGLITAZONE_TREATED_CD4_TCELL_PPARG1_AND_FOXP3_TRASDUCED_DN	156	39	0.00030500330905652075	0.006298981382689015
Immune::GSE7460_FOXP3_MUT_VS_WT_ACT_TCONV_UP	151	38	0.0003142731138744712	0.006473865802388661
Immune::GSE6269_FLU_VS_STAPH_AUREUS_INF_PBMC_DN	146	37	0.0003230677843501743	0.0066380976046505275
GO_BP::GOBP_REGULATION_OF_CDC42_PROTEIN_SIGNAL_TRANSDUCTION	6	5	0.00032492519205944197	0.006659317070761406
GO_BP::GOBP_POSITIVE_REGULATION_OF_INFLAMMATORY_RESPONSE	86	25	0.0003272243013774314	0.006672566246522118
Immune::GSE10147_IL3_VS_IL3_AND_HIVP17_STIM_PDC_DN	86	25	0.0003272243013774314	0.006672566246522118
GO_BP::GOBP_POSITIVE_REGULATION_OF_NERVOUS_SYSTEM_DEVELOPMENT	183	44	0.00033024786016057437	0.00671725811283788
Immune::GSE19941_LPS_VS_LPS_AND_IL10_STIM_IL10_KO_NFKBP50_KO_MACROPHAGE_DN	141	36	0.00033125461720080854	0.006720806617830475
Immune::GSE21546_SAP1A_KO_VS_SAP1A_KO_AND_ELK1_KO_ANTI_CD3_STIM_DP_THYMOCYTES_DN	162	40	0.00033872892656568594	0.006855228275734121
Immune::GSE12003_4D_VS_8D_CULTURE_MIR223_KO_BM_PROGENITOR_UP	72	22	0.00033995807510130437	0.006862903641107581
Immune::GSE21774_CD62L_POS_CD56_BRIGHT_VS_CD62L_NEG_CD56_DIM_NK_CELL_UP	131	34	0.00034519368066957836	0.006951219380066946
Reactome::REACTOME_RESPONSE_OF_EIF2AK4_GCN2_TO_AMINO_ACID_DEFICIENCY	96	27	0.00034758679421673604	0.006981998416169511
Immune::GSE9988_ANTI_TREM1_AND_LPS_VS_VEHICLE_TREATED_MONOCYTES_UP	126	33	0.000350598156777795	0.0070250126947411775
GO_BP::GOBP_RESPONSE_TO_WOUNDING	339	72	0.00035388889547218236	0.007054659760899545
Immune::GSE3982_MEMORY_CD4_TCELL_VS_BCELL_UP	121	32	0.00035469868271519695	0.007054659760899545
Immune::GSE9988_LPS_VS_CTRL_TREATED_MONOCYTE_UP	121	32	0.00035469868271519695	0.007054659760899545
GO_BP::GOBP_ACTIN_MEDIATED_CELL_CONTRACTION	63	20	0.00035701746954685805	0.007083331858945648
Reactome::REACTOME_GPCR_LIGAND_BINDING	111	30	0.0003581062869555349	0.0070875202626616285
Reactome::REACTOME_DEVELOPMENTAL_BIOLOGY	731	138	0.00036020673405117945	0.007111661069592357
Immune::GSE3720_UNSTIM_VS_LPS_STIM_VD2_GAMMADELTA_TCELL_DN	77	23	0.0003631656513205906	0.007135188891517687
Immune::GSE41176_UNSTIM_VS_ANTI_IGM_STIM_TAK1_KO_BCELL_3H_DN	77	23	0.0003631656513205906	0.007135188891517687
GO_BP::GOBP_REGULATION_OF_ACTION_POTENTIAL	37	14	0.00036610597508374165	0.007158125299760808
GO_BP::GOBP_RESPONSE_TO_AMYLOID_BETA	37	14	0.00036610597508374165	0.007158125299760808
GO_BP::GOBP_INOSITOL_PHOSPHATE_BIOSYNTHETIC_PROCESS	18	9	0.00036908094819967685	0.007181514835451543
GO_BP::GOBP_POSITIVE_REGULATION_OF_VASCULAR_ENDOTHELIAL_GROWTH_FACTOR_PRODUCTION	18	9	0.00036908094819967685	0.007181514835451543
GO_BP::GOBP_RESPONSE_TO_GROWTH_FACTOR	438	89	0.00037192301642615565	0.007219419128945209
GO_BP::GOBP_POSITIVE_REGULATION_OF_CELL_CELL_ADHESION	211	49	0.00037524815079484683	0.00724943763787777
GO_BP::GOBP_POSITIVE_REGULATION_OF_CELL_POPULATION_PROLIFERATION	750	141	0.0003752650071372022	0.00724943763787777
GO_BP::GOBP_MESENCHYMAL_CELL_DIFFERENTIATION	142	36	0.00038339372557493986	0.007371200795280094
Immune::GSE7764_IL15_TREATED_VS_CTRL_NK_CELL_24H_DN	142	36	0.00038339372557493986	0.007371200795280094
GO_BP::GOBP_MESENCHYME_DEVELOPMENT	163	40	0.00038767848433647503	0.007435875916905073
GO_BP::GOBP_REGULATION_OF_ACTIN_FILAMENT_ORGANIZATION	206	48	0.00039483434767712195	0.007550715372450986
GO_BP::GOBP_RESPONSE_TO_FIBROBLAST_GROWTH_FACTOR	50	17	0.00039553592601198354	0.007550715372450986
GO_BP::GOBP_WOUND_HEALING	250	56	0.0003975569436478438	0.007571396981029101
GO_BP::GOBP_SENSORY_SYSTEM_DEVELOPMENT	217	50	0.00039967409959906395	0.007593807892382215
Immune::GSE43863_TFH_VS_LY6C_INT_CXCR5POS_EFFECTOR_CD4_TCELL_DN	132	34	0.0004018034615383431	0.007601333932307017
Immune::GSE15930_STIM_VS_STIM_AND_TRICHOSTATINA_48H_CD8_T_CELL_UP	158	39	0.00040195289029041443	0.007601333932307017
Immune::GSE21063_WT_VS_NFATC1_KO_3H_ANTI_IGM_STIM_BCELL_UP	122	32	0.000415616165343387	0.007770391705780908
Immune::GSE21678_WT_VS_FOXO1_FOXO3_KO_TREG_UP	153	38	0.0004159780288818404	0.007770391705780908
Immune::GSE23568_ID3_TRANSDUCED_VS_ID3_KO_CD8_TCELL_UP	153	38	0.0004159780288818404	0.007770391705780908
Immune::GSE2770_TGFB_AND_IL4_VS_IL12_TREATED_ACT_CD4_TCELL_2H_DN	153	38	0.0004159780288818404	0.007770391705780908
GO_BP::GOBP_POSITIVE_REGULATION_OF_CYSTEINE_TYPE_ENDOPEPTIDASE_ACTIVITY	97	27	0.0004166662053997688	0.007770391705780908
Immune::GSE2706_R848_VS_R848_AND_LPS_2H_STIM_DC_DN	97	27	0.0004166662053997688	0.007770391705780908
Immune::GSE19198_6H_VS_24H_IL21_TREATED_TCELL_DN	185	44	0.00042451283443637773	0.007898481884962559
GO_BP::GOBP_RESPONSE_TO_INORGANIC_SUBSTANCE	347	73	0.00043310249530084194	0.008039776205871952
GO_BP::GOBP_REGULATION_OF_TISSUE_REMODELING	46	16	0.0004350791583948718	0.008057945422106859
GO_BP::GOBP_BLOOD_VESSEL_ENDOTHELIAL_CELL_MIGRATION	78	23	0.0004459264219359067	0.008205007657247855
Reactome::REACTOME_PROTEIN_PROTEIN_INTERACTIONS_AT_SYNAPSES	78	23	0.0004459264219359067	0.008205007657247855
GO_BP::GOBP_RESPONSE_TO_ORGANIC_CYCLIC_COMPOUND	559	109	0.00044606790854883076	0.008205007657247855
GO_BP::GOBP_PLASMINOGEN_ACTIVATION	15	8	0.00045341052693588177	0.008321113647743739
GO_BP::GOBP_CALCIUM_ION_IMPORT	22	10	0.0004591527961249998	0.008385428593965866
GO_BP::GOBP_DEVELOPMENTAL_GROWTH	429	87	0.0004599511463988751	0.008385428593965866
Immune::GSE32986_CURDLAN_HIGHDOSE_VS_GMCSF_AND_CURDLAN_HIGHDOSE_STIM_DC_DN	159	39	0.00046003032410239986	0.008385428593965866
Immune::GSE37319_WT_VS_RC3H1_KO_CD44LOW_CD8_TCELL_DN	83	24	0.00046548356295165013	0.008465720204582375
Immune::LI_PBMC_MENACTRA_AGE_18_45YO_CORRELATED_WITH_ANTI_POLYSACCHARIDE_ANTIBODY_3DY_POSITIVE	42	15	0.00047220361613149297	0.008568638652273721
GO_BP::GOBP_NEGATIVE_REGULATION_OF_DEVELOPMENTAL_PROCESS	530	104	0.0004743120369688979	0.008587600220905494
Immune::GSE3982_DC_VS_BCELL_UP	154	38	0.00047706062600795876	0.00861804151009903
GO_BP::GOBP_REGULATION_OF_POSTSYNAPSE_ORGANIZATION	88	25	0.00048036391395161874	0.008658345100802057
GO_BP::GOBP_REGULATION_OF_CELL_MORPHOGENESIS	197	46	0.0004912198139023734	0.008834298434881215
Immune::GSE14699_NAIVE_VS_ACT_CD8_TCELL_DN	149	37	0.0004937824872908483	0.008841005731427052
Immune::GSE32255_UNSTIM_VS_4H_LPS_STIM_DC_UP	149	37	0.0004937824872908483	0.008841005731427052
Immune::GSE7218_UNSTIM_VS_ANTIGEN_STIM_THROUGH_IGG_BCELL_DN	98	27	0.0004975473002432944	0.008888704534213723
GO_BP::GOBP_CONNECTIVE_TISSUE_REPLACEMENT	9	6	0.0005011386543009425	0.008921019460406732
GO_BP::GOBP_REGULATION_OF_PHOSPHOLIPASE_ACTIVITY	38	14	0.000503635635991	0.008921019460406732
GO_BP::GOBP_PEPTIDYL_TYROSINE_MODIFICATION	165	40	0.0005048799867994894	0.008921019460406732
Immune::GSE11057_NAIVE_VS_EFF_MEMORY_CD4_TCELL_DN	165	40	0.0005048799867994894	0.008921019460406732
Immune::GSE5589_LPS_VS_LPS_AND_IL6_STIM_IL6_KO_MACROPHAGE_45MIN_UP	165	40	0.0005048799867994894	0.008921019460406732
GO_BP::GOBP_AXON_GUIDANCE	144	36	0.000510024895216745	0.008981071363179986
GO_BP::GOBP_REGULATION_OF_PHOSPHOLIPASE_C_ACTIVITY	26	11	0.0005105030038018097	0.008981071363179986
GO_BP::GOBP_REGULATION_OF_PLASMINOGEN_ACTIVATION	12	7	0.0005153069619072762	0.009026255352280379
GO_BP::GOBP_SYNAPSE_PRUNING	12	7	0.0005153069619072762	0.009026255352280379
Immune::GSE34156_NOD2_LIGAND_VS_TLR1_TLR2_LIGAND_6H_TREATED_MONOCYTE_DN	160	39	0.0005254517199630959	0.009161352957914336
Immune::GSE3982_MAC_VS_BCELL_UP	160	39	0.0005254517199630959	0.009161352957914336
GO_BP::GOBP_SECOND_MESSENGER_MEDIATED_SIGNALING	176	42	0.0005264232535569351	0.009161352957914336
GO_BP::GOBP_LEUKOCYTE_CELL_CELL_ADHESION	264	58	0.0005321823802083077	0.009241661763832442
Immune::GSE360_L_DONOVANI_VS_B_MALAYI_HIGH_DOSE_DC_UP	134	34	0.0005402564879332519	0.009361740643907745
GO_BP::GOBP_CHONDROCYTE_DIFFERENTIATION	65	20	0.0005632929801900353	0.009740023158532195
Immune::GSE18893_TCONV_VS_TREG_24H_CULTURE_DN	150	37	0.0005663094167013274	0.009750423325934367
Immune::GSE360_L_DONOVANI_VS_M_TUBERCULOSIS_DC_DN	150	37	0.0005663094167013274	0.009750423325934367
GO_BP::GOBP_POSITIVE_REGULATION_OF_PHOSPHATIDYLINOSITOL_3_KINASE_PROTEIN_KINASE_B_SIGNAL_TRANSDUCTION	89	25	0.0005781669818625128	0.00993340080540381
Reactome::REACTOME_AMYLOID_FIBER_FORMATION	56	18	0.0005861775383051944	0.01004964675544468
Immune::GSE21670_UNTREATED_VS_IL6_TREATED_STAT3_KO_CD4_TCELL_UP	177	42	0.0005960601936163819	0.010197428100534499
GO_BP::GOBP_RESPONSE_TO_ABIOTIC_STIMULUS	752	140	0.0006022560998193626	0.01023079027240871
GO_BP::GOBP_POSITIVE_REGULATION_OF_ENDOTHELIAL_CELL_MIGRATION	70	21	0.0006038413211838356	0.01023079027240871
GO_BP::GOBP_REGULATION_OF_OSSIFICATION	70	21	0.0006038413211838356	0.01023079027240871
GO_BP::GOBP_CELLULAR_RESPONSE_TO_NITROGEN_COMPOUND	468	93	0.0006049923635904329	0.01023079027240871
GO_BP::GOBP_REGULATION_OF_ADAPTIVE_IMMUNE_RESPONSE	140	35	0.0006056121052893329	0.01023079027240871
Immune::GSE8835_HEALTHY_VS_CLL_CD8_TCELL_DN	140	35	0.0006056121052893329	0.01023079027240871
GO_BP::GOBP_REGULATION_OF_CARDIAC_MUSCLE_CELL_ACTION_POTENTIAL	19	9	0.0006120408796798086	0.01031780814909072
GO_BP::GOBP_MAPK_CASCADE	492	97	0.0006157930104092823	0.010359434498031155
Immune::GSE21774_CD62L_POS_CD56_DIM_VS_CD62L_NEG_CD56_DIM_NK_CELL_UP	156	38	0.0006235828963688123	0.010434471782123677
GO_BP::GOBP_MYELOID_LEUKOCYTE_MIGRATION	135	34	0.0006241300149555091	0.010434471782123677
Immune::GSE9988_ANTI_TREM1_AND_LPS_VS_CTRL_TREATED_MONOCYTES_UP	135	34	0.0006241300149555091	0.010434471782123677
GO_BP::GOBP_POSITIVE_REGULATION_OF_MIRNA_METABOLIC_PROCESS	43	15	0.0006297653759280318	0.010506932666567886
GO_BP::GOBP_MAINTENANCE_OF_LOCATION	249	55	0.0006381786654391704	0.01062534582148722
Immune::GSE41176_UNSTIM_VS_ANTI_IGM_STIM_BCELL_3H_UP	130	33	0.0006415311432293386	0.010644608335340136
GO_BP::GOBP_NEGATIVE_REGULATION_OF_CELL_ADHESION	183	43	0.0006419720444966745	0.010644608335340136
GO_BP::GOBP_REGULATION_OF_BLOOD_VESSEL_ENDOTHELIAL_CELL_MIGRATION	61	19	0.0006482453630152589	0.010726601037598803
Immune::GSE26495_NAIVE_VS_PD1HIGH_CD8_TCELL_DN	167	40	0.0006525628716749284	0.010764842804531764
GO_BP::GOBP_AXON_DEVELOPMENT	346	72	0.0006532226593461999	0.010764842804531764
GO_BP::GOBP_POSITIVE_REGULATION_OF_NEURON_PROJECTION_DEVELOPMENT	125	32	0.0006574965901373276	0.01079122960438805
Immune::GSE26290_CTRL_VS_AKT_INHIBITOR_TREATED_ANTI_CD3_AND_IL2_STIM_CD8_TCELL_UP	125	32	0.0006574965901373276	0.01079122960438805
GO_BP::GOBP_DENDRITIC_SPINE_DEVELOPMENT	85	24	0.0006805837284202908	0.011117009456614002
Immune::GSE37416_CTRL_VS_6H_F_TULARENSIS_LVS_NEUTROPHIL_DN	162	39	0.0006815256001333805	0.011117009456614002
GO_BP::GOBP_POSITIVE_REGULATION_OF_BLOOD_VESSEL_ENDOTHELIAL_CELL_MIGRATION	39	14	0.0006827201563805286	0.011117009456614002
Immune::GSE40685_NAIVE_CD4_TCELL_VS_FOXP3_KO_TREG_PRECURSOR_DN	115	30	0.0006836310405831583	0.011117009456614002
GO_BP::GOBP_EPITHELIAL_CELL_DIFFERENTIATION	335	70	0.0006842295603637349	0.011117009456614002
Reactome::REACTOME_EUKARYOTIC_TRANSLATION_ELONGATION	90	25	0.0006929249138479232	0.011198864289886173
GO_BP::GOBP_NEUROTRANSMITTER_SECRETION	110	29	0.0006929409130874129	0.011198864289886173
GO_BP::GOBP_ENDOTHELIAL_CELL_MIGRATION	141	35	0.0006962018419223355	0.011198864289886173
Immune::GSE13946_CTRL_VS_DSS_COLITIS_GD_TCELL_FROM_COLON_DN	141	35	0.0006962018419223355	0.011198864289886173
Immune::GSE46606_IRF4MID_VS_WT_CD40L_IL2_IL5_DAY1_STIMULATED_BCELL_DN	141	35	0.0006962018419223355	0.011198864289886173
GO_BP::GOBP_SENSORY_PERCEPTION_OF_MECHANICAL_STIMULUS	95	26	0.0006996948006125221	0.011232674980012158
GO_BP::GOBP_REGULATION_OF_POSTSYNAPTIC_MEMBRANE_POTENTIAL	100	27	0.0007015422556681954	0.011239987528810868
GO_BP::GOBP_VASCULAR_ENDOTHELIAL_GROWTH_FACTOR_PRODUCTION	23	10	0.0007082049274083299	0.011324266908558938
Immune::GSE36078_WT_VS_IL1R_KO_LUNG_DC_AFTER_AD5_INF_DN	157	38	0.0007107864397330817	0.011343083993764099
GO_BP::GOBP_OSTEOBLAST_DIFFERENTIATION	136	34	0.0007192783498488964	0.011433410777617793
Immune::GSE360_L_MAJOR_VS_B_MALAYI_LOW_DOSE_DC_UP	136	34	0.0007192783498488964	0.011433410777617793
GO_BP::GOBP_CARDIAC_CONDUCTION	57	18	0.0007430613058402704	0.011788251561218436
GO_BP::GOBP_POSITIVE_REGULATION_OF_CD4_POSITIVE_ALPHA_BETA_T_CELL_ACTIVATION	27	11	0.0007503018115233622	0.011879778682453233
GO_BP::GOBP_CELL_CELL_ADHESION_MEDIATED_BY_CADHERIN	31	12	0.0007519581756189694	0.011882705025681367
Immune::GSE22140_GERMFREE_VS_SPF_ARTHRITIC_MOUSE_CD4_TCELL_UP	163	39	0.0007739452575211154	0.012182471646165706
Immune::GSE23502_BM_VS_COLON_TUMOR_MYELOID_DERIVED_SUPPRESSOR_CELL_UP	163	39	0.0007739452575211154	0.012182471646165706
GO_BP::GOBP_POSITIVE_REGULATION_OF_CELL_SUBSTRATE_ADHESION	76	22	0.0007761326917519216	0.012193135186569585
Immune::GSE37605_FOXP3_FUSION_GFP_VS_IRES_GFP_TREG_NOD_DN	121	31	0.0007808426165499811	0.012243308987652616
Immune::GSE2405_0H_VS_24H_A_PHAGOCYTOPHILUM_STIM_NEUTROPHIL_DN	142	35	0.0007985222538116712	0.012472083558083645
Immune::GSE9988_ANTI_TREM1_VS_LOW_LPS_MONOCYTE_DN	142	35	0.0007985222538116712	0.012472083558083645
Immune::GSE15735_2H_VS_12H_HDAC_INHIBITOR_TREATED_CD4_TCELL_UP	158	38	0.000808583730389926	0.012560857588343938
Immune::GSE7852_LN_VS_FAT_TREG_DN	158	38	0.000808583730389926	0.012560857588343938
Reactome::REACTOME_NERVOUS_SYSTEM_DEVELOPMENT	478	94	0.0008088725629645632	0.012560857588343938
Immune::GSE14386_UNTREATED_VS_IFNA_TREATED_ACT_PBMC_MS_PATIENT_DN	111	29	0.0008113580369633219	0.01257527091838546
GO_BP::GOBP_REGULATION_OF_CELL_MATRIX_ADHESION	86	24	0.0008173680227594628	0.01264415092678671
GO_BP::GOBP_REGULATION_OF_GTPASE_ACTIVITY	218	49	0.0008193301631333411	0.012650269727154358
GO_BP::GOBP_REGULATION_OF_CALCIUM_ION_TRANSMEMBRANE_TRANSPORT	101	27	0.0008285250051277395	0.012758934749385551
GO_BP::GOBP_OSSIFICATION	246	54	0.0008295282654399275	0.012758934749385551
Immune::GSE23114_PERITONEAL_CAVITY_B1A_BCELL_VS_SPLEEN_BCELL_IN_SLE2C1_MOUSE_UP	153	37	0.0008435873257270337	0.01293610792974419
GO_BP::GOBP_TUBE_DEVELOPMENT	605	115	0.0008442512543622524	0.01293610792974419
Immune::GSE9509_LPS_VS_LPS_AND_IL10_STIM_IL10_KO_MACROPHAGE_10MIN_UP	132	33	0.0008544898434456863	0.01306819220799984
Immune::GSE2405_0H_VS_3H_A_PHAGOCYTOPHILUM_STIM_NEUTROPHIL_DN	67	20	0.0008655236105148664	0.013186987084731218
Immune::GSE2706_LPS_VS_R848_AND_LPS_2H_STIM_DC_DN	67	20	0.0008655236105148664	0.013186987084731218
Immune::GSE17974_IL4_AND_ANTI_IL12_VS_UNTREATED_6H_ACT_CD4_TCELL_DN	148	36	0.0008787519865986509	0.01336331881691922
Immune::HARALAMBIEVA_PBMC_FLUARIX_AGE_50_74YO_CORR_WITH_28D_MEM_B_CELL_RESPONSE_AT_28DY_POSITIVE	1027	183	0.0008880535411887082	0.013479384107328605
Immune::GSE22886_NAIVE_TCELL_VS_NEUTROPHIL_DN	122	31	0.0009052604186093701	0.013714780263171977
Immune::GSE19198_CTRL_VS_IL21_TREATED_TCELL_24H_UP	143	35	0.0009138329390089146	0.013801431857930306
Immune::GSE29618_BCELL_VS_MONOCYTE_DAY7_FLU_VACCINE_DN	186	43	0.000914398271701884	0.013801431857930306
Immune::GSE21360_NAIVE_VS_PRIMARY_MEMORY_CD8_TCELL_DN	159	38	0.0009180467836041897	0.01380489344060304
Immune::GSE9988_LOW_LPS_VS_ANTI_TREM1_AND_LPS_MONOCYTE_DN	159	38	0.0009180467836041897	0.01380489344060304
GO_BP::GOBP_POSITIVE_REGULATION_OF_RESPONSE_TO_EXTERNAL_STIMULUS	397	80	0.000928417636759101	0.01393489296808502
GO_BP::GOBP_REGULATION_OF_SYNAPTIC_TRANSMISSION_GLUTAMATERGIC	58	18	0.0009346005366360209	0.014001668521958941
Immune::GSE34156_UNTREATED_VS_6H_TLR1_TLR2_LIGAND_TREATED_MONOCYTE_UP	170	40	0.0009458523682350958	0.014105805121303282
Immune::GSE25147_UNSTIM_VS_HELIOBACTER_PYLORI_LPS_STIM_MKN45_CELL_DN	112	29	0.0009470781881097674	0.014105805121303282
Immune::GSE6259_FLT3L_INDUCED_33D1_POS_DC_VS_CD8_TCELL_UP	112	29	0.0009470781881097674	0.014105805121303282
Immune::GSE1112_HY_CD8AB_VS_HY_CD8AA_THYMOCYTE_RTOC_CULTURE_DN	138	34	0.0009485389697668958	0.014105805121303282
GO_BP::GOBP_DENDRITIC_SPINE_MORPHOGENESIS	49	16	0.0009610580792561227	0.014265705863958072
GO_BP::GOBP_INCLUSION_BODY_ASSEMBLY	20	9	0.0009714842411881423	0.014318373773405588
Reactome::REACTOME_COMPLEMENT_CASCADE	20	9	0.0009714842411881423	0.014318373773405588
Immune::HOEK_MYELOID_DENDRITIC_CELL_2011_2012_TIV_ADULT_1DY_UP	20	9	0.0009714842411881423	0.014318373773405588
GO_BP::GOBP_ERK1_AND_ERK2_CASCADE	192	44	0.000971698926046596	0.014318373773405588
GO_BP::GOBP_ACTIN_FILAMENT_BASED_MOVEMENT	87	24	0.0009773705236850454	0.01437571398680645
Immune::GSE20366_TREG_VS_NAIVE_CD4_TCELL_DN	133	33	0.000982526116432904	0.014425269800355817
GO_BP::GOBP_REGULATION_OF_DENDRITIC_SPINE_MORPHOGENESIS	36	13	0.0009882752779913826	0.014457106648152926
Immune::GSE37532_VISCERAL_ADIPOSE_TISSUE_VS_LN_DERIVED_TCONV_CD4_TCELL_DN	36	13	0.0009882752779913826	0.014457106648152926
Immune::GSE29164_UNTREATED_VS_CD8_TCELL_TREATED_MELANOMA_DAY3_DN	165	39	0.000992507774755358	0.014492767235351747
GO_BP::GOBP_OSTEOBLAST_DEVELOPMENT	7	5	0.0010016422504372663	0.014521115210558214
GO_BP::GOBP_POSITIVE_REGULATION_OF_CD4_POSITIVE_ALPHA_BETA_T_CELL_PROLIFERATION	7	5	0.0010016422504372663	0.014521115210558214
GO_BP::GOBP_WOUND_HEALING_INVOLVED_IN_INFLAMMATORY_RESPONSE	7	5	0.0010016422504372663	0.014521115210558214
Reactome::REACTOME_MYOCLONIC_EPILEPSY_OF_LAFORA	7	5	0.0010016422504372663	0.014521115210558214
Immune::GSE24634_TREG_VS_TCONV_POST_DAY10_IL4_CONVERSION_DN	176	41	0.0010140951170972906	0.014641572388303015
Immune::GSE22313_HEALTHY_VS_SLE_MOUSE_CD4_TCELL_UP	128	32	0.0010153907786315404	0.014641572388303015
Immune::GSE45739_UNSTIM_VS_ACD3_ACD28_STIM_NRAS_KO_CD4_TCELL_DN	128	32	0.0010153907786315404	0.014641572388303015
Immune::GSE12366_NAIVE_VS_MEMORY_BCELL_DN	160	38	0.0010403304919514183	0.01497445405081587
GO_BP::GOBP_REGULATION_OF_RAS_PROTEIN_SIGNAL_TRANSDUCTION	144	35	0.0010434960723366769	0.01499329321017556
Reactome::REACTOME_NON_INTEGRIN_MEMBRANE_ECM_INTERACTIONS	32	12	0.0010471681430963833	0.01501932993872699
GO_BP::GOBP_POSITIVE_REGULATION_OF_CELL_DEVELOPMENT	294	62	0.0010592691516667391	0.015165954609412976
GO_BP::GOBP_REGULATION_OF_BIOMINERAL_TISSUE_DEVELOPMENT	54	17	0.0010735759292553365	0.015343585183605032
GO_BP::GOBP_HYALURONAN_CATABOLIC_PROCESS	10	6	0.0011000331551900664	0.015583803031859274
GO_BP::GOBP_LEUKOCYTE_AGGREGATION	10	6	0.0011000331551900664	0.015583803031859274
GO_BP::GOBP_REGULATION_OF_PHOSPHOLIPID_TRANSPORT	10	6	0.0011000331551900664	0.015583803031859274
GO_BP::GOBP_REVERSE_CHOLESTEROL_TRANSPORT	10	6	0.0011000331551900664	0.015583803031859274
Immune::HOEK_B_CELL_2011_2012_TIV_ADULT_3DY_UP	10	6	0.0011000331551900664	0.015583803031859274
Immune::GSE39820_CTRL_VS_IL1B_IL6_IL23A_CD4_TCELL_DN	166	39	0.0011208644200815037	0.015851103664024768
GO_BP::GOBP_DETECTION_OF_STIMULUS	108	28	0.0011250394645341475	0.015882331601596574
GO_BP::GOBP_ADAPTIVE_IMMUNE_RESPONSE	289	61	0.0011306841155497784	0.015934160965208482
GO_BP::GOBP_CELL_RECOGNITION	78	22	0.001135938220277097	0.015952523702152277
GO_BP::GOBP_MONOCARBOXYLIC_ACID_TRANSPORT	78	22	0.001135938220277097	0.015952523702152277
Reactome::REACTOME_EXTRACELLULAR_MATRIX_ORGANIZATION	150	36	0.0011387932589635374	0.01596485341342112
GO_BP::GOBP_POSITIVE_REGULATION_OF_ENDOCYTOSIS	103	27	0.0011436136039342192	0.016004644457138336
GO_BP::GOBP_REGULATION_OF_RESPONSE_TO_EXTERNAL_STIMULUS	702	130	0.0011526071157309246	0.01610259941094674
GO_BP::GOBP_ACTION_POTENTIAL	93	25	0.0011640512479846109	0.016178509169493517
GO_BP::GOBP_SEQUESTERING_OF_CALCIUM_ION	93	25	0.0011640512479846109	0.016178509169493517
Immune::GSE41867_LCMV_ARMSTRONG_VS_CLONE13_DAY15_EFFECTOR_CD8_TCELL_DN	93	25	0.0011640512479846109	0.016178509169493517
Immune::GSE39820_IL1B_IL6_VS_IL1B_IL6_IL23A_TREATED_CD4_TCELL_UP	129	32	0.001167679558959711	0.016201052299999425
GO_BP::GOBP_SENSORY_PERCEPTION	227	50	0.0011705615370850202	0.016213180809539516
Immune::GSE3039_CD4_TCELL_VS_B2_BCELL_UP	145	35	0.0011889811578998702	0.016440107619933992
Immune::GSE36476_CTRL_VS_TSST_ACT_16H_MEMORY_CD4_TCELL_YOUNG_UP	172	40	0.0012007532017410175	0.016574499323177293
GO_BP::GOBP_PHOSPHOLIPASE_C_ACTIVATING_G_PROTEIN_COUPLED_RECEPTOR_SIGNALING_PATHWAY	50	16	0.0012271861513710115	0.01688164935659441
GO_BP::GOBP_REGULATION_OF_RELEASE_OF_SEQUESTERED_CALCIUM_ION_INTO_CYTOSOL	50	16	0.0012271861513710115	0.01688164935659441
GO_BP::GOBP_REGULATION_OF_TRANSPORTER_ACTIVITY	156	37	0.0012339188527018179	0.016916629432202342
Immune::GSE9650_NAIVE_VS_MEMORY_CD8_TCELL_DN	156	37	0.0012339188527018179	0.016916629432202342
GO_BP::GOBP_BONE_DEVELOPMENT	119	30	0.0012442229704957741	0.01702898387585318
GO_BP::GOBP_REGULATION_OF_LYMPHOCYTE_MEDIATED_IMMUNITY	114	29	0.0012788444591151377	0.017473213210414108
Immune::HOEK_NK_CELL_2011_2012_TIV_3D_VS_0DY_ADULT_3D_DN	189	43	0.0012841374251037479	0.01751589477654183
GO_BP::GOBP_REGULATION_OF_INFLAMMATORY_RESPONSE	228	50	0.0012944332303708305	0.017626557057747818
GO_BP::GOBP_REGULATION_OF_T_CELL_ACTIVATION	245	53	0.001306384840908552	0.017741946652933195
Reactome::REACTOME_BINDING_AND_UPTAKE_OF_LIGANDS_BY_SCAVENGER_RECEPTORS	17	8	0.001309385212241898	0.017741946652933195
GO_BP::GOBP_REGULATION_OF_ANATOMICAL_STRUCTURE_SIZE	337	69	0.0013116956225140703	0.017741946652933195
GO_BP::GOBP_REGULATION_OF_LYMPHOCYTE_ACTIVATION	337	69	0.0013116956225140703	0.017741946652933195
GO_BP::GOBP_POSITIVE_REGULATION_OF_RECEPTOR_MEDIATED_ENDOCYTOSIS	37	13	0.0013252836503996903	0.017865885604303
GO_BP::GOBP_REGULATION_OF_COAGULATION	37	13	0.0013252836503996903	0.017865885604303
GO_BP::GOBP_POSITIVE_REGULATION_OF_LYMPHOCYTE_MEDIATED_IMMUNITY	74	21	0.0013380876709776731	0.017967319303130655
GO_BP::GOBP_CELLULAR_RESPONSE_TO_SALT	130	32	0.0013394831232798332	0.017967319303130655
Immune::GSE14415_INDUCED_TREG_VS_FOXP3_KO_INDUCED_TREG_IL2_CULTURE_UP	130	32	0.0013394831232798332	0.017967319303130655
GO_BP::GOBP_REGULATION_OF_CYTOSKELETON_ORGANIZATION	402	80	0.0013510631754118164	0.01807342280177067
Immune::GSE9037_CTRL_VS_LPS_1H_STIM_IRAK4_KO_BMDM_DN	146	35	0.0013518696436247038	0.01807342280177067
GO_BP::GOBP_LYMPHOCYTE_ACTIVATION	528	101	0.0013792097841544225	0.018408461168672664
GO_BP::GOBP_T_CELL_ACTIVATION	367	74	0.0013905490538802037	0.018499811917799605
GO_BP::GOBP_POSITIVE_REGULATION_OF_ACTIN_FILAMENT_BUNDLE_ASSEMBLY	46	15	0.0013941258205279138	0.018499811917799605
Immune::GSE18893_TCONV_VS_TREG_24H_CULTURE_UP	157	37	0.0013952180133671777	0.018499811917799605
Immune::GSE3039_B2_VS_B1_BCELL_UP	157	37	0.0013952180133671777	0.018499811917799605
Immune::GSE29618_BCELL_VS_MDC_DAY7_FLU_VACCINE_UP	141	34	0.0014120283653841444	0.018692014836847484
GO_BP::GOBP_POSITIVE_REGULATION_OF_EPITHELIAL_TO_MESENCHYMAL_TRANSITION	33	12	0.0014325028217078892	0.01893201356021474
GO_BP::GOBP_GRANULOCYTE_CHEMOTAXIS	60	18	0.001446141661284367	0.01904990850713094
Immune::GSE9946_IMMATURE_VS_MATURE_STIMULATORY_DC_DN	60	18	0.001446141661284367	0.01904990850713094
Immune::GSE26488_CTRL_VS_PEPTIDE_INJECTION_OT2_THYMOCYTE_DN	152	36	0.0014637767703011416	0.01914724280544006
GO_BP::GOBP_SENSORY_ORGAN_DEVELOPMENT	292	61	0.0014711406036723572	0.01914724280544006
GO_BP::GOBP_LYMPHOCYTE_ACTIVATION_INVOLVED_IN_IMMUNE_RESPONSE	136	33	0.001472500034944678	0.01914724280544006
GO_BP::GOBP_NEGATIVE_REGULATION_OF_CELL_ACTIVATION	136	33	0.001472500034944678	0.01914724280544006
Immune::GSE17721_CTRL_VS_CPG_2H_BMDC_DN	136	33	0.001472500034944678	0.01914724280544006
Immune::GSE20500_RETINOIC_ACID_VS_RARA_ANTAGONIST_TREATED_CD4_TCELL_UP	136	33	0.001472500034944678	0.01914724280544006
Immune::GSE21360_NAIVE_VS_PRIMARY_MEMORY_CD8_TCELL_UP	136	33	0.001472500034944678	0.01914724280544006
Immune::GSE7460_TREG_VS_TCONV_ACT_WITH_TGFB_UP	136	33	0.001472500034944678	0.01914724280544006
GO_BP::GOBP_VENTRICULAR_CARDIAC_MUSCLE_CELL_ACTION_POTENTIAL	21	9	0.0014845923382650233	0.019273445549019393
GO_BP::GOBP_INOSITOL_PHOSPHATE_METABOLIC_PROCESS	29	11	0.0015112194167686051	0.01955624485642065
GO_BP::GOBP_POSITIVE_REGULATION_OF_EXCITATORY_POSTSYNAPTIC_POTENTIAL	29	11	0.0015112194167686051	0.01955624485642065
Immune::GSE33292_WT_VS_TCF1_KO_DN3_THYMOCYTE_UP	174	40	0.001513958777226154	0.019560347401761907
GO_BP::GOBP_POSITIVE_REGULATION_OF_CALCIUM_ION_TRANSPORT	65	19	0.0015209780302012756	0.019588353419258853
GO_BP::GOBP_REGULATION_OF_TUBE_SIZE	65	19	0.0015209780302012756	0.019588353419258853
Reactome::REACTOME_SIGNALING_BY_GPCR	304	63	0.0015282965745450328	0.019629024259166274
Immune::GSE16385_MONOCYTE_VS_MACROPHAGE_DN	131	32	0.0015328293456025753	0.019629024259166274
Immune::GSE7460_FOXP3_MUT_VS_HET_ACT_TCONV_UP	131	32	0.0015328293456025753	0.019629024259166274
Immune::GSE3565_CTRL_VS_LPS_INJECTED_DUSP1_KO_SPLENOCYTES_DN	147	35	0.0015338593569701447	0.019629024259166274
Reactome::REACTOME_METALLOPROTEASE_DUBS	25	10	0.0015389590267752028	0.01966312364115469
GO_BP::GOBP_REGULATION_OF_CELL_DEVELOPMENT	542	103	0.001552865913338232	0.01977850987973255
GO_BP::GOBP_REGULATION_OF_HEART_RATE	51	16	0.0015528885775542335	0.01977850987973255
GO_BP::GOBP_POLYOL_BIOSYNTHETIC_PROCESS	42	14	0.0015712484592641453	0.01998083670639051
GO_BP::GOBP_POLYOL_METABOLIC_PROCESS	70	20	0.0015751489696361472	0.019998943285867748
GO_BP::GOBP_SIGNAL_RELEASE	293	61	0.0016032116831974075	0.020284414889928368
GO_BP::GOBP_ANATOMICAL_STRUCTURE_MATURATION	142	34	0.0016051691782865915	0.020284414889928368
Immune::GSE45365_NK_CELL_VS_CD11B_DC_DN	142	34	0.0016051691782865915	0.020284414889928368
Immune::GSE14413_UNSTIM_VS_IFNB_STIM_L929_CELLS_UP	75	21	0.0016108805288962277	0.02032478167318287
Immune::GSE30971_2H_VS_4H_LPS_STIM_MACROPHAGE_WBP7_HET_DN	90	24	0.0016297943944704404	0.020531341240793772
GO_BP::GOBP_CYTOKINE_PRODUCTION_INVOLVED_IN_IMMUNE_RESPONSE	85	23	0.0016360673423929562	0.020578261354864673
GO_BP::GOBP_REGULATION_OF_SECRETION	381	76	0.001643775802392855	0.020618718604238594
Immune::GSE2706_R848_VS_R848_AND_LPS_8H_STIM_DC_DN	121	30	0.0016507567310505014	0.020618718604238594
Immune::GSE9601_NFKB_INHIBITOR_VS_PI3K_INHIBITOR_TREATED_HCMV_INF_MONOCYTE_DN	121	30	0.0016507567310505014	0.020618718604238594
Immune::GSE17974_IL4_AND_ANTI_IL12_VS_UNTREATED_12H_ACT_CD4_TCELL_UP	153	36	0.0016546042917085584	0.020618718604238594
Immune::GSE20366_TREG_VS_NAIVE_CD4_TCELL_DEC205_CONVERSION_UP	153	36	0.0016546042917085584	0.020618718604238594
Immune::GSE21360_NAIVE_VS_SECONDARY_MEMORY_CD8_TCELL_DN	153	36	0.0016546042917085584	0.020618718604238594
GO_BP::GOBP_REGULATION_OF_CHEMOTAXIS	137	33	0.00167733496372656	0.020728217071725785
Immune::GSE14415_INDUCED_TREG_VS_TCONV_DN	137	33	0.00167733496372656	0.020728217071725785
Immune::GSE22886_NAIVE_BCELL_VS_DC_UP	137	33	0.00167733496372656	0.020728217071725785
Immune::GSE22886_NAIVE_CD8_TCELL_VS_MONOCYTE_UP	137	33	0.00167733496372656	0.020728217071725785
Immune::GSE7768_OVA_ALONE_VS_OVA_WITH_LPS_IMMUNIZED_MOUSE_WHOLE_SPLEEN_6H_DN	137	33	0.00167733496372656	0.020728217071725785
GO_BP::GOBP_PHENOL_CONTAINING_COMPOUND_METABOLIC_PROCESS	56	17	0.0016810411081074718	0.020728217071725785
Immune::GSE30971_CTRL_VS_LPS_STIM_MACROPHAGE_WBP7_HET_4H_UP	164	38	0.0016838764030000456	0.020728217071725785
GO_BP::GOBP_EPITHELIAL_CELL_PROLIFERATION	242	52	0.0016839269844027387	0.020728217071725785
Reactome::REACTOME_CGMP_EFFECTS	14	7	0.0017137570382215865	0.021063299975097885
Immune::GSE13484_12H_UNSTIM_VS_YF17D_VACCINE_STIM_PBMC_DN	148	35	0.001736768719474589	0.02131368907257949
Immune::GSE3982_DC_VS_MAC_LPS_STIM_DN	132	32	0.0017498979862927782	0.0214420689234539
GO_BP::GOBP_VASCULAR_ENDOTHELIAL_GROWTH_FACTOR_RECEPTOR_SIGNALING_PATHWAY	38	13	0.001752540617892207	0.0214420689234539
Immune::GSE24142_EARLY_THYMIC_PROGENITOR_VS_DN2_THYMOCYTE_ADULT_UP	159	37	0.0017737212705412789	0.021635648428430253
Immune::GSE39820_CTRL_VS_IL1B_IL6_CD4_TCELL_DN	159	37	0.0017737212705412789	0.021635648428430253
Immune::GSE1432_CTRL_VS_IFNG_24H_MICROGLIA_UP	181	41	0.0017920661399645499	0.021826446576491312
GO_BP::GOBP_NEGATIVE_REGULATION_OF_SUPRAMOLECULAR_FIBER_ORGANIZATION	127	31	0.0018222973816083838	0.02216122192242123
GO_BP::GOBP_COGNITION	226	49	0.0018510392726229234	0.022461511898729553
Immune::GSE19825_NAIVE_VS_DAY3_EFF_CD8_TCELL_UP	101	26	0.0018525531795113169	0.022461511898729553
GO_BP::GOBP_POSITIVE_REGULATION_OF_LEUKOCYTE_MEDIATED_IMMUNITY	91	24	0.001917353518161092	0.023177589310106016
Reactome::REACTOME_RESPONSE_TO_ELEVATED_PLATELET_CYTOSOLIC_CA2	91	24	0.001917353518161092	0.023177589310106016
GO_BP::GOBP_CELLULAR_RESPONSE_TO_AMYLOID_BETA	34	12	0.001927611461207927	0.023256029291174592
Immune::GSE45365_NK_CELL_VS_BCELL_DN	76	21	0.0019296024303513285	0.023256029291174592
GO_BP::GOBP_SYNAPTIC_TRANSMISSION_GLUTAMATERGIC	86	23	0.0019349575701956613	0.023275408505480634
GO_BP::GOBP_NEURON_PROJECTION_ORGANIZATION	81	22	0.0019398575757508935	0.023275408505480634
Immune::GSE40666_STAT1_KO_VS_STAT4_KO_CD8_TCELL_WITH_IFNA_STIM_90MIN_DN	81	22	0.0019398575757508935	0.023275408505480634
Immune::GSE21670_UNTREATED_VS_TGFB_TREATED_CD4_TCELL_DN	149	35	0.0019625406966051963	0.023512635200425756
GO_BP::GOBP_REGULATION_OF_IMMUNE_EFFECTOR_PROCESS	238	51	0.0019722501389782	0.023593955366294765
GO_BP::GOBP_DEFENSE_RESPONSE_TO_BACTERIUM	133	32	0.0019930257074365037	0.0237525857832284
Immune::GSE11386_NAIVE_VS_MEMORY_BCELL_DN	133	32	0.0019930257074365037	0.0237525857832284
Immune::GSE32986_CURDLAN_LOWDOSE_VS_CURDLAN_HIGHDOSE_STIM_DC_DN	160	37	0.001994334756783759	0.0237525857832284
Immune::GSE22886_DC_VS_MONOCYTE_UP	171	39	0.0020052688661881704	0.023812567785984524
Immune::GSE45365_HEALTHY_VS_MCMV_INFECTION_CD8A_DC_IFNAR_KO_DN	171	39	0.0020052688661881704	0.023812567785984524
GO_BP::GOBP_GLUTAMATE_RECEPTOR_SIGNALING_PATHWAY	43	14	0.002025757533978129	0.023950208033489594
GO_BP::GOBP_PLATELET_DERIVED_GROWTH_FACTOR_RECEPTOR_SIGNALING_PATHWAY	43	14	0.002025757533978129	0.023950208033489594
GO_BP::GOBP_REGULATION_OF_BONE_MINERALIZATION	43	14	0.002025757533978129	0.023950208033489594
Immune::GSE21379_WT_VS_SAP_KO_TFH_CD4_TCELL_UP	112	28	0.002031004101119792	0.02397713174933088
GO_BP::GOBP_CAMP_METABOLIC_PROCESS	18	8	0.002061628623475675	0.02423238884216314
GO_BP::GOBP_HYALURONAN_METABOLIC_PROCESS	18	8	0.002061628623475675	0.02423238884216314
GO_BP::GOBP_STARTLE_RESPONSE	18	8	0.002061628623475675	0.02423238884216314
Immune::HARALAMBIEVA_PBMC_M_M_R_II_AGE_13_16YO_STIMULATED_VS_UNSTIMULATED_3_TO_7YR_POST_TOP_DEG_UP	30	11	0.0020795148953539214	0.024407097063928657
GO_BP::GOBP_POSITIVE_REGULATION_OF_NEUROGENESIS	155	36	0.002101884217099977	0.02459813775809031
Immune::KAECH_NAIVE_VS_MEMORY_CD8_TCELL_DN	155	36	0.002101884217099977	0.02459813775809031
Immune::GSE36888_STAT5_AB_KNOCKIN_VS_WT_TCELL_IL2_TREATED_17H_DN	166	38	0.0021193001933871264	0.024628284524413308
GO_BP::GOBP_CALCIUM_ION_TRANSMEMBRANE_TRANSPORT_VIA_HIGH_VOLTAGE_GATED_CALCIUM_CHANNEL	11	6	0.002125809822107254	0.024628284524413308
GO_BP::GOBP_DETECTION_OF_CALCIUM_ION	11	6	0.002125809822107254	0.024628284524413308
GO_BP::GOBP_NEGATIVE_REGULATION_OF_BONE_MINERALIZATION	11	6	0.002125809822107254	0.024628284524413308
GO_BP::GOBP_NEGATIVE_REGULATION_OF_PLATELET_ACTIVATION	11	6	0.002125809822107254	0.024628284524413308
GO_BP::GOBP_PEPTIDYL_TYROSINE_AUTOPHOSPHORYLATION	11	6	0.002125809822107254	0.024628284524413308
Reactome::REACTOME_GLYCOGEN_STORAGE_DISEASES	11	6	0.002125809822107254	0.024628284524413308
GO_BP::GOBP_CELL_MATURATION	102	26	0.0021527450426321614	0.024857474286997795
Immune::GSE21063_CTRL_VS_ANTI_IGM_STIM_BCELL_NFATC1_KO_16H_UP	139	33	0.0021619457376207594	0.024857474286997795
Immune::GSE40274_CTRL_VS_SATB1_TRANSDUCED_ACTIVATED_CD4_TCELL_UP	139	33	0.0021619457376207594	0.024857474286997795
Immune::GSE6259_FLT3L_INDUCED_33D1_POS_DC_VS_CD4_TCELL_UP	139	33	0.0021619457376207594	0.024857474286997795
Immune::GSE17974_IL4_AND_ANTI_IL12_VS_UNTREATED_48H_ACT_CD4_TCELL_DN	123	30	0.0021671407923277335	0.024857474286997795
Immune::GSE41867_NAIVE_VS_DAY30_LCMV_CLONE13_EXHAUSTED_CD8_TCELL_UP	123	30	0.0021671407923277335	0.024857474286997795
Immune::GSE9509_10MIN_VS_30MIN_LPS_STIM_IL10_KO_MACROPHAGE_DN	123	30	0.0021671407923277335	0.024857474286997795
Immune::ZAK_PBMC_MRKAD5_HIV_1_GAG_POL_NEF_AGE_20_50YO_AD5_NAB_TITERS_GT_200_VS_LTE_200_1DY_DN	62	18	0.0021768532846609427	0.024933461381045546
GO_BP::GOBP_CELL_JUNCTION_DISASSEMBLY	22	9	0.002194512021285038	0.025064617499118362
GO_BP::GOBP_NEGATIVE_REGULATION_OF_OSSIFICATION	22	9	0.002194512021285038	0.025064617499118362
Immune::GSE6566_STRONG_VS_WEAK_DC_STIMULATED_CD4_TCELL_UP	97	25	0.0022042479145618914	0.025136378327505385
Immune::GSE14350_IL2RB_KO_VS_WT_TREG_DN	150	35	0.00221324643849614	0.025136378327505385
Immune::GSE16451_CTRL_VS_WEST_EQUINE_ENC_VIRUS_MATURE_NEURON_CELL_LINE_DN	150	35	0.00221324643849614	0.025136378327505385
Immune::GSE42088_UNINF_VS_LEISHMANIA_INF_DC_8H_UP	150	35	0.00221324643849614	0.025136378327505385
GO_BP::GOBP_REGULATION_OF_LEUKOCYTE_MEDIATED_IMMUNITY	161	37	0.0022383134746856506	0.025346672628951173
Immune::GSE40274_FOXP3_VS_FOXP3_AND_PBX1_TRANSDUCED_ACTIVATED_CD4_TCELL_DN	161	37	0.0022383134746856506	0.025346672628951173
GO_BP::GOBP_DEVELOPMENTAL_GROWTH_INVOLVED_IN_MORPHOGENESIS	172	39	0.002241179474559893	0.025346672628951173
GO_BP::GOBP_REGULATION_OF_CD4_POSITIVE_ALPHA_BETA_T_CELL_ACTIVATION	48	15	0.0022491217788509757	0.025400920789121158
GO_BP::GOBP_POSITIVE_REGULATION_OF_ERK1_AND_ERK2_CASCADE	118	29	0.002253081063104494	0.025410097185151942
Immune::GSE39556_UNTREATED_VS_3H_POLYIC_INJ_MOUSE_CD8A_DC_UP	134	32	0.0022647106181749965	0.025505632136350206
GO_BP::GOBP_POSITIVE_REGULATION_OF_OSTEOBLAST_DIFFERENTIATION	39	13	0.0022874508486480463	0.025725857385561244
Immune::NAKAYA_MONOCYTE_FLUARIX_FLUVIRIN_AGE_18_50YO_7DY_DN	82	22	0.002297746881009707	0.025797477568834527
Immune::GSE45365_WT_VS_IFNAR_KO_BCELL_DN	77	21	0.002300208526261407	0.025797477568834527
GO_BP::GOBP_POSITIVE_REGULATION_OF_KINASE_ACTIVITY	234	50	0.0023092415282053667	0.025862864549595473
Immune::GSE4590_LARGE_PRE_BCELL_VS_VPREB_POS_LARGE_PRE_BCELL_UP	145	34	0.0023282063251005005	0.026039149688624016
Immune::GSE18791_CTRL_VS_NEWCASTLE_VIRUS_DC_2H_DN	113	28	0.0023369760536441886	0.026072897998312614
GO_BP::GOBP_CAMP_CATABOLIC_PROCESS	8	5	0.0023538257140272314	0.026072897998312614
GO_BP::GOBP_COMPLEMENT_DEPENDENT_CYTOTOXICITY	8	5	0.0023538257140272314	0.026072897998312614
GO_BP::GOBP_MECHANOSENSORY_BEHAVIOR	8	5	0.0023538257140272314	0.026072897998312614
GO_BP::GOBP_PHOSPHOLIPID_EFFLUX	8	5	0.0023538257140272314	0.026072897998312614
GO_BP::GOBP_REGULATION_OF_INOSITOL_PHOSPHATE_BIOSYNTHETIC_PROCESS	8	5	0.0023538257140272314	0.026072897998312614
GO_BP::GOBP_TOLL_SIGNALING_PATHWAY	8	5	0.0023538257140272314	0.026072897998312614
Immune::GSE14769_UNSTIM_VS_40MIN_LPS_BMDM_DN	156	36	0.0023622738264194266	0.0260948852918425
Immune::GSE21670_UNTREATED_VS_TGFB_TREATED_STAT3_KO_CD4_TCELL_DN	156	36	0.0023622738264194266	0.0260948852918425
Immune::GSE21360_TERTIARY_VS_QUATERNARY_MEMORY_CD8_TCELL_DN	129	31	0.002368821187416184	0.02613146323549957
GO_BP::GOBP_REGULATION_OF_KINASE_ACTIVITY	410	80	0.002386868406654017	0.02629462808148866
Immune::GSE13229_IMM_VS_INTMATURE_NKCELL_UP	108	27	0.0024176005215833666	0.026559758633683254
Immune::GSE37301_PRO_BCELL_VS_CD4_TCELL_DN	108	27	0.0024176005215833666	0.026559758633683254
GO_BP::GOBP_HEART_GROWTH	53	16	0.002424091902541741	0.026559758633683254
GO_BP::GOBP_REGULATION_OF_MUSCLE_ADAPTATION	53	16	0.002424091902541741	0.026559758633683254
Immune::GSE9988_ANTI_TREM1_VS_LPS_MONOCYTE_DN	140	33	0.0024464637261102607	0.026768556352764712
Immune::GSE23505_UNTREATED_VS_4DAY_IL6_IL1_TREATED_CD4_TCELL_DN	124	30	0.0024735878972479116	0.02699219225713093
Immune::GSE360_L_MAJOR_VS_B_MALAYI_HIGH_DOSE_MAC_UP	124	30	0.0024735878972479116	0.02699219225713093
GO_BP::GOBP_RESPONSE_TO_NITROGEN_COMPOUND	760	137	0.002494532417206342	0.027141538435729015
GO_BP::GOBP_REGULATION_OF_PHOSPHORUS_METABOLIC_PROCESS	785	141	0.0024956894915023307	0.027141538435729015
Immune::GSE22601_DOUBLE_NEGATIVE_VS_CD4_SINGLE_POSITIVE_THYMOCYTE_UP	173	39	0.0025007188354405434	0.027141538435729015
Immune::GSE7509_DC_VS_MONOCYTE_UP	173	39	0.0025007188354405434	0.027141538435729015
GO_BP::GOBP_NEGATIVE_REGULATION_OF_GROWTH	162	37	0.002507643098472538	0.027180158416329855
GO_BP::GOBP_DEVELOPMENTAL_MATURATION	201	44	0.0025305227619434696	0.027387301645288332
GO_BP::GOBP_POSITIVE_REGULATION_OF_PHOSPHORUS_METABOLIC_PROCESS	465	89	0.002533537378208097	0.027387301645288332
Reactome::REACTOME_SIGNALING_BY_RECEPTOR_TYROSINE_KINASES	387	76	0.0025369626555057988	0.027387665031028508
GO_BP::GOBP_POSITIVE_REGULATION_OF_MIRNA_TRANSCRIPTION	35	12	0.002554539205961439	0.027540592908062246
Immune::GSE17721_CTRL_VS_GARDIQUIMOD_1H_BMDC_DN	135	32	0.0025676162833434403	0.027571145595742395
Immune::GSE27291_6H_VS_7D_STIM_GAMMADELTA_TCELL_DN	135	32	0.0025676162833434403	0.027571145595742395
Immune::GSE30083_SP2_VS_SP3_THYMOCYTE_DN	135	32	0.0025676162833434403	0.027571145595742395
Immune::GSE37416_0H_VS_12H_F_TULARENSIS_LVS_NEUTROPHIL_DN	179	40	0.0026260239921212145	0.028160881456014353
GO_BP::GOBP_ASSOCIATIVE_LEARNING	63	18	0.002645115727734833	0.02823046538087453
Reactome::REACTOME_STIMULI_SENSING_CHANNELS	63	18	0.002645115727734833	0.02823046538087453
Immune::GSE2128_CTRL_VS_MIMETOPE_NEGATIVE_SELECTION_DP_THYMOCYTE_NOD_UP	168	38	0.0026489280070453314	0.02823046538087453
Immune::GSE40277_EOS_AND_LEF1_TRANSDUCED_VS_GATA1_AND_SATB1_TRANSDUCED_CD4_TCELL_UP	168	38	0.0026489280070453314	0.02823046538087453
Immune::GSE19772_CTRL_VS_HCMV_INF_MONOCYTES_UP	157	36	0.002649992911294476	0.02823046538087453
GO_BP::GOBP_POSITIVE_REGULATION_OF_CHEMOTAXIS	83	22	0.0027099516276365174	0.028831171796001153
GO_BP::GOBP_REGULATION_OF_DEVELOPMENTAL_GROWTH	213	46	0.0027151626785811857	0.0288486034599251
Reactome::REACTOME_CLASS_A_1_RHODOPSIN_LIKE_RECEPTORS	73	20	0.0027276221019207994	0.028883208400870476
GO_BP::GOBP_CD4_POSITIVE_ALPHA_BETA_T_CELL_ACTIVATION	78	21	0.002729150217939836	0.028883208400870476
Immune::GSE37416_CTRL_VS_0H_F_TULARENSIS_LVS_NEUTROPHIL_DN	78	21	0.002729150217939836	0.028883208400870476
Immune::GSE23984_CTRL_VS_HYPOCALEMIC_VITAMIND_ANALOG_TCELL_DN	185	41	0.0027470570445426775	0.029034667061102252
GO_BP::GOBP_NEUROTRANSMITTER_TRANSPORT	141	33	0.0027625411974432352	0.029046250220513183
Immune::GSE17721_0.5H_VS_4H_LPS_BMDC_DN	141	33	0.0027625411974432352	0.029046250220513183
Immune::GSE29617_DAY3_VS_DAY7_TIV_FLU_VACCINE_PBMC_2008_UP	141	33	0.0027625411974432352	0.029046250220513183
Immune::GSE29618_BCELL_VS_MONOCYTE_UP	141	33	0.0027625411974432352	0.029046250220513183
Immune::GSE21063_3H_VS_16H_ANTI_IGM_STIM_NFATC1_KOBCELL_UP	152	35	0.002798404061243707	0.029270871495521936
Immune::GSE32034_LY6C_HIGH_VS_LOW_ROSIGLIZATONE_TREATED_MONOCYTE_DN	152	35	0.002798404061243707	0.029270871495521936
Immune::GSE360_LOW_DOSE_B_MALAYI_VS_M_TUBERCULOSIS_MAC_DN	152	35	0.002798404061243707	0.029270871495521936
Immune::GSE7219_UNSTIM_VS_LPS_AND_ANTI_CD40_STIM_NIK_NFKB2_KO_DC_UP	152	35	0.002798404061243707	0.029270871495521936
Immune::GSE25088_IL4_VS_IL4_AND_ROSIGLITAZONE_STIM_STAT6_KO_MACROPHAGE_DAY10_DN	163	37	0.002804426519509919	0.029279775153189577
Immune::KAZMIN_PBMC_P_FALCIPARUM_RTSS_AS01_AGE_UNKNOWN_CORRELATED_WITH_PROTECTION_56DY_NEGATIVE	15	7	0.002816560235596577	0.029279775153189577
Immune::LI_PBMC_MENOMUNE_A_C_Y_W_135_AGE_18_45YO_3DY_UP	15	7	0.002816560235596577	0.029279775153189577
Immune::SOBOLEV_PBMC_PANDEMRIX_AGE_18_64YO_MEDIUM_HIGH_ADVERSE_EVENT_SUBJECTS_1DY_UP	15	7	0.002816560235596577	0.029279775153189577
GO_BP::GOBP_REGULATION_OF_CARDIAC_MUSCLE_CONTRACTION	49	15	0.002817385175731059	0.029279775153189577
Immune::GSE23502_BM_VS_COLON_TUMOR_HDC_KO_MYELOID_DERIVED_SUPPRESSOR_CELL_UP	104	26	0.0028790487229379343	0.029843797737771273
Immune::GSE43863_NAIVE_VS_MEMORY_TH1_CD4_TCELL_D150_LCMV_UP	104	26	0.0028790487229379343	0.029843797737771273
GO_BP::GOBP_REGULATION_OF_CYSTEINE_TYPE_ENDOPEPTIDASE_ACTIVITY	136	32	0.0029045751290045973	0.030031298548927176
Immune::GSE14415_ACT_TCONV_VS_ACT_NATURAL_TREG_UP	136	32	0.0029045751290045973	0.030031298548927176
Immune::GSE36888_UNTREATED_VS_IL2_TREATED_STAT5_AB_KNOCKIN_TCELL_6H_UP	147	34	0.0029527799651650147	0.030464213442037837
Immune::GSE24634_TREG_VS_TCONV_POST_DAY7_IL4_CONVERSION_DN	169	38	0.0029539912229245356	0.030464213442037837
Immune::GSE3039_ALPHAALPHA_VS_ALPHABETA_CD8_TCELL_UP	158	36	0.002967321362076594	0.030562653059653697
GO_BP::GOBP_POSITIVE_REGULATION_OF_GENE_EXPRESSION	745	134	0.0030031659125524333	0.03089243916415401
GO_BP::GOBP_POSITIVE_REGULATION_OF_CELLULAR_COMPONENT_ORGANIZATION	814	145	0.0030164022704709833	0.030989120017879377
GO_BP::GOBP_AMYLOID_BETA_CLEARANCE	27	10	0.003023768882080755	0.031025328745618926
Immune::GSE26495_NAIVE_VS_PD1HIGH_CD8_TCELL_UP	131	31	0.003050215211757968	0.03125696425754517
Immune::GSE15750_WT_VS_TRAF6KO_DAY6_EFF_CD8_TCELL_DN	115	28	0.003068311434312665	0.03138198234532167
GO_BP::GOBP_REGULATION_OF_PROGRAMMED_CELL_DEATH	1004	175	0.00307018774647729	0.03138198234532167
GO_BP::GOBP_REGULATION_OF_SUPRAMOLECULAR_FIBER_ORGANIZATION	301	61	0.003092534657992369	0.03157043914448594
Immune::GSE11057_NAIVE_VS_MEMORY_CD4_TCELL_DN	175	39	0.003098372288894775	0.031572249038321704
Immune::GSE36392_TYPE_2_MYELOID_VS_EOSINOPHIL_IL25_TREATED_LUNG_DN	142	33	0.0031129382307658925	0.031572249038321704
GO_BP::GOBP_CELL_CELL_SIGNALING_INVOLVED_IN_CARDIAC_CONDUCTION	19	8	0.003115874255327215	0.031572249038321704
GO_BP::GOBP_COLLAGEN_BIOSYNTHETIC_PROCESS	19	8	0.003115874255327215	0.031572249038321704
GO_BP::GOBP_RESPONSE_TO_AUDITORY_STIMULUS	19	8	0.003115874255327215	0.031572249038321704
GO_BP::GOBP_REGULATION_OF_NEUROTRANSMITTER_SECRETION	59	17	0.003116171205392247	0.031572249038321704
GO_BP::GOBP_BIOMINERAL_TISSUE_DEVELOPMENT	89	23	0.003124615380649333	0.031618131827999205
GO_BP::GOBP_ACTIN_POLYMERIZATION_OR_DEPOLYMERIZATION	153	35	0.003137666704749897	0.03167082330106927
Immune::GSE23321_CENTRAL_MEMORY_VS_NAIVE_CD8_TCELL_UP	153	35	0.003137666704749897	0.03167082330106927
GO_BP::GOBP_REGULATION_OF_CHONDROCYTE_DIFFERENTIATION	23	9	0.003149995153062924	0.03171597364212358
GO_BP::GOBP_RELEASE_OF_SEQUESTERED_CALCIUM_ION_INTO_CYTOSOL_BY_ENDOPLASMIC_RETICULUM	23	9	0.003149995153062924	0.03171597364212358
Immune::GSE26495_PD1HIGH_VS_PD1LOW_CD8_TCELL_DN	110	27	0.0031926857849405603	0.032004820974629235
Immune::GSE37605_NOD_VS_C57BL6_IRES_GFP_TREG_UP	110	27	0.0031926857849405603	0.032004820974629235
GO_BP::GOBP_CELLULAR_RESPONSE_TO_CALCIUM_ION	64	18	0.0031945369294800203	0.032004820974629235
GO_BP::GOBP_MUSCLE_ADAPTATION	64	18	0.0031945369294800203	0.032004820974629235
Immune::GSE41867_DAY8_VS_DAY15_LCMV_ARMSTRONG_EFFECTOR_CD8_TCELL_UP	79	21	0.0032233806090309685	0.032253777469547794
GO_BP::GOBP_POSITIVE_REGULATION_OF_LEUKOCYTE_CELL_CELL_ADHESION	181	40	0.0032373280911425924	0.03235324794056489
GO_BP::GOBP_ADHERENS_JUNCTION_ORGANIZATION	45	14	0.0032623330974795735	0.03256284272206126
Immune::GSE3039_CD4_TCELL_VS_ALPHABETA_CD8_TCELL_UP	137	32	0.003278591179375045	0.03268472070796727
Immune::GSE35543_IN_VIVO_NTREG_VS_CONVERTED_EX_ITREG_DN	105	26	0.003313966784325673	0.032901832828527586
Immune::GSE25085_FETAL_LIVER_VS_FETAL_BM_SP4_THYMIC_IMPLANT_DN	148	34	0.0033154499858095237	0.032901832828527586
Immune::GSE37301_HEMATOPOIETIC_STEM_CELL_VS_GRAN_MONO_PROGENITOR_DN	148	34	0.0033154499858095237	0.032901832828527586
Immune::KAECH_NAIVE_VS_DAY15_EFF_CD8_TCELL_DN	159	36	0.0033166677303308302	0.032901832828527586
GO_BP::GOBP_CELL_COMMUNICATION_INVOLVED_IN_CARDIAC_CONDUCTION	36	12	0.0033376711699464696	0.03306956404578864
GO_BP::GOBP_LEUKOCYTE_CHEMOTAXIS	132	31	0.0034493224789799645	0.0341339203649059
GO_BP::GOBP_POSITIVE_REGULATION_OF_CELL_DIVISION	50	15	0.003498899043313939	0.03455641064182115
Immune::GSE17721_LPS_VS_POLYIC_1H_BMDC_UP	143	33	0.003500575096595628	0.03455641064182115
Immune::GSE4748_CTRL_VS_LPS_STIM_DC_3H_DN	154	35	0.0035114890364249607	0.03462182413813377
Immune::GSE4811_CLASSSICALY_ACTIVATED_VS_TYPE_2_ACTIVATED_MACROPHAGE_DN	95	24	0.003539089040446725	0.03485139512391135
GO_BP::GOBP_REGULATION_OF_NERVOUS_SYSTEM_DEVELOPMENT	297	60	0.0035790966869599923	0.03520244305383914
GO_BP::GOBP_HOMEOSTATIC_PROCESS	1078	186	0.0036079149907661456	0.0354427172146431
Immune::GSE25088_WT_VS_STAT6_KO_MACROPHAGE_ROSIGLITAZONE_AND_IL4_STIM_DN	127	30	0.0036245591085608147	0.035476745214095246
Immune::GSE29164_UNTREATED_VS_CD8_TCELL_TREATED_MELANOMA_DAY7_DN	127	30	0.0036245591085608147	0.035476745214095246
Immune::GSE9509_LPS_VS_LPS_AND_IL10_STIM_IL10_KO_MACROPHAGE_20MIN_UP	127	30	0.0036245591085608147	0.035476745214095246
Immune::PATEL_SKIN_OF_BODY_ZOSTAVAX_AGE_70_93YO_VZV_CHALLENGE_6HR_UP	245	51	0.0037007036597087274	0.036178186503811105
GO_BP::GOBP_POSITIVE_REGULATION_OF_ADAPTIVE_IMMUNE_RESPONSE	85	22	0.0037228590744229537	0.036350770285326905
GO_BP::GOBP_THYROID_HORMONE_METABOLIC_PROCESS	12	6	0.003736312682307231	0.03639411931197936
Reactome::REACTOME_FOXO_MEDIATED_TRANSCRIPTION_OF_CELL_CYCLE_GENES	12	6	0.003736312682307231	0.03639411931197936
GO_BP::GOBP_ENSHEATHMENT_OF_NEURONS	106	26	0.0038030840254447145	0.03691534503310988
Reactome::REACTOME_SENSORY_PERCEPTION	106	26	0.0038030840254447145	0.03691534503310988
GO_BP::GOBP_MUSCLE_CELL_PROLIFERATION	122	29	0.0038035377173433337	0.03691534503310988
GO_BP::GOBP_DEVELOPMENTAL_CELL_GROWTH	177	39	0.0038146641870167573	0.03697888752720326
GO_BP::GOBP_GRANULOCYTE_MIGRATION	75	20	0.0038354950127899006	0.03709176314763886
Reactome::REACTOME_CARDIAC_CONDUCTION	75	20	0.0038354950127899006	0.03709176314763886
Immune::GSE42088_UNINF_VS_LEISHMANIA_INF_DC_4H_DN	166	37	0.0038823292633145636	0.03749977129337931
Immune::GSE360_CTRL_VS_T_GONDII_DC_DN	133	31	0.003891922478174543	0.03750271361725469
Immune::GSE3982_NKCELL_VS_TH1_UP	133	31	0.003891922478174543	0.03750271361725469
Immune::GSE24142_ADULT_VS_FETAL_DN2_THYMOCYTE_UP	155	35	0.003922623775394753	0.03767566552701468
Immune::GSE39110_UNTREATED_VS_IL2_TREATED_CD8_TCELL_DAY3_POST_IMMUNIZATION_UP	155	35	0.003922623775394753	0.03767566552701468
Immune::GSE14415_FOXP3_KO_NATURAL_TREG_VS_TCONV_DN	144	33	0.00392853379241441	0.03767566552701468
Immune::GSE20715_WT_VS_TLR4_KO_48H_OZONE_LUNG_UP	144	33	0.00392853379241441	0.03767566552701468
GO_BP::GOBP_ADAPTIVE_IMMUNE_RESPONSE_BASED_ON_SOMATIC_RECOMBINATION_OF_IMMUNE_RECEPTORS_BUILT_FROM_IMMUNOGLOBULIN_SUPERFAMILY_DOMAINS	200	43	0.003984976860017596	0.03808403416484023
Immune::GSE17721_CTRL_VS_PAM3CSK4_2H_BMDC_DN	117	28	0.003985264256258823	0.03808403416484023
Immune::GSE21063_CTRL_VS_ANTI_IGM_STIM_BCELL_16H_DN	117	28	0.003985264256258823	0.03808403416484023
Immune::GSE25123_CTRL_VS_IL4_STIM_MACROPHAGE_DN	172	38	0.004056499887080358	0.03871895577798332
GO_BP::GOBP_REGULATION_OF_LIPASE_ACTIVITY	46	14	0.004079673781145924	0.03889417447786698
Immune::GSE2706_LPS_VS_R848_AND_LPS_8H_STIM_DC_DN	96	24	0.004089038961208817	0.0389374877497184
Immune::GSE41176_UNSTIM_VS_ANTI_IGM_STIM_BCELL_1H_UP	128	30	0.004097329830700844	0.038970481016383174
GO_BP::GOBP_POSITIVE_REGULATION_OF_GTPASE_ACTIVITY	161	36	0.004121700976258508	0.039064243407614385
Immune::GSE7852_THYMUS_VS_FAT_TCONV_DN	161	36	0.004121700976258508	0.039064243407614385
Immune::GSE9988_LPS_VS_LPS_AND_ANTI_TREM1_MONOCYTE_DN	161	36	0.004121700976258508	0.039064243407614385
GO_BP::GOBP_POSITIVE_REGULATION_OF_CYTOSKELETON_ORGANIZATION	139	32	0.004150680214074815	0.03924864455046724
Immune::GSE36392_EOSINOPHIL_VS_NEUTROPHIL_IL25_TREATED_LUNG_UP	150	34	0.004155738834755355	0.03924864455046724
Immune::GSE8835_HEALTHY_VS_CLL_CD4_TCELL_UP	150	34	0.004155738834755355	0.03924864455046724
Immune::GSE6681_DELETED_FOXP3_VS_WT_TREG_UP	91	23	0.004219666051010799	0.039805845048962854
GO_BP::GOBP_POSITIVE_REGULATION_OF_GLIOGENESIS	37	12	0.004303617179328921	0.04055041858002455
GO_BP::GOBP_REGULATION_OF_DENDRITIC_SPINE_DEVELOPMENT	51	15	0.004309736737380484	0.040560750762642664
Immune::GSE5679_CTRL_VS_PPARG_LIGAND_ROSIGLITAZONE_AND_RARA_AGONIST_AM580_TREATED_DC_DN	156	35	0.004373964669726451	0.04074306723322473
GO_BP::GOBP_B_CELL_ACTIVATION	184	40	0.0043814424334814315	0.04074306723322473
Immune::GSE13522_WT_VS_IFNAR_KO_SKIN_DN	134	31	0.00438166585351421	0.04074306723322473
Immune::GSE28726_NAIVE_CD4_TCELL_VS_NAIVE_NKTCELL_DN	134	31	0.00438166585351421	0.04074306723322473
GO_BP::GOBP_ENDOTHELIAL_CELL_CHEMOTAXIS	16	7	0.004390650246066859	0.04074306723322473
GO_BP::GOBP_MYOBLAST_PROLIFERATION	16	7	0.004390650246066859	0.04074306723322473
GO_BP::GOBP_REGULATION_OF_CARDIAC_MUSCLE_CONTRACTION_BY_REGULATION_OF_THE_RELEASE_OF_SEQUESTERED_CALCIUM_ION	16	7	0.004390650246066859	0.04074306723322473
GO_BP::GOBP_REGULATION_OF_RESPONSE_TO_TUMOR_CELL	16	7	0.004390650246066859	0.04074306723322473
Immune::NAKAYA_PBMC_FLUAD_MALE_AGE_14_27YO_1D_POSTBOOST_VS_0D_PREIMM_MF59_ADJUVANTED_1DY_GENES_IN_BTM_M40_AND_M53_DN	16	7	0.004390650246066859	0.04074306723322473
Immune::GSE23925_LIGHT_ZONE_VS_NAIVE_BCELL_UP	145	33	0.004400058849747972	0.04074306723322473
Immune::GSE37605_C57BL6_VS_NOD_FOXP3_FUSION_GFP_TREG_DN	145	33	0.004400058849747972	0.04074306723322473
Immune::GSE7460_CTRL_VS_TGFB_TREATED_ACT_TCONV_UP	145	33	0.004400058849747972	0.04074306723322473
GO_BP::GOBP_POSITIVE_REGULATION_OF_SYNAPTIC_TRANSMISSION_GLUTAMATERGIC	24	9	0.004404792284161634	0.04074306723322473
GO_BP::GOBP_REGULATION_OF_MORPHOGENESIS_OF_AN_EPITHELIUM	24	9	0.004404792284161634	0.04074306723322473
Reactome::REACTOME_INFECTION_WITH_MYCOBACTERIUM_TUBERCULOSIS	24	9	0.004404792284161634	0.04074306723322473
GO_BP::GOBP_SECRETION	597	109	0.0044191715348657415	0.040829302224303046
Immune::GSE45365_CD8A_DC_VS_CD11B_DC_IFNAR_KO_MCMV_INFECTION_DN	81	21	0.004438029815692921	0.04095667515625181
GO_BP::GOBP_REGULATION_OF_CELL_SUBSTRATE_JUNCTION_ORGANIZATION	56	16	0.004461685541333134	0.04112798030395554
Immune::GSE19198_1H_VS_6H_IL21_TREATED_TCELL_UP	76	20	0.004516170935089388	0.04140100606962247
Immune::GSE21033_CTRL_VS_POLYIC_STIM_DC_1H_UP	118	28	0.004524165694129053	0.04140100606962247
Immune::GSE37301_CD4_TCELL_VS_GRANULOCYTE_MONOCYTE_PROGENITOR_UP	118	28	0.004524165694129053	0.04140100606962247
GO_BP::GOBP_G_PROTEIN_COUPLED_RECEPTOR_SIGNALING_PATHWAY_COUPLED_TO_CYCLIC_NUCLEOTIDE_SECOND_MESSENGER	20	8	0.0045454675980865986	0.04140100606962247
GO_BP::GOBP_PROTEIN_KINASE_A_SIGNALING	20	8	0.0045454675980865986	0.04140100606962247
GO_BP::GOBP_PROTEIN_REFOLDING	20	8	0.0045454675980865986	0.04140100606962247
GO_BP::GOBP_REGULATION_OF_OLIGODENDROCYTE_DIFFERENTIATION	20	8	0.0045454675980865986	0.04140100606962247
GO_BP::GOBP_REGULATION_OF_RELEASE_OF_SEQUESTERED_CALCIUM_ION_INTO_CYTOSOL_BY_SARCOPLASMIC_RETICULUM	20	8	0.0045454675980865986	0.04140100606962247
Reactome::REACTOME_CHAPERONE_MEDIATED_AUTOPHAGY	20	8	0.0045454675980865986	0.04140100606962247
Immune::HOWARD_DENDRITIC_CELL_INACT_MONOV_INFLUENZA_A_INDONESIA_05_2005_H5N1_AGE_18_49YO_1DY_DN	20	8	0.0045454675980865986	0.04140100606962247
Immune::GSE11818_WT_VS_DICER_KO_TREG_UP	61	17	0.00454770184318949	0.04140100606962247
Immune::GSE29614_CTRL_VS_DAY7_TIV_FLU_VACCINE_PBMC_UP	71	19	0.004565631595817277	0.041517426955207784
GO_BP::GOBP_LEUKOCYTE_PROLIFERATION	213	45	0.004621314194321507	0.041804548392330484
Immune::GSE14769_UNSTIM_VS_20MIN_LPS_BMDM_DN	151	34	0.0046394833571198335	0.041804548392330484
Immune::GSE3982_DC_VS_TH2_UP	151	34	0.0046394833571198335	0.041804548392330484
Immune::GSE18791_CTRL_VS_NEWCASTLE_VIRUS_DC_12H_DN	140	32	0.004655633247545793	0.041804548392330484
Immune::GSE22229_UNTREATED_VS_IMMUNOSUPP_THERAPY_RENAL_TRANSPLANT_PATIENT_PBMC_UP	140	32	0.004655633247545793	0.041804548392330484
Immune::GSE24142_ADULT_VS_FETAL_DN2_THYMOCYTE_DN	140	32	0.004655633247545793	0.041804548392330484
Immune::GSE27241_WT_CTRL_VS_DIGOXIN_TREATED_RORGT_KO_CD4_TCELL_IN_TH17_POLARIZING_CONDITIONS_UP	140	32	0.004655633247545793	0.041804548392330484
GO_BP::GOBP_REGULATION_OF_CELLULAR_COMPONENT_BIOGENESIS	773	137	0.004661775908678428	0.041804548392330484
GO_BP::GOBP_NEGATIVE_REGULATION_OF_HOMOTYPIC_CELL_CELL_ADHESION	9	5	0.004669684538685089	0.041804548392330484
GO_BP::GOBP_POSITIVE_REGULATION_OF_ANIMAL_ORGAN_MORPHOGENESIS	9	5	0.004669684538685089	0.041804548392330484
GO_BP::GOBP_POSITIVE_REGULATION_OF_PHOSPHATIDYLINOSITOL_3_KINASE_ACTIVITY	9	5	0.004669684538685089	0.041804548392330484
Reactome::REACTOME_CELLULAR_HEXOSE_TRANSPORT	9	5	0.004669684538685089	0.041804548392330484
Reactome::REACTOME_PRESYNAPTIC_DEPOLARIZATION_AND_CALCIUM_CHANNEL_OPENING	9	5	0.004669684538685089	0.041804548392330484
Immune::GARCIA_PINERES_PBMC_HPV_16_L1_VLP_AGE_18_25YO_7MO_CORRELATED_WITH_ANTIBODY_RESPONSE_NEGATIVE	9	5	0.004669684538685089	0.041804548392330484
GO_BP::GOBP_CELL_GROWTH	360	70	0.004686886224061659	0.04191207780653145
Immune::GSE13411_SWITCHED_MEMORY_BCELL_VS_PLASMA_CELL_DN	97	24	0.004708696291613288	0.04206053379953242
Reactome::REACTOME_SIGNALING_BY_ERBB2	42	13	0.004740002466316413	0.042293392171828766
GO_BP::GOBP_EXPORT_FROM_CELL	580	106	0.004805773375201224	0.04283291391252747
GO_BP::GOBP_LIPID_LOCALIZATION	295	59	0.004824517628633786	0.042952568744451844
GO_BP::GOBP_REGULATION_OF_PHOSPHORYLATION	686	123	0.004854348388905609	0.04310692418579102
GO_BP::GOBP_CALCIUM_MEDIATED_SIGNALING	124	29	0.004868479100538876	0.04310692418579102
Immune::GSE2706_R848_VS_LPS_8H_STIM_DC_DN	124	29	0.004868479100538876	0.04310692418579102
Immune::GSE9988_ANTI_TREM1_VS_ANTI_TREM1_AND_LPS_MONOCYTE_DN	124	29	0.004868479100538876	0.04310692418579102
Immune::GSE3982_DC_VS_NKCELL_UP	157	35	0.004868546731571692	0.04310692418579102
GO_BP::GOBP_PYRUVATE_METABOLIC_PROCESS	92	23	0.004877191655328705	0.04313616935025114
Immune::GSE15330_HSC_VS_LYMPHOID_PRIMED_MULTIPOTENT_PROGENITOR_DN	135	31	0.00492239216769972	0.04344078333789644
Immune::GSE9037_CTRL_VS_LPS_1H_STIM_BMDM_DN	135	31	0.00492239216769972	0.04344078333789644
GO_BP::GOBP_TISSUE_MORPHOGENESIS	325	64	0.004961167328675141	0.043718848523915756
Reactome::REACTOME_SELENOAMINO_ACID_METABOLISM	108	26	0.004964728680672538	0.043718848523915756
Immune::GSE36826_WT_VS_IL1R_KO_SKIN_UP	174	38	0.004971837724884317	0.04373375776518612
GO_BP::GOBP_ORGANIC_ACID_TRANSPORT	191	41	0.004988110214596918	0.04382915123272047
GO_BP::GOBP_RAS_PROTEIN_SIGNAL_TRANSDUCTION	272	55	0.005025593047783376	0.044110504196576916
GO_BP::GOBP_REGULATION_OF_MUSCLE_CONTRACTION	87	22	0.0050341258416125466	0.04413742255268329
GO_BP::GOBP_INTERLEUKIN_2_PRODUCTION	47	14	0.00505561379299529	0.0442777455297581
GO_BP::GOBP_ORGANIC_HYDROXY_COMPOUND_TRANSPORT	163	36	0.005086983351127875	0.04445605038999739
Immune::GSE26669_CD4_VS_CD8_TCELL_IN_MLR_UP	163	36	0.005086983351127875	0.04445605038999739
Immune::GSE13547_WT_VS_ZFX_KO_BCELL_ANTI_IGM_STIM_12H_DN	119	28	0.0051229374278266935	0.04472185916724384
GO_BP::GOBP_POSITIVE_REGULATION_OF_INTRACELLULAR_SIGNAL_TRANSDUCTION	656	118	0.005161618018637807	0.04498648485456625
Immune::GSE17974_0H_VS_6H_IN_VITRO_ACT_CD4_TCELL_UP	152	34	0.005169963832202784	0.04498648485456625
Immune::GSE5542_UNTREATED_VS_IFNA_TREATED_EPITHELIAL_CELLS_6H_UP	152	34	0.005169963832202784	0.04498648485456625
Immune::GSE15324_ELF4_KO_VS_WT_NAIVE_CD8_TCELL_DN	103	25	0.005185954486244945	0.04507705325772651
Immune::GSE41176_WT_VS_TAK1_KO_UNSTIM_BCELL_UP	130	30	0.0052001146771370865	0.045104053997710065
GO_BP::GOBP_T_CELL_PROLIFERATION	141	32	0.005211403390695169	0.045104053997710065
Immune::GSE30962_ACUTE_VS_CHRONIC_LCMV_SECONDARY_INF_CD8_TCELL_DN	141	32	0.005211403390695169	0.045104053997710065
Immune::GSE43863_TFH_VS_LY6C_INT_CXCR5POS_MEMORY_CD4_TCELL_UP	141	32	0.005211403390695169	0.045104053997710065
GO_BP::GOBP_NEUROINFLAMMATORY_RESPONSE	52	15	0.00526712667879464	0.04553752455167742
Immune::GSE37532_WT_VS_PPARG_KO_VISCERAL_ADIPOSE_TISSUE_TREG_DN	169	37	0.0052946458351480355	0.0456776336739534
Immune::GSE3982_DC_VS_CENT_MEMORY_CD4_TCELL_UP	169	37	0.0052946458351480355	0.0456776336739534
GO_BP::GOBP_POSITIVE_REGULATION_OF_CELLULAR_COMPONENT_BIOGENESIS	374	72	0.005357686624752845	0.04617216594971102
GO_BP::GOBP_CHEMICAL_SYNAPTIC_TRANSMISSION_POSTSYNAPTIC	72	19	0.005383834877327698	0.04629868651163063
GO_BP::GOBP_SUBSTRATE_ADHESION_DEPENDENT_CELL_SPREADING	72	19	0.005383834877327698	0.04629868651163063
GO_BP::GOBP_REGULATION_OF_STRIATED_MUSCLE_CONTRACTION	57	16	0.005391247694411025	0.04631311184294577
Immune::GSE21774_CD62L_POS_CD56_BRIGHT_VS_CD62L_NEG_CD56_DIM_NK_CELL_DN	158	35	0.005409545820452409	0.04642091657827121
GO_BP::GOBP_BONE_MINERALIZATION	67	18	0.005437003058761914	0.04655330573943085
GO_BP::GOBP_ASTROCYTE_DEVELOPMENT	29	10	0.00547101092735352	0.04655330573943085
GO_BP::GOBP_CELLULAR_RESPONSE_TO_LIPOPROTEIN_PARTICLE_STIMULUS	29	10	0.00547101092735352	0.04655330573943085
GO_BP::GOBP_CYCLIC_NUCLEOTIDE_METABOLIC_PROCESS	29	10	0.00547101092735352	0.04655330573943085
GO_BP::GOBP_POSITIVE_REGULATION_OF_B_CELL_PROLIFERATION	29	10	0.00547101092735352	0.04655330573943085
GO_BP::GOBP_POSITIVE_REGULATION_OF_SYNAPSE_ASSEMBLY	38	12	0.005481037130761258	0.04655330573943085
GO_BP::GOBP_REGULATION_OF_GLIAL_CELL_DIFFERENTIATION	38	12	0.005481037130761258	0.04655330573943085
Immune::GSE21546_UNSTIM_VS_ANTI_CD3_STIM_SAP1A_KO_DP_THYMOCYTES_UP	147	33	0.005487598187747998	0.04655330573943085
Immune::GSE3337_CTRL_VS_16H_IFNG_IN_CD8POS_DC_UP	147	33	0.005487598187747998	0.04655330573943085
GO_BP::GOBP_REGULATION_OF_PRODUCTION_OF_MOLECULAR_MEDIATOR_OF_IMMUNE_RESPONSE	125	29	0.005488389729280269	0.04655330573943085
Immune::GSE24574_BCL6_HIGH_TFH_VS_TCONV_CD4_TCELL_UP	125	29	0.005488389729280269	0.04655330573943085
Immune::GSE43955_10H_VS_30H_ACT_CD4_TCELL_WITH_TGFB_IL6_DN	136	31	0.005518128626743049	0.046756441407083016
GO_BP::GOBP_POSITIVE_REGULATION_OF_PHOSPHORYLATION	423	80	0.005568100158625197	0.047130407527147235
GO_BP::GOBP_POSITIVE_REGULATION_OF_MONOATOMIC_ION_TRANSMEMBRANE_TRANSPORT	93	23	0.005617592393566824	0.04749953777806503
Immune::GSE10325_CD4_TCELL_VS_LUPUS_CD4_TCELL_DN	153	34	0.005750620154332168	0.0484720853300963
Immune::GSE21670_TGFB_VS_TGFB_AND_IL6_TREATED_CD4_TCELL_UP	153	34	0.005750620154332168	0.0484720853300963
Immune::GSE5455_HEALTHY_VS_TUMOR_BEARING_MOUSE_SPLEEN_MONOCYTE_UP	153	34	0.005750620154332168	0.0484720853300963
Immune::GOLDRATH_NAIVE_VS_EFF_CD8_TCELL_DN	120	28	0.005786568162282545	0.04867347699003287
Immune::GSE2405_S_AUREUS_VS_UNTREATED_NEUTROPHIL_DN	120	28	0.005786568162282545	0.04867347699003287
Immune::GSE2706_R848_VS_LPS_2H_STIM_DC_DN	88	22	0.005820917776153096	0.048822725805616494
Immune::GSE22886_NAIVE_VS_IGM_MEMORY_BCELL_UP	142	32	0.00582186598267459	0.048822725805616494
GO_BP::GOBP_HEART_MORPHOGENESIS	131	30	0.005838698676754649	0.048822725805616494
GO_BP::GOBP_POSITIVE_REGULATION_OF_TRANSMEMBRANE_TRANSPORT	131	30	0.005838698676754649	0.048822725805616494
Immune::GSE24634_IL4_VS_CTRL_TREATED_NAIVE_CD4_TCELL_DAY10_UP	131	30	0.005838698676754649	0.048822725805616494
Immune::GSE19401_NAIVE_VS_IMMUNIZED_MOUSE_PLN_FOLLICULAR_DC_UP	170	37	0.005852680938679476	0.048822725805616494
Immune::GSE30971_WBP7_HET_VS_KO_MACROPHAGE_4H_LPS_STIM_DN	170	37	0.005852680938679476	0.048822725805616494
Immune::GSE3982_EOSINOPHIL_VS_CENT_MEMORY_CD4_TCELL_UP	170	37	0.005852680938679476	0.048822725805616494
GO_BP::GOBP_POSITIVE_REGULATION_OF_DEVELOPMENTAL_GROWTH	104	25	0.005915987955645903	0.04919991277848814
GO_BP::GOBP_MODULATION_OF_EXCITATORY_POSTSYNAPTIC_POTENTIAL	43	13	0.005916175270329657	0.04919991277848814
GO_BP::GOBP_NEGATIVE_REGULATION_OF_EPITHELIAL_CELL_MIGRATION	43	13	0.005916175270329657	0.04919991277848814
Immune::GAUCHER_PBMC_YF_VAX_STAMARIL_UNKNOWN_AGE_7DY_UP	239	49	0.005934533694076147	0.049301810267144947
Immune::GSE3565_DUSP1_VS_WT_SPLENOCYTES_DN	159	35	0.006000277539438337	0.04978058370224399
GO_BP::GOBP_POSITIVE_REGULATION_OF_FILOPODIUM_ASSEMBLY	25	9	0.006016823491441502	0.04978058370224399
GO_BP::GOBP_REGULATION_OF_T_HELPER_CELL_DIFFERENTIATION	25	9	0.006016823491441502	0.04978058370224399
GO_BP::GOBP_SARCOPLASMIC_RETICULUM_CALCIUM_ION_TRANSPORT	25	9	0.006016823491441502	0.04978058370224399
GO_BP::GOBP_NEGATIVE_REGULATION_OF_CELL_DIFFERENTIATION	382	73	0.00609029921481255	0.04994493979236968
GO_BP::GOBP_CYCLIC_NUCLEOTIDE_CATABOLIC_PROCESS	13	6	0.006100635153356207	0.04994493979236968
GO_BP::GOBP_ORGAN_OR_TISSUE_SPECIFIC_IMMUNE_RESPONSE	13	6	0.006100635153356207	0.04994493979236968
GO_BP::GOBP_POSITIVE_REGULATION_OF_CELL_MIGRATION_INVOLVED_IN_SPROUTING_ANGIOGENESIS	13	6	0.006100635153356207	0.04994493979236968
GO_BP::GOBP_POSITIVE_REGULATION_OF_LIPID_KINASE_ACTIVITY	13	6	0.006100635153356207	0.04994493979236968
GO_BP::GOBP_POSITIVE_REGULATION_OF_OLIGODENDROCYTE_DIFFERENTIATION	13	6	0.006100635153356207	0.04994493979236968
GO_BP::GOBP_REGULATION_OF_CALCIUM_ION_IMPORT	13	6	0.006100635153356207	0.04994493979236968
GO_BP::GOBP_REGULATION_OF_FIBROBLAST_GROWTH_FACTOR_RECEPTOR_SIGNALING_PATHWAY	13	6	0.006100635153356207	0.04994493979236968
GO_BP::GOBP_REGULATION_OF_MODIFICATION_OF_SYNAPTIC_STRUCTURE	13	6	0.006100635153356207	0.04994493979236968
Reactome::REACTOME_ANTIMICROBIAL_PEPTIDES	13	6	0.006100635153356207	0.04994493979236968
Immune::GSE17301_IFNA2_VS_IFNA2_AND_ACD3_ACD28_STIM_CD8_TCELL_DN	148	33	0.006110910280478173	0.04994493979236968
Immune::GSE7460_CTRL_VS_TGFB_TREATED_ACT_TREG_DN	148	33	0.006110910280478173	0.04994493979236968
