term	set_size	overlap	pval	padj	n_genes_used	n_term_de_genes	score_col	term_genes	term_de_genes
GO_BP::GOBP_CELL_ADHESION	898	231	1.6509097272694423e-20	1.3331096047700747e-16	898	231	term_score_00	AATF;ABI3BP;ABL1;ABL2;ACER2;ACTB;ACTG1;ACTL6A;ACTL6B;ACTN1;ACTN2;ACTN4;ACVR1;ADAM10;ADAM15;ADAM17;ADAM19;ADAM22;ADAM23;ADAM32;ADAM9;ADAMTS13;ADD2;ADGRB1;ADGRE1;ADGRE2;ADGRE5;ADGRG1;ADGRL1;ADGRL3;ADGRV1;AFDN;AGER;AGGF1;AIF1;AJAP1;AKIP1;AKNA;AKT1;ALCAM;ALOX5;AMBRA1;ANGPT2;ANK3;ANOS1;ANTXR1;ANXA1;ANXA2;AP1AR;AP3B1;AP3D1;APBA1;APBB1IP;APC;APLP1;APOD;APP;ARF6;ARG2;ARHGAP5;ARHGAP6;ARHGDIG;ARHGEF7;ARID1A;ARID1B;ARID2;ARL2;ARPC2;ASTN1;ASTN2;ATM;ATP1B1;ATP1B2;ATP2A2;ATP2C1;ATP5F1B;ATXN3;AXL;B2M;B4GALT1;BAD;BAG4;BAIAP2;BAIAP2L1;BCAR1;BCL10;BCL2;BCL2L11;BCL6;BCR;BLOC1S4;BMI1;BRAF;BRD7;BTN2A2;BVES;C1QBP;CADM1;CADM2;CADM3;CALR;CARD11;CARMIL1;CASK;CASP3;CASS4;CBFB;CBLB;CBLL1;CCDC88B;CCR1;CD151;CD164;CD200;CD226;CD274;CD276;CD300A;CD33;CD4;CD44;CD46;CD47;CD55;CD58;CD63;CD72;CD74;CD81;CD83;CD84;CD86;CD9;CD93;CD96;CD99;CD99L2;CDC42;CDH10;CDH11;CDH12;CDH13;CDH18;CDH2;CDH20;CDH22;CDH23;CDH26;CDH3;CDH4;CDH7;CDH8;CDH9;CDHR3;CDK5R1;CDK6;CDKN2A;CDON;CEACAM1;CEACAM19;CEBPB;CELSR2;CELSR3;CERCAM;CFDP1;CHL1;CHRD;CHST10;CIB1;CITED2;CLASP1;CLASP2;CLDN11;CLDN12;CLDN15;CLDN20;CLDN4;CLDN7;CLEC4A;CLIC1;CLSTN1;CLSTN2;CLSTN3;CNN3;CNTN1;CNTN2;CNTN3;CNTN4;CNTN5;CNTN6;CNTNAP1;CNTNAP2;CNTNAP3B;CNTNAP4;CNTNAP5;COL14A1;COL15A1;COL16A1;COL18A1;COL19A1;COL26A1;COL5A1;COL5A3;COL6A1;COL8A2;CORO1A;CORO1C;CORO2B;CR1;CRB1;CRK;CRKL;CSF3R;CSK;CSPG5;CSRP1;CTNNA1;CTNNA2;CTNNA3;CTNNAL1;CTNNB1;CTNND1;CTNND2;CTTN;CX3CL1;CX3CR1;CXADR;CXCL12;CXCR4;CYFIP2;CYRIB;CYTH1;CYTH3;CYTIP;DAB1;DAB2;DAG1;DAPK3;DCC;DDR1;DENND6A;DGCR2;DHPS;DISC1;DLC1;DLG1;DLG2;DLG3;DLG4;DLG5;DMTN;DNAJA3;DNAJB6;DOCK1;DOCK5;DOCK8;DSC2;DSCAM;DSCAML1;DST;DUSP1;DUSP10;DUSP22;DUSP3;EBI3;ECM2;EDA;EDIL3;EFNA5;EFNB1;EFNB2;EGFL7;EGFR;EMB;EMILIN1;EMILIN2;EMP2;ENG;ENTPD1;EPB41L4B;EPB41L5;EPDR1;EPHA3;EPHA4;EPHA7;EPHB1;EPHB2;EPHB3;ERBIN;ETS1;EXT1;EZR;F11R;FAF1;FAM107A;FARP2;FAT3;FBN1;FCGR2B;FCHO1;FER;FERMT2;FERMT3;FES;FEZ1;FGL1;FGL2;FIBP;FLCN;FLNA;FLOT1;FLOT2;FLRT2;FMN1;FNDC3A;FOLR2;FOXO3;FPR2;FRMD5;FSTL3;FUT4;FUT9;FXYD5;FYN;GAS6;GBP1;GCNT1;GCNT2;GLDN;GLMN;GNAS;GNE;GOLPH3;GP1BB;GP6;GPAM;GPM6B;GPNMB;GREM1;GRID2;GSK3B;GTPBP4;HAVCR2;HCK;HFE;HLA-A;HLA-DMA;HLA-DMB;HLA-DOA;HLA-DPA1;HLA-DPB1;HLA-DQA1;HLA-DQB1;HLA-DRA;HLA-DRB1;HLA-DRB5;HLA-E;HLX;HMGB1;HPSE;HSD17B12;HSPB1;HSPD1;HSPH1;ICAM1;ICAM2;ICAM5;ICOSLG;IFT74;IGF1;IGSF11;IGSF21;IGSF9B;IL10;IL12RB1;IL15;IL18;IL1A;IL1B;IL1RAP;IL1RAPL1;IL20RB;IL4I1;IL4R;IL6ST;IL7;ILDR2;ILK;INPPL1;IRAK1;IRF1;ITCH;ITGA10;ITGA3;ITGA4;ITGA5;ITGA6;ITGA7;ITGA9;ITGAE;ITGAL;ITGAM;ITGAV;ITGAX;ITGB1;ITGB1BP1;ITGB2;ITGB3;ITGB3BP;ITGB5;ITGB8;ITPKB;JAG1;JAG2;JAK1;JAK2;JAK3;JAM2;JAM3;JAML;JUP;KANK1;KAT5;KIF26B;KIFAP3;KIFC3;KIRREL3;KITLG;KLC1;KLHL25;LAMA2;LAMB1;LAMB2;LAMC1;LAPTM5;LDB1;LGALS1;LGALS3;LGALS3BP;LGALS9;LILRB1;LILRB2;LILRB4;LIMCH1;LIMS1;LMLN;LMO7;LOXL3;LPP;LPXN;LRFN4;LRFN5;LRP6;LRRC4;LRRC4B;LRRC4C;LRRC7;LRRN2;LSAMP;LYN;LYVE1;MACF1;MAD1L1;MADCAM1;MAEA;MAGI1;MALT1;MAP2K5;MAP3K8;MAP4K4;MAPK14;MARCHF7;MBP;MEGF10;MEGF11;MERTK;METAP1;METTL3;MFGE8;MIA3;MICALL2;MINK1;MKLN1;MMP14;MMP2;MMP24;MMRN1;MOG;MPZ;MSN;MTOR;MTSS1;MYADM;MYH10;MYH9;MYL12A;MYO10;MYO1G;NCAM1;NCAM2;NCAN;NCK1;NCK2;NCKAP1L;NDFIP1;NECTIN1;NECTIN2;NECTIN3;NEDD9;NEGR1;NEO1;NEXMIF;NEXN;NF1;NF2;NFASC;NFAT5;NFKBID;NFKBIZ;NINJ1;NINJ2;NKAP;NLGN1;NLGN2;NLGN3;NLGN4X;NLGN4Y;NLRP3;NME2;NOD2;NOTCH1;NPHP1;NPHP4;NPTN;NR4A3;NRCAM;NRP1;NRP2;NRXN1;NRXN2;NRXN3;NTM;NTN4;NTNG1;NTNG2;NUAK1;OLR1;OMD;OMG;OPCML;OTOA;P2RY12;P4HB;PAG1;PAK4;PALLD;PARD3;PARD3B;PARVB;PARVG;PBRM1;PBXIP1;PCDH10;PCDH11X;PCDH11Y;PCDH12;PCDH15;PCDH17;PCDH19;PCDH7;PCDH9;PCDHGA10;PCDHGA6;PCDHGA8;PCDHGB6;PDCD1LG2;PDE3B;PDE5A;PDGFB;PDIA2;PDIA3;PDLIM5;PDPK1;PDPN;PDZD2;PEAK1;PECAM1;PELI1;PGM5;PHF10;PIEZO1;PIK3CA;PIK3CB;PIK3CG;PIK3R1;PIK3R2;PIK3R6;PIP5K1A;PIP5K1C;PKD1;PKD1L1;PKN2;PKP4;PLAU;PLAUR;PLEK;PLEKHA2;PLEKHA7;PLPP3;PLXNA1;PLXNA2;PLXNA3;PLXNA4;PLXNB2;PLXNC1;PLXND1;PML;PNN;PNP;PODXL2;POLDIP2;PPARA;PPARD;PPFIA1;PPFIA2;PPFIBP1;PPIA;PPM1F;PPP1CA;PPP1CB;PPP1R12A;PPP2CA;PPP2R1A;PPP3CA;PRDX2;PREX1;PRICKLE1;PRKAR1A;PRKCA;PRKCD;PRKCE;PRKCQ;PRKCZ;PRKD2;PRKG1;PRKX;PRNP;PSEN1;PSTPIP1;PTAFR;PTEN;PTK2;PTK2B;PTK7;PTPN11;PTPN2;PTPN22;PTPN23;PTPN6;PTPRA;PTPRC;PTPRD;PTPRF;PTPRG;PTPRJ;PTPRK;PTPRM;PTPRO;PTPRR;PTPRS;PTPRT;PVR;PXN;PYCARD;RAB10;RAB1A;RAC1;RAC2;RADIL;RAP2B;RASA1;RASAL3;RASGRP1;RC3H1;RC3H2;RCC2;RDX;RELA;RELL2;RELN;RGCC;RGMB;RHOA;RHOB;RHOH;RIC8A;RIN2;RIPK2;RIPOR2;ROBO1;ROBO2;ROBO3;ROCK1;ROCK2;RPS3;RPSA;RREB1;RSU1;RUNX1;RUNX3;S100A11;S100A8;S100A9;S100B;SART1;SASH3;SCARF1;SCN1B;SCRIB;SDK1;SDK2;SELENOK;SELL;SELPLG;SEMA3E;SEMA4D;SEMA5A;SEMA6A;SERPINB8;SERPINE1;SERPINE2;SERPINF2;SGCE;SH2B3;SHB;SHC1;SIGLEC1;SIGLEC10;SIGLEC11;SIGLEC14;SIGLEC7;SIGLEC8;SIGLEC9;SIPA1;SIRPA;SIRPB1;SKAP1;SLC23A2;SLC39A8;SLC4A2;SLC7A1;SLC7A11;SLC9A1;SLK;SMAD3;SMAD6;SMAD7;SMARCA2;SMARCA4;SMARCB1;SMARCC1;SMARCC2;SMARCD1;SMARCD2;SMARCD3;SMARCE1;SNED1;SOCS5;SOCS6;SORBS1;SORBS3;SOX12;SOX4;SPARCL1;SPECC1L;SPI1;SPINT2;SPN;SPOCK1;SPOCK2;SPON1;SPON2;SPP1;SRC;SRCIN1;SRF;SRGAP2;SSPN;SSPOP;SSX2IP;ST3GAL4;ST6GAL1;STAB1;STAT5B;STK10;STK4;STX3;STX4;STXBP1;STXBP3;STXBP6;SVEP1;SWAP70;SYK;SYMPK;TAOK2;TBCD;TENM1;TENM2;TENM3;TENM4;TESC;TESK1;TESK2;TESPA1;TFE3;TFRC;TGFB1;TGFB2;TGFBI;TGFBR2;THBS3;THBS4;THEMIS2;THSD1;THY1;TIAM1;TIMM10B;TJP1;TJP2;TLN1;TLN2;TM9SF4;TMEM131L;TMEM8B;TMIGD2;TMOD3;TNFAIP8L2;TNFRSF12A;TNFRSF13C;TNFRSF14;TNFRSF21;TNFSF13B;TNIP1;TNR;TNXB;TOR1A;TPM1;TRAF6;TRIOBP;TRIP6;TRO;TRPM7;TRPV4;TSC1;TSPAN32;TTYH1;TWSG1;TYK2;TYRO3;UBASH3B;UNC13D;UNC5D;UTRN;VAMP3;VAV1;VAV3;VCAN;VCL;VEGFA;VEZT;VMP1;VNN1;VPS33B;VSIG10;VSIG4;VSIR;VWC2;WASHC2C;WDPCP;WHAMM;WNK1;WNT5A;XBP1;YES1;YTHDF2;ZBTB1;ZBTB16;ZBTB7B;ZC3H8;ZDHHC2;ZDHHC21;ZFHX3;ZFP36L1;ZMIZ1;ZNF703;ZP3;ZYX	ABL1;ABL2;ACTN1;ADAM22;ADAM23;ADGRB1;ADGRE2;ADGRL1;ADGRL3;ADGRV1;AFDN;AIF1;ALCAM;ANGPT2;ANTXR1;ANXA1;APBA1;APBB1IP;ARHGAP6;AXL;B2M;BAIAP2;BCL6;CADM1;CADM2;CADM3;CARD11;CARMIL1;CASK;CASS4;CD226;CD44;CD55;CD63;CD74;CD81;CD9;CDH18;CDH20;CDH23;CDH26;CDH4;CDK6;CEACAM1;CEBPB;CELSR3;CFDP1;CLASP2;CLSTN2;CNTN1;CNTN5;CNTNAP2;COL5A1;COL5A3;CTNNA2;CTNNA3;CTNND2;CX3CR1;CXADR;CXCR4;CYFIP2;CYTH1;CYTIP;DOCK1;DOCK5;DUSP10;ECM2;EDA;EDIL3;EFNA5;EMB;EMILIN2;EPDR1;EPHA4;EPHB2;ETS1;FAT3;FER;FERMT2;FLNA;FLRT2;FMN1;FNDC3A;FOLR2;FOXO3;FRMD5;FUT9;FYN;GCNT2;GLDN;GPNMB;GREM1;HLA-DRA;HLA-DRB1;HSPB1;HSPD1;HSPH1;IGF1;IGSF11;IGSF21;IGSF9B;IL15;IL1A;IL1B;IL4I1;IL7;ITGA4;ITGA6;ITGA9;ITGB8;JAM3;JAML;KIF26B;KIFAP3;KIFC3;LGALS1;LGALS3;LIMCH1;LIMS1;LRFN4;LRFN5;LRRC4C;LRRC7;LSAMP;LYVE1;MAGI1;MALT1;MAP3K8;MERTK;MMP24;MSN;MTSS1;MYO10;NCAM2;NEGR1;NEXMIF;NFASC;NFKBID;NLGN1;NLGN4Y;NLRP3;NR4A3;NRP1;NRXN1;NUAK1;OLR1;OMD;OPCML;P2RY12;PAG1;PARD3B;PARVB;PCDH11Y;PCDH7;PCDH9;PDE3B;PDE5A;PDGFB;PDLIM5;PDZD2;PEAK1;PELI1;PKD1;PLAU;PLEK;PLEKHA7;PLPP3;PLXNC1;PODXL2;PPARD;PPFIA2;PPFIBP1;PRKCA;PRKCE;PRKCQ;PRKG1;PTK2;PTK2B;PTPN2;PTPRD;PTPRG;PTPRK;PTPRM;PTPRT;RDX;RGCC;RIPK2;RIPOR2;ROBO1;RSU1;RUNX1;S100A8;S100A9;S100B;SDK1;SEMA3E;SERPINE1;SGCE;SIGLEC1;SLC7A1;SLC7A11;SMAD3;SMARCD3;SNED1;SOCS6;SPOCK1;SPOCK2;SPP1;SSPN;ST6GAL1;STAB1;STXBP6;TENM1;TENM2;TENM4;TFRC;TGFB1;TGFB2;TGFBI;TIAM1;TJP1;TLN2;TNFRSF21;TNFSF13B;UBASH3B;UTRN;VCAN;VEGFA;WDPCP;ZBTB16;ZFP36L1
GO_BP::GOBP_CELL_JUNCTION_ORGANIZATION	531	139	2.842352417437228e-13	7.650665256935206e-10	531	139	term_score_01	ABCC8;ABHD17A;ABHD17B;ABI2;ABI3;ABL1;ACTB;ACTG1;ACTN1;ACTN2;ADAM10;ADD1;ADD2;ADGRB1;ADGRB3;ADGRL1;ADGRL3;ADNP;AFDN;AFG3L2;AKT1;ALS2;ANAPC2;ANK2;ANK3;APBB2;APC;APOD;APOE;APP;APPL1;ARF1;ARF4;ARF6;ARHGAP22;ARHGAP33;ARHGAP39;ARHGAP44;ARHGAP6;ARHGEF7;ARHGEF9;ARL2;ASAP1;ASIC2;BAIAP2;BCL2;BCR;BSN;C1QA;C1QB;C1QC;C3;C5AR1;CACNB1;CACNB2;CACNB3;CACNB4;CACNG2;CAMK1;CAMK2B;CAMKV;CAP2;CAPRIN1;CAPRIN2;CAPZA1;CAST;CBLN2;CCM2;CD2AP;CD9;CDC42;CDH10;CDH11;CDH12;CDH13;CDH18;CDH2;CDH20;CDH22;CDH26;CDH3;CDH4;CDH7;CDH8;CDH9;CDHR3;CDK5R1;CDKL5;CFL1;CHCHD10;CHD4;CHMP2B;CLASP1;CLASP2;CLDN11;CLDN12;CLDN15;CLDN20;CLDN4;CLDN7;CLN3;CLSTN1;CLSTN2;CLSTN3;CNKSR2;CNTN2;CNTN5;CNTNAP1;CNTNAP2;COL16A1;COL4A5;COLQ;CORO1C;CORO2B;CRIPT;CRK;CRKL;CSF1R;CSK;CTBP2;CTNNA1;CTNNA2;CTNNB1;CTNND1;CTNND2;CTTN;CTTNBP2;CUX2;CX3CL1;CX3CR1;CXADR;CYFIP1;DAB2IP;DAG1;DAPK3;DBN1;DBNL;DCTN1;DHX36;DIP2A;DISC1;DLC1;DLG1;DLG4;DLG5;DLGAP3;DMPK;DMTN;DNAJA3;DNER;DNM3;DOCK10;DRP2;DSCAM;DST;DTNBP1;DUSP22;DUSP3;DVL1;ECT2;EEF2K;EFNA5;EFNB2;EGLN1;EIF4G1;EPB41L3;EPB41L5;EPHA3;EPHA4;EPHA7;EPHB1;EPHB2;EPHB3;ERBB4;ERC1;ERC2;EXT1;EZR;F11R;F2RL1;FAM107A;FARP1;FBF1;FBXO45;FCGR2B;FER;FERMT2;FGF13;FLCN;FLNA;FLOT1;FLRT2;FMN1;FNTA;FRMPD4;FRRS1L;FSCN1;FYN;FZD1;GABRA1;GABRA2;GABRB2;GABRB3;GABRG2;GAP43;GHRL;GJA1;GLRB;GNPAT;GPHN;GPM6A;GPM6B;GPR158;GREM1;GRIA1;GRID1;GRID2;GRIN2B;GRIPAP1;GRM5;HDAC6;HDAC7;HEG1;HIP1R;HIPK1;HOMER1;HOPX;HSPA8;ICAM5;IGF1R;IGSF21;IKBKB;IL10;IL10RA;IL1B;IL1RAP;IL1RAPL1;IL1RAPL2;INA;INSR;IQSEC1;ITGA3;ITGA5;ITGA6;ITGAM;ITGB1;ITGB1BP1;ITGB3;JAM3;JUP;KIF1A;KIFC3;KIRREL3;LAMB2;LAMC1;LAMTOR2;LARGE1;LDB1;LGMN;LHFPL4;LILRB2;LIMCH1;LIMS1;LINGO2;LRFN2;LRFN4;LRFN5;LRP4;LRP8;LRRC4;LRRC4B;LRRC4C;LRRK2;LRRN1;LRRN3;LRRTM2;LRRTM3;LZTS3;MACF1;MAP1B;MAP4K4;MAPK14;MAPRE2;MAPT;MECP2;MEF2C;MESD;MICALL2;MMP14;MPDZ;MPP7;MTMR2;MTSS1;MUSK;MYADM;MYCBP2;MYO1C;MYO9A;NECTIN1;NEDD4;NEDD9;NEFL;NEGR1;NEURL1;NF1;NF2;NFIA;NGEF;NLGN1;NLGN2;NLGN3;NLGN4X;NLGN4Y;NOS1AP;NPHP1;NPHP4;NPTN;NPTX1;NRCAM;NRG3;NRP1;NRP2;NRXN1;NRXN2;NTNG1;NTNG2;NTRK2;NUMB;NUMBL;OCEL1;OCLN;OGT;OPHN1;PAFAH1B1;PAK2;PAK3;PALM;PARD3;PARD6B;PATJ;PCDH17;PCLO;PDCD6IP;PDLIM5;PDZRN3;PEAK1;PECAM1;PFN1;PFN2;PICK1;PIK3R1;PIN1;PIP5K1A;PIP5K1C;PKN2;PKP4;PLEC;PLEKHA7;PLXNA4;PLXNB2;PLXNC1;PLXND1;POLDIP2;PPFIA1;PPFIA2;PPFIA3;PPFIA4;PPFIBP1;PPFIBP2;PPM1F;PRICKLE1;PRKACA;PRKCA;PRKCH;PRKCI;PRNP;PRRT1;PSEN1;PTEN;PTK2;PTK2B;PTK7;PTPN13;PTPN23;PTPRA;PTPRD;PTPRF;PTPRJ;PTPRK;PTPRO;PTPRS;PTPRT;RAB13;RAB29;RAB3A;RAB8B;RAC1;RAP1A;RAP1B;RAP2A;RAPGEF1;RAPGEF2;RCC2;RDX;RELN;RER1;REST;RHOA;RHOB;RHOC;ROBO2;ROCK1;ROCK2;ROR2;RPS6KA5;RYK;SDCBP;SDF4;SDK1;SDK2;SEMA3E;SEMA4A;SEMA4D;SEPTIN11;SETD5;SEZ6;SEZ6L;SEZ6L2;SH3BP1;SHANK1;SHANK2;SHANK3;SHISA6;SHISA7;SIPA1L1;SLC1A1;SLC25A46;SLC39A9;SLC6A1;SLC7A11;SLC8A2;SLC8A3;SLC9A1;SLIT1;SLITRK4;SLITRK5;SLK;SMAD3;SMAD7;SNAP25;SNAPIN;SNCA;SNCB;SNTA1;SORBS1;SORT1;SPARCL1;SPG11;SPOCK2;SPTB;SPTBN2;SPTBN4;SRC;SRCIN1;SRF;SRGAP2;SRGAP2C;SRGN;SSH1;STAU1;STAU2;STK38;STK38L;STRN;SVEP1;SYBU;SYN1;SYNDIG1;SYNGAP1;SYNPO;TANC1;TANC2;TAOK2;TBCD;TESK2;TGFB1;TGFB2;TGFBR1;THSD1;THY1;TIAM1;TJP1;TJP2;TLN1;TLN2;TLR2;TMEM108;TNR;TREM2;TRIP6;TRPV4;TSC1;TUBA1A;TUBB;UGT8;UNC13A;UNC13B;UNC13C;VCL;VCP;VEGFA;VHL;VMP1;VPS35;WASF1;WASF2;WASF3;WASL;WDPCP;WDR1;WHAMM;WNT5A;YWHAZ;ZC4H2;ZDHHC12;ZDHHC15;ZDHHC2;ZMYND8;ZNF365;ZNF703;ZNF804A	ABL1;ACTN1;ADGRB1;ADGRL1;ADGRL3;AFDN;ANK2;APBB2;APOE;ARHGAP6;ASAP1;BAIAP2;C1QA;C1QB;C1QC;C3;C5AR1;CACNB4;CBLN2;CD9;CDH18;CDH20;CDH26;CDH4;CLASP2;CLSTN2;CNKSR2;CNTN5;CNTNAP2;CTNNA2;CTNND2;CTTNBP2;CUX2;CX3CR1;CXADR;DOCK10;EFNA5;EGLN1;EPB41L3;EPHA4;EPHB2;ERC2;FARP1;FER;FERMT2;FGF13;FLNA;FLRT2;FMN1;FSCN1;FYN;GABRG2;GAP43;GHRL;GJA1;GPHN;GPM6A;GREM1;GRID1;GRIN2B;GRM5;HOMER1;IGF1R;IGSF21;IL1B;INSR;IQSEC1;ITGA6;JAM3;KIF1A;KIFC3;LIMCH1;LIMS1;LRFN4;LRFN5;LRRC4C;LRRK2;MAPT;MTSS1;MUSK;MYO9A;NEGR1;NFIA;NLGN1;NLGN4Y;NOS1AP;NPTX1;NRG3;NRP1;NRXN1;OPHN1;PATJ;PDLIM5;PDZRN3;PEAK1;PFN2;PLEKHA7;PLXNC1;PPFIA2;PPFIBP1;PRKCA;PRKCH;PTK2;PTK2B;PTPRD;PTPRK;PTPRT;RAPGEF1;RDX;RPS6KA5;SDCBP;SDK1;SEMA3E;SHANK3;SIPA1L1;SLC7A11;SLIT1;SMAD3;SNAP25;SNCA;SPOCK2;SPTBN4;SRGN;SYNDIG1;SYNPO;TANC2;TGFB1;TGFB2;TIAM1;TJP1;TLN2;TLR2;TUBA1A;UGT8;UNC13B;VEGFA;WDPCP;ZC4H2;ZNF365
GO_BP::GOBP_REGULATION_OF_SYSTEM_PROCESS	304	91	1.6342532879783304e-12	3.2991488251062544e-09	304	91	term_score_02	ABAT;ABCC8;ABL1;ACP3;ADCY10;ADD3;ADORA1;ADORA3;ADRA1A;ADRB1;ADRB2;AGER;AKAP6;AKAP9;ANK2;ANXA6;APOE;APP;ARHGAP42;ASB3;ASIC2;ATP1A1;ATP1A2;ATP1A3;ATP1B1;ATP1B2;ATP2A2;ATP2A3;ATP2B1;ATP2B2;ATP2B4;ATPSCKMT;BAIAP2;BECN1;BEGAIN;BIN1;BMPR2;BVES;C12orf57;CACNA1C;CACNA1D;CACNA2D1;CACNB1;CACNB2;CALM1;CALM2;CALM3;CAMK2B;CAMK2D;CAMK2G;CELF2;CELF4;CHGA;CHRM2;CHRM3;CLIC2;CORO2B;CRHBP;CRY1;CRY2;CTDP1;CTNNA3;CTSC;CTTN;CUX2;CXADR;CYP19A1;CYSLTR1;DAB2;DAG1;DAPK3;DICER1;DLG1;DLG4;DLGAP1;DLGAP2;DLGAP3;DLGAP4;DMD;DMPK;DOCK4;DOCK5;DSC2;DVL1;ECE1;EHD3;EIF2AK3;EIF4A3;EMP2;ENO1;EPAS1;EPB41;F2RL1;FAAH;FABP5;FBXO32;FGF12;FGF13;FIG4;FLNA;FMR1;FOXO1;FOXO3;FOXP1;FTO;FXYD1;G6PD;GAA;GAS6;GCH1;GHRL;GJA1;GLRX3;GLS;GPD1L;GRIK2;GRIN1;GRIN2A;GRIN2B;GRIN2D;GRK2;GRM1;GSK3A;GSTM2;GSTO1;GTF2IRD1;GUCY1A1;HAMP;HDAC4;HIP1R;HOPX;HRH1;HRH2;HSP90AA1;HTR2A;HTR2C;IGF1;IGSF11;IL6ST;INPP5K;ITGAX;JAM2;JARID2;JUP;KCNB2;KCND2;KCND3;KCNE1;KCNE3;KCNG2;KCNIP2;KCNJ2;KCNJ3;KCNJ5;KCNMB2;KCNMB4;KCNN2;KCNQ1;KDM5B;LMNA;LPCAT3;LPIN1;LRRK2;MDM2;MECP2;MEF2A;MGLL;MIR17HG;MLIP;MMP2;MTG1;MTG2;MTMR2;MTPN;NCMAP;NETO1;NLGN1;NLGN2;NLGN3;NLGN4X;NOS1AP;NOTCH1;NR1H2;NR1H3;NR4A1;NR4A3;NRDC;NRXN1;NUP155;ORMDL3;P2RX1;P2RX4;PARD3;PARP1;PARP2;PBX3;PDE4B;PDE4D;PDE5A;PDE9A;PDGFB;PER2;PIK3CG;PLCE1;PPARA;PPARG;PPP1R12B;PPP3CA;PRKACA;PRKAR1B;PRKCA;PRKCZ;PRKD1;PRKG1;PTAFR;PTEN;PTK2B;PTPN11;PTPRO;RAB8B;RANGRF;RELN;RGS2;RGS4;RHOA;RIMS1;RIMS2;RNF10;RNF207;RNLS;ROCK1;ROCK2;RPS6KB1;RYR2;SCN1B;SCN3B;SELENON;SETD3;SGK1;SHANK1;SHANK3;SLC1A1;SLC22A5;SLC8A1;SLC8A2;SLC8A3;SLC9A1;SMAD3;SMAD4;SMAD7;SNTA1;SOD1;SPHK1;SPP1;SPTBN4;SREBF1;SRF;SRI;SSH1;STK39;STX1A;STX1B;SUMO1;SYNE1;TACR1;TBC1D24;TBXAS1;TENM4;TGFB2;THRA;THRB;TMEM108;TMEM161B;TMEM25;TMEM38A;TMEM38B;TMEM65;TMIGD3;TNFRSF1A;TNFRSF1B;TNFRSF21;TNNI3K;TNR;TOMM70;TPM1;TPPP;TRPC1;TRPM4;TRPV1;TRPV4;TSHZ3;TSPO;TWF1;TYMP;UCN;UNC13B;WASF3;WNK1;YWHAE;YY1;ZDHHC21;ZFHX2;ZMPSTE24;ZMYND8	ABAT;ABL1;ADD3;ANK2;APOE;ARHGAP42;BAIAP2;BIN1;CACNA1C;CACNA1D;CACNA2D1;CALM3;CELF4;CLIC2;CTNNA3;CUX2;CXADR;CYSLTR1;DLGAP1;DOCK5;ENO1;EPAS1;EPB41;FBXO32;FGF12;FGF13;FLNA;FOXO1;FOXO3;FOXP1;G6PD;GHRL;GJA1;GRIN1;GRIN2A;GRIN2B;GRM1;GTF2IRD1;HAMP;HDAC4;HRH1;HSP90AA1;IGF1;IGSF11;JARID2;KCND2;KCND3;KCNE1;KCNMB2;KCNMB4;KDM5B;LRRK2;MGLL;MLIP;NCMAP;NLGN1;NOS1AP;NR4A1;NR4A3;NRXN1;PBX3;PDE4B;PDE4D;PDE5A;PDGFB;PPARG;PRKCA;PRKG1;PTK2B;RIMS2;RNLS;RYR2;SGK1;SHANK3;SLC8A1;SMAD3;SPP1;SPTBN4;TENM4;TGFB2;THRB;TMEM38B;TMEM65;TNFRSF1B;TNFRSF21;TRPC1;TSHZ3;TYMP;UCN;UNC13B;ZFHX2
GO_BP::GOBP_CELL_MOTILITY	1022	224	1.0453458008624782e-11	1.6882334683929023e-08	1022	224	term_score_03	AAMP;ABCC1;ABCC8;ABHD2;ABHD6;ABI2;ABI3;ABL1;ABL2;ACAP3;ACKR4;ACTA2;ACTB;ACTG1;ACTN4;ACTR3;ACVR1;ACVR1B;ADAM10;ADAM15;ADAM17;ADAM9;ADARB1;ADCY3;ADD2;ADGRB1;ADGRE2;ADGRG1;ADGRL3;ADIPOR1;ADORA1;ADORA3;AFDN;AGER;AGO2;AIF1;AIMP1;AKAP12;AKIRIN1;AKT1;AKT2;AKT3;ALKBH1;ALOX15B;ALOX5;AMOT;AMOTL1;ANGPT2;ANKS1A;ANLN;ANO6;ANXA1;ANXA6;AP1AR;APC;APC2;APCDD1;APOD;APOE;APP;APPL1;APPL2;ARF4;ARF6;ARHGAP18;ARHGAP24;ARHGAP35;ARHGAP4;ARHGAP5;ARHGDIB;ARHGEF2;ARHGEF7;ARID2;ARID4A;ARID4B;ARID5B;ARL13B;ARMC2;ARPC2;ARPC3;ARPC5;ARPC5L;ARPIN;ARRB2;ARSB;ASH1L;ASTN1;ASTN2;ATM;ATN1;ATOH8;ATP1B2;ATP2B4;ATP5F1A;ATP5F1B;ATP7A;ATP8A1;AUTS2;AVL9;AXL;B4GALT1;BAG4;BAX;BBS1;BBS2;BBS4;BCAR1;BCAS3;BCL11B;BCL2;BCL6;BCR;BEX4;BIN2;BIN3;BMERB1;BMPER;BMPR1A;BMPR2;BRAF;BRAT1;BRK1;BRMS1;BRMS1L;BSG;BST2;BTG1;BVES;C1QBP;C3AR1;C5;C5AR1;C5AR2;CALR;CAMK1D;CAMK2A;CAMK2B;CAP1;CAPN7;CARMIL1;CASS4;CATSPER2;CATSPERE;CBLL1;CCAR1;CCBE1;CCDC125;CCDC25;CCDC40;CCDC65;CCDC88A;CCK;CCR1;CCR5;CD151;CD200;CD274;CD2AP;CD300A;CD40;CD44;CD47;CD63;CD74;CD81;CD9;CD99;CD99L2;CDC42;CDC42BPA;CDC42BPB;CDH11;CDH13;CDH2;CDK5R1;CDK6;CDKL5;CDKN1B;CDKN2B-AS1;CEACAM1;CELSR2;CEMIP;CEND1;CENPV;CEP131;CEP43;CEP85L;CERS2;CFAP20;CFAP221;CFAP251;CFAP44;CFAP54;CFAP69;CH25H;CHGA;CHL1;CHRD;CIB1;CITED2;CKLF;CLASP1;CLASP2;CLDN4;CLDN7;CLEC7A;CLIC4;CLN3;CMKLR1;CNTN2;COL5A1;CORO1A;CORO1B;CORO1C;CORO6;CORO7;CPNE3;CREB3;CRK;CRKL;CSF1R;CSF3R;CSNK2B;CTNNA1;CTNNA2;CTNNA3;CTNNB1;CTSH;CTTN;CUL3;CX3CL1;CX3CR1;CXADR;CXCL12;CXCL14;CXCL16;CXCR4;CYP19A1;CYP7B1;CYRIB;DAAM2;DAB1;DAB2;DAB2IP;DACH1;DAG1;DAPK2;DAPK3;DCC;DCLK1;DCX;DDIT3;DDIT4;DDR1;DDRGK1;DDT;DGKZ;DISC1;DIXDC1;DLC1;DLG5;DMTN;DNAAF2;DNAAF4;DNAH1;DNAH14;DNAH17;DNAH6;DNAH7;DNAH9;DNAJA1;DNAJA4;DNER;DNHD1;DNM1L;DOCK1;DOCK10;DOCK2;DOCK4;DOCK5;DOCK7;DOCK8;DPCD;DPYSL3;DST;DUOX1;DUSP1;DUSP10;DUSP22;DUSP3;DYNC2H1;DZIP1;ECM1;EFHC1;EFNB1;EFNB2;EGFR;ELMO1;ELMO2;ELP3;ELP5;ELP6;EMC10;EMILIN1;EMILIN2;EMP2;ENAH;ENG;ENO4;ENPP2;EPB41L4B;EPB41L5;EPHA3;EPHA4;EPHB1;EPHB2;EPHB3;EPS8;ERBB4;ETS1;EVL;EXT1;F11R;F2RL1;FAM107A;FAM89B;FAT3;FBXO45;FBXO5;FBXW7;FCER1G;FER;FERMT2;FERMT3;FES;FGF13;FGF17;FGF2;FGF20;FGFR1;FGR;FLCN;FLNA;FLRT2;FLT1;FMN2;FMNL1;FMNL2;FMNL3;FOLR2;FOXG1;FOXO3;FOXP1;FPR2;FRMD5;FSCN1;FSIP2;FUT10;FUT4;FUT8;FUT9;FYN;FZD3;GAB1;GAS6;GAS8;GBF1;GCNT1;GCNT2;GIPC1;GJA1;GLIPR2;GLUL;GNA12;GNA13;GNAI2;GOLPH3;GPC1;GPC2;GPC5;GPC6;GPI;GPLD1;GPM6A;GPNMB;GPR173;GPR183;GPSM3;GRB10;GREM1;GRN;GSK3A;GTPBP4;HACE1;HCK;HDAC1;HDAC2;HDAC5;HDAC6;HDAC7;HDAC9;HEXB;HGF;HIF1A;HMGB1;HMGB2;HMOX1;HRAS;HSP90AA1;HSPA5;HSPB1;HTR2B;HYAL2;ICAM1;IER2;IFT81;IGF1;IGF1R;IGSF10;IGSF8;IL10;IL16;IL17RA;IL17RC;IL1A;IL1B;IL27RA;IL6R;ILK;ING1;ING2;INPP5B;INPP5F;INSR;INTS13;IQCG;IQGAP1;IQSEC1;IRAK4;IRS2;ITGA3;ITGA4;ITGA5;ITGA6;ITGA7;ITGA9;ITGAL;ITGAV;ITGAX;ITGB1;ITGB1BP1;ITGB2;ITGB3;ITGB5;ITGB8;JAG1;JAGN1;JAK2;JAM2;JAM3;JAML;JMY;JUP;KANK1;KANK2;KCTD13;KIAA0319;KIAA0319L;KIF20B;KIF2A;KIF9;KIRREL3;KITLG;KNSTRN;KRIT1;LAMA2;LAMB1;LAMC1;LAMTOR2;LARGE1;LCP1;LDB1;LDB2;LDLRAD4;LGALS3;LGALS8;LGALS9;LGMN;LIMA1;LIMCH1;LIMD1;LMNA;LMO4;LOXL2;LPAR1;LPXN;LRCH1;LRIG2;LRP1;LRP12;LRP8;LRRK2;LYN;LYST;LYVE1;LZTFL1;MACF1;MACIR;MADCAM1;MAGI2;MALAT1;MAP1B;MAP2K1;MAP2K2;MAP2K3;MAP2K5;MAP3K3;MAP3K7;MAP4K4;MAPK1;MAPK14;MAPK3;MAPRE1;MAPRE2;MARK1;MARK2;MAZ;MBOAT7;MCC;MCOLN2;MCTP1;MCU;MDM2;MEAK7;MECP2;MEF2C;MEGF10;MEGF8;MERTK;MGAT3;MGAT5;MIA3;MIEN1;MIF;MIIP;MINK1;MITF;MKKS;MMP14;MMP2;MMP28;MOSPD2;MPP1;MRTFA;MSN;MTA2;MTOR;MTUS1;MYADM;MYD88;MYH9;MYO18A;MYO1C;MYO1G;MYSM1;NARS1;NAV1;NAV3;NBL1;NCK1;NCK2;NCKAP1;NCKAP1L;NDE1;NDEL1;NDRG4;NEDD9;NEO1;NET1;NEURL1;NEXMIF;NEXN;NF1;NF2;NFATC2;NFE2L2;NINJ1;NIPBL;NISCH;NKD1;NOD2;NOTCH1;NPHP4;NR4A1;NR4A2;NR4A3;NRCAM;NRG3;NRP1;NRP2;NSMF;NTN4;NTNG1;NTNG2;NTRK2;NTRK3;NUMB;NUP85;NUS1;OGDH;OGT;OPHN1;OSBPL8;OVOL2;OXSR1;P2RX4;P2RY12;P2RY6;PADI2;PAFAH1B1;PAK1;PAK4;PAK5;PALLD;PARD6B;PARP9;PATZ1;PAXIP1;PBXIP1;PCM1;PDCD10;PDCD6;PDE4B;PDGFA;PDGFB;PDGFC;PDGFD;PDPK1;PDPN;PEAK1;PECAM1;PEX13;PEX5;PEX7;PFN1;PFN2;PHACTR1;PHACTR4;PHB2;PHPT1;PIK3C2A;PIK3C2B;PIK3CA;PIK3CB;PIK3CD;PIK3CG;PIK3R1;PIK3R3;PIKFYVE;PIN1;PIP5K1A;PIP5K1C;PKN1;PKN2;PLA2G7;PLAA;PLAT;PLAU;PLCB1;PLCG1;PLCG2;PLEC;PLEKHG3;PLEKHG5;PLEKHO1;PLK2;PLP1;PLPP3;PLTP;PLVAP;PLXNA1;PLXNA2;PLXNA3;PLXNA4;PLXNB2;PLXNC1;PLXND1;PML;PODXL2;POMGNT2;PPARD;PPARG;PPIA;PPIB;PPM1F;PPP1R9B;PPP3CA;PRAG1;PRCP;PREX1;PRICKLE1;PRKCA;PRKCD;PRKCE;PRKCI;PRKCQ;PRKCZ;PRKD1;PRKD2;PRKG1;PRKX;PROX1;PRPF40A;PRR5L;PSEN1;PTAFR;PTEN;PTGER4;PTK2;PTK2B;PTK7;PTN;PTPN11;PTPN23;PTPRB;PTPRC;PTPRF;PTPRG;PTPRJ;PTPRK;PTPRM;PTPRO;PTPRR;PTPRT;PXN;PYCARD;QRICH2;RAB11A;RAB13;RAB1A;RABGEF1;RAC1;RAC2;RACK1;RADIL;RAF1;RAP2A;RAP2B;RAP2C;RAPGEF2;RASGEF1A;RBBP4;RBBP7;RCC2;RDX;RECK;RELN;RERE;RFFL;RFX3;RGCC;RHOA;RHOB;RHOC;RHOF;RHOG;RIC8A;RIN2;RIN3;RIPK3;RIPOR1;RIPOR2;RNF20;RNF41;RNH1;ROBO1;ROCK1;ROCK2;ROR2;RPL13A;RPS19;RPS6KB1;RRAS2;RREB1;RTN4;RUFY3;S100A11;S100A8;S100A9;SAP130;SAP30;SAP30L;SASH1;SATB2;SBDS;SCAI;SCARB1;SCG2;SCRIB;SCYL3;SDC2;SDC3;SDCBP;SDCCAG8;SELENOK;SELL;SELPLG;SEMA3A;SEMA3C;SEMA3E;SEMA4A;SEMA4B;SEMA4C;SEMA4D;SEMA4F;SEMA5A;SEMA5B;SEMA6A;SEMA6B;SEMA6D;SEMA7A;SEPTIN4;SERPINE1;SERPINE2;SERPINF1;SETD2;SGK1;SGK3;SGPL1;SH3BP1;SH3D21;SH3KBP1;SH3RF1;SHROOM2;SHTN1;SIN3A;SIN3B;SINHCAF;SIRPA;SIRT1;SKI;SLAMF8;SLC12A2;SLC26A5;SLC8B1;SLC9A1;SLC9B1;SLC9B2;SLIRP;SLIT1;SLIT2;SLIT3;SLK;SMAD3;SMAD4;SMAD7;SMPD3;SMURF2;SOD2;SORD;SORL1;SOS1;SP1;SP100;SPAG16;SPAG6;SPAG9;SPDL1;SPEF2;SPHK1;SPI1;SPINT2;SPN;SPNS2;SPOCK1;SPOCK2;SPOCK3;SPRED1;SPRY2;SRC;SRCIN1;SRF;SRGAP1;SRGAP2;SRGAP2C;SRGAP3;SRP54;SSH1;SSX2IP;ST3GAL4;STARD13;STAT1;STAT3;STAT5A;STAT5B;STK10;STK24;STK26;STK39;STK4;STMN1;STX4;SUDS3;SUN1;SUN2;SVBP;SWAP70;SYK;SYNE2;SYNJ2BP;TACR1;TAFA5;TAOK2;TBC1D24;TBCCD1;TCAF1;TCP11L2;TESK1;TET1;TF;TGFB1;TGFB2;TGFBR1;TGFBR2;TGFBR3;THBS4;THY1;TIAM1;TIMP1;TIRAP;TJP1;TLR4;TMEFF2;TMEM18;TMEM201;TMF1;TMIGD3;TMSB10;TMSB4X;TNFAIP1;TNFAIP3;TNFRSF11A;TNFRSF14;TNFSF12;TNR;TNS1;TNXB;TOP2B;TOR1A;TP53INP1;TPGS1;TPM1;TRADD;TREM1;TREM2;TRIB1;TRIM32;TRIM46;TRIP6;TRPM2;TRPM4;TRPV4;TSPO;TTBK2;TTC12;TTC21A;TTLL1;TTLL3;TTLL9;TUBA1A;TUBGCP2;TWIST2;TYRO3;UBE2B;UBE2I;ULK4;UNC5C;UNC5D;UNK;USP33;USP45;USP9X;USP9Y;VASH1;VAV1;VAV2;VAV3;VCL;VDAC3;VEGFA;VEGFB;VHL;VPS13A;VSIR;VSTM4;WAS;WASF2;WASHC1;WASL;WDPCP;WDR1;WDR47;WNK1;WNT5A;WNT5B;WWC1;WWC2;WWC3;XBP1;YES1;YTHDF3;YWHAE;ZEB2;ZFAND5;ZMIZ1;ZMYND8;ZNF268;ZNF580;ZNF609;ZNF703;ZP3;ZRANB1	ABL1;ABL2;ACKR4;ADARB1;ADCY3;ADGRB1;ADGRE2;ADGRL3;AFDN;AIF1;AKT3;ALOX15B;ANGPT2;ANXA1;APOE;ARHGAP18;ARID5B;ARSB;ATOH8;ATP8A1;AUTS2;AXL;BCAS3;BCL6;BTG1;C5AR1;CAMK2A;CARMIL1;CASS4;CATSPERE;CCDC40;CD44;CD63;CD74;CD81;CD9;CDC42BPA;CDK6;CDKN2B-AS1;CEACAM1;CEMIP;CENPV;CFAP251;CH25H;CLASP2;CLIC4;CMKLR1;COL5A1;CORO6;CTNNA2;CTNNA3;CX3CR1;CXADR;CXCR4;DDIT4;DIXDC1;DNAH14;DNAH6;DOCK1;DOCK10;DOCK5;DPYSL3;DUOX1;DUSP10;DYNC2H1;EMILIN2;ENO4;EPHA4;EPHB2;ETS1;FAT3;FER;FERMT2;FGF13;FGF17;FGF2;FGFR1;FGR;FLNA;FLRT2;FLT1;FMN2;FMNL2;FOLR2;FOXO3;FOXP1;FRMD5;FSCN1;FSIP2;FUT10;FUT8;FUT9;FYN;GAB1;GCNT2;GJA1;GLUL;GNA12;GNA13;GPC5;GPI;GPM6A;GPNMB;GPR173;GREM1;HGF;HIF1A;HSP90AA1;HSPB1;HTR2B;IER2;IGF1;IGF1R;IL1A;IL1B;INSR;IQGAP1;IQSEC1;ITGA4;ITGA6;ITGA9;ITGB8;JAM3;JAML;KIF9;LDLRAD4;LGALS3;LIMA1;LIMCH1;LIMD1;LPAR1;LRP12;LRRK2;LYVE1;MAGI2;MCC;MCTP1;MERTK;MGAT5;MITF;MMP28;MSN;NAV3;NCKAP1;NEXMIF;NKD1;NR4A1;NR4A3;NRG3;NRP1;OPHN1;OSBPL8;P2RY12;PADI2;PDE4B;PDGFB;PEAK1;PEX7;PFN2;PLAT;PLAU;PLCB1;PLCG2;PLPP3;PLXNC1;PODXL2;PPARD;PPARG;PRKCA;PRKCE;PRKCQ;PRKG1;PTGER4;PTK2;PTK2B;PTPRB;PTPRG;PTPRK;PTPRM;PTPRT;RAB11A;RDX;RFX3;RGCC;RIPOR2;ROBO1;S100A8;S100A9;SASH1;SDC2;SDCBP;SEMA3E;SEMA6D;SERPINE1;SGK1;SH3RF1;SLC9B1;SLIT1;SMAD3;SOD2;SPAG16;SPOCK1;SPOCK2;SRGAP3;STARD13;STMN1;TET1;TGFB1;TGFB2;TGFBR3;TIAM1;TIMP1;TJP1;TMSB10;TMSB4X;TNS1;TREM1;TUBA1A;TWIST2;UNC5C;USP9Y;VEGFA;WDPCP;WWC3
GO_BP::GOBP_NEUROGENESIS	1157	246	2.4512387789902945e-11	3.298958856724438e-08	1157	246	term_score_04	ABCA2;ABCC8;ABI1;ABI2;ABI3;ABITRAM;ABL1;ABL2;ABT1;ACAP3;ACSL3;ACSL4;ACSL6;ACTB;ACTG1;ACTL6B;ADAM17;ADARB1;ADCY1;ADCY10;ADCY6;ADGRB1;ADGRB3;ADGRG1;ADGRG6;ADGRL3;ADGRV1;ADNP;AFG3L2;AGBL4;AGER;AGTPBP1;AHI1;AKNA;AKT1;AKT2;ALCAM;ALDH1A2;ALK;ALKBH1;ALS2;ANAPC2;ANK3;ANKRD24;ANKRD27;ANKS1A;ANOS1;ANXA1;ANXA2;AP2A1;APBB1;APCDD1;APLP1;APLP2;APOD;APOE;APP;APPL2;ARF4;ARF6;ARHGAP33;ARHGAP35;ARHGAP4;ARHGAP44;ARHGEF10;ARHGEF2;ARHGEF25;ARHGEF28;ARHGEF40;ARL3;ARSB;ASAP1;ASTN1;ASTN2;ATAT1;ATCAY;ATF1;ATF4;ATF5;ATL1;ATP1B2;ATP2B2;ATP7A;ATP8A2;ATP8B1;ATP9A;ATXN10;AUTS2;AVIL;AXL;B2M;B3GNT2;B4GALT5;B4GALT6;B4GAT1;BAG5;BAIAP2;BAX;BBS1;BBS4;BCCIP;BCL11A;BCL11B;BCL2;BCL6;BECN1;BEND6;BHLHE40;BHLHE41;BICDL1;BIN1;BLOC1S1;BLOC1S2;BLOC1S4;BLOC1S5;BLOC1S6;BMERB1;BMPR1A;BMPR1B;BMPR2;BNIP3;BRAF;BRINP1;BRINP2;BRINP3;BRSK1;BRSK2;BTBD1;BTBD2;BTBD3;BTBD6;BTG2;C12orf57;C1QA;C21orf91;C3;C5AR1;C9orf72;CABP4;CACNG7;CALR;CAMK1;CAMK1D;CAMK2A;CAMK2B;CAMK2G;CAMSAP1;CAMSAP2;CAPRIN1;CAPRIN2;CARM1;CASP3;CBFA2T2;CCDC88A;CCK;CCND1;CD9;CDC42;CDH11;CDH2;CDH23;CDH4;CDK16;CDK5R1;CDK5RAP1;CDK5RAP2;CDK5RAP3;CDK6;CDKL3;CDKL5;CDKN1C;CDKN2B;CDON;CEBPB;CECR2;CELSR2;CEND1;CEP120;CEP290;CEP85L;CERS2;CERS5;CFL1;CFLAR;CHD5;CHD7;CHL1;CHN1;CIB1;CIT;CLMN;CLN5;CLN8;CLU;CNP;CNR1;CNTN1;CNTN2;CNTN4;CNTN5;CNTN6;CNTNAP1;CNTNAP2;COBL;COPS2;CPEB3;CPNE1;CPNE5;CPNE9;CRB1;CREB1;CRK;CRKL;CRMP1;CRPPA;CSF1R;CSK;CSMD3;CSNK1D;CSNK1E;CSPG5;CTDSP1;CTF1;CTNNA1;CTNNA2;CTNNB1;CTNND2;CTTN;CUL4B;CUL7;CUX1;CUX2;CX3CL1;CX3CR1;CXCL12;CXCR4;CYB5D2;CYFIP1;CYFIP2;CYSLTR1;DAAM2;DAB1;DAB2;DAB2IP;DAG1;DAGLA;DAGLB;DBN1;DBNL;DCC;DCLK1;DCLK2;DCX;DDIT4;DDR1;DDX56;DDX6;DENND5A;DGKG;DGUOK;DHFR;DHX36;DICER1;DIP2A;DIP2B;DISC1;DIXDC1;DLG4;DLG5;DMD;DNAAF4;DNAJB11;DNER;DNM2;DNM3;DNMT3A;DOCK10;DOCK7;DOK5;DPYSL3;DPYSL5;DSCAM;DSCAML1;DTNB;DTNBP1;DUSP10;DVL1;DVL2;DVL3;DYNC2H1;DYNLT1;DZANK1;ECE1;ECT2;EEF2K;EFHD1;EFNA5;EFNB1;EFNB2;EGFR;EHD1;EHMT2;EIF2AK4;EIF2B1;EIF2B2;EIF2B3;EIF2B4;EIF2B5;EIF4E;EIF4ENIF1;EIF4G1;EIF4G2;ELAVL4;ELP3;EMB;EML1;ENAH;ENC1;EP300;EPB41L3;EPHA10;EPHA3;EPHA4;EPHA5;EPHA6;EPHA7;EPHB1;EPHB2;EPHB3;EPHB6;ERBB4;ERCC2;ERCC3;ERCC6;ETV1;ETV5;ETV6;EXT1;EZH2;FAIM;FAIM2;FAM151B;FARP1;FARP2;FAT3;FBXO38;FBXO45;FBXO7;FBXW8;FES;FEZ1;FEZ2;FGF13;FGF2;FGF20;FGFR1;FGFR2;FIG4;FKBP4;FKBP8;FLNA;FLOT1;FLRT2;FMR1;FOXG1;FRS2;FRY;FRYL;FSTL4;FTSJ1;FUT9;FXR1;FYN;FZD1;FZD2;FZD3;GABRA5;GABRB1;GABRB2;GAK;GAP43;GAS6;GAS7;GBA2;GDF11;GDI1;GDPD5;GFAP;GHRL;GIGYF2;GIT1;GLDN;GOLGA4;GORASP1;GPC1;GPC2;GPM6A;GPM6B;GPR157;GPR173;GPR183;GPRC5B;GPRIN3;GRID2;GRIN2A;GRIN3A;GRIP1;GRM5;GRM7;GRN;GSDME;GSK3A;GSK3B;HCN1;HDAC1;HDAC11;HDAC2;HDAC5;HDAC6;HDAC9;HDGFL3;HECW1;HECW2;HERC1;HES6;HEXA;HEXB;HHIP;HIF1A;HIPK1;HIPK2;HLTF;HMG20A;HMG20B;HMGB1;HMGB2;HOOK3;HPRT1;HS6ST1;HSP90AA1;HSP90AB1;HTRA2;ID2;IER2;IFNGR1;IFRD1;IFT140;IFT172;IFT20;IFT27;IFT88;IGF1R;IGSF10;IL15RA;IL1B;IL1RAPL1;IL6ST;ILK;IMPACT;INPP5F;IQGAP1;IQSEC1;IST1;ITGA3;ITGA4;ITGA6;ITGB1;ITM2C;ITSN2;JAG1;JAG2;JAK2;KALRN;KANK1;KAT2B;KAT5;KAT8;KATNB1;KCNB1;KCNIP2;KCNQ1;KCNQ3;KDM1A;KDM4A;KIAA0319;KIAA0319L;KIDINS220;KIF13B;KIF1A;KIF20B;KIF5A;KIF5B;KIF5C;KIFAP3;KIFBP;KIRREL3;KLF7;KNDC1;KRAS;KREMEN1;LAMA2;LAMB1;LAMB2;LARGE1;LDB1;LDLR;LEMD2;LEPR;LGI1;LGI4;LHFPL5;LIG4;LIMK1;LLPH;LMO4;LNX2;LPAR1;LRIG2;LRP1;LRP12;LRP4;LRP6;LRP8;LRRC4C;LRRC7;LRRK2;LSM1;LST1;LYN;LYPLA2;LZTS3;MACF1;MAGI2;MAN2A1;MANF;MAP1A;MAP1B;MAP1S;MAP2;MAP2K1;MAP2K2;MAP3K13;MAP4;MAP4K4;MAP6;MAPK1;MAPK3;MAPK6;MAPK8IP2;MAPK8IP3;MAPKAPK5;MAPT;MARCKS;MARK1;MARK2;MBD1;MBOAT1;MBOAT7;MCF2;MDGA2;MDM2;MECP2;MED1;MED12;MEF2A;MEF2C;MEGF8;MEIS1;METRN;METTL14;METTL3;MFSD2A;MFSD8;MIB1;MICALL1;MICALL2;MINK1;MIOS;MKS1;MMD;MMD2;MMP14;MMP2;MMP24;MOBP;MOSMO;MOV10;MT3;MTCH1;MTMR2;MTOR;MTPN;MTR;MUL1;MUSK;MYCBP2;MYD88;MYEF2;MYLIP;MYO16;MYO6;MYO7A;MYO9A;MYT1L;NAB1;NAB2;NAGLU;NAP1L1;NAP1L2;NAPA;NAV1;NAV2;NAV3;NBL1;NBN;NCAM1;NCAM2;NCAN;NCDN;NCK1;NCK2;NCKAP1;NCKAP1L;NCKIPSD;NCMAP;NCOA1;NCS1;NCSTN;NDE1;NDEL1;NDRG1;NDRG4;NDUFS2;NECTIN1;NEDD4;NEDD4L;NEFL;NEGR1;NEK3;NEO1;NEPRO;NEURL1;NEXMIF;NEXN;NF1;NF2;NFASC;NFE2L2;NFIA;NFIB;NGEF;NGRN;NIBAN2;NIF3L1;NIN;NIPBL;NKD1;NLGN1;NLGN2;NLGN3;NLGN4X;NMNAT2;NOTCH1;NOTCH2;NOVA2;NPC1;NPHP4;NPR2;NPTN;NPTX1;NR1D1;NR2F1;NR2F6;NR3C1;NR4A2;NRBP2;NRCAM;NRDC;NREP;NRG3;NRL;NRN1;NRP1;NRP2;NRROS;NRXN1;NRXN3;NSMF;NSUN5;NTM;NTN4;NTNG1;NTNG2;NTRK2;NTRK3;NUMB;NUMBL;NUP133;NYAP2;OBSL1;OGDH;OLFM1;OLFM3;OMG;OPCML;OPHN1;OPRM1;ORC3;P2RX4;P2RY12;P3H1;PACSIN1;PAFAH1B1;PAK1;PAK2;PAK3;PAK4;PAK6;PALLD;PAQR3;PARD3;PARD6B;PARP6;PBX1;PBX2;PBX3;PBX4;PCDH12;PCM1;PCSK1;PDLIM5;PER2;PEX13;PEX5;PEX7;PHACTR1;PICALM;PICK1;PIGT;PIN1;PJVK;PLAA;PLAG1;PLEC;PLP1;PLPP3;PLPPR4;PLPPR5;PLS1;PLXNA1;PLXNA2;PLXNA3;PLXNA4;PLXNB2;PLXNC1;PLXND1;PMP22;POMGNT2;PPFIA2;PPP1CC;PPP1R9A;PPP1R9B;PPP2R5B;PPP3CA;PPP3CB;PPP3R1;PPT1;PQBP1;PRAG1;PRDM1;PREX1;PREX2;PRICKLE1;PRKCH;PRKCI;PRKCQ;PRKCZ;PRKD1;PRKG1;PRKN;PRMT1;PRMT5;PROX1;PRUNE1;PSD;PSEN1;PTBP1;PTCH1;PTEN;PTK2;PTK2B;PTK7;PTN;PTPN11;PTPN9;PTPRB;PTPRD;PTPRF;PTPRG;PTPRM;PTPRO;PTPRS;PTPRZ1;PUM2;RAB10;RAB11A;RAB13;RAB21;RAB29;RAB35;RAB3A;RAB6A;RAB6B;RAB8A;RAC1;RACGAP1;RAP1A;RAP1GAP;RAP2A;RAPGEF1;RAPGEF2;RAPH1;RARB;RASGRF1;RB1;RBPJ;RDH13;RELA;RELN;RERE;REST;RETREG3;RGS14;RGS2;RHEB;RHOA;RIMS1;RIMS2;RIT2;RNF10;RNF157;RNF165;RNF220;RNF6;ROBO1;ROBO2;ROBO3;ROCK1;ROGDI;ROR1;ROR2;RORA;RORB;RPGRIP1;RPGRIP1L;RPL24;RPS6KA5;RRAS2;RSPO2;RTN1;RTN3;RTN4;RTN4IP1;RTN4RL1;RUFY3;RUNX1;RUNX2;RUNX3;RYK;S100A6;S100A8;S100A9;S100B;SALL1;SARM1;SATB2;SCARB2;SCARF1;SCLT1;SCN1B;SCRIB;SCYL1;SCYL2;SCYL3;SDC2;SDCCAG8;SDK1;SDK2;SEC24B;SECISBP2;SEMA3A;SEMA3C;SEMA3E;SEMA4A;SEMA4B;SEMA4C;SEMA4D;SEMA4F;SEMA5A;SEMA5B;SEMA6A;SEMA6B;SEMA6D;SEMA7A;SEPTIN4;SERPINE2;SERPINF1;SERPINI1;SETX;SEZ6;SF3A2;SGK1;SH3GL2;SH3GL3;SH3RF1;SH3TC2;SHANK1;SHANK3;SHOC2;SHTN1;SIAH1;SIN3A;SIPA1L1;SIRT2;SKI;SKIL;SLC11A2;SLC12A5;SLC1A1;SLC1A3;SLC23A2;SLC25A46;SLC39A12;SLC4A10;SLC4A7;SLC7A5;SLC8A3;SLC9A6;SLIT1;SLIT2;SLIT3;SLITRK4;SLITRK5;SMAD4;SMARCA1;SMARCD3;SMARCE1;SMURF1;SNAP25;SNAPIN;SNPH;SNW1;SNX3;SOD1;SOD2;SORL1;SOS1;SOX4;SOX5;SOX6;SPAG6;SPAG9;SPART;SPAST;SPEN;SPG11;SPINT1;SPOCK1;SPP1;SPTBN4;SRCIN1;SRF;SRGAP2;SRGAP2C;SRRM4;SRRT;SRSF1;SS18L1;SSNA1;STAT3;STAU2;STK11;STK24;STK25;STMN1;STMN2;STMN3;STMN4;STRAP;STRN;STX1B;STX3;STXBP1;STYXL1;SUFU;SULT4A1;SUN1;SUN2;SUZ12;SVBP;SYN1;SYNE1;SYNE2;SYNGAP1;SYT1;SYT17;SYT4;SZT2;TAFA1;TAL1;TANC2;TAOK1;TAOK2;TAOK3;TBC1D23;TBC1D24;TBCD;TBR1;TCF12;TCF3;TCF4;TCTN1;TDP2;TENM1;TENM2;TENM3;TENM4;TGFB1;TGFB2;TGFBR1;TGIF2;THAP11;THOC2;THRB;THY1;TIAM1;TIAM2;TLR2;TLR4;TMEM106B;TMEM108;TMEM30A;TNFRSF1B;TNFRSF21;TNIK;TNR;TNXB;TOP2B;TOR1A;TOX;TP53;TPPP;TPRN;TRAK1;TRAK2;TRAPPC4;TRAPPC9;TREM2;TRIM11;TRIM32;TRIM46;TRIO;TRIOBP;TRIP11;TRPC4;TRPC5;TRPV2;TRPV4;TSC22D4;TSPO;TTBK1;TTC21B;TTC8;TTL;TTLL1;TUBA1A;TUBB3;TUBGCP2;TULP3;TWF1;TWF2;TYRO3;UBA6;UBB;UCHL1;UCN;UFL1;UGCG;UGDH;UGT8;UHMK1;ULK1;ULK2;ULK4;UNC13A;UNC5A;UNC5B;UNC5C;UNC5D;UNK;UPF3B;UQCRQ;USP33;USP9X;UST;VAPA;VASP;VCAN;VCL;VEGFA;VHL;VIM;VLDLR;VPS13B;VPS54;VWC2;VWC2L;VXN;WASF1;WASF3;WASHC5;WASL;WDPCP;WDR1;WDR47;WNK1;WNT2B;WNT5A;WNT5B;XBP1;XRCC5;XRN2;YTHDF1;YTHDF2;YWHAE;YWHAG;YWHAH;ZC4H2;ZDHHC15;ZDHHC17;ZEB1;ZEB2;ZFHX2;ZFHX3;ZFYVE27;ZHX2;ZMIZ1;ZMYND8;ZNF212;ZNF335;ZNF365;ZNF521;ZNF536;ZNF609;ZNF804A;ZPR1;ZSWIM6	ABL1;ABL2;ADARB1;ADGRB1;ADGRG6;ADGRL3;ADGRV1;AHI1;ALCAM;ANXA1;APOE;ARHGEF10;ARHGEF25;ARSB;ASAP1;ATF1;ATF5;ATP8A2;ATP8B1;ATP9A;AUTS2;AXL;B2M;BAIAP2;BCL6;BEND6;BIN1;BMPR1B;BNIP3;BTG2;C1QA;C3;C5AR1;CAMK2A;CD9;CDH23;CDH4;CDK6;CEBPB;CECR2;CHD5;CHN1;CLU;CNTN1;CNTN5;CNTNAP2;CSMD3;CTNNA2;CTNND2;CUX2;CX3CR1;CXCR4;CYFIP2;CYSLTR1;DDIT4;DIXDC1;DOCK10;DPYSL3;DUSP10;DYNC2H1;EFNA5;ELAVL4;EMB;EPB41L3;EPHA4;EPHA6;EPHB2;ETV1;EZH2;FARP1;FAT3;FGF13;FGF2;FGFR1;FLNA;FLRT2;FSTL4;FUT9;FYN;GABRA5;GABRB1;GAP43;GDF11;GDI1;GFAP;GHRL;GLDN;GPM6A;GPR173;GPRIN3;GRIN2A;GRM5;GRM7;HECW1;HHIP;HIF1A;HSP90AA1;IER2;IGF1R;IL1B;IQGAP1;IQSEC1;ITGA4;ITGA6;ITM2C;KALRN;KCNQ3;KIF1A;KIF5C;KIFAP3;LDLR;LPAR1;LRP12;LRRC4C;LRRC7;LRRK2;MAGI2;MAP2;MAPK6;MAPT;MBOAT1;MEIS1;MMP24;MOBP;MUSK;MYO9A;MYT1L;NAV2;NAV3;NCAM2;NCDN;NCKAP1;NCMAP;NCS1;NDRG1;NEDD4L;NEGR1;NEXMIF;NFASC;NFIA;NIBAN2;NKD1;NLGN1;NPTX1;NRG3;NRN1;NRP1;NRXN1;OLFM1;OPCML;OPHN1;OPRM1;P2RY12;PAQR3;PBX3;PDLIM5;PEX7;PLPP3;PLXNC1;PMP22;PPFIA2;PPP1R9A;PRKCH;PRKCQ;PRKG1;PRKN;PTK2;PTK2B;PTPRB;PTPRD;PTPRG;PTPRM;PTPRZ1;RAB11A;RAP1GAP;RAPGEF1;RBPJ;RIMS2;RIT2;RNF157;ROBO1;RORA;RORB;RPL24;RPS6KA5;RTN1;RTN4IP1;RTN4RL1;RUNX1;RUNX2;S100A6;S100A8;S100A9;S100B;SCLT1;SDC2;SDK1;SEMA3E;SEMA6D;SGK1;SH3RF1;SHANK3;SIPA1L1;SLC1A3;SLIT1;SMARCD3;SMURF1;SNAP25;SOD2;SOX5;SPOCK1;SPP1;SPTBN4;STMN1;STMN2;STMN3;SYT1;TANC2;TENM1;TENM2;TENM4;TGFB1;TGFB2;THRB;TIAM1;TIAM2;TLR2;TNFRSF1B;TNFRSF21;TOX;TRIP11;TRPC4;TUBA1A;UCN;UGT8;UNC5C;VCAN;VEGFA;VIM;WDPCP;WNT2B;ZC4H2;ZFHX2;ZHX2;ZNF365;ZNF521
Immune::GSE1432_1H_VS_24H_IFNG_MICROGLIA_UP	168	57	1.263200741089772e-10	1.1808565040730744e-07	168	57	term_score_05	AATK;ABHD5;ACOT11;AGPAT4;ALPK3;ANXA2;ANXA5;ANXA6;APBB3;APH1B;ARL4C;BNIP3L;BRD8;C5AR1;CASP9;CD14;CD163;CD9;CDC37L1;CEP68;CERK;CERS2;CHMP1B;CISH;CLN8;COL6A1;COX4I1;CRADD;CRB1;CRKL;CSF2RA;CTDSPL;CTIF;CXCR4;DAB2;DNMBP;EPAS1;FKBP4;FLNA;FOLR2;FOSL2;FOXO1;GAB2;GABARAPL1;GADD45B;GAPDH;GFOD1;GNG12;GPNMB;GPR183;GSTM3;HECA;HGSNAT;HIF1A;HS3ST1;HS3ST2;HTRA1;IFNGR1;INPP1;INPP5A;IRGQ;ITM2C;ITPKB;IVNS1ABP;JARID2;KIDINS220;LGALS1;LMNA;LPXN;LTBP2;MACROD1;MAMLD1;MAP4K4;MAPK13;MED27;METTL22;MLF1;MMD;MMP2;MSRA;NBPF10;NCS1;NELFE;NFIL3;NR4A3;NUAK1;NUP98;OAT;OLR1;OPN3;PAPSS2;PAQR5;PDE3B;PDE4A;PDE4D;PDGFC;PEX16;PFDN1;PFDN5;PGM1;PHF10;PID1;PITPNC1;PKIG;PLK2;PLXND1;PMP22;PPM1D;PPP4R1;PRPF18;PRPF4;PSD4;PTH2R;RABIF;RAMP1;RBBP8;RCE1;RCOR1;REV3L;REXO2;RGS16;RIMS2;RNF122;RPS5;RPS6;RPS6KB1;RTN3;SATB1;SCAMP1;SCD;SDC2;SEL1L;SEMA6B;SERINC5;SGPL1;SGSM2;SHB;SKI;SLA;SLC16A10;SLC16A6;SLC19A2;SLC35D1;SLC4A7;SLC7A8;SNCA;SOCS3;SSH1;STAB1;STIL;TAL1;TGFA;THBD;TIPARP;TNFRSF21;TRAK1;TRIB1;UBC;UNC13B;USP47;VEGFA;VIM;WIPF2;WIPI1;XYLT1;ZMIZ1;ZMYM2;ZNF8	AATK;ACOT11;AGPAT4;ARL4C;BNIP3L;C5AR1;CD163;CD9;CRADD;CXCR4;DNMBP;EPAS1;FLNA;FOLR2;FOSL2;FOXO1;GABARAPL1;GADD45B;GFOD1;GPNMB;HIF1A;HS3ST2;ITM2C;JARID2;LGALS1;MACROD1;MAMLD1;MAPK13;MSRA;NCS1;NR4A3;NUAK1;OLR1;PAPSS2;PDE3B;PDE4A;PDE4D;PGM1;PID1;PITPNC1;PMP22;PTH2R;RAMP1;RGS16;RIMS2;SDC2;SLC16A10;SNCA;SOCS3;STAB1;STIL;TGFA;TNFRSF21;UBC;UNC13B;VEGFA;VIM
GO_BP::GOBP_REGULATION_OF_ANATOMICAL_STRUCTURE_MORPHOGENESIS	569	138	1.3161248961805163e-10	1.1808565040730744e-07	569	138	term_score_06	ABCC8;ABI2;ABI3;ABL1;ADCK1;ADCY10;ADGRB1;ADGRB2;ADGRB3;ADNP;AGGF1;AGO1;AGO2;AGO4;AHI1;AJAP1;AKT3;ALOX5;AMOT;ANAPC2;ANGPT2;ANKRD27;ANKRD6;ANXA1;APCDD1;ARAP1;ARHGAP15;ARHGAP18;ARHGAP33;ARHGAP35;ARHGAP4;ARHGAP44;ARHGEF18;ARHGEF7;ARPIN;ATF2;ATP10A;ATP2B4;BAIAP2;BCL11A;BCL6;BCL9L;BCR;BMPER;BMPR1A;BMPR2;BNIP3;BRAF;BRCA1;BRSK1;BRSK2;BRWD1;BRWD3;BTBD7;BTG1;BVES;C11orf65;C3;C3AR1;C5AR1;CACNG7;CAMK2B;CAMSAP1;CAPRIN1;CAPRIN2;CAPZB;CCBE1;CCM2;CD40;CD44;CDC42;CDC42EP3;CDC42SE1;CDC42SE2;CDH2;CDH4;CDK5R1;CDKL3;CDKL5;CEACAM1;CELSR2;CELSR3;CEMIP2;CFAP410;CFDP1;CFL1;CHI3L1;CHN1;CITED2;CLASP1;CLASP2;CLDN4;CNTN2;COL4A2;CORO1A;CORO1B;CORO1C;CPNE5;CPNE9;CRK;CSF1R;CST3;CTNNB1;CTSH;CUL7;CUX1;CUX2;CX3CR1;CXCL12;CXCR4;CYBB;CYFIP1;CYRIB;CYSLTR1;DAAM1;DAB1;DAB2;DAB2IP;DACT1;DAG1;DAPK3;DBN1;DCC;DDAH1;DDHD1;DDHD2;DHX36;DIAPH1;DIP2B;DISC1;DLC1;DLG1;DLG4;DMTN;DNM1L;DNM3;DNMBP;DPYSL5;DSCAM;DTNBP1;DVL1;DVL2;DVL3;ECM1;EEF2K;EFNA5;EFNB2;EGLN1;EIF4G2;EMC10;EMILIN1;EMILIN2;EMP2;ENG;ENPP2;EPB41L3;EPHA4;EPHA7;EPHB2;EPHB3;EPN1;EPN2;EPS8;ERAP1;ERMN;ESR1;ETS1;EZR;F11R;FAM171A1;FBXW8;FERMT2;FES;FGD1;FGD2;FGD3;FGD4;FGD6;FGF13;FGF2;FGFR2;FGR;FIS1;FITM2;FLT1;FMNL1;FMNL2;FMNL3;FOXJ2;FOXP1;FRS2;FSTL4;FYN;FZD1;FZD2;FZD3;FZD6;GAB1;GAS2;GDI1;GHRL;GJA1;GLUL;GNA12;GNA13;GOLGA4;GORASP1;GPNMB;GREM1;GRIP1;GRN;GSK3B;GTF2I;HCK;HDAC6;HECW1;HECW2;HEXB;HGF;HGS;HHEX;HIF1A;HIPK1;HIPK2;HK2;HMOX1;HPN;HSPB1;HTATIP2;HUWE1;IFRD1;IL10;IL1A;IL1B;IL1RAPL1;INF2;IST1;ITGA5;ITGA7;ITGAX;ITGB1;ITGB2;ITGB3;ITGB8;ITSN2;JAG1;JAK1;JMJD8;JUP;KANK1;KIAA0319;KIF13B;KIF1A;KLF2;KNDC1;KRIT1;LARP4;LGR4;LIMD1;LIMK1;LPAR1;LRP4;LRP8;LRRC4C;LRRK2;LST1;LZTS3;MACF1;MAGED1;MAGI2;MAP1B;MAP2;MAP2K1;MAP2K2;MAP3K13;MAP6;MAPT;MARCHF5;MARK2;MCF2;MCU;MECP2;MED12;MEF2C;MEGF8;METRN;MFF;MFSD2A;MIEF1;MKLN1;MKS1;MLLT3;MOV10;MSN;MT3;MTCH2;MTDH;MUL1;MYDGF;MYH10;MYH14;MYH9;MYL12A;MYL12B;MYO10;MYO19;MYO9A;NAXE;NEDD4;NEDD4L;NEFL;NF1;NF2;NFE2L2;NGEF;NIBAN2;NIN;NINJ1;NKD1;NLGN1;NOTCH1;NPHP3;NRDC;NRP1;NSMF;NTN4;NTNG1;NTNG2;NTRK2;OBSL1;OMA1;PAFAH1B1;PAK1;PAK2;PAK3;PAK4;PALM;PALM2AKAP2;PARP6;PARVB;PAX8;PDCD10;PDCD6;PDE3B;PDGFA;PDLIM5;PDPK1;PDPN;PDZD8;PEAK3;PGAM5;PGK1;PHB2;PHIP;PHLDB1;PID1;PIK3CB;PIK3CD;PIK3CG;PIK3R6;PINK1;PKM;PKN1;PLAA;PLCG1;PLEKHO1;PLK2;PLXNA1;PLXNA2;PLXNA3;PLXNA4;PLXNB2;PLXNC1;PLXND1;PML;POGLUT1;PPARG;PPFIA2;PPP1R16B;PPP3CA;PQBP1;PRAG1;PRICKLE1;PRICKLE2;PRKCA;PRKCB;PRKD1;PRKD2;PRKDC;PRKN;PRPF40A;PSEN1;PTEN;PTK2;PTK2B;PTK7;PTPRD;PTPRM;PTPRS;PUM2;RAB21;RAC1;RACK1;RALA;RALBP1;RAP2A;RAPGEF2;RAPGEF3;RASA1;RC3H1;RDX;RECK;RELN;RGCC;RHOA;RHOB;RHOG;RHOQ;RHOU;RIMS1;RIMS2;RNF157;RNF207;RNF6;RNH1;ROBO1;ROBO2;ROCK1;ROCK2;RREB1;RSPO2;RTN4;RUFY3;RUNX1;RUNX2;RYK;SARM1;SARS1;SASH1;SDC2;SEC24B;SEMA3A;SEMA3C;SEMA3E;SEMA4A;SEMA4B;SEMA4C;SEMA4D;SEMA4F;SEMA5A;SEMA5B;SEMA6A;SEMA6B;SEMA6D;SEMA7A;SEPTIN7;SERPINE1;SERPINF1;SH3D19;SH3KBP1;SHANK3;SHROOM3;SHTN1;SIPA1L1;SIRT1;SIRT6;SKIL;SLC12A2;SLC23A2;SLC26A5;SLC39A12;SLIT1;SLIT2;SMAD1;SMURF1;SMURF2;SP1;SP100;SPAG9;SPART;SPHK1;SPIRE1;SPP1;SPRED1;SPRY1;SPRY2;SRC;SRCIN1;SRF;SS18L1;STAB1;STAT1;STAT2;STAT3;STAU2;STIM1;STK11;STK25;STRIP1;SYNE1;SYNE3;SYNGAP1;SYNJ2BP;SYT1;SYT17;SYT4;TAFA5;TANC2;TAOK2;TBC1D24;TBCCD1;TENM4;TFRC;TGFB1;TGFB2;TGFBR2;TGIF2;THBS4;THY1;TIAM1;TIAM2;TJP1;TLR3;TMBIM1;TMEM135;TMIGD2;TNFAIP3;TNFRSF11B;TNFSF12;TNFSF13B;TNIK;TNR;TPM1;TRAK1;TRIM46;TRPC5;TRPV2;TWF2;ULK1;ULK2;UNC13A;UST;VASH1;VAT1;VEGFA;VEGFB;VPS35;WARS1;WARS2;WASF3;WDPCP;WDR1;WNK1;WNT2B;WNT5A;WNT5B;XBP1;YJEFN3;YWHAH;ZDHHC15;ZDHHC6;ZFYVE27;ZMPSTE24;ZMYM3;ZMYM4;ZMYM6;ZNF135;ZNRF3;ZRANB1	ABL1;ADGRB1;AHI1;AKT3;ANGPT2;ANXA1;ARHGAP15;ARHGAP18;ARHGEF18;BAIAP2;BCL6;BNIP3;BRCA1;BTG1;C11orf65;C3;C5AR1;CD44;CDH4;CEACAM1;CELSR3;CEMIP2;CFDP1;CHI3L1;CHN1;CLASP2;CST3;CUX2;CX3CR1;CXCR4;CYSLTR1;DAAM1;DIAPH1;DNMBP;EFNA5;EGLN1;EMILIN2;EPB41L3;EPHA4;EPHB2;ERMN;ETS1;FERMT2;FGD6;FGF13;FGF2;FGR;FLT1;FMNL2;FOXP1;FSTL4;FYN;GAB1;GDI1;GHRL;GJA1;GLUL;GNA12;GNA13;GPNMB;GREM1;HECW1;HGF;HIF1A;HK2;HPN;HSPB1;IL1A;IL1B;INF2;ITGB8;KIF1A;LIMD1;LPAR1;LRRC4C;LRRK2;MAGI2;MAP2;MAPT;MLLT3;MSN;MYO10;MYO9A;NEDD4L;NIBAN2;NKD1;NLGN1;NRP1;PALM2AKAP2;PARVB;PDE3B;PDLIM5;PGK1;PID1;PLXNC1;PPARG;PPFIA2;PRICKLE2;PRKCA;PRKCB;PRKN;PTK2;PTK2B;PTPRD;PTPRM;RDX;RGCC;RIMS2;RNF157;ROBO1;RUNX1;RUNX2;SASH1;SDC2;SEMA3E;SEMA6D;SERPINE1;SHANK3;SIPA1L1;SLIT1;SMURF1;SPP1;SPRY1;STAB1;SYT1;TANC2;TENM4;TFRC;TGFB1;TGFB2;TIAM1;TIAM2;TJP1;TNFRSF11B;TNFSF13B;VEGFA;WDPCP;WNT2B
Immune::GSE21360_SECONDARY_VS_QUATERNARY_MEMORY_CD8_TCELL_UP	121	45	3.8584276535633053e-10	2.83243666386579e-07	121	45	term_score_07	ADORA3;ALAS1;AMPD3;ANK3;ARID5A;ASCC3;BASP1;BCL3;CARHSP1;CASP4;CD14;CD200;CD274;CD40;CD69;CFLAR;CHD7;CLIC4;CPEB2;CSF3R;CYTH3;DMXL2;DTX2;DUSP1;DUSP16;EBI3;ELL2;EML2;FAS;FMNL2;FNDC3A;FOXP1;FPR1;FTH1;FURIN;GAB1;GADD45B;GCNT2;GFOD1;GLIPR2;GNA13;GREM1;GYS1;HIF1A;HIVEP2;HK2;HTRA4;IER5;IKBKE;IL10;IL15RA;IL1A;IL1B;INPP5B;IRAK3;KRT10;KTN1;MALT1;MAP3K8;MCOLN2;MFHAS1;MT2A;MX1;MX2;MXD1;NDRG1;NFKB1;NFKB2;NFKBIA;NFKBIB;NFKBIZ;NRG1;NUPR1;OPTN;OXSR1;PDE4B;PDPN;PFKFB3;PICALM;PIK3R5;PIM1;PLEK;PPME1;PROCR;PVR;RAP1B;RAPGEF2;RASAL2;RIN2;RIOK3;RIPK2;RNF149;RSAD2;S100A9;SAMSN1;SBNO2;SIPA1L1;SLC13A3;SLC15A3;SLC25A37;SLC2A1;SLC39A14;SLC7A11;SLCO3A1;SMOX;SOCS3;SOD2;STK40;STX11;STX6;TARS1;TCIRG1;TET2;TNFAIP2;TNFAIP3;TNFRSF1B;TNIP1;TREM1;TTC39C;WDFY1;ZFP36	CD69;CLIC4;DUSP16;ELL2;FMNL2;FNDC3A;FOXP1;FTH1;GAB1;GADD45B;GCNT2;GFOD1;GNA13;GREM1;GYS1;HIF1A;HIVEP2;HK2;IER5;IL1A;IL1B;IRAK3;MALT1;MAP3K8;MX2;NDRG1;NUPR1;OPTN;PDE4B;PLEK;PPME1;PROCR;RIPK2;S100A9;SAMSN1;SIPA1L1;SLC25A37;SLC2A1;SLC7A11;SLCO3A1;SOCS3;SOD2;STX11;TNFRSF1B;TREM1
GO_BP::GOBP_MUSCLE_SYSTEM_PROCESS	242	72	4.745522297030504e-10	2.947699426809332e-07	242	72	term_score_08	ABAT;ABCC8;ACTA2;ADCY10;ADORA1;ADRA1A;ADRB2;AKAP6;AKAP9;ANK2;ANXA6;APBB1;APBB2;ARG2;ARHGAP42;ARHGEF11;ASB3;ASPH;ATP1A1;ATP1A2;ATP1B1;ATP2A2;ATP2B1;ATP2B4;ATP8A2;BBS2;BECN1;BIN1;C12orf57;CACNA1C;CACNA1D;CACNA2D1;CACNB1;CACNB2;CALD1;CALM1;CALM2;CALM3;CAMK2B;CAMK2D;CAMK2G;CAMTA2;CERT1;CFLAR;CHGA;CHRM2;CHRM3;CHRNE;CHUK;CKMT2;CLIC2;CRYAB;CTDP1;CTNNA3;CTTN;CXCR4;CYBA;DAG1;DAPK3;DLG1;DMD;DMPK;DOCK4;DOCK5;DSC2;DTNA;EHD3;EMD;ENO1;EZH2;FBXO32;FGF12;FGF13;FLNA;FOXO1;FOXO3;FOXP1;FXYD1;G6PD;GAA;GAMT;GATM;GHRL;GJA1;GLRX3;GNAO1;GPD1L;GRK2;GSK3A;GSN;GSTM2;GSTO1;GTF2IRD1;GUCY1A1;HDAC2;HDAC4;HMOX1;HOMER1;HSP90AA1;HTR2A;HTR2B;HTR7;IGF1;IL1B;IL6ST;INPP5F;JARID2;JUP;KCNB2;KCND2;KCND3;KCNE1;KCNE3;KCNIP2;KCNJ2;KCNJ3;KCNJ5;KCNMA1;KCNN2;KCNQ1;KDM4A;LARGE1;LMNA;LTB4R;MAP2K3;MAP2K4;MAP2K6;MEF2A;MEIS1;MIR17HG;MKKS;MLIP;MTOR;MTPN;MYH11;MYH14;MYL6;MYL6B;MYOF;MYOM2;NEDD4L;NFATC1;NOS1AP;NOTCH1;NR4A1;NR4A3;NUP155;ORMDL3;P2RX1;P2RX4;PABPN1;PAK2;PARP1;PARP2;PDE4B;PDE4D;PDE5A;PDE9A;PDLIM5;PIK3C2A;PIK3CA;PIK3CG;PLCE1;PPARA;PPARG;PPP1R12B;PPP1R13L;PPP3CA;PRKACA;PRKCA;PRKD1;PRKG1;PTAFR;RANGRF;RAP1GDS1;RCSD1;RGS2;RGS4;RHOA;RNF207;ROCK1;ROCK2;RPS6KB1;RYR1;RYR2;RYR3;SCN1A;SCN1B;SCN3B;SCO2;SELENON;SETD3;SGCD;SLC6A8;SLC8A1;SLC8A3;SLC9A1;SLMAP;SMAD3;SMAD4;SMAD5;SMAD7;SNTA1;SNTB1;SOD1;SORBS2;SPHK1;SRF;SRI;SSPN;SSTR2;STAC3;SULF2;SUMO1;SYNM;TACR1;TIAM1;TMEM38A;TMEM38B;TMOD1;TMOD2;TMOD3;TNFRSF1A;TNFRSF1B;TNNI3K;TOMM70;TPCN2;TPM1;TPM2;TPM3;TPM4;TRPM4;TRPV1;TRPV4;TTN;TWF1;UCN;UTRN;VEGFB;VPS54;YY1;ZDHHC21	ABAT;ANK2;APBB2;ARHGAP42;ATP8A2;BIN1;CACNA1C;CACNA1D;CACNA2D1;CALD1;CALM3;CLIC2;CRYAB;CTNNA3;CXCR4;DOCK5;DTNA;ENO1;EZH2;FBXO32;FGF12;FGF13;FLNA;FOXO1;FOXO3;FOXP1;G6PD;GHRL;GJA1;GTF2IRD1;HDAC4;HOMER1;HSP90AA1;HTR2B;HTR7;IGF1;IL1B;JARID2;KCND2;KCND3;KCNE1;KCNMA1;MAP2K6;MEIS1;MLIP;NEDD4L;NOS1AP;NR4A1;NR4A3;PDE4B;PDE4D;PDE5A;PDLIM5;PPARG;PRKCA;PRKG1;RYR2;RYR3;SLC6A8;SLC8A1;SMAD3;SORBS2;SSPN;SSTR2;SULF2;TIAM1;TMEM38B;TNFRSF1B;TPM2;TTN;UCN;UTRN
Immune::HOWARD_PBMC_INACT_MONOV_INFLUENZA_A_INDONESIA_05_2005_H5N1_AGE_19_39YO_AS03_ADJUVANT_VS_BUFFER_1DY_UP	282	79	1.583930617910032e-09	7.993899837264692e-07	282	79	term_score_09	ACP3;ACSL1;ADAM9;ADAMTSL4;ADAP2;ADPRH;AIF1;AIM2;AK4;ALDH1A1;ANKRD22;ANO5;APOL1;APOL2;APOL3;APOL6;ASAP2;ATF3;ATF5;ATP6V1B2;BACH1;BATF3;BCL2A1;BCL3;BCL6;BEST1;BLVRA;C1QA;C1QB;C2;C3AR1;CALHM6;CARD16;CASP1;CASP5;CASP7;CCDC149;CCR1;CD14;CD274;CDCP1;CDKN1A;CHST15;CLEC5A;CMPK2;CREB5;CRISPLD2;CTSB;CTSL;CTSS;CXCL16;CYP1B1-AS1;CYP27A1;DDO;DDX60;DHRS9;DMXL2;DOCK4;DPYD;DRAM1;DSC2;DSE;DTX3L;DUSP1;DUSP3;DUSP6;DYSF;EMILIN2;EPB41L3;EPSTI1;EXT1;FAM110B;FAM151B;FAM20A;FAM20C;FAM241A;FAM72A;FBXO6;FCAR;FCER1G;FCGR1A;FCGR2A;FGD4;FGL2;FOS;FPR1;FPR2;FRMD3;GASK1B;GBP1;GBP2;GBP3;GBP4;GBP5;GCA;GCH1;GLT1D1;GLUL;GM2A;GNB4;GNG10;GPR84;GPRC5C;GRINA;H2BC18;HCK;HERC5;HLX;HORMAD1;HSPA6;ICAM1;IFI30;IFI35;IFI44;IFI44L;IFI6;IFIH1;IFIT1;IFIT2;IFIT3;IFITM3;IFNGR2;IGSF6;IL15;IL15RA;IL1B;IL4I1;IRAG1;IRF1;IRF7;ITPRIPL2;JAK2;KCNJ2;KCTD12;KREMEN1;KYNU;LACTB;LAP3;LHFPL2;LILRA1;LILRA6;LILRB1;LILRB2;LILRB3;LILRB4;LILRB5;LMNB1;LMO2;LPCAT2;LRRC4;LRRK2;LTBR;LYN;LYZ;MAFB;MARCKS;MCTP1;MEGF9;MIR22HG;MNDA;MPEG1;MS4A4A;MSR1;MT2A;MTHFD2;MX1;MYOF;NAMPT;NCF1;NECTIN2;NEXN;NFAM1;NFIX;NHSL1;NLRC4;NLRP3;NMI;NOD2;NPC2;OAS1;OAS2;OAS3;ODF3B;P2RX7;P2RY12;P2RY13;PARP14;PARP9;PFKFB3;PLA2G4A;PLA2G7;PLBD1;PLEKHO1;PLSCR1;PLXDC2;PLXNC1;PRRG4;PSMA4;PSMB9;PSME2;PSTPIP2;RAB20;RAB31;RAB39A;RASGEF1B;RBM47;RGS1;RNF217;RSAD2;S100A8;S100A9;SAMD4A;SAMD9L;SBNO2;SCARB2;SCARF1;SCIMP;SCO2;SDC3;SDSL;SECTM1;SEMA6B;SEPTIN4;SERPINA1;SERPING1;SH3PXD2B;SHTN1;SIGLEC1;SIGLEC11;SLAMF8;SLC1A3;SLC24A4;SLC31A1;SLC31A2;SLC49A3;SLC8A1;SMAD1;SMCO4;SNX10;SOCS3;SOD2;SORT1;SQOR;SRC;SRGN;STAT1;STAT2;STK32B;STX11;TAP1;TDRD6;TFEC;TLR1;TLR2;TLR4;TMEM106A;TMEM150B;TMEM176A;TMEM176B;TMEM51;TMTC1;TNFAIP2;TNFSF10;TNFSF13B;TRAFD1;TREM1;TRIB1;TRPV4;TYMP;UBE2D1;UBE2L6;VAMP5;VCAN;VRK2;WARS1;WDFY3;WDFY3-AS2;XAF1;XKR8;ZEB2-AS1;ZMYND15;ZNF703	ACSL1;AIF1;AIM2;AK4;ALDH1A1;ATF3;ATF5;BACH1;BCL2A1;BCL6;C1QA;C1QB;CDCP1;CHST15;CLEC5A;CTSB;CYP1B1-AS1;DHRS9;DPYD;DRAM1;EMILIN2;EPB41L3;EPSTI1;FAM110B;FAM20C;FOS;FRMD3;GASK1B;GBP2;GBP5;GLT1D1;GLUL;GPRC5C;H2BC18;IFI44L;IFIT1;IFIT2;IFIT3;IFITM3;IL15;IL1B;IL4I1;LILRB3;LILRB5;LRRK2;LYZ;MCTP1;MEGF9;MS4A4A;MSR1;NAMPT;NFIX;NHSL1;NLRP3;P2RY12;PLXNC1;PSTPIP2;RAB39A;RASGEF1B;RBM47;RGS1;S100A8;S100A9;SAMD4A;SH3PXD2B;SIGLEC1;SLC1A3;SLC8A1;SOCS3;SOD2;SRGN;STX11;TLR2;TMEM51;TNFSF13B;TREM1;TYMP;VCAN;XAF1
GO_BP::GOBP_CIRCULATORY_SYSTEM_PROCESS	326	87	3.2565015001859474e-09	1.4609027563334181e-06	326	87	term_score_10	ABAT;ABCA2;ABCC1;ABCC2;ABCC3;ABCC4;ABCC5;ABCC8;ABCG2;ABL1;ACTA2;ADCY10;ADCY6;ADD3;ADH5;ADORA1;ADORA3;ADRA1A;ADRB1;ADRB2;AGER;AGTRAP;AKAP12;AKAP13;AKAP9;ANK2;APOE;ARHGAP35;ARHGAP42;ASB3;ASIC2;ATG5;ATP1A1;ATP1A2;ATP1A3;ATP1B1;ATP1B2;ATP2A2;ATP2A3;ATP2B1;ATP2B2;ATP2B4;ATP6AP2;ATP8A1;BBS2;BBS4;BCR;BIN1;BMPR2;BVES;C3AR1;CACNA1C;CACNA1D;CACNA2D1;CACNB2;CALM1;CALM2;CALM3;CAMK2D;CDC42;CEACAM1;CELF2;CHD7;CHGA;CHRM2;CHRM3;CLIC2;CNR1;CORO2B;CTNNA3;CTNNBIP1;CTSZ;CXADR;CXCL12;CXCR4;CYB5R3;CYSLTR1;DDAH1;DLG1;DMD;DMPK;DNM1L;DOCK4;DOCK5;DSC2;E2F4;ECE1;EHD3;EMILIN1;EMILIN2;EMP2;EPAS1;ERAP1;ERAP2;EXT1;EXT2;F2RL1;FAAH;FABP5;FERMT2;FGF12;FGF13;FLI1;FLNA;FXYD1;FYN;GAA;GAS6;GCH1;GCLC;GCLM;GHRL;GJA1;GLRX3;GNA11;GNA12;GNA13;GNAI2;GPD1L;GRK2;GSK3A;GSN;GSTM2;GSTO1;GUCY1A1;GUCY1B1;HEG1;HOPX;HRH1;HRH2;HSP90AA1;HTR2A;HTR2B;HTR7;ID2;IER3;IMMP2L;INSR;ITGB1BP1;JUP;KAT2B;KCND2;KCND3;KCNE1;KCNE3;KCNG2;KCNIP2;KCNJ2;KCNJ3;KCNJ5;KCNK6;KCNMA1;KCNMB1;KCNMB2;KCNMB4;KCNN2;KCNQ1;KLF2;LEPR;LNPEP;LRP1;LRP3;MAP2K3;MAP2K6;MDM2;MECP2;MEF2A;MFSD2A;MKKS;MMP2;MTOR;MYOF;NAV2;NCALD;NDST2;NEDD4L;NOS1AP;NPR2;NPY1R;NUP155;OCLN;OLR1;OPRL1;P2RX1;P2RX4;PCSK5;PDE2A;PDE3A;PDE4B;PDE4D;PDE5A;PDGFB;PER2;PIK3C2A;PIK3CA;PIK3CG;PLCB3;PLEC;PLOD3;PLVAP;PPARA;PPARG;PPCS;PPP1R13L;PRCP;PRKACA;PRKG1;PTAFR;PTGS1;PTPRJ;PTPRO;RANGRF;RAP1GDS1;RENBP;RGS2;RGS4;RHOA;RNF207;RNLS;ROCK1;ROCK2;RPS6KA2;RYR2;SCN1A;SCN1B;SCN3B;SCNN1D;SCPEP1;SERPINF2;SERPING1;SGCD;SGCZ;SGK1;SH3GL2;SLC12A2;SLC13A3;SLC15A2;SLC16A1;SLC16A7;SLC19A1;SLC1A1;SLC1A2;SLC1A3;SLC1A4;SLC1A5;SLC22A1;SLC22A5;SLC24A3;SLC27A1;SLC27A4;SLC29A1;SLC2A1;SLC2A10;SLC2A13;SLC2A3;SLC2A5;SLC38A1;SLC38A2;SLC44A1;SLC4A4;SLC4A5;SLC4A8;SLC5A3;SLC5A6;SLC6A1;SLC6A17;SLC6A6;SLC7A1;SLC7A5;SLC7A8;SLC8A1;SLC8A2;SLC8A3;SLC9A1;SLCO2B1;SLCO3A1;SLIT2;SMAD3;SMAD5;SMAD7;SNTA1;SNX5;SOD1;SOD2;SPTBN4;SRC;SREBF1;SRI;STAT1;STK39;SUMO1;SVEP1;TACR1;TBC1D8;TBXAS1;TFRC;TGFB1;TGFB2;THRA;THRB;TJP1;TJP2;TMEM161B;TMEM38A;TMEM38B;TMEM65;TMIGD3;TNNI3K;TPM1;TRPC1;TRPM4;TRPV1;TRPV4;TTN;UCN;VEGFA;VEGFB;VSTM4;WNK1;WWTR1;YES1;YWHAE;ZDHHC21;ZEB2;ZMPSTE24;ZNHIT1	ABAT;ABCC3;ABCC4;ABCG2;ABL1;ADD3;ANK2;APOE;ARHGAP42;ATP8A1;BIN1;CACNA1C;CACNA1D;CACNA2D1;CALM3;CEACAM1;CLIC2;CTNNA3;CXADR;CXCR4;CYSLTR1;DOCK5;EMILIN2;EPAS1;FERMT2;FGF12;FGF13;FLNA;FYN;GCLC;GCLM;GHRL;GJA1;GNA12;GNA13;HRH1;HSP90AA1;HTR2B;HTR7;IMMP2L;INSR;KCND2;KCND3;KCNE1;KCNMA1;KCNMB1;KCNMB2;KCNMB4;MAP2K6;NAV2;NEDD4L;NOS1AP;OLR1;PCSK5;PDE4B;PDE4D;PDE5A;PDGFB;PPARG;PRKG1;RNLS;RYR2;SGCZ;SGK1;SLC1A3;SLC2A1;SLC2A13;SLC2A3;SLC2A5;SLC4A8;SLC7A1;SLC8A1;SLCO3A1;SMAD3;SOD2;SPTBN4;TFRC;TGFB1;TGFB2;THRB;TJP1;TMEM38B;TMEM65;TRPC1;TTN;UCN;VEGFA
Immune::GSE22886_NAIVE_CD8_TCELL_VS_NEUTROPHIL_DN	120	43	3.5652511816989485e-09	1.5152317522220532e-06	120	43	term_score_11	ABCB9;ACSL1;ADAM28;ALOX5;APBA1;APH1B;ARPC5;BASP1;BCL2A1;BRCA1;C5AR1;C5AR2;CCDC170;CD33;CD4;CEBPB;CEBPD;CFTR;CHEK2;CLEC7A;COQ8B;CSF2RB;CTSS;CYB5R4;CYBB;DGKG;DHRS9;DRAM1;ECHDC3;EPHB1;ESR2;FAS;FGL2;FPR1;FRAS1;FTH1;FUT9;GALNT14;GCA;GLUL;GNG10;GRIK3;H2AC6;H4C8;HLA-C;HSPA6;HTRA1;IL1B;IL3RA;INSR;KCNJ2;LAMB2;LITAF;LST1;LY96;LYN;MAP2;MNDA;MPPE1;MPZL1;MYCBP;NAMPT;NCF2;NCOA4;NFASC;NPL;NRN1;NUP214;PART1;PDK3;PDK4;PHC2;PRDM5;PRKCE;PRUNE2;PTGS1;RAB20;RAB32;RAB5IF;RGS2;RGS4;RNF130;RORB;RPGRIP1;RUBCNL;S100A9;SAMD4B;SASH1;SAT1;SCG2;SDC2;SDCBP;SERHL2;SERPINA1;SKAP2;SLC16A3;SLC31A1;SLC7A11;SOCS7;SOD2;SRGN;ST20;ST8SIA5;STMN2;STX3;TALDO1;TGFA;TLR6;TNFRSF10C;TNFSF10;TOR4A;TREM1;TUB;TUBA1A;TYROBP;UNC13B;VNN2;ZCCHC24;ZNF185;ZNF460	ACSL1;ADAM28;APBA1;BCL2A1;BRCA1;C5AR1;CCDC170;CEBPB;CEBPD;CFTR;DHRS9;DRAM1;FTH1;FUT9;GLUL;H2AC6;IL1B;INSR;LY96;MAP2;NAMPT;NFASC;NPL;NRN1;PDK4;PRDM5;PRKCE;PRUNE2;RORB;S100A9;SASH1;SAT1;SDC2;SDCBP;SLC7A11;SOD2;SRGN;STMN2;TGFA;TREM1;TUB;TUBA1A;UNC13B
Immune::GSE40274_FOXP3_VS_FOXP3_AND_SATB1_TRANSDUCED_ACTIVATED_CD4_TCELL_UP	59	27	6.992325808736821e-09	2.823151545277491e-06	59	27	term_score_12	ACTL6B;ADAMTS3;APC2;C11orf87;C1QA;C1QC;CCDC18;CDK18;CDKN2A;CIT;COLEC12;COQ10B;CUL7;CX3CR1;DISP2;DIXDC1;EEF1G;ENTPD1;FGF12;FGR;GCDH;GPNMB;HMGN2;HOMER2;ID2;KCNC4;KCNE1;KCNG2;KCNH8;LPCAT1;MAPK13;MARCHF3;MCUB;MFSD4B;NEBL;NHS;NIBAN2;NPL;OGFRL1;P2RX7;PCDH12;PHACTR2;PRKAR2B;RANBP3L;RNF144A;SDC2;SEMA5A;SGO2;SLC16A3;SLC40A1;SNCB;SPACA6;SYNPO;TAGLN3;THSD7A;TLL1;TNS1;XIST;ZBTB16	ADAMTS3;C1QA;C1QC;CCDC18;CDK18;COLEC12;CX3CR1;DIXDC1;FGF12;FGR;GPNMB;KCNE1;MAPK13;MARCHF3;MFSD4B;NEBL;NIBAN2;NPL;OGFRL1;RANBP3L;RNF144A;SDC2;SYNPO;TLL1;TNS1;XIST;ZBTB16
Immune::GSE30971_CTRL_VS_LPS_STIM_MACROPHAGE_WBP7_KO_4H_UP	141	47	9.976944607030858e-09	3.836372747703532e-06	141	47	term_score_13	ABCA1;ACSL5;ACVR1B;ADAM19;ADGRE1;AGFG1;AGO2;AGPAT4;AKT3;ANKRD33B;ARHGAP24;ASAP2;ATF7IP;AZIN1;BAALC;BASP1;BATF;BCAT1;BCL2A1;BMT2;CCDC93;CD274;CDC42EP3;CEMIP;CHM;CISH;CNKSR3;CPM;CRACD;CTSL;EHD1;EIF1B;ELL2;ENPP4;ETS2;EZH2;FERMT2;FLT1;FPR2;FSD1L;GADD45B;GFPT2;GK;GK5;GNG2;GPR137B;GRAMD1A;GRAMD2B;HDAC9;HRH1;IER3;IER5;IL10;IL1A;IRAK3;ITGB8;KANK1;KBTBD2;KCNJ2;LCOR;LIMK2;LRIG1;MAML2;MAP3K20;MAP3K4;MAP3K5;MAP7;MCOLN2;MFSD2A;MIR155HG;MIR9-1HG;MPZL1;MRPL52;MSANTD3;MTF1;MTHFS;MYO10;NEDD4L;NFAT5;NFKBIA;NPC1;NUP58;OSBPL8;OSGIN2;OTUD1;PAPSS2;PDE8A;PDSS1;PFKFB3;PIK3AP1;PIM1;PLAC8;PLAGL2;PLAT;PLD1;PLGRKT;PNPLA8;PPP1R3B;PTEN;RASSF8;RBM17;RFTN1;RGS16;SAMD8;SAV1;SCARF1;SEC24B;SERPINB1;SERPINB9P1;SGPP2;SLC11A2;SLC16A10;SLC1A2;SLC25A37;SLC2A3;SLC7A7;SMPDL3A;SMS;SOCS3;STAT3;STAT4;STK26;SVIL;TAB3;TBC1D30;TBC1D9;TGFA;TMEFF1;TMEM39A;TNFRSF1B;TP53BP2;TRAF3IP2;TRIM36;TRIP10;UBE2B;UPP1;USP12;WTAP;YRDC;ZBTB10;ZBTB43	ABCA1;AGFG1;AGPAT4;AKT3;BCAT1;BCL2A1;CEMIP;CPM;ELL2;ETS2;EZH2;FERMT2;FLT1;GADD45B;GK;HRH1;IER5;IL1A;IRAK3;ITGB8;LIMK2;LRIG1;MAML2;MAP3K20;MIR155HG;MTHFS;MYO10;NEDD4L;OSBPL8;OTUD1;PAPSS2;PDE8A;PLAC8;PLAT;PLD1;PLGRKT;RASSF8;RGS16;SLC16A10;SLC25A37;SLC2A3;SOCS3;SVIL;TBC1D30;TGFA;TNFRSF1B;TRIM36
GO_BP::GOBP_POSITIVE_REGULATION_OF_MULTICELLULAR_ORGANISMAL_PROCESS	1023	211	1.1212509209658167e-08	4.115500539454078e-06	1023	211	term_score_14	ABAT;ABCA1;ABCA7;ABCC8;ABL1;ABL2;ACACB;ACIN1;ACSL1;ACTA2;ACTB;ACTL6A;ACTL6B;ACVR1;ACVR1B;ACVR2A;ACVR2B;ADAM17;ADCY10;ADD3;ADGRB1;ADGRB3;ADGRV1;ADIPOR1;ADIPOR2;ADNP;ADRA1A;ADRB1;ADRB2;AGER;AGGF1;AGO2;AGPAT1;AGPAT2;AIF1;AIM2;AKAP12;AKAP6;AKIRIN2;AKT1;AKT3;ALMS1;ALOX15B;ALOX5;AMBRA1;AMOT;ANAPC2;ANGPT2;ANKRD27;ANO6;ANXA1;ANXA2;AP1G1;AP3B1;AP3D1;APC;APOC2;APOE;APP;APPL1;APPL2;ARFGEF2;ARHGEF2;ARID1A;ARID1B;ARID2;ARID4A;ARID4B;ARID5A;ARNT;ARRB2;ARRDC4;ASIC2;ATAD5;ATF2;ATF4;ATG5;ATP1A1;ATP1A2;ATP2A2;ATP2B1;ATP6AP2;ATP8A2;ATPSCKMT;ATRAID;AXL;B2M;B4GALT5;BAD;BAIAP2;BASP1;BATF;BBS2;BBS4;BCL10;BCL2;BCL3;BCL6;BCL7A;BCL7B;BCL7C;BCL9L;BECN1;BICRA;BICRAL;BIN1;BLOC1S6;BMI1;BMP1;BMPER;BMPR1A;BMPR1B;BMPR2;BRAF;BRCA1;BRD7;BRD9;BRMS1;BRMS1L;BSCL2;BTG1;BTK;BTN2A2;BTN3A1;BTN3A2;C1QBP;C1QTNF3;C1QTNF4;C3;C3AR1;C5;C5AR1;CACNB1;CADM1;CAMK2B;CAMK2D;CAMK4;CAPN3;CAPRIN1;CAPRIN2;CARD11;CARD8;CARD9;CASP1;CASP8;CBFB;CBLB;CBLN2;CCBE1;CCDC88B;CCND1;CCR1;CD14;CD200;CD226;CD274;CD276;CD4;CD40;CD46;CD47;CD55;CD58;CD74;CD81;CD83;CD84;CD86;CDH4;CDKL3;CDKL5;CDKN1A;CDON;CEBPA;CEBPB;CEBPG;CFAP20;CFL1;CGAS;CHD7;CHGA;CHI3L1;CHRM3;CHUK;CIB1;CITED2;CLEC5A;CLEC7A;CLEC9A;CLNK;CLSTN1;CLSTN2;CLSTN3;CLU;CMKLR1;CNOT3;CNR1;CORO1A;CPT2;CR1;CREB1;CSF1R;CSK;CTNNB1;CTNNBIP1;CTSC;CTSH;CTTN;CUL7;CUX1;CUX2;CX3CL1;CX3CR1;CXCL12;CXCR4;CYBA;CYBB;CYFIP1;CYP19A1;CYRIB;CYSLTR1;DAB2;DAG1;DBN1;DDAH1;DDIT3;DDT;DDX1;DDX21;DDX3X;DECR1;DEF8;DENND1B;DHPS;DHX33;DHX36;DHX37;DHX58;DHX9;DICER1;DISC1;DLG5;DMTN;DNAJA3;DOCK8;DPF2;DSCAM;DUSP10;DYNC1H1;EBI3;ECM1;EEF2K;EFNA5;EFNB1;EFNB2;EHMT1;EIF2AK2;EIF2AK3;EIF4G2;ELOVL6;EMC10;EMILIN1;EMILIN2;EMP2;ENG;ENO1;ENPP4;EPAS1;EPHA4;EPHB1;EPHB2;EPHB3;ERAP1;ERBB4;ESRRB;ESRRG;ETS1;ETV5;EVI2B;EXOSC3;EXOSC6;EZH2;EZR;F2RL1;FAAH;FABP5;FAIM;FAM20C;FBN2;FBXW8;FCER1G;FCGR3A;FCHO1;FERMT2;FES;FFAR4;FGF2;FGFR2;FGR;FH;FLNA;FLOT1;FLOT2;FLRT2;FLT1;FOS;FOXG1;FOXO3;FOXP1;FRMD8;FRS2;FYN;FZD3;G3BP1;GAB1;GAB2;GAPDH;GAS6;GATM;GBP5;GCH1;GCNT2;GDI1;GFAP;GHR;GHRL;GJA1;GLIPR2;GLMN;GNAS;GOLGA4;GP1BB;GPAM;GPLD1;GPM6B;GPR183;GPRC5B;GPSM3;GRB10;GREM1;GRID2;GRM5;GRN;GSDMD;GSK3A;GSTO1;HADH;HAMP;HAVCR1;HAVCR2;HAX1;HCLS1;HDAC1;HDAC2;HDAC3;HDAC6;HEG1;HGF;HIF1A;HILPDA;HIPK1;HIPK2;HK1;HK2;HLA-A;HLA-DMA;HLA-DMB;HLA-DOA;HLA-DPA1;HLA-DPB1;HLA-DQA1;HLA-DQB1;HLA-DRA;HLA-DRB1;HLA-DRB5;HLA-E;HLA-F;HLX;HMCES;HMGB1;HMGB2;HMOX1;HPSE;HRAS;HRH1;HRH2;HSF1;HSP90AA1;HSPA1A;HSPA1B;HSPB1;HSPD1;HSPH1;HTR2A;HTR2B;HYAL2;ICOSLG;ID2;IFI16;IFIH1;IFNGR1;IGF1;IGF1R;IKBKE;IL10;IL12RB1;IL12RB2;IL15;IL15RA;IL16;IL17RA;IL17RC;IL18;IL18R1;IL1A;IL1B;IL1RAP;IL1RAPL1;IL20RB;IL27RA;IL4I1;IL4R;IL6R;IL6ST;IL7;ING1;ING2;INPP5D;INPP5K;IRAK1;IRAK3;IRF1;IRF3;IRF5;IRF7;IRF8;IRS2;IST1;ITCH;ITGA5;ITGAM;ITGAX;ITGB1;ITGB2;ITGB3;ITGB8;ITPKB;JAG1;JAK1;JAK2;JMJD8;JUP;KARS1;KAT2A;KAT5;KCNQ1;KCNQ1OT1;KDM1A;KDM2B;KDM3A;KDM5B;KDM6B;KITLG;KLF10;KLHL25;KMT5B;KMT5C;KPNA6;KRAS;KSR2;LACC1;LAMP1;LAMTOR5;LAPTM5;LBH;LDLRAP1;LEPR;LETMD1;LGALS1;LGALS3;LGALS9;LGR4;LIG4;LILRA2;LILRB1;LILRB2;LILRB4;LIMK1;LINGO2;LIPG;LOXL2;LPCAT3;LPIN1;LPL;LRP1;LRP8;LRPAP1;LRRC4B;LRRK2;LRRN1;LRRN3;LRRTM2;LRRTM3;LTBP3;LURAP1;LY96;LYN;MACF1;MACROH2A1;MACROH2A2;MAGED1;MALT1;MAN2A1;MAP1B;MAP2K1;MAP2K2;MAP3K13;MAP3K7;MAP3K8;MAP6;MAPK11;MAPK13;MAPK14;MAPK9;MAPKAPK2;MAPT;MAVS;MBP;MCOLN2;MECP2;MED1;MEF2A;MEF2C;MEGF8;METRN;MFN2;MIF;MIR17HG;MKKS;MLH1;MMP14;MRTFB;MSH2;MTDH;MTOR;MTPN;MYC;MYD88;MYDGF;NAIP;NAP1L1;NCAN;NCK1;NCK2;NCKAP1L;NCMAP;NCOA1;NCOA2;NCOA3;NECTIN2;NEDD9;NEFL;NELL1;NEURL1;NFAM1;NFATC2;NFE2L2;NFKBID;NFKBIZ;NIBAN2;NIN;NINJ1;NIPBL;NKAP;NLGN1;NLGN2;NLGN3;NLRC4;NLRP1;NLRP3;NME2;NOD1;NOD2;NOTCH1;NOTCH2;NPAS2;NPTN;NR1H2;NR2C2;NR4A3;NRDC;NRP1;NRXN1;NSD2;NTRK2;NUMA1;NUMB;NUMBL;OAS1;OAS2;OAS3;OBSL1;OGT;OLFM1;OMA1;OPRM1;OVOL2;P2RX7;PAFAH1B1;PAK4;PANX1;PARD3;PARK7;PARP1;PARP2;PARP6;PAX8;PAXIP1;PBRM1;PCID2;PDCD1LG2;PDCD6;PDE4B;PDE4D;PDE5A;PDE9A;PDGFB;PDGFC;PDPK1;PDPN;PELI1;PEMT;PER2;PEX5;PHF10;PIBF1;PIK3CA;PIK3CD;PIK3CG;PIK3R1;PIK3R6;PIM1;PKDCC;PKM;PLA2G4A;PLA2R1;PLAAT4;PLAC8;PLAG1;PLAT;PLAU;PLCB1;PLCG1;PLCG2;PLEK;PLEKHM1;PLPP6;PLS1;PLXNA1;PLXNA2;PLXNA3;PLXNA4;PLXNB2;PLXNC1;PLXND1;PMS2;PNP;POLR3A;POLR3B;POLR3C;POLR3D;POLR3F;POLR3G;POU2F2;PPARG;PPARGC1A;PPARGC1B;PPIB;PPP1CC;PPP2R3C;PPP3CA;PQBP1;PRDX2;PRKAA1;PRKAB1;PRKAB2;PRKAR1B;PRKCA;PRKCB;PRKCE;PRKCH;PRKCI;PRKCQ;PRKCZ;PRKD1;PRKD2;PRKDC;PRMT5;PROX1;PSEN1;PTAFR;PTGER4;PTH2R;PTK2;PTK2B;PTN;PTPN11;PTPN22;PTPN6;PTPRC;PTPRD;PTPRJ;PTPRZ1;PYCARD;RAB1A;RAB21;RAB2B;RAB8B;RACK1;RAD21;RAPGEF3;RASAL3;RASGRP1;RB1;RBBP4;RBBP7;RBM19;RBM47;RBPJ;RELA;RELN;REST;RFTN1;RFX3;RGCC;RGS14;RGS2;RGS4;RHEB;RHOA;RHOB;RHOH;RIF1;RIMS1;RIMS2;RIOK3;RIPK1;RIPK2;RNF10;RNF135;ROBO1;ROBO2;ROCK1;ROCK2;ROR2;RORA;RPS19;RPS3;RPS6KA1;RPTOR;RREB1;RSAD2;RTN4;RUFY3;RUNX1;RUNX2;RUNX3;RXRA;RXRB;RYR2;S100A13;SAP130;SAP30;SAP30L;SART1;SASH1;SASH3;SCAMP5;SCD;SCIMP;SCN3B;SCRIB;SDCBP;SELENOK;SEMA4A;SEMA4D;SEMA5A;SEMA7A;SERP1;SERPINE1;SERPINE2;SERPINF1;SERPINF2;SETD2;SETD4;SFXN5;SGIP1;SH3KBP1;SHANK3;SHB;SHLD1;SHLD2;SHTN1;SIN3A;SINHCAF;SIRPA;SIRPB1;SIRT1;SIRT6;SKIL;SLAMF6;SLC11A1;SLC1A1;SLC20A2;SLC22A5;SLC27A1;SLC39A10;SLC39A12;SLC7A1;SLC7A5;SLC8A1;SLC9A1;SLC9B2;SLIT2;SLITRK4;SLITRK5;SMAD1;SMAD2;SMAD3;SMAD4;SMAD7;SMARCA2;SMARCA4;SMARCB1;SMARCC1;SMARCC2;SMARCD1;SMARCD2;SMARCD3;SMARCE1;SMURF1;SMURF2;SNW1;SNX4;SOCS5;SOD1;SORL1;SOX12;SOX4;SOX5;SOX6;SP1;SPEN;SPHK1;SPHK2;SPI1;SPINT1;SPN;SPON2;SPP1;SPRY1;SPTBN1;SPTBN4;SRC;SRF;SRRT;SS18;SS18L1;ST3GAL4;STAT1;STAT3;STAT5B;STAT6;STAU2;STIM1;STING1;STK11;STK25;STMP1;STOML2;STX4;STXBP1;SUDS3;SULF2;SYK;SYNDIG1;TACR1;TANK;TAPT1;TBC1D24;TBK1;TBXAS1;TCF7L2;TENM4;TENT5A;TESC;TESPA1;TET1;TF;TFRC;TGFB1;TGFB2;TGFBR1;TGFBR2;TGFBR3;THBD;THRA;THY1;TIAM1;TIAM2;TICAM1;TICAM2;TIRAP;TJP1;TLR1;TLR2;TLR3;TLR4;TLR5;TLR6;TLR7;TLR8;TMBIM1;TMED10;TMEM106A;TMEM119;TMEM64;TMF1;TMIGD2;TNFRSF11A;TNFRSF13C;TNFRSF14;TNFRSF1B;TNFSF12;TNFSF13;TNFSF13B;TNIP2;TNR;TNXB;TOB2;TOMM70;TOX;TP53BP1;TPM1;TPPP;TRADD;TRAF2;TRAF3;TRAF3IP3;TRAF6;TRAK1;TREM2;TRIB1;TRIM16;TRIM27;TRIM32;TRIM56;TRIM6;TRIM65;TRPC5;TRPM4;TRPV2;TRPV4;TSHR;TSPO;TTBK1;TUSC2;TWF1;TWF2;TXK;TYK2;TYROBP;UCN;UCP2;UFL1;UNC13B;UNC93B1;USF1;UTP25;VAMP7;VAMP8;VAV1;VAV3;VCAN;VEGFA;VEGFB;VKORC1;VNN1;VPS35;VSIR;WARS2;WASF3;WNK1;WNT2B;WNT5A;WWTR1;XBP1;XIAP;XRCC5;XRCC6;YBX3;YES1;ZBED3;ZBTB1;ZBTB16;ZBTB20;ZBTB46;ZBTB7B;ZC3HAV1;ZCCHC3;ZFP36L1;ZFPM1;ZFPM2;ZFYVE27;ZMIZ1;ZNF219;ZNF322;ZNF335;ZNF365;ZNF516;ZNF580;ZNF703;ZP3	ABAT;ABCA1;ABCA7;ABL1;ABL2;ACSL1;ACVR2A;ADD3;ADGRB1;ADGRV1;AIF1;AIM2;AKT3;ALOX15B;ANGPT2;ANXA1;APOE;ATAD5;ATP8A2;AXL;B2M;BAIAP2;BCL6;BIN1;BMPR1B;BRCA1;BTG1;C3;C5AR1;CADM1;CAMK4;CARD11;CBLN2;CD226;CD55;CD74;CD81;CDH4;CEBPB;CHI3L1;CLEC5A;CLEC9A;CLNK;CLSTN2;CLU;CMKLR1;CUX2;CX3CR1;CXCR4;CYSLTR1;DDX21;DENND1B;DUSP10;EFNA5;EMILIN2;ENO1;EPAS1;EPHA4;EPHB2;ETS1;EZH2;FAM20C;FBN2;FERMT2;FGF2;FGR;FLNA;FLRT2;FLT1;FOS;FOXO3;FOXP1;FYN;GAB1;GBP5;GCNT2;GDI1;GFAP;GHRL;GJA1;GREM1;GRM5;HAMP;HGF;HIF1A;HILPDA;HK2;HLA-DRA;HLA-DRB1;HRH1;HSP90AA1;HSPA1A;HSPA1B;HSPB1;HSPD1;HSPH1;HTR2B;IGF1;IGF1R;IL15;IL1A;IL1B;IL4I1;IL7;IRAK3;IRF8;ITGB8;KCNQ1OT1;KDM5B;KDM6B;LGALS1;LGALS3;LIPG;LPL;LRRK2;LY96;MALT1;MAP3K8;MAPK13;MAPT;NCMAP;NFKBID;NIBAN2;NLGN1;NLRP1;NLRP3;NR4A3;NRP1;NRXN1;NSD2;OLFM1;OPRM1;PANX1;PDE4B;PDE4D;PDE5A;PDGFB;PELI1;PLAC8;PLAT;PLAU;PLCB1;PLCG2;PLEK;PLXNC1;PPARG;PRKCA;PRKCB;PRKCE;PRKCH;PRKCQ;PTGER4;PTH2R;PTK2;PTK2B;PTPRD;PTPRZ1;RBM47;RBPJ;RFX3;RGCC;RIMS2;RIPK2;ROBO1;RORA;RUNX1;RUNX2;RYR2;SASH1;SDCBP;SERPINE1;SHANK3;SHLD1;SLC7A1;SLC8A1;SMAD3;SMARCD3;SMURF1;SOX5;SPP1;SPRY1;SPTBN1;SPTBN4;SULF2;SYNDIG1;TENM4;TENT5A;TET1;TFRC;TGFB1;TGFB2;TGFBR3;TIAM1;TIAM2;TJP1;TLR2;TLR5;TNFRSF1B;TNFSF13B;TOX;TRAF3;TSHR;UCN;UNC13B;VCAN;VEGFA;WNT2B;ZBTB16;ZFP36L1;ZFPM2;ZNF365
GO_BP::GOBP_TRANSMEMBRANE_RECEPTOR_PROTEIN_TYROSINE_KINASE_SIGNALING_PATHWAY	380	95	2.235033755198366e-08	7.846911988359481e-06	380	95	term_score_15	ABI1;ABL1;ADAMTS3;ADIPOR1;ADRB2;AHI1;AKT1;AKT1S1;AKT2;ALK;ANGPT2;ANGPTL1;ANKS1A;ANKS1B;AP3S1;APOD;APPL1;ARHGEF28;ARHGEF7;ARID5B;ARNT;AXL;BAIAP2;BCAR1;BCAR3;BLNK;BRAF;C2CD5;CADM1;CAMLG;CASP3;CASS4;CBL;CBLB;CCBE1;CCDC88A;CD4;CD63;CD7;CDH13;CDH3;CDK5R1;CEACAM1;CEP57;CHMP6;CHN1;CHURC1;CLNK;CNOT9;COL4A2;COL4A5;CPNE3;CRIM1;CRK;CRKL;CSF1R;CSRNP1;CTNNB1;CTSD;CUL5;CYFIP1;CYFIP2;DAB2IP;DDIT4;DDR1;DGKD;DOCK3;DOK1;DOK3;DOK5;DOK6;DSTYK;DUSP3;EFNA5;EFNB1;EFNB2;EGFR;EIF2AK3;EIF4EBP2;EMILIN1;ENPP1;EPHA10;EPHA3;EPHA4;EPHA5;EPHA6;EPHA7;EPHB1;EPHB2;EPHB3;EPHB6;EPN2;ERBB4;ERBIN;ERCC1;ERCC2;ERRFI1;EXT1;FAM20C;FER;FGF17;FGF2;FGF20;FGFR1;FGFR2;FGR;FIBP;FLRT2;FLT1;FOXO1;FRS2;FRS3;FSTL4;FYN;GAB1;GAB2;GAREM1;GHR;GHRL;GIGYF1;GIGYF2;GIT1;GKAP1;GNAI2;GPC1;GPLD1;GRB10;GRB2;GSK3A;GSK3B;HCK;HGF;HGS;HHEX;HHIP;HIF1A;HIP1;HIP1R;HRAS;HSPB1;IDE;IFI6;IFT20;IGF1;IGF1R;IGF2R;IL1B;INPP5K;INPPL1;INSR;IQGAP1;IRS2;ITGA5;ITGB3;JAK1;JAK2;JAK3;KALRN;KANK1;KIF16B;LCP2;LEPROT;LEPROTL1;LGMN;LONP1;LRIG2;LRP1;LYN;MAP2K1;MAP2K2;MAP2K5;MAPK1;MAPK14;MAPK3;MAPKAPK2;MAPKAPK3;MBD5;MERTK;MMP2;MPZL1;MT3;MTSS1;MUC20;MUSK;MVB12A;MVB12B;MVP;MYO1C;MYO1E;NAMPT;NCK1;NCK2;NCL;NCOA5;NDEL1;NDRG4;NDST1;NEDD4;NEDD9;NEU3;NGEF;NIBAN2;NPR2;NPTN;NR4A3;NRG1;NRG3;NRG4;NRP1;NRP2;NTRK2;NTRK3;NUCKS1;NUP62;NUS1;OGT;OSBPL8;PAK1;PAK2;PAK3;PDCD6;PDGFA;PDGFB;PDGFC;PDGFD;PDK2;PDK4;PDPK1;PHF14;PHIP;PID1;PIK3C2A;PIK3CA;PIK3CB;PIK3CD;PIK3R1;PIK3R2;PIK3R3;PILRB;PIP4K2A;PIP4K2B;PIP4K2C;PLAT;PLAUR;PLCB1;PLCE1;PLCG1;PLEKHA1;POLR1G;PPP2R5B;PRICKLE1;PRKAA1;PRKCB;PRKCD;PRKCQ;PRKCZ;PRKD1;PRKD2;PTK2;PTK2B;PTPN1;PTPN11;PTPN12;PTPN18;PTPN2;PTPRA;PTPRE;PTPRG;PTPRJ;PTPRR;PTPRT;PXN;RAB14;RAB7A;RABGEF1;RAC1;RAF1;RALA;RALB;RAPGEF1;RAPGEF2;RASA1;RASGRP4;RBM4;RBPJ;RELA;REPS2;RGS14;RHBDF2;RHOQ;RNF115;RNF126;ROBO1;ROR1;ROR2;RPS6KB1;RTN4;RUNX2;RYK;SAMD12;SEMA6A;SESN3;SETX;SGPL1;SH2B1;SH2B2;SH2B3;SH3TC2;SHC1;SHC2;SHC3;SHCBP1;SHKBP1;SHOC2;SIK2;SIPA1L1;SIRT1;SLC27A4;SLC2A8;SLC31A1;SLC39A14;SMARCC1;SMPD3;SNCA;SNX5;SNX6;SOCS3;SOCS4;SOCS5;SOGA1;SORBS1;SORL1;SORT1;SOS1;SOS2;SPRY1;SPRY2;SRC;SREBF1;SS18;STAT3;STAT5A;STAT5B;STAT6;STMN1;STUB1;STXBP4;SULF2;SVEP1;SYK;TGFA;TGFB1;TIAM1;TIPARP;TMEM108;TNXB;TRADD;TSC2;TSG101;TXNIP;TYK2;TYRO3;UBASH3B;VAV1;VAV2;VEGFA;VEGFB;VPS25;WASF1;WNT5A;YES1;ZBTB7B;ZDHHC17;ZFAND2B;ZFAND5;ZFYVE27;ZFYVE28;ZGPAT;ZNF106;ZNF592	ABL1;ADAMTS3;AHI1;ANGPT2;ANGPTL1;ANKS1B;AP3S1;ARID5B;AXL;BAIAP2;CADM1;CASS4;CD63;CEACAM1;CHN1;CLNK;CRIM1;CTSD;CYFIP2;DDIT4;DOCK3;EFNA5;ENPP1;EPHA4;EPHA6;EPHB2;FAM20C;FER;FGF17;FGF2;FGFR1;FGR;FLRT2;FLT1;FOXO1;FSTL4;FYN;GAB1;GAREM1;GHRL;HGF;HHIP;HIF1A;HIP1;HSPB1;IGF1;IGF1R;IL1B;INSR;IQGAP1;KALRN;LCP2;LONP1;MERTK;MTSS1;MUSK;MYO1E;NAMPT;NIBAN2;NR4A3;NRG3;NRP1;OSBPL8;PDGFB;PDK4;PID1;PLAT;PLCB1;PRKCB;PRKCQ;PTK2;PTK2B;PTPN2;PTPRG;PTPRT;RAPGEF1;RBPJ;RNF126;ROBO1;RUNX2;SAMD12;SESN3;SIPA1L1;SNCA;SOCS3;SPRY1;STMN1;SULF2;TGFA;TGFB1;TIAM1;TXNIP;UBASH3B;VEGFA;ZFYVE28
Immune::GSE21360_SECONDARY_VS_QUATERNARY_MEMORY_CD8_TCELL_DN	140	46	2.364549210941601e-08	7.955722865980596e-06	140	46	term_score_16	ABCA1;ADAM15;ALDOC;ARHGAP4;ARID5A;ARRDC4;ATG5;ATRNL1;BNIP3;BPNT1;C1RL;CAMKK1;CCND2;CCND3;CD81;CEMIP2;CHSY1;CIAO2A;CLDND1;CTSC;CYRIB;DDIT4;DISC1;DKK3;DMWD;EEFSEC;EGLN1;EGLN3;EID1;EIF4E;EIF4EBP1;EMILIN2;ENO1;ENO2;ERO1A;FAM162A;FBXL5;FBXO22;FGR;FICD;GALNT2;GIMAP1;GRAMD1A;GRHPR;GRINA;GYS1;HIF1A;HK2;HOOK1;IFI27L1;ITGAM;JMJD6;KDM4B;KDM5B;LAMC1;LCP2;LDHA;LIPC;LIPG;MAGED1;MAP4K4;MARCHF1;MIF;MTHFD1L;NARF;NBL1;NDRG1;NDUFV3;NFIL3;NRIP1;NRP2;OAF;P4HA1;PDK1;PDPN;PFKL;PGAM1;PGK1;PGM2;PIGQ;PIK3CG;PKM;PLA2G4A;POLR1G;POLR2D;PPP1R13L;PRELID1;PRELID2;PSTPIP1;PTBP1;PTPN1;PTPN7;PYGL;QSOX1;RAB11A;RASA2;RAVER1;RBPJ;RELT;RIPOR2;RNF141;RTCA;SAR1B;SEMA4A;SEMA4C;SFXN1;SGCZ;SLA;SLC16A3;SLC16A6;SLC2A1;SLC39A1;SLC39A14;SMAD3;SMARCE1;SMCO4;SNN;SNX18;SNX6;SOCS3;SRGN;STAT3;STK17B;SYCE2;TCF3;TGFBI;TMEFF1;TMEM176A;TMEM176B;TMEM63A;TNFAIP8;TPI1;TREM1;TUBA1A;TWF1;UBE2I;UHRF1;VAV1;VEGFA;ZC3H12D	ABCA1;ALDOC;BNIP3;CCND3;CD81;CEMIP2;CHSY1;DDIT4;DMWD;EGLN1;EGLN3;EMILIN2;ENO1;ERO1A;FAM162A;FGR;GYS1;HIF1A;HK2;KDM5B;LCP2;LDHA;LIPC;LIPG;NDRG1;P4HA1;PDK1;PGK1;PIGQ;RAB11A;RASA2;RBPJ;RIPOR2;SFXN1;SGCZ;SLC2A1;SMAD3;SOCS3;SRGN;SYCE2;TGFBI;TNFAIP8;TPI1;TREM1;TUBA1A;VEGFA
Immune::GSE37605_FOXP3_FUSION_GFP_VS_IRES_GFP_TREG_C57BL6_UP	127	43	2.495695941851166e-08	8.061097892179266e-06	127	43	term_score_17	ACO2;ADHFE1;ADPGK;AGTRAP;AKAP12;ANGPT2;APOLD1;ARL5B;ASCC1;ATF3;BLVRA;BTG2;C2;CASP7;CD151;CD93;CEBPB;CEBPD;CH25H;CHST15;CMKLR1;CNKSR3;CREM;CSRNP1;DAPK1;DGAT1;DST;DUSP1;DUSP6;EAF1;EGFR;ETS2;EYA2;F11R;FAM76A;FKBP9;FLVCR2;FOS;FOSL2;FOXN3;FRRS1;GAB1;GSTA4;GTF2IRD1;H6PD;HEATR5A;HOMER1;HS3ST1;IER3;IL1A;INPPL1;IPMK;ISY1;ITGB5;JDP2;JUN;JUNB;JUP;KALRN;KCNK13;KDM6B;KLHDC10;LATS2;LRRN3;MED24;MFHAS1;MINDY1;MRM3;MYC;NAV3;NBL1;NDRG2;NFIA;NR4A1;NR4A2;NR4A3;NUAK2;OSTF1;OXNAD1;PADI2;PDE4D;PER1;PHKA2;PJA1;PLAUR;PLD1;PLK2;PLK3;PLXDC1;PMF1;PPP1R15A;PPT2;PRDX6;PTPRM;PVR;RAB43;RASGEF1B;RCAN1;RNF19B;SCARB1;SELENON;SERPINE1;SGK1;SLC16A7;SLC24A3;SLC25A25;SLC25A33;SLCO2B1;SNTB2;SNX7;SPRY1;SPRY2;ST3GAL3;SVEP1;TM9SF4;TMCC3;TMEM106A;TNS1;TPM1;TRIM25;USP21;UXS1;VPS37B;WBP11;WWC2;ZFP36;ZFYVE9	ANGPT2;ATF3;BTG2;CEBPB;CEBPD;CH25H;CHST15;CMKLR1;DGAT1;ETS2;EYA2;FLVCR2;FOS;FOSL2;FRRS1;GAB1;GTF2IRD1;HOMER1;IL1A;JUN;JUNB;KALRN;KDM6B;LATS2;NAV3;NFIA;NR4A1;NR4A3;PADI2;PDE4D;PER1;PJA1;PLD1;PLXDC1;PPP1R15A;PTPRM;RASGEF1B;SERPINE1;SGK1;SLC25A25;SNTB2;SPRY1;TNS1
Immune::GSE14769_UNSTIM_VS_80MIN_LPS_BMDM_DN	150	48	3.040729696654378e-08	9.106291355454601e-06	150	48	term_score_18	ABL2;AEBP2;ANKRD33B;ARID5A;ARIH2;ARL5B;ATF3;BCL10;BCL2A1;BCL2L11;BCL6;BTG1;BTG2;C9orf72;CCDC71L;CCNL1;CD69;CD83;CDK17;CEBPB;CFLAR;CH25H;CITED2;COQ10B;CSRNP1;DNAJA2;DUSP1;DUSP8;EBI3;EHD1;ETF1;ETV3;EXTL2;FAM133B;FAM72A;FBXO30;FEM1C;FGD6;FILIP1L;FOS;FOSL2;FRMD6;GADD45B;GBP2;GFPT1;GJA1;GPBP1;GPR84;GTF2B;HERPUD1;HILPDA;HK2;HNRNPLL;HSPA1A;HSPA1B;ICAM1;ID2;IER2;IER5;IL10;IL10RA;IL1B;IRF1;IRGQ;ITGAV;JMJD1C;KCTD12;KDM6B;KIAA0586;KLF6;KLF7;LIMA1;MALT1;MAP3K8;MCL1;MED21;MTMR14;MYC;MYEF2;NABP1;NAMPT;NDEL1;NFAT5;NFIL3;NFKBID;NFKBIE;NOCT;NSMCE1-DT;NUP54;NUPR1;OSGIN2;PDGFB;PIM3;PLAUR;PLEK;PLSCR1;PNRC1;PTCH1;PTGER4;RAB12;RAB20;RABGEF1;RAPGEF2;RASGEF1B;RBM39;REL;RGS1;RIPK2;RNF19B;RNF2;RORB;SASH1;SBDS;SDE2;SERPINE1;SGMS1;SIAH2;SLAIN2;SLC15A3;SLC25A25;SLC38A2;SOD2;SPRED1;SPRYD7;SQSTM1;SRFBP1;SRGN;STIL;STX11;SUCO;TASL;TGIF1;TIPARP;TLE4;TLR2;TMEM108;TMEM185A;TNFAIP2;TRAF1;TRIM13;USP16;VPS37C;WSB1;ZBTB11;ZC3H12C;ZFAND5;ZNF622;ZNF800;ZNF81;ZRSR2	ABL2;ATF3;BCL2A1;BCL6;BTG1;BTG2;CCDC71L;CD69;CEBPB;CH25H;FGD6;FILIP1L;FOS;FOSL2;FRMD6;GADD45B;GBP2;GJA1;HILPDA;HK2;HSPA1A;HSPA1B;IER2;IER5;IL1B;KDM6B;LIMA1;MALT1;MAP3K8;NAMPT;NFKBID;NUPR1;PDGFB;PLEK;PTGER4;RASGEF1B;REL;RGS1;RIPK2;RORB;SASH1;SERPINE1;SLC25A25;SOD2;SRGN;STIL;STX11;TLR2
GO_BP::GOBP_REGULATION_OF_MONOATOMIC_ION_TRANSPORT	320	83	3.0448280693160895e-08	9.106291355454601e-06	320	83	term_score_19	ABCC8;ABL1;ACTN2;ACTN4;ADCYAP1R1;ADORA1;ADRB2;AHCYL1;AHNAK;AKAP5;AKAP6;AKAP9;AKT1;ALG10B;ANK2;ANK3;ANO6;ANTKMT;ASIC2;ATF4;ATG5;ATP1A1;ATP1A2;ATP1B1;ATP1B2;ATP1B3;ATP2B1;ATP2B4;ATP7A;ATP8B1;ATPSCKMT;B2M;BAK1;BAX;BCL2;BEST1;BIN1;CAB39;CABP1;CABP4;CACNA1A;CACNA1B;CACNA1C;CACNA1D;CACNA1E;CACNA1I;CACNA2D1;CACNA2D3;CACNA2D4;CACNB1;CACNB2;CACNB3;CACNB4;CACNG2;CACNG3;CACNG7;CACNG8;CALCR;CALM1;CALM2;CALM3;CAMK2A;CAMK2B;CAMK2D;CAMK2G;CAPN3;CASK;CATSPER2;CCR1;CD33;CD4;CD63;CD84;CEMIP;CFTR;CHD7;CHP1;CLIC1;CLIC2;CLIC4;CNKSR3;CNR1;CNTN1;COA8;COMMD1;CORO1A;COX17;CRACR2A;CRBN;CTNNB1;CTSS;CX3CL1;CXCL12;CXCR4;CYBA;CYBB;DIAPH1;DLG1;DMD;DMPK;DPP10;DPP6;EFHB;EPB41;EPHB2;FGF11;FGF12;FGF13;FGF14;FHL1;FKBP1A;FLNA;FMR1;FXYD1;FXYD5;FXYD6;FXYD7;FYN;G6PD;GLRX;GNAI2;GNB2;GNB5;GOPC;GPD1L;GPR89A;GPR89B;GRIN1;GRIN2A;GRIN2B;GRIN2D;GRM5;GSTM2;GSTO1;HAMP;HCN1;HECW1;HECW2;HFE;HOMER1;HOMER2;HOMER3;HPCA;HTR2A;HTT;HVCN1;IL16;INPP5K;ISCU;ITGB1;ITGB3;JPH1;JPH3;JPH4;KCNA2;KCNAB2;KCNB1;KCNB2;KCNC1;KCNC2;KCNC3;KCNC4;KCND2;KCND3;KCNE1;KCNE3;KCNG2;KCNH1;KCNH3;KCNH5;KCNH7;KCNH8;KCNIP1;KCNIP2;KCNIP3;KCNIP4;KCNJ13;KCNJ14;KCNJ2;KCNJ3;KCNJ5;KCNJ6;KCNK10;KCNK13;KCNK6;KCNMA1;KCNMB1;KCNN2;KCNN4;KCNQ1;KCNQ2;KCNQ3;KCNQ5;KIF5B;LGALS3;LILRA2;LILRB1;LILRB2;LIME1;LYN;MAOB;MLLT6;NALCN;NDUFA4;NEDD4;NEDD4L;NETO1;NIPSNAP2;NKAIN2;NKAIN3;NLGN3;NOS1AP;OPRD1;ORAI1;OXSR1;P2RX1;P2RX4;P2RX7;P2RY12;P2RY6;PDE4B;PDE4D;PDGFB;PDPK1;PER1;PHB2;PIK3CG;PKD2;PLCG1;PLP1;PML;PPIF;PPP3CA;PPP3CB;PPP3CC;PPP3R1;PRKACA;PRKCE;PRKD1;PRNP;PSEN2;PTK2B;PTPN6;PXK;RAB11B;RANGRF;RELN;RGS4;RGS7;RIPK1;RNF207;RYR2;SARAF;SCN1A;SCN1B;SCN2A;SCN3A;SCN3B;SCN8A;SCN9A;SELENON;SERPINE2;SESTD1;SHANK3;SLC26A5;SLC30A1;SLC30A6;SLC31A2;SLC8A1;SLC8B1;SLC9A1;SLMAP;SNCA;SNTA1;SPG11;SPHK2;SPTBN4;SRI;STAC3;STIM1;STIM2;STIMATE;STK39;STOM;SUMO1;TCAF1;TCIRG1;TESC;TF;THY1;TMBIM6;TMEM109;TMEM37;TMEM38A;TMEM38B;TMSB4X;TPCN1;TPCN2;TREM2;TRIM27;TRPC1;TRPV2;TSPAN13;TSPO;UBASH3B;UBQLN1;UBR3;UCN;UTRN;VAMP2;VDAC1;VMP1;WFS1;WNK1;WNK2;WNK3;WWP2;YWHAE;YWHAH;YWHAQ	ABL1;AHNAK;ANK2;ATP1B3;ATP8B1;B2M;BIN1;CACNA1A;CACNA1B;CACNA1C;CACNA1D;CACNA1E;CACNA2D1;CACNA2D3;CACNB4;CALCR;CALM3;CAMK2A;CASK;CD63;CEMIP;CFTR;CLIC2;CLIC4;CNTN1;CXCR4;DIAPH1;DPP10;EPB41;EPHB2;FGF11;FGF12;FGF13;FGF14;FLNA;FYN;G6PD;GLRX;GRIN1;GRIN2A;GRIN2B;GRM5;HAMP;HECW1;HOMER1;KCNAB2;KCND2;KCND3;KCNE1;KCNH1;KCNIP1;KCNIP4;KCNJ13;KCNMA1;KCNMB1;KCNQ2;KCNQ3;KCNQ5;LGALS3;NALCN;NEDD4L;NOS1AP;P2RY12;PDE4B;PDE4D;PDGFB;PER1;PRKCE;PTK2B;RYR2;SCN3A;SESTD1;SHANK3;SLC8A1;SNCA;SPTBN4;TMEM38B;TMSB4X;TRPC1;UBASH3B;UCN;UTRN;WNK3
Immune::GSE3565_DUSP1_VS_WT_SPLENOCYTES_UP	124	42	3.572953082567982e-08	1.0154553819805902e-05	124	42	term_score_20	ADGRE5;AHNAK;ALCAM;ANXA1;ARHGAP18;ARHGEF12;ARL15;ARL4C;ARRDC3;ARSB;ATP2B4;ATXN1;BCL2L1;BHLHE40;CADM3;CALM2;CCDC146;CCDC50;CD226;CD44;CERS4;CHIC1;CHPT1;CMKLR1;COBLL1;CORO2A;CTSD;CX3CR1;CYFIP1;CYRIA;CYTH4;DAPK2;DCLRE1A;DOCK5;EBPL;EEA1;EHBP1L1;ELL2;EMP3;ERN1;FCGR2B;FGL2;FIBP;FRRS1;GABBR1;GIMAP4;GNA15;GNPTAB;GPHN;GPRIN3;GSAP;H2AZ1;HAVCR2;HDHD5;HIP1;HOPX;ID2;IFNAR2;IKZF3;IL12RB2;IL18R1;ITGA4;ITGAL;ITGAM;ITGAX;ITGB1;ITGB2;KIF5C;LAIR1;LATS2;LGALS3;LONRF3;LPIN1;LRRK1;MICAL2;MLKL;MOSPD1;MS4A4A;MYADM;MYO1F;MYO5A;NEBL;NFIL3;NRP1;OSBPL3;PFKP;PIK3CG;PLEKHM3;POLK;PPT1;PRDM1;PROS1;PTBP2;PTPRJ;RAP1B;RGS1;RHBDF2;RNF216;RORA;RPA2;RSU1;RUNX2;SEMA4F;SEPTIN10;SLC2A3;SLC33A1;SNX10;SRCIN1;STARD10;TEF;TMEM163;TMEM37;TMEM65;TNFRSF1B;TOB2;TRIM46;TTC39B;TTC39C;TTC7B;VIM;XYLT1;ZC3H7A;ZDHHC2;ZEB2	AHNAK;ALCAM;ANXA1;ARHGAP18;ARL4C;ARSB;ATXN1;CADM3;CD226;CD44;CERS4;CMKLR1;CTSD;CX3CR1;CYRIA;DOCK5;ELL2;FRRS1;GPHN;GPRIN3;HIP1;ITGA4;KIF5C;LATS2;LGALS3;LONRF3;MICAL2;MS4A4A;NEBL;NRP1;PFKP;PROS1;RGS1;RORA;RSU1;RUNX2;SLC2A3;STARD10;TMEM163;TMEM65;TNFRSF1B;VIM
Immune::GSE36888_UNTREATED_VS_IL2_TREATED_STAT5_AB_KNOCKIN_TCELL_17H_UP	133	44	3.7742651986919876e-08	1.0159063826479267e-05	133	44	term_score_21	AGFG1;AGPAT4;ANKRD13D;ANO3;APH1B;ARID5B;ARL8A;BCL2A1;BTG1;C5AR1;CASP4;CCDC69;CCND3;CD55;CDKN2D;CERS5;CHST15;CNTN5;CSRNP1;CTSB;CYTIP;DACH1;DDIT4;DUSP18;ELL;EMP2;EXOC7;FANCA;FGD3;FIGN;FIGNL1;FTH1;GCH1;GDI1;GK5;GLRX;GMFG;GNAI2;GNG2;H1-2;H2BC4;H2BC5;H2BC8;H2BC9;HLX;HRH1;HSPA1A;IER5;IL1B;IL3RA;INSIG2;IRS2;ITGB8;ITM2C;KLHL2;KREMEN1;LIMK2;LSS;LTB4R;MAP3K4;MAP3K5;METRNL;MLKL;MTF1;MTHFS;MYL12B;MYL6;MYL6B;MYO1G;NAMPT;NMNAT2;NUCB1;PAG1;PECR;PET100;PFKFB3;PHF1;PLAC8;PLAUR;PNPLA6;RAB13;RAB27A;RABGEF1;RAMP1;RASSF5;RFTN1;RHOH;RILPL2;RIMS1;RIN3;RIPOR2;RPH3A;RUNX1;SEMA4C;SEPTIN6;SESN2;SGSH;SH3PXD2B;SIK3;SLA;SLC1A2;SLC24A4;SLC25A37;SLC49A4;SMOX;SOD2;SORCS1;ST3GAL2;STX5;STXBP2;TAOK1;TBC1D8;TFDP2;TGFA;TIAM2;TMEM234;TMEM71;TNFAIP3;TNFRSF1B;TOM1;TRAF1;TRAF3IP2;TREM1;TRIP10;UBE2B;UNC79;USF3;ZBTB17;ZFPM2;ZFYVE27;ZNF44;ZNF577;ZNF587	AGFG1;AGPAT4;ARID5B;BCL2A1;BTG1;C5AR1;CCND3;CD55;CHST15;CNTN5;CTSB;CYTIP;DDIT4;FIGN;FTH1;GDI1;GLRX;H2BC4;H2BC8;HRH1;HSPA1A;IER5;IL1B;ITGB8;ITM2C;LIMK2;MTHFS;NAMPT;PAG1;PLAC8;RAB27A;RAMP1;RIPOR2;RPH3A;RUNX1;SH3PXD2B;SLC25A37;SLC49A4;SOD2;TGFA;TIAM2;TNFRSF1B;TREM1;ZFPM2
Immune::GSE2706_UNSTIM_VS_8H_R848_DC_DN	129	43	4.1933566745549596e-08	1.0591718582820796e-05	129	43	term_score_22	AEN;AFDN;ANKRD33B;ARHGAP24;ARMCX3;ATP13A3;BATF;BAZ1A;BRWD3;BTG1;BTG3;CASP7;CD274;CEP135;CMPK2;COBLL1;CORO2B;CRACD;CYRIA;CYTIP;DDX60L;DESI1;DGKH;EBI3;EDEM1;EIF2AK2;EPSTI1;ETV3;FEZ1;FRMD3;FSD1L;FXYD6;GADD45B;GBP1;GPR137B;GPR157;GUCY1B1;HERC5;HERC6;HIVEP1;HYMAI;IFI35;IFI44;IFI6;IFIH1;IFIT1;IFIT2;IFIT3;IL15;IL1B;IL7;INSIG1;IQCG;ISG20;ITGB8;LILRB2;LYRM1;MACC1;MAML2;MAP3K8;MASTL;MCOLN2;MGLL;MIR155HG;NABP1;NAMPT;NCK2;NFKB1;NFKBIZ;NLRC5;NMI;NR4A3;OAS2;OSBPL3;PARP14;PARP9;PHLDB3;PLAGL1;PLAT;PLXNC1;PSD3;PSMA6;PTGER4;RAB30;RAPGEF2;RASGRP1;REL;RELB;RFTN1;RGS1;RNF213;SAMD9L;SAT1;SESN3;SHROOM3;SIAH2;SINHCAF;SIPA1L1;SKIL;SLC1A2;SLC5A9;SLC9A7;SLFN5;SMURF2;SNHG15;SOCS3;SOD2;SSB;STAT1;STAT4;STEAP1B;STX11;SWAP70;TCF7L2;TDRD7;TMEM268;TNFAIP2;TNFAIP3;TNFAIP8;TNFRSF11B;TNFSF10;TRAF1;TRIM69;TTN;TXN;UGCG;UHRF1;WARS1;XAF1	AFDN;BTG1;CYRIA;CYTIP;DGKH;EPSTI1;FRMD3;GADD45B;HERC6;HIVEP1;IFIT1;IFIT2;IFIT3;IL15;IL1B;IL7;ITGB8;MACC1;MAML2;MAP3K8;MGLL;MIR155HG;NAMPT;NR4A3;PLAGL1;PLAT;PLXNC1;PSD3;PTGER4;REL;RGS1;SAT1;SESN3;SIPA1L1;SLC5A9;SLC9A7;SOCS3;SOD2;STX11;TNFAIP8;TNFRSF11B;TTN;XAF1
Immune::HARALAMBIEVA_PBMC_M_M_R_II_AGE_11_22YO_VACCINATED_VS_UNVACCINATED_7YR_UP	591	133	4.301230165731375e-08	1.0591718582820796e-05	591	133	term_score_23	ABCD1;ACOT9;ACP2;ACSL1;ACSM5;ACTA2;ADAM19;ADAMTS2;ADGRB1;ADGRE1;ADGRF3;ADPRH;ADPRS;AIFM2;AIM2;AK4;AKT1S1;AMBRA1;ANK3;ANKRD22;ANKRD29;ANKRD33B;AP5B1;APOBEC3F;APOBEC3G;APOL1;APOL2;APOL3;APOL6;ARHGAP23;ARHGEF10L;ARHGEF11;ARHGEF3;ARID5A;ARID5B;ARL5B;ARMCX1;ARNT2;ASPHD2;ATF3;ATF5;ATP10A;ATP13A2;AXL;B3GNT2;B4GALT5;BAALC;BACE2;BAG1;BAK1;BARD1;BATF3;BAZ1A;BCL2L13;BCL2L14;BLZF1;BPGM;BRCA2;BRIP1;BRSK1;BST2;BTG3;C17orf67;C1GALT1;C1S;C2;C5;CACNA1A;CALD1;CALHM6;CASP1;CASP10;CASP3;CASP4;CASP5;CASP7;CBR1;CCDC146;CCDC9;CCR1;CCR5;CD200;CD274;CD2AP;CD40;CD69;CD72;CD83;CDK18;CDKN1A;CDKN1C;CDKN2A;CDKN2B;CEACAM1;CECR2;CEMIP;CENPJ;CFLAR-AS1;CGAS;CH25H;CHST12;CHST7;CHSY1;CIR1;CKAP4;CKB;CMPK2;CMTR1;CMYA5;CNP;COBL;COL24A1;COL4A2;CORO2B;CPEB2;CPEB3;CPNE5;CR1L;CREM;CSRNP1;CTNND2;CTSL;CUX2;CXCL12;CYP7B1;CYSTM1;DAPP1;DBF4B;DCDC1;DDIT3;DDX60;DDX60L;DENND1B;DHX58;DIP2C;DIRC3;DLGAP1;DMD;DNAH12;DNAJB4;DNAJC6;DOP1A;DPYS;DRAM1;DRAP1;DTX3L;DUSP1;DUSP6;DYNLT1;DYSF;ECE1;EEF1A2;EHD4;EIF2AK2;EIF4E3;ELF4;ELMO2;ENDOD1;ENPP2;EPHB1;EPSTI1;ERICH3;FAM47E;FAM53A;FAM72A;FANCA;FAR2;FAS;FBXO6;FERMT2;FGD2;FIRRE;FMNL2;FNDC3B;FNIP2;FOSL1;FRMD3;FRRS1;FSCN1;FUT4;FXYD6;GALNT8;GAREM1;GBP1;GBP2;GBP3;GBP4;GBP5;GCH1;GCNT1;GCNT2;GPD2;GPR155;GPR161;GPR180;GREM1;GRIN3A;GRIP1;GTPBP1;GTPBP2;GUCY1A1;GUCY1B1;H2AC6;H2BC11;H2BC18;H2BC4;H2BC5;H3C4;H4C8;HDAC9;HDX;HELB;HERC5;HERC6;HESX1;HIRA;HK2;HLX;HPSE;HRH1;ICAM1;IER5;IFI35;IFI44;IFI44L;IFI6;IFIH1;IFIT1;IFIT2;IFIT3;IFIT5;IFITM2;IFITM3;IL12RB2;IL15;IL15RA;IL3RA;IL4I1;IL7;INAFM1;IPCEF1;IRAK2;IRF1;IRF1-AS1;IRF2;IRF7;ISG20;ITGA7;ITGB8;ITIH4;JADE3;JAG1;JAK2;JUP;KAT14;KCNA2;KCNE1;KCNJ2;KCNMB1;KDM6A;KIAA0040;KIAA0408;KIAA1217;KITLG;KLF6;KPTN;L3MBTL4;LAMB1;LAP3;LGALS3BP;LGALS9;LHFPL2;LHFPL6;LILRA4;LILRA6;LILRB2;LILRB4;LIMCH1;LINC-PINT;LINC00960;LINC00996;LMNB1;LPAR1;LPIN2;LRP12;LRRN2;LSS;LY6E;LYN;LYPD5;LYSMD2;MACROD2;MAML2;MAMLD1;MAP1A;MAP2;MAPK11;MAPK8IP2;MASTL;MCOLN2;MEIS3;MEP1A;MGAT3;MICALL1;MICB;MIR155HG;MIR9-1HG;MOB3C;MOCOS;MOV10;MROCKI;MRPL44;MSR1;MT1E;MT2A;MTHFD1L;MVB12B;MX1;MX2;MXD1;MYO10;MYO16;MYO1E;MYO1G;N4BP1;NAA25;NADK;NAPA;NBN;NCAM1;NCF1;NCOA7;NECTIN2;NECTIN3;NEURL1;NEXN;NFE2L3;NFIX;NINJ1;NMI;NOD1;NOD2;NR1H3;NR4A3;NRIP3;NRSN2;NRXN2;NSUN7;NUB1;NUPR1;OAS1;OAS2;OAS3;ODF2L;OPTN;OSBPL1A;OSBPL5;OSBPL6;P2RX4;P2RX7;P4HA2;PABIR3;PANX1;PAPLN;PARP10;PARP11;PARP12;PARP14;PARP9;PAX8;PAX8-AS1;PCGF5;PDCD1LG2;PDE4B;PFKP;PGAP1;PHF11;PI4K2B;PILRA;PIWIL4;PLA2G4C;PLEKHA7;PLEKHH1;PLS3;PLSCR1;PLVAP;PML;PNPT1;POGLUT3;PPM1K;PPP1R15A;PPP2R2A;PRICKLE1;PRKD2;PROCR;PRR16;PRR5;PRRG1;PRRG4;PRRT2;PRUNE2;PSAT1;PSEN2;PSMB9;PTGDS;PTPRS;PXDC1;RAB20;RAB39A;RAPGEF2;RAPGEF3;RAPGEF5;RASGEF1B;RASGRP3;RBCK1;RBM43;RELB;RGS1;RGS20;RHBDF2;RHOC;RIN2;RIPK2;RNASE2;RNF122;RNF165;RNF19B;RNF213;RSAD2;RTCB;RUBCN;RUNX2;SAMD4A;SAMD9;SAMD9L;SAMSN1;SASH1;SCAMP5;SCARB2;SCG3;SCIN;SCLT1;SCML4;SCO2;SDC3;SECTM1;SELENOO;SEMA4A;SERPINB9;SERPING1;SERPINH1;SH2B2;SHFL;SIDT1;SIGLEC1;SIGLEC14;SLC1A4;SLC24A3;SLC25A28;SLC30A4;SLC31A2;SLC35F3;SLC37A1;SLC39A8;SLC41A2;SLC6A8;SLC7A5;SLC8A1;SLFN12;SLFN13;SMAGP;SMCHD1;SMIM3;SMPD3;SNX10;SOAT1;SOBP;SOGA3;SORBS1;SP100;SP110;SP140;SPATS2L;SPHK1;SPSB1;SQOR;SRC;SRD5A1;SRGAP2;SRGAP2B;SSTR2;ST3GAL5;ST8SIA4;STAT1;STAT2;STIMATE;STOM;STOML1;STON2;STX11;SUPT3H;SUSD1;SYNPO;SYNPO2;SYTL3;TANK;TAP1;TAP2;TBC1D17;TDRD7;TENT4A;TENT5A;TFEC;TGFA;TIAM2;TICAM1;TICAM2;TJP1;TJP2;TLNRD1;TLR2;TLR3;TMEM106A;TMEM140;TMEM150B;TMEM178B;TMEM187;TMEM229B;TMEM255A;TMEM268;TMEM62;TMOD1;TMTC1;TNFSF10;TNFSF13B;TNK2;TOR1B;TRADD;TRAF1;TRAF2;TRAFD1;TRANK1;TRIM14;TRIM21;TRIM22;TRIM25;TRIM26;TRIM36;TRIM38;TRIM5;TRIM56;TRIM6;TRIM69;TRIP6;TRPM4;TSC22D1;TSPAN13;TSPAN5;TTC21A;TTC39B;TTC7B;TUBA1C;TUBB2A;TUBB3;UBE2L6;UBE2QL1;UBE2Z;USP42;USP6NL;VAMP5;VAV3;VRK2;WARS1;WDFY1;WNK2;WNT5A;XAF1;XRN1;YEATS2;ZCCHC2;ZNF107;ZNF267;ZNF365;ZNF462;ZNF618;ZNF620;ZNF684;ZNFX1;ZNRF2;ZSWIM4;ZSWIM5	ACSL1;ADGRB1;AIM2;AK4;ARHGEF3;ARID5B;ARNT2;ATF3;ATF5;AXL;BACE2;BRCA2;BRIP1;CACNA1A;CALD1;CD69;CDK18;CEACAM1;CECR2;CEMIP;CFLAR-AS1;CH25H;CHSY1;CR1L;CTNND2;CUX2;DENND1B;DIRC3;DLGAP1;DPYS;DRAM1;EPSTI1;FERMT2;FMNL2;FNDC3B;FRMD3;FRRS1;FSCN1;GAREM1;GBP2;GBP5;GCNT2;GREM1;H2AC6;H2BC18;H2BC4;HERC6;HESX1;HK2;HRH1;IER5;IFI44L;IFIT1;IFIT2;IFIT3;IFITM3;IL15;IL4I1;IL7;IPCEF1;IRAK2;ITGB8;KCNE1;KCNMB1;LIMCH1;LINC00960;LINC00996;LPAR1;LRP12;LYPD5;MACROD2;MAML2;MAMLD1;MAP2;MIR155HG;MSR1;MT1E;MX2;MYO10;MYO1E;NFIX;NR4A3;NUPR1;OPTN;OSBPL5;OSBPL6;PANX1;PCGF5;PDE4B;PFKP;PIWIL4;PLA2G4C;PLEKHA7;PPP1R15A;PROCR;PRUNE2;PSAT1;RAB39A;RASGEF1B;RASGRP3;RGS1;RIPK2;RUNX2;SAMD4A;SAMSN1;SASH1;SCIN;SCLT1;SERPINB9;SIDT1;SIGLEC1;SLC41A2;SLC6A8;SLC8A1;SOGA3;SP140;SPATS2L;SSTR2;STON2;STX11;SYNPO;TENT5A;TGFA;TIAM2;TJP1;TLR2;TMEM140;TNFSF13B;TRIM36;TUBB2A;XAF1;YEATS2;ZNF365
Immune::GSE360_L_DONOVANI_VS_B_MALAYI_LOW_DOSE_DC_UP	138	45	4.331954325791519e-08	1.0591718582820796e-05	138	45	term_score_24	ABCC10;ACO1;ADAMTS3;AK4;AKR1B1;ALDH1A2;ARHGEF4;ARL4C;ASTN1;ATXN2L;AUH;B9D1;BICD1;BID;BTG1;CASP5;CD83;CDYL;CELF2;CFLAR;CHI3L1;CHST7;CNIH3;CRIP2;CSF2RB;CTSL;CXCR4;CYB5A;DDIT4;DLGAP4;DOCK4;EHD1;EIF1AX;ELK1;EMP3;ENO2;EPOR;ETS2;ETV6;EZH2;FAM13C;FGFR2;FILIP1L;FOXO3;FSCN1;GADD45B;GBE1;GNAI3;GPS2;GRB2;GREM1;GSTO1;H1-0;HLX;IER3;INPP5F;INSIG2;IRF7;ITSN1;KDM6B;KIF2A;LITAF;LTBP4;LY75;MAP2K3;MAP4K2;MGAT4C;MGLL;MRPL28;MT1E;MT2A;N4BP1;NAMPT;NBN;NCKIPSD;NDRG1;NECTIN2;NFKB1;NFKBIE;NINJ1;NPIPB15;NQO2;NR2F6;OBSL1;OLR1;OPTN;P4HA1;PARVB;PGM1;PMP22;POLR1F;PPP1R16B;PRKCG;PRRG1;PSMA6;RALA;RALB;RASL10A;RELA;RGL1;RNF19B;RNFT2;RRAGB;RYR2;SELL;SIKE1;SLC11A1;SLC2A3;SLC31A2;SLC39A8;SLC4A8;SOD2;SPINT2;SYN1;TBC1D4;TBC1D8;TFRC;TJP1;TM7SF2;TNFAIP3;TNIP1;TRAF1;TRAF3;TRIP10;TSG101;TUBB2A;TXN;TYMP;UGP2;UNC5B;URB2;WNT2B;YKT6;ZBTB17;ZC3H4;ZFP36L1;ZRSR2;ZSWIM8	ADAMTS3;AK4;ARL4C;AUH;BICD1;BTG1;CHI3L1;CXCR4;DDIT4;ETS2;EZH2;FILIP1L;FOXO3;FSCN1;GADD45B;GBE1;GREM1;H1-0;ITSN1;KDM6B;MGLL;MT1E;NAMPT;NDRG1;NPIPB15;OLR1;OPTN;P4HA1;PARVB;PGM1;PMP22;RASL10A;RGL1;RYR2;SLC2A3;SLC4A8;SOD2;TBC1D4;TFRC;TJP1;TRAF3;TUBB2A;TYMP;WNT2B;ZFP36L1
Immune::GSE6259_FLT3L_INDUCED_VS_WT_SPLENIC_DC_33D1_POS_DN	95	35	4.459670982240335e-08	1.0591718582820796e-05	95	35	term_score_25	ACY1;ADRA1A;ATP8B4;BACH2;BBS10;CARD11;CBLB;CCZ1;CD44;CD81;CD93;CDH2;CENPI;CFAP251;CHD5;CTNNB1;CTSS;CYFIP2;CYP2S1;CYTIP;DDX3Y;DEGS1;DNAJC12;DNM3;DPY19L3;DPYSL3;ENTPD1;FANCA;FBXO16;FLRT2;GIPC2;GJA1;GLIS3;GPR176;GRIK1;HGF;IL12RB2;LAT2;LMNB1;LONRF3;MACC1;MAFB;MAPKAPK3;MEI1;METTL27;MPEG1;MYH14;MYLIP;MYO1B;NEO1;NPTX1;NRCAM;OMD;PACC1;PADI2;PALLD;PAX8;PCNA;PLAU;PLCB1;PLIN2;PLXDC1;PLXNA2;PNMA3;PRKCA;PRKG1;PSD;PTGR1;RAB27A;RAD51C;RASGEF1B;RBFOX2;RCN3;SDK1;SEPTIN1;SH2B2;SHF;SHISA9;SLC25A27;SLC3A2;SLC40A1;SNCAIP;SOX12;STXBP5;SULF2;TAFA2;TIMM13;TMEM65;TNFAIP8L3;TRAPPC6A;TSPAN32;TSPAN33;UTY;VILL;ZC3H12D	CARD11;CD44;CD81;CFAP251;CHD5;CYFIP2;CYTIP;DDX3Y;DNAJC12;DPYSL3;FLRT2;GJA1;GRIK1;HGF;LONRF3;MACC1;NPTX1;OMD;PADI2;PLAU;PLCB1;PLIN2;PLXDC1;PNMA3;PRKCA;PRKG1;RAB27A;RASGEF1B;SDK1;SHISA9;SNCAIP;SULF2;TAFA2;TMEM65;TNFAIP8L3
Immune::GSE2706_UNSTIM_VS_2H_R848_DC_DN	125	42	4.6412059766279746e-08	1.070792521750597e-05	125	42	term_score_26	ACSL1;ALG13;ALOX15B;ARL5B;B4GALT5;BAZ1A;BCL3;BID;BTBD19;BTG1;BTG2;BTG3;CDCA4;CELF1;CFLAR;CHST7;CMPK2;CSRNP1;DDX3Y;DENND3;DGCR6L;DRAM1;EHD1;FSD1L;FXYD6;GADD45B;GBP1;GCH1;GPR132;GREB1;GRINA;H1-3;HERC6;HIVEP1;ICAM1;IFIT2;IFIT3;IL10RA;IL15RA;IL1A;IL1B;INSIG1;IRAK2;IRF8;ISG20;KCNJ2;KDM6B;LILRB2;LYRM1;MAP2K3;MAP3K8;MAPK6;MASTL;MCOLN2;MFHAS1;MFSD2A;MIR155HG;MIR22HG;MIR3142HG;MT1E;MYO10;MYO1G;NABP1;NFKB1;NFKBIA;NFKBIB;NFKBID;NFKBIZ;NINJ1;NR4A3;P2RX7;PIK3R5;PIM3;PLAGL2;PLAUR;PLEK;PLEKHG2;PLK3;PPP1R15A;PSMA6;PTGER4;PTPN1;PXDC1;RAB3IP;RAPGEF2;RASSF5;REL;RETREG1;RGS1;RILPL2;RNF144B;RPS6KL1;RSAD2;SERPINB9;SFMBT2;SIAH2;SLC25A25;SLC2A3;SLC7A1;SLC7A5;SNHG15;SOCS3;SPRED2;STAT4;STK40;STX11;TAP1;TICAM1;TNFAIP2;TNFAIP3;TNFAIP8;TNIP2;TP53BP2;TRAF1;TTN;TTYH2;TUBB2A;UAP1;USP12;VPS37B;ZBTB43;ZC3H12C;ZNF189;ZNF608;ZNF697	ACSL1;ALOX15B;BTG1;BTG2;DDX3Y;DRAM1;GADD45B;HERC6;HIVEP1;IFIT2;IFIT3;IL1A;IL1B;IRAK2;IRF8;KDM6B;MAP3K8;MAPK6;MIR155HG;MIR3142HG;MT1E;MYO10;NFKBID;NR4A3;PLEK;PPP1R15A;PTGER4;RAB3IP;REL;RGS1;RNF144B;SERPINB9;SFMBT2;SLC25A25;SLC2A3;SLC7A1;SOCS3;STX11;TNFAIP8;TTN;TUBB2A;ZNF608
Immune::GSE29618_PDC_VS_MDC_DAY7_FLU_VACCINE_DN	175	53	4.7769303210751654e-08	1.0714920095189433e-05	175	53	term_score_27	ACSL5;ACTG1;ACTN1;ADAM28;AGTPBP1;AHR;AIF1;AKR1B1;ALDH3A2;ANXA1;ANXA2;ANXA5;AOAH;APAF1;APLP2;APOBR;APOL1;APOL3;ARHGAP45;ARRB1;ASAH1;ASAP1;ATG3;ATP1B1;ATP2B1;ATP8B4;BASP1;BCL6;BTF3;C2CD2;CACNA2D3;CASP1;CD163;CD33;CD86;CDKN1B;CEBPB;CEBPD;CIDEB;CIITA;CKLF;CLEC4A;CLEC7A;CLIC2;CNIH4;COL9A2;COTL1;CRYBG1;CSF1R;CSRP1;CST3;CTSH;DHRS3;DOCK5;DPYD;EFHD2;EIF4EBP2;ELOVL5;EMP3;ENTPD1;EPB41L2;EVI2A;EVL;FCGR2A;FGL2;FGR;FLNA;FYN;FZD1;GAPDH;GAS7;GDI2;GMFG;GSE1;HCK;HK2;HLA-DRA;ID2;IFI30;IFITM2;IFITM3;IGSF6;IL18;IL1B;IRAK3;ITGA5;ITGAX;ITGB2;KCTD12;KLF11;LAT2;LDHA;LGALS1;LGALS3;LGALS9;LIMK1;LIMS1;LINC00115;LMNA;LST1;LY86;LYST;MAGEF1;MARCKS;MEGF9;MFNG;MNDA;MSN;MTHFD2;NACC2;NAIP;NCF2;NDRG2;NIBAN1;NLRP3;OAS3;P2RY13;PADI2;PAK1;PFN1;PICALM;PID1;PIK3CB;PILRA;PLAAT4;PLBD1;PLXNC1;PPA1;PPIF;PPM1F;PRCP;PSTPIP1;PSTPIP2;PTGER4;PTGS1;PTP4A2;RAB31;RAB32;RBPJ;RCBTB2;RGCC;RGS10;RHOG;RIN3;RNH1;RTN1;S100A4;SAP30;SAT1;SEC11A;SEC14L1;SEMA4A;SERPINA1;SERPINB6;SGK1;SH3BP2;SIRPA;SLC2A3;SLC35D2;SMS;TBL1X;TCEAL4;TIMP1;TLR2;TMEM123;TNFAIP2;TPI1;TRIO;TST;TUBA1A;TUBA4A;VCAN;VDAC1;YBX3;ZFP36L1	ACTN1;ADAM28;AHR;AIF1;ANXA1;ASAH1;ASAP1;BCL6;CACNA2D3;CD163;CEBPB;CEBPD;CLIC2;CST3;DHRS3;DOCK5;DPYD;EPB41L2;FGR;FLNA;FYN;HK2;HLA-DRA;IFITM3;IL1B;IRAK3;LDHA;LGALS1;LGALS3;LIMS1;MEGF9;MSN;NLRP3;PADI2;PID1;PLXNC1;PSTPIP2;PTGER4;RBPJ;RGCC;RTN1;S100A4;SAT1;SEC14L1;SGK1;SLC2A3;TBL1X;TIMP1;TLR2;TPI1;TUBA1A;VCAN;ZFP36L1
GO_BP::GOBP_CELL_CELL_SIGNALING	1007	205	5.3822326508262724e-08	1.1383504851358937e-05	1007	205	term_score_28	AACS;ABAT;ABCA1;ABCC4;ABCC8;ABHD6;ABL1;ABR;ACSL4;ACVR2B;ADAM10;ADARB1;ADCY1;ADCY5;ADCY8;ADGRB1;ADGRE5;ADGRG1;ADNP;ADORA1;ADORA3;ADRA1A;ADRB2;AFDN;AGER;AIMP1;AKAP12;AKAP5;AKAP7;AKAP9;AKT1;ALOX5;ALS2;AMER2;AMFR;AMOTL1;AMPH;ANAPC2;ANK2;ANKRD6;ANXA1;APBA1;APBA2;APBA3;APC;APC2;APCDD1;APOE;APP;ARF1;ARHGAP44;ARL6;ARRB2;ASIC2;ATAD1;ATF4;ATP1A2;ATP2A2;ATP6AP2;ATP6V0C;ATXN3;AXIN1;BACE1;BAD;BAIAP2;BAIAP3;BCAS3;BCL7B;BCL9;BCL9L;BCR;BEGAIN;BICC1;BLOC1S6;BRAF;BRD7;BRSK1;BRSK2;BSN;BTBD9;BTK;BTRC;C12orf43;C1QA;C1QTNF3;C2CD2L;CACNA1A;CACNA1B;CACNA1C;CACNA1D;CACNA1E;CACNA2D1;CACNB1;CACNB2;CACNB3;CACNB4;CACNG2;CACNG3;CACNG7;CACNG8;CADPS;CADPS2;CALCOCO1;CAMK2A;CAMK2B;CAMK2G;CAMKV;CAPN10;CAPRIN2;CASK;CBLN2;CBY1;CCAR2;CCDC186;CCDC88C;CCND1;CCNY;CCNYL1;CCR1;CCR5;CD33;CDC42;CDC73;CDH11;CDH2;CDH3;CDH8;CDHR3;CDK14;CDK16;CDK5R1;CDKL5;CELF4;CELSR2;CELSR3;CEP89;CFTR;CGAS;CHD7;CHD8;CHGA;CHMP2B;CHRFAM7A;CHRM2;CHRM3;CHRM5;CHRNE;CLCN3;CLN3;CLOCK;CLSTN1;CLSTN2;CLSTN3;CNP;CNR1;CNTN2;CNTN4;CNTNAP4;COLQ;CPE;CPEB3;CPLX1;CPLX2;CPT1A;CRB1;CRBN;CREB1;CRHBP;CRKL;CRY1;CRY2;CSNK1A1;CSNK1D;CSNK1E;CSNK1G1;CSNK1G2;CSNK1G3;CSNK2A1;CSNK2A2;CSNK2B;CSPG5;CTBP2;CTDNEP1;CTF1;CTNNB1;CTNNBIP1;CTNND1;CTNND2;CTR9;CUL3;CUX2;CX3CL1;CX3CR1;CXADR;CXCL12;CXCL14;CXXC4;CYB5R4;CYFIP1;CYLD;CYP19A1;CYP46A1;DAAM1;DAAM2;DAB2;DAB2IP;DACT1;DACT3;DAG1;DAGLA;DAPK3;DBN1;DCC;DDB1;DDIT3;DDX3X;DGKE;DGKI;DGKZ;DISC1;DIXDC1;DKK3;DLG1;DLG2;DLG3;DLG4;DLGAP1;DLGAP2;DLGAP3;DLGAP4;DMD;DMPK;DNAJC5;DNM1;DOC2A;DRP2;DTNA;DTNB;DTNBP1;DVL1;DVL2;DVL3;DYSF;EDA;EEA1;EFNA5;EFNB1;EFNB2;EGFR;EIF2AK4;EIF4A3;EIF4E;EIF4EBP2;EIPR1;EMD;ENSA;ENY2;EPHA4;EPHA5;EPHA7;EPHB1;EPHB2;ERC1;ERC2;ESR2;EXOC4;EXT1;EZH2;F2RL1;FABP5;FADS1;FAM107A;FAM53B;FARP1;FBXL20;FBXO45;FBXW11;FBXW4;FCHSD1;FCHSD2;FERMT2;FFAR4;FGF11;FGF12;FGF13;FGF14;FGF17;FGF2;FGF20;FGFR2;FLNA;FLOT1;FMR1;FOXO1;FRAT1;FRAT2;FRMD8;FRRS1L;FXR1;FYN;FZD1;FZD2;FZD3;FZD6;G3BP1;GABARAP;GABBR1;GABBR2;GABRA1;GABRA2;GABRA3;GABRA4;GABRA5;GABRB1;GABRB2;GABRB3;GABRD;GABRG1;GABRG2;GABRG3;GABRR2;GAD1;GAD2;GAL3ST4;GFAP;GHRL;GID8;GIPC1;GIT1;GJA1;GLRA3;GLRB;GLS;GLUD1;GNA11;GNA15;GNAI2;GNAQ;GNB1;GPC5;GPLD1;GPNMB;GPR158;GPR176;GPRC5B;GRAP;GRB10;GREM1;GRIA1;GRIA2;GRIA3;GRIA4;GRID1;GRID2;GRID2IP;GRIK1;GRIK2;GRIK3;GRIK4;GRIK5;GRIN1;GRIN2A;GRIN2B;GRIN2D;GRIN3A;GRK2;GRK5;GRK6;GRM1;GRM3;GRM5;GRM7;GRM8;GSK3A;GSK3B;GSKIP;GUCA1B;GUCY1A1;GUCY1B1;HADH;HBP1;HDAC1;HDAC6;HECW1;HESX1;HFE;HGF;HHEX;HIF1A;HILPDA;HIP1;HLA-DRB1;HMGCR;HMGXB4;HOMER1;HRAS;HRH1;HRH2;HSP90AB1;HTR1E;HTR2A;HTR2B;HTR2C;HTR4;HTR7;IFT20;IFT80;IGSF11;IL15;IL18;IL1A;IL1B;IL1RAP;IL1RAPL1;IL7;ILDR2;ILK;INA;INSYN2B;INVS;IQSEC2;IRS2;ITGA3;ITGAV;ITGB1;ITGB2;ITGB8;ITPR1;JADE1;JAGN1;JAK2;JPH3;JPH4;JRK;JUP;KANK1;KAT2A;KCMF1;KCNA2;KCNB1;KCNC4;KCND2;KCNIP2;KCNJ3;KCNJ5;KCNMB1;KCNMB4;KCNN2;KCNQ1;KCNQ2;KCNQ3;KCTD13;KDM5B;KIF1B;KIF5A;KIF5B;KLF10;KLF7;KLHL12;KMO;KMT2A;KPNA1;KPNA4;KRAS;KREMEN1;LAMA2;LARGE1;LATS1;LATS2;LDB1;LEO1;LGI1;LGMN;LGR4;LILRB1;LILRB2;LIMD1;LIN7A;LIN7B;LIN7C;LMBR1L;LNPEP;LRFN2;LRP1;LRP4;LRP6;LRP8;LRRC4;LRRC4C;LRRC8A;LRRFIP2;LRRK1;LRRK2;LRRTM2;LTBP1;LTBP3;LTBP4;LY6H;LYN;LZIC;LZTS2;MACF1;MAGI2;MAOB;MAP1A;MAP1B;MAP2K6;MAPK1;MAPK14;MAPK3;MAPK8IP2;MAPK9;MAPT;MARK1;MARK2;MBD2;MBP;MCC;MCTP1;MCTP2;MCU;MDFIC;MECP2;MED12;MEF2C;MERTK;MESD;MIDN;MIF;MINK1;MITF;MKS1;MLLT3;MPC2;MPP2;MPZ;MPZL1;MTMR2;MYOF;MYRIP;NADK;NALCN;NAMPT;NAPA;NAPB;NCDN;NCSTN;NDRG2;NDUFAF2;NEFL;NETO1;NEURL1;NF1;NFKB1;NGDN;NIBAN2;NKD1;NLGN1;NLGN2;NLGN3;NLGN4X;NLGN4Y;NLK;NOTCH1;NPHP3;NPHP4;NPR2;NPTN;NPTX1;NR1D1;NR3C1;NR4A1;NR4A2;NRG3;NRP1;NRROS;NRXN1;NRXN2;NSMF;NTNG1;NTNG2;NTRK2;NUDT3;NUP155;NXN;OPHN1;OPRM1;ORAI1;OSBP;OTUD5;OTULIN;P2RX1;P2RX4;P2RX7;PACSIN2;PAF1;PAFAH1B1;PAIP2;PANX1;PARK7;PASK;PAX8;PBXIP1;PCDH17;PCK2;PCLO;PCSK1;PCSK5;PDE7B;PDE8B;PDE9A;PDGFA;PDGFB;PER2;PFDN5;PFKFB2;PFKL;PFKM;PFN1;PFN2;PIAS4;PICK1;PIM3;PIN1;PINK1;PIP5K1C;PKD1;PKD2;PKP4;PLA2G4A;PLA2G6;PLAT;PLCB1;PLCG1;PLCG2;PLCL1;PLCL2;PLK2;PLP1;PLPP3;PLPPR4;PMP22;PNKD;PORCN;PPARG;PPFIA2;PPFIA3;PPM1A;PPM1B;PPM1N;PPP1CA;PPP1R9A;PPP2CA;PPP2R1A;PPP3CA;PPP3CB;PPP3R1;PPT1;PRDM15;PREPL;PRICKLE1;PRICKLE2;PRKAA1;PRKAA2;PRKACA;PRKAR1A;PRKAR1B;PRKAR2B;PRKCB;PRKCE;PRKCG;PRKCZ;PRKD1;PRKN;PRNP;PRRT1;PRRT2;PSEN1;PSMD9;PTCHD1;PTEN;PTK2B;PTK7;PTN;PTPN11;PTPN23;PTPRA;PTPRD;PTPRN;PTPRN2;PTPRO;PTPRS;PXK;PYGO2;RAB11B;RAB11FIP1;RAB11FIP2;RAB11FIP3;RAB11FIP5;RAB1A;RAB3A;RAB3GAP1;RAB5A;RAB8A;RAB8B;RAC1;RACK1;RAF1;RANGRF;RAP1A;RAP1B;RAPGEF2;RAPGEF4;RASGRF1;RASGRF2;RBM4;RBMS3;RBPJ;RBX1;RECK;RELA;RELN;REST;RFX3;RGS10;RGS14;RGS4;RHOA;RIC3;RIMBP2;RIMS1;RIMS2;RIMS3;RIT2;RNF10;RNF138;RNF14;RNF146;RNF167;RNF19A;RNF207;RNF213;RNF220;ROR2;RPH3A;RPH3AL;RPS12;RPS6KA1;RPS6KA2;RPS6KA3;RPS6KB1;RSPO2;RTF1;RTN4;RUVBL1;RUVBL2;RYK;RYR2;S100A8;S100A9;S100B;SALL1;SCG5;SCN1B;SCN3B;SCRIB;SCYL2;SDCBP;SDHAF2;SELENOM;SELENOT;SEMA4F;SEMA5A;SENP2;SERP1;SERPINE2;SEZ6;SH3KBP1;SHANK1;SHANK2;SHANK3;SHISA6;SHISA7;SHISA9;SIAH1;SIAH2;SIDT2;SIPA1L1;SIRT3;SIRT6;SKI;SLC12A2;SLC12A4;SLC12A5;SLC12A6;SLC12A7;SLC16A1;SLC16A10;SLC17A7;SLC1A1;SLC1A2;SLC1A3;SLC1A4;SLC24A1;SLC24A2;SLC25A22;SLC29A1;SLC30A1;SLC38A1;SLC38A2;SLC4A10;SLC4A8;SLC6A1;SLC6A6;SLC7A11;SLC8A2;SLC8A3;SLC8B1;SLC9B2;SLITRK5;SMAD2;SMAD3;SMAD4;SMARCA4;SMPD3;SMURF1;SMURF2;SNAP23;SNAP25;SNAP29;SNAP47;SNAPIN;SNCA;SNCAIP;SNCB;SNPH;SNX14;SNX19;SNX3;SNX4;SNX6;SORCS2;SORCS3;SOX4;SPG11;SPIN1;SPP1;SQSTM1;SRC;SREBF1;SRF;SRGN;SRI;SSH1;STAB1;STAC3;STAU1;STAU2;STK11;STK3;STK4;STRN;STX11;STX1A;STX1B;STX2;STX3;STX4;STXBP1;STXBP2;STXBP3;STXBP4;STXBP5;SULF2;SV2A;SV2B;SYAP1;SYBU;SYK;SYN1;SYN2;SYN3;SYNE1;SYNGAP1;SYNGR1;SYNJ1;SYP;SYPL1;SYT1;SYT11;SYT12;SYT13;SYT17;SYT4;SYT6;SYT7;SYT9;TACR1;TARDBP;TAX1BP3;TBC1D24;TBL1X;TBL1XR1;TCF7;TCF7L2;TCIRG1;TGFB1;THY1;TIAM1;TLE1;TLE2;TLE3;TLE4;TLE5;TLR2;TM2D3;TM7SF3;TMEM108;TMEM131L;TMEM132A;TMEM170B;TMEM237;TMEM25;TMEM64;TMEM67;TMEM9;TMF1;TMOD2;TNFAIP3;TNFRSF11A;TNFRSF1B;TNFSF10;TNFSF8;TNIK;TNKS;TNKS2;TNR;TNXB;TOR1A;TPGS1;TPRG1L;TRHDE;TRIO;TRPM4;TRPV1;TRPV4;TSC2;TSHR;TSHZ3;TSPAN32;TSPO;TSPOAP1;TTC21B;TYROBP;UBAC2;UBE2B;UBE2Q1;UBE3A;UBR5;UCN;UCP2;UNC119;UNC13A;UNC13B;UNC13C;UQCC2;USP14;USP34;USP46;USP47;USP8;UTRN;VAMP2;VAMP3;VAMP7;VAMP8;VCP;VDAC1;VGLL4;VPS18;VPS35;VPS4B;VPS54;VSNL1;WLS;WNK1;WNK2;WNT2B;WNT5A;WNT5B;WWOX;WWTR1;XIAP;YTHDF1;YWHAG;YWHAH;ZBED3;ZBTB33;ZDHHC12;ZDHHC2;ZDHHC3;ZEB2;ZMYND8;ZNF703;ZNRF3;ZRANB1;ZYX	ABAT;ABCA1;ABCC4;ABL1;ADARB1;ADCY5;ADGRB1;AFDN;AKAP7;AMER2;AMPH;ANK2;ANXA1;APBA1;APOE;BAIAP2;BCAS3;C1QA;CACNA1A;CACNA1B;CACNA1C;CACNA1D;CACNA1E;CACNA2D1;CACNB4;CAMK2A;CASK;CBLN2;CDK14;CELF4;CELSR3;CFTR;CLSTN2;CPE;CTNND2;CUX2;CX3CR1;CXADR;DAAM1;DACT3;DIXDC1;DLGAP1;DTNA;EDA;EFNA5;EPHA4;EPHB2;ERC2;EZH2;FARP1;FERMT2;FGF11;FGF12;FGF13;FGF14;FGF17;FGF2;FLNA;FOXO1;FYN;GABRA5;GABRB1;GABRG2;GFAP;GHRL;GJA1;GPC5;GPNMB;GREM1;GRID1;GRIK1;GRIK5;GRIN1;GRIN2A;GRIN2B;GRM1;GRM5;GRM7;HECW1;HESX1;HGF;HIF1A;HILPDA;HIP1;HLA-DRB1;HOMER1;HRH1;HTR1E;HTR2B;HTR7;IGSF11;IL15;IL1A;IL1B;IL7;INSYN2B;IQSEC2;ITGB8;KCND2;KCNMB1;KCNMB4;KCNQ2;KCNQ3;KDM5B;LATS2;LIMD1;LRRC4C;LRRK2;MAGI2;MAP2K6;MAPT;MCC;MCTP1;MCTP2;MERTK;MITF;MLLT3;NALCN;NAMPT;NCDN;NIBAN2;NKD1;NLGN1;NLGN4Y;NPTX1;NR4A1;NRG3;NRP1;NRXN1;NXN;OPHN1;OPRM1;PANX1;PCSK5;PDGFB;PFN2;PKD1;PLAT;PLCB1;PLCG2;PLCL1;PLPP3;PMP22;PPARG;PPFIA2;PPP1R9A;PRICKLE2;PRKCB;PRKCE;PRKN;PTK2B;PTPRD;PTPRN;PTPRN2;RAPGEF4;RBMS3;RBPJ;RFX3;RIC3;RIMS2;RIT2;RNF19A;RPH3A;RYR2;S100A8;S100A9;S100B;SDCBP;SHANK3;SHISA9;SIPA1L1;SLC12A6;SLC16A10;SLC1A3;SLC4A8;SLC7A11;SMAD3;SMURF1;SNAP25;SNCA;SNCAIP;SPP1;SRGN;STAB1;STX11;SULF2;SYN2;SYN3;SYT1;SYT6;SYT7;TBL1X;TGFB1;TIAM1;TLR2;TNFRSF1B;TRHDE;TSHR;TSHZ3;UCN;UNC13B;UTRN;WLS;WNT2B;WWOX
Immune::GSE30971_WBP7_HET_VS_KO_MACROPHAGE_2H_LPS_STIM_DN	140	45	7.021165208348596e-08	1.3828270501808517e-05	140	45	term_score_29	ACP3;ADGRE1;AGFG1;AGO2;ANKLE2;ANXA7;ARHGAP24;ASAP2;ATF7IP;ATL3;B3GNT2;BAALC;BACH1;BASP1;BATF;BCL2A1;C18orf21;C1orf21;CASP5;CD274;CDC42EP3;CDKN2A;CEMIP;CHI3L1;ELL2;ENPP2;ENPP4;ETV3;EZH2;FBXL3;FERMT2;FLT1;FPR2;FRMD6;FSD1L;GADD45B;GFPT2;GK5;GNG2;GRAMD1A;GTDC1;HDAC9;HEBP2;HLX;HMGCS1;IER3;IER5;IL10;IL15RA;IL4R;IL7;ITGB8;KANK1;KDM7A;KLF6;KTN1;LCOR;LDLRAD3;LILRB2;LIMK2;LLGL2;LMO2;LRIG1;MAP3K1;MAP3K4;MAP3K5;MAP4K4;MCTP2;MED16;MFSD2A;MGAT2;MIR155HG;MRPL52;MRPS10;MTF1;NEDD4;NEDD4L;OTUD1;PAPSS2;PDE8A;PDSS1;PELI1;PIK3AP1;PIKFYVE;PIM1;PLA2G4A;PLAC8;PLAGL2;PLAT;PLD1;PLGRKT;PNPLA8;PRRC1;PTEN;PTPN2;RALGAPA1;RBM17;REST;RPS6KC1;RUBCNL;SAMSN1;SAP30BP;SASH1;SERPINB1;SLC16A10;SLC22A1;SLC25A37;SLC25A45;SLC37A3;SLC7A7;SMPDL3A;SNAPC1;SOCS3;SOS1;SPATA6;STAT3;STAT4;STK26;STON2;SURF4;SVIL;SYT17;TBC1D30;TFRC;TGFA;THAP1;THRAP3;TLR8;TNFAIP8;TNFRSF1B;TP53BP2;TRAF1;TRAF3IP2;TRIM36;TRIP10;USP12;VAV1;VNN2;WTAP;ZFR	AGFG1;BACH1;BCL2A1;C1orf21;CEMIP;CHI3L1;ELL2;EZH2;FERMT2;FLT1;FRMD6;GADD45B;GTDC1;IER5;IL7;ITGB8;LIMK2;LRIG1;MCTP2;MIR155HG;NEDD4L;OTUD1;PAPSS2;PDE8A;PELI1;PLAC8;PLAT;PLD1;PLGRKT;PTPN2;SAMSN1;SASH1;SLC16A10;SLC25A37;SNAPC1;SOCS3;SPATA6;STON2;SVIL;TBC1D30;TFRC;TGFA;TNFAIP8;TNFRSF1B;TRIM36
Immune::GSE7219_UNSTIM_VS_LPS_AND_ANTI_CD40_STIM_NIK_NFKB2_KO_DC_DN	154	48	7.625893866147114e-08	1.4661688802175701e-05	154	48	term_score_30	ABR;ADAM19;ADAP1;ADGRG1;AHI1;APLP2;ARHGAP39;ARHGEF12;ARID5A;ARRDC3;ARSB;ATF3;ATP2B4;ATP6V0D1;B4GALNT4;BAG3;BAIAP2;BHLHE40;BTG2;CBX4;CCNI;CD86;CDKN1A;CEMIP2;CISH;CLIC4;CORO2A;CREM;CYP51A1;DEDD2;DNAJA4;DNAJB1;DOCK9;EHD1;ENTPD1;ERN1;ETS2;EXT1;EYA2;FGL2;FMNL3;FNDC3A;FOSL2;FTH1;GABARAPL1;GADD45B;GLRX;GNG2;GRINA;GTF3C1;H2AX;HERPUD1;HIF1A;HIP1;HPGDS;HSP90AB1;HSPA1A;ICAM1;IER5;IFI44;IFITM2;IFITM3;IL21R;INPP4B;INPP5F;ISG20;ITGAE;ITM2C;JUN;KIF15;LAMC1;LGALS3BP;LMNB1;LRRC8D;LY6E;LY6G5B;MACROH2A1;MAPKAPK3;MDFIC;MFSD10;MVB12B;MXD1;NEDD9;NEK6;NFIL3;NFKBIA;NFKBIE;NR4A3;NUP98;PDE4B;PIK3AP1;PIP5K1B;PMEPA1;PPP1R15A;PPP1R16B;PPP3CC;PRDX6;PRKCH;PTGER4;PTK2B;PTPRJ;PYGL;QSOX1;RBPJ;RFTN1;RGS1;RGS10;RGS16;RGS2;RHOB;RNF149;RNF213;SELENON;SIPA1L1;SIRT1;SKIL;SLC16A10;SLC16A6;SLC39A6;SLC3A2;SLC41A2;SLC7A5;SMOX;SNX9;SORL1;SPRY1;SPTY2D1;SQLE;SQSTM1;SSBP2;ST8SIA1;STAT2;STAT3;SURF4;SYTL2;TGFBR3;TJP1;TNFRSF1B;TNFSF10;TNFSF13B;TOB2;TRIB1;TRIM14;TSPAN3;TTC39C;UBC;UGCG;WNK1;XBP1;ZFP1;ZFP36;ZFP36L1;ZNRF1;ZYG11B	AHI1;ARSB;ATF3;BAG3;BAIAP2;BTG2;CEMIP2;CLIC4;DNAJB1;DOCK9;ETS2;EYA2;FNDC3A;FOSL2;FTH1;GABARAPL1;GADD45B;GLRX;HIF1A;HIP1;HSPA1A;IER5;IFITM3;INPP4B;ITM2C;JUN;NR4A3;PDE4B;PIP5K1B;PPP1R15A;PRKCH;PTGER4;PTK2B;RBPJ;RGS1;RGS16;SIPA1L1;SLC16A10;SLC41A2;SPRY1;SSBP2;TGFBR3;TJP1;TNFRSF1B;TNFSF13B;UBC;ZFP36L1;ZNRF1
Immune::HARALAMBIEVA_PBMC_M_M_R_II_AGE_11_22YO_VACCINATED_VS_UNVACCINATED_7YR_DN	522	119	1.0820206825552152e-07	2.0319341887519448e-05	522	119	term_score_31	A2M;A2M-AS1;AATK;ABCC3;ABCC5;ABHD2;ACADVL;ACOT11;ACP3;ADAM15;ADAM22;ADAMTS10;ADI1;ADK;ADORA3;AGAP1;AHNAK;AIF1;AKR7A2;ALDH1A1;ALDH2;ALDH3A2;ALDH7A1;ALK;ALOX5;AMPD2;ANOS1;AP1S2;AP2S1;APBA1;APBB1IP;APLP2;APMAP;APOC1;APOE;ARAP3;ARHGAP18;ARHGAP20;ARHGAP4;ARHGAP6;ARHGDIB;ARHGEF4;ARPIN;ARRB1;ARRB2;ARRDC2;ASB13;ASRGL1;ATP2B1;ATP5PB;ATP6AP2;ATP6V0A1;ATP9A;ATPSCKMT;BAIAP2-DT;BHLHE41;BLVRB;BMF;BNC2;BRI3BP;C12orf57;C14orf132;C1QA;C1QC;C1orf162;CACHD1;CACNA1D;CACNA2D4;CALM2;CALU;CAMK1;CARD9;CASS4;CAT;CBX7;CCDC149;CCDC170;CCDC9B;CD14;CD163L1;CD300LF;CD33;CD4;CD9;CD93;CEACAM19;CEBPA;CENPK;CERK;CFAP44;CHI3L1;CHL1;CHN2;CLCN4;CLCN5;CLDN7;CLEC11A;CLEC4A;CLEC5A;CLEC7A;CLMN;CMTM4;CNRIP1;COL18A1;COL19A1;COL23A1;COLEC12;COLGALT1;COTL1;CPM;CPNE9;CPVL;CR1;CREB5;CREBL2;CRISPLD2;CRTAP;CRYL1;CSF1R;CTDSPL;CTNNBIP1;CTSA;CTSF;CTTNBP2;CYBB;CYBRD1;CYFIP1;CYP1B1-AS1;CYP27A1;DAB2;DAD1;DBNL;DBP;DEF8;DEPTOR;DHRS9;DLEU7;DLG4;DNER;DNM1;DOC2A;DOCK3;DPCD;DPEP2;DPYD;DSC2;DSCAML1;DTNA;DYNC2H1;EEF2K;EIF3F;EIF3L;EIF4B;EIF4EBP1;EPB41L1;EPHB3;EPHX4;EPS8;ERP27;ESYT1;EVI2B;F13A1;FADS1;FAH;FAM13A;FAM153A;FAM171B;FAM210B;FAXDC2;FBP1;FCGR1A;FCGR2A;FCGR2B;FCGRT;FES;FFAR4;FGD4;FKBP1A;FOLR2;FOS;FOXRED2;FPR1;FRMD4B;FTCDNL1;FUCA1;FXYD7;GAPT;GAS2L3;GAS7;GASK1B;GATM;GDPD3;GLIPR1;GNAQ;GPAT3;GPNMB;GPR34;GPR82;GPRASP2;GPRC5B;GRAMD4;GSN;GSTA4;GSTM2;HAAO;HAMP;HCST;HGF;HHEX;HIP1;HLA-DMA;HLA-DMB;HLF;HNMT;HOPX;HRH2;HSD17B4;HTR7;HTRA1;ICAM5;IER5L;IFNGR1;IL16;IL18BP;IL1A;IMPA2;INSR;IQCK;ITGAM;ITGB2;ITGB2-AS1;ITGB5;JAML;KANK2;KCNAB2;KCNC3;KCNJ5;KCNMB4;KCNQ1;KIAA0930;KIF5A;KLF2;KLF3-AS1;KLF7;KLHL3;LAT2;LDLRAD3;LDLRAP1;LGALS3;LGR4;LILRA1;LILRA2;LILRB5;LIME1;LINC00926;LINC01094;LINC02035;LIPA;LOXL3;LPL;LRMDA;LRP1;LRP3;LRRC25;LST1;LTA4H;LTBP2;LY86;LY96;LYZ;M1AP;MACROH2A1;MAML3;MAN2B1;MARVELD1;MATK;ME1;METTL7A;MGAM;MGST2;MICAL2;MINDY1;MLEC;MMP28;MMRN1;MPEG1;MRC1;MRC2;MROH6;MS4A6A;MYO7A;NAIP;NAT8L;NCEH1;NEFL;NEFM;NEK6;NEXMIF;NFAM1;NFIA;NFXL1;NHS;NHSL2;NINJ2;NLRC4;NLRP1;NOXA1;NRCAM;NRG1;NRGN;NTN4;NUDT6;OLFM1;OLFM2;OPRL1;OTOA;OXNAD1;P2RY13;PADI2;PALD1;PAPSS2;PARM1;PC;PCSK6;PCYOX1;PDGFC;PDK4;PDZD4;PECAM1;PFDN5;PID1;PKIB;PLB1;PLBD1;PLCB2;PLIN2;PLPPR2;PLXDC1;PLXDC2;PLXNA1;PMFBP1;PNPLA7;PPARG;PPFIA4;PPM1H;PPM1M;PPT1;PRAM1;PRKAR2A;PROS1;PSRC1;PSTPIP1;PTGFRN;PTGS1;PYGL;QSOX1;RAB37;RAB3A;RAB3D;RAB3IL1;RAI14;RAPH1;RARRES1;RASA4;RASGRF1;RASGRP2;RASGRP4;RASL10A;RASSF2;RBL2;RCN3;REPS2;RGCC;RGS12;RGS14;RGS18;RNASE1;RNASE6;RNF125;RNF130;RPGRIP1;RPL10;RPL17;RPL22;RPL4;RPS3A;RXRA;S100A4;S100A8;S100A9;SAMD1;SATB2;SCARB1;SDC2;SDK2;SELENOP;SEMA3A;SEMA4C;SERPINE1;SETD7;SGCD;SH3BGRL;SH3BGRL3;SH3RF3;SH3TC1;SIGIRR;SIGLEC10;SIGLEC7;SIGLEC9;SIRPB2;SIRPD;SKAP2;SLAMF8;SLC11A1;SLC16A10;SLC16A6;SLC17A7;SLC1A5;SLC24A4;SLC27A1;SLC29A3;SLC2A9;SLC37A2;SLC40A1;SLC46A1;SLC46A3;SLC47A1;SLC48A1;SLC4A7;SLCO2B1;SLITRK4;SMAD6;SNCA;SNX18;SNX29;SNX30;SORL1;SORT1;SPATA6;SPECC1;SPINT2;SPIRE1;SPON1;SRD5A3;SSC4D;SSPN;ST14;ST18;STAB1;STARD13;STEAP3;STK32B;STK32C;STXBP1;STXBP5-AS1;SUMF1;SYK;TBC1D10C;TBC1D14;TBC1D30;TBXAS1;TDRD6;TENM1;TENM4;TESC;TFCP2L1;TFRC;TGFBI;TGFBR1;THBD;TIMP2;TK2;TLN2;TLR5;TLR6;TM6SF1;TMC8;TMCC2;TMED10;TMEM107;TMEM144;TMEM14C;TMEM170B;TMEM273;TMEM71;TMEM86A;TNFAIP8L2;TNFRSF10C;TOMM7;TOP2B;TPCN1;TREM2;TRERF1;TRIM2;TRIQK;TRPC1;TSPAN32;TSPAN4;TSPAN7;TSPO;TTC3;UACA;UBXN11;UCP2;UNC5B;VAMP8;VASH1;VAT1;VCAN;VENTX;VIPR1;VNN1;VSIG4;VSIR;WDR17;XYLB;YPEL3;ZBED3-AS1;ZDHHC7;ZFHX3;ZNF185;ZNF704	AATK;ABCC3;ACOT11;ADAM22;ADK;AGAP1;AHNAK;AIF1;ALDH1A1;APBA1;APBB1IP;APOE;ARHGAP18;ARHGAP20;ARHGAP6;ARRDC2;ATP9A;BNC2;C1QA;C1QC;CACNA1D;CASS4;CCDC170;CD9;CENPK;CHI3L1;CLEC5A;COLEC12;CPM;CTTNBP2;CYP1B1-AS1;DEPTOR;DHRS9;DLEU7;DOCK3;DPYD;DTNA;DYNC2H1;F13A1;FAM13A;FAM153A;FOLR2;FOS;FRMD4B;FTCDNL1;GAS2L3;GASK1B;GPNMB;GPR34;GRAMD4;HAMP;HGF;HIP1;HTR7;IL1A;INSR;JAML;KCNAB2;KCNMB4;LGALS3;LILRB5;LINC01094;LPL;LY96;LYZ;MATK;MICAL2;MMP28;MRC1;NEXMIF;NFIA;NLRP1;NRGN;OLFM1;PADI2;PAPSS2;PC;PDK4;PID1;PLIN2;PLXDC1;PPARG;PRAM1;PROS1;RASL10A;RGCC;S100A4;S100A8;S100A9;SDC2;SELENOP;SERPINE1;SH3RF3;SIRPD;SLC16A10;SLC2A9;SNCA;SPATA6;SSC4D;SSPN;ST18;STAB1;STARD13;TBC1D10C;TBC1D14;TBC1D30;TENM1;TENM4;TFRC;TGFBI;TLN2;TLR5;TMEM144;TRIM2;TRPC1;TSPAN4;TSPAN7;UACA;VCAN
GO_BP::GOBP_CELL_SUBSTRATE_ADHESION	233	64	1.2412795219504093e-07	2.2780300317612625e-05	233	64	term_score_32	ABI3BP;ABL1;ACER2;ACTG1;ACTN1;ACTN2;ACTN4;ADAM15;ADAM9;ADAMTS13;AJAP1;AKIP1;ANGPT2;ANTXR1;AP1AR;APOD;ARHGAP6;ARHGEF7;ARL2;ARPC2;ATP1B2;ATXN3;AXL;BCL2;BCL2L11;BCL6;BCR;BRAF;BVES;C1QBP;CALR;CARMIL1;CASK;CASS4;CD44;CD63;CD96;CDC42;CDH11;CDH13;CDK6;CDKN2A;CIB1;CLASP1;CLASP2;COL16A1;COL26A1;COL5A3;CORO1A;CORO1C;CORO2B;CRK;CRKL;CSPG5;CTNNB1;CTTN;CX3CL1;DAB2;DAG1;DAPK3;DDR1;DISC1;DLC1;DMTN;DOCK1;DOCK5;DUSP22;DUSP3;ECM2;EDA;EDIL3;EFNA5;EMILIN1;EMP2;EPB41L5;EPDR1;EPHA3;EPHB1;EPHB3;FAM107A;FER;FERMT2;FERMT3;FGL1;FLNA;FMN1;GAS6;GBP1;GCNT2;GPM6B;GREM1;GSK3B;HPSE;HSD17B12;ILK;ITGA10;ITGA3;ITGA4;ITGA5;ITGA6;ITGA7;ITGA9;ITGAE;ITGAL;ITGAM;ITGAV;ITGAX;ITGB1;ITGB1BP1;ITGB2;ITGB3;ITGB5;ITGB8;JAG1;JAK2;JAM3;JUP;KANK1;LAMB1;LAMC1;LDB1;LIMCH1;LIMS1;LPXN;LYVE1;MACF1;MADCAM1;MAP4K4;MERTK;MICALL2;MINK1;MKLN1;MMP14;MYADM;MYO1G;NEDD9;NEXMIF;NF1;NF2;NOTCH1;NRP1;NTN4;OTOA;P4HB;PARVB;PARVG;PDGFB;PDPN;PEAK1;PIK3CB;PIK3R1;PIP5K1A;PKD1;PLAU;PLEKHA2;POLDIP2;PPARD;PPFIA1;PPFIA2;PPM1F;PREX1;PRKCE;PRKCZ;PRKX;PTEN;PTK2;PTK2B;PTPRA;PTPRJ;PTPRK;PTPRO;PXN;RAB1A;RAC1;RAC2;RADIL;RASA1;RCC2;RELL2;RHOA;RIN2;ROCK1;ROCK2;RREB1;RSU1;SEMA3E;SERPINE1;SGCE;SIGLEC1;SKAP1;SLC9A1;SLK;SMAD3;SMAD6;SNED1;SORBS1;SORBS3;SPOCK1;SPOCK2;SRC;SRCIN1;SRF;SRGAP2;ST6GAL1;STK4;TAOK2;TBCD;TESK1;TESK2;THBS3;THSD1;THY1;TIAM1;TIMM10B;TLN1;TMEM8B;TNXB;TRIOBP;TRIP6;TRPM7;TSC1;TTYH1;TYRO3;UNC13D;UTRN;VAMP3;VCL;VEGFA;VWC2;WASHC2C;WDPCP;WHAMM;ZYX	ABL1;ACTN1;ANGPT2;ANTXR1;ARHGAP6;AXL;BCL6;CARMIL1;CASK;CASS4;CD44;CD63;CDK6;CLASP2;COL5A3;DOCK1;DOCK5;ECM2;EDA;EDIL3;EFNA5;EPDR1;FER;FERMT2;FLNA;FMN1;GCNT2;GREM1;ITGA4;ITGA6;ITGA9;ITGB8;JAM3;LIMCH1;LIMS1;LYVE1;MERTK;NEXMIF;NRP1;PARVB;PDGFB;PEAK1;PKD1;PLAU;PPARD;PPFIA2;PRKCE;PTK2;PTK2B;PTPRK;RSU1;SEMA3E;SERPINE1;SGCE;SIGLEC1;SMAD3;SNED1;SPOCK1;SPOCK2;ST6GAL1;TIAM1;UTRN;VEGFA;WDPCP
Immune::GSE2935_UV_INACTIVATED_VS_LIVE_SENDAI_VIRUS_INF_MACROPHAGE_UP	125	41	1.4226243277483507e-07	2.5528203214595403e-05	125	41	term_score_33	ABCA3;ABCG1;ABLIM1;ACSF2;ACTN1;ADAM11;ADCY6;ADD3;ANKRD55;CDK5R1;CEP295NL;CHST15;CLASP2;CLSPN;COL4A4;CXXC5;CYTH3;CYTIP;DACT1;DGKA;DNMT3A;DPP6;DUSP10;ENG;EPHX1;ETV3;EXT1;FAM156A;FAM78A;FOXO1;GABRA4;GNAS;GRIA3;GRK6;GTF2IRD1;HDAC4;HIF1A;IDH2;IFNGR2;IFT80;IKBKE;IKZF1;IKZF2;IL17RC;IRS2;ITGAE;JMJD1C;KCNA2;KDM5A;KLF13;KLHDC2;LBH;LIPE;LRP1B;LRRC42;LRRC75A;LRRC8A;MAP4K2;MAP4K4;MFHAS1;MGST2;MTSS1;N4BP2;NAB2;NLK;NMNAT3;NPC2;OSBPL1A;PACSIN1;PDK1;PELI1;PIK3C2A;PITPNM2;PLEKHG2;PLEKHO1;PMEPA1;PRKD2;PRPS2;PTPN14;RAB3IP;RALGPS2;RAMP1;RAPGEF4;RAPGEF6;RASGRP1;RBM38;RGS10;RHOH;RRAS2;S100Z;SATB1;SELENOP;SELL;SEMA6A;SH3PXD2A;SIPA1L1;SLC12A7;SLC16A5;SMC4;SNX30;SPRED1;ST3GAL1;ST6GAL1;ST8SIA1;STAMBPL1;STT3B;SYNPO;TBL1X;TCF20;TCF7;TET1;TFRC;TGFBR3;TIAM1;TIMP2;TMEM108;TMEM131;TMEM214;TOP2B;TOX;TRERF1;TSPAN13;TUBB2A;UBE4B;USP28	ABCA3;ABCG1;ABLIM1;ACTN1;ADD3;ANKRD55;CHST15;CLASP2;CXXC5;CYTIP;DUSP10;FOXO1;GTF2IRD1;HDAC4;HIF1A;LRP1B;MTSS1;NMNAT3;PDK1;PELI1;PITPNM2;PTPN14;RAB3IP;RALGPS2;RAMP1;RAPGEF4;S100Z;SELENOP;SIPA1L1;SMC4;ST3GAL1;ST6GAL1;STAMBPL1;SYNPO;TBL1X;TET1;TFRC;TGFBR3;TIAM1;TOX;TUBB2A
Immune::GSE17974_CTRL_VS_ACT_IL4_AND_ANTI_IL12_4H_CD4_TCELL_UP	157	48	1.4738466778176395e-07	2.5872417224733565e-05	157	48	term_score_34	ACAP1;ADGRE1;AIG1;AK5;ALDOC;ANKRD36C;ARHGEF11;ARRDC3;ASAH1;ATP2B1-AS1;ATXN1L;BBS9;BIN1;BIN2;BRWD1;CDADC1;CGRRF1;CITED2;CKAP2;COMMD9;CRYL1;DDIT4;DHRS13;DIAPH2;DIS3L2;DNAJB1;DPEP2;DTD1;DUSP1;EIF4E3;ENC1;ENPP2;EPHA4;ERP27;EXT1;FAF1;FAM111A;FAM204A;FAM228B;FAM8A1;FBXL12;FBXL16;FHIT;GABBR1;GADD45B;GPATCH2;GPHN;GPRASP2;GRAMD1B;H1-10;H1-2;HAUS3;HAUS5;HSD17B11;IQGAP2;IRF2BP2;IRS2;ISG20;ITGA4;ITPRIP;JUN;KAT6B;KIFC2;KLF11;LCOR;LIMD1;LMO7;LPP;LYRM9;MARCHF2;MEF2D;MPP7;MXD1;MXI1;MYH11;MYO1G;NAAA;NDRG1;NSMCE3;OGFRL1;ORC4;OXNAD1;PARP8;PCIF1;PCNT;PCSK5;PDE4D;PELI2;PGLS;PIGA;PLAC8;PNPLA7;PPP3CC;PRKCA;PRKCB;PRUNE2;PSTK;PTPRB;PTPRM;PTS;RAP1GAP2;RBM33;RCSD1;REC8;RFX3;RGS1;RNF139;S100A6;SAMHD1;SC5D;SGTB;SKAP1;SLC10A7;SLC22A18;SLC22A23;SLC2A3;SLC7A7;SLC9A9;SMIM10L1;SMYD3;SNCAIP;SNN;SNX29;SP140L;ST3GAL5;ST7L;STMN3;SUCLG2;SUSD4;SYNM;TAGLN2;TARBP1;TBC1D5;TDRD3;TIGD1;TJP2;TMEM132B;TNRC6B;TOB1;TPD52;TPM2;TPP1;TRADD;TREM2;TSC22D3;TSPYL4;TTC28;TTC32;TTN;UBASH3B;VNN2;ZC3HAV1;ZDHHC11;ZFP36L2;ZNF101;ZNF34;ZNF831	AIG1;AK5;ALDOC;ASAH1;BIN1;DDIT4;DHRS13;DNAJB1;DTD1;EPHA4;GADD45B;GPATCH2;GPHN;H1-10;IQGAP2;ITGA4;JUN;KAT6B;LIMD1;MXI1;NDRG1;OGFRL1;PARP8;PCSK5;PDE4D;PELI2;PLAC8;PRKCA;PRKCB;PRUNE2;PTPRB;PTPRM;RFX3;RGS1;S100A6;SGTB;SLC10A7;SLC22A23;SLC2A3;SLC9A9;SNCAIP;STMN3;TPD52;TPM2;TSC22D3;TTC28;TTN;UBASH3B
GO_BP::GOBP_G_PROTEIN_COUPLED_RECEPTOR_SIGNALING_PATHWAY	359	88	1.90179755510405e-07	3.2674500547798305e-05	359	88	term_score_35	ABCA1;ABHD6;ACKR4;ACP3;ACTN2;ADCY1;ADCY2;ADCY3;ADCY5;ADCY6;ADCY7;ADCY8;ADCY9;ADCYAP1R1;ADGRA3;ADGRB1;ADGRB2;ADGRB3;ADGRD1;ADGRE1;ADGRE2;ADGRE5;ADGRF3;ADGRG1;ADGRG2;ADGRG5;ADGRG6;ADGRL1;ADGRL2;ADGRL3;ADGRV1;ADORA1;ADORA3;ADRA1A;ADRB1;ADRB2;AGTRAP;AHCYL1;AKAP12;AKAP13;AKAP5;AKT1;ALOX15B;ANXA1;APLP1;APLP2;APOE;ARHGEF1;ARHGEF11;ARHGEF12;ARRB1;ARRB2;ARRDC3;ATP2B4;ATRNL1;BAIAP3;BCAR1;BCAR3;BICD1;C3;C3AR1;C5;C5AR1;C5AR2;CACNA1D;CALCB;CALCR;CALM1;CALM2;CALM3;CAMK2A;CAMKMT;CCR1;CCR5;CDC42;CDK5R1;CELSR2;CELSR3;CHGA;CHRM2;CHRM3;CHRM5;CISH;CMKLR1;CNR1;CNTN2;CPE;CRCP;CRKL;CRTC3;CRY1;CX3CL1;CX3CR1;CXCL12;CXCR4;CYSLTR1;DAGLA;DGKA;DGKB;DGKD;DGKE;DGKG;DGKH;DGKI;DGKQ;DGKZ;DYNLT1;ECE1;ESR1;EZR;F2RL1;FFAR4;FLNA;FPR1;FPR2;FPR3;FRS2;FZD1;FZD2;FZD3;FZD6;GABBR1;GABBR2;GAP43;GHRL;GIPC1;GIT1;GIT2;GLRB;GNA11;GNA12;GNA13;GNA14;GNA15;GNAI1;GNAI2;GNAI3;GNAL;GNAO1;GNAQ;GNAS;GNB1;GNB2;GNB4;GNB5;GNG10;GNG12;GNG2;GNG5;GNG7;GPR132;GPR135;GPR157;GPR158;GPR160;GPR161;GPR162;GPR173;GPR176;GPR180;GPR183;GPR22;GPR34;GPR63;GPR65;GPR82;GPR84;GPR85;GPRASP1;GPRC5B;GPRC5C;GPSM2;GRIK3;GRK2;GRK3;GRK4;GRK5;GRK6;GRM1;GRM3;GRM5;GRM7;GRM8;GSK3A;GTF2H2;HOMER1;HOMER2;HOMER3;HRH1;HRH2;HTR1E;HTR2A;HTR2B;HTR2C;HTR4;HTR7;IGF2R;INPP5A;INPP5K;INSR;IQGAP2;ITGB3;ITPR1;JAK2;KCNQ1;KCTD12;KCTD16;KCTD8;LANCL1;LGR4;LMBRD2;LPAR1;LPAR2;LPAR5;LPAR6;LTB4R;MGLL;MGRN1;NECAB2;NLN;NMT1;NMT2;NPY1R;OPN3;OPRD1;OPRL1;OPRM1;OR3A2;OR52K1;ORAI1;P2RY11;P2RY12;P2RY13;P2RY14;P2RY6;P2RY8;PALM;PARD3;PAX8;PCSK1N;PDCL;PDE2A;PDE3A;PDE3B;PDE4A;PDE4B;PDE4D;PICK1;PIK3CB;PIK3CG;PIK3R5;PIK3R6;PLCB1;PLCB2;PLCB3;PLCB4;PLCE1;PLEK;PLPP1;PLPPR4;PPARG;PPP1R9B;PPP3CA;PREX1;PREX2;PRKACA;PRKACB;PRKAR1A;PRKCA;PRKCB;PRKD3;PRMT5;PSAP;PTAFR;PTGER4;PTH2R;PTK2B;PTPN6;RAC1;RAC2;RAMP1;RAP1GDS1;RAPGEF2;RAPGEF4;RAPGEFL1;RASD1;RASGRP4;RDH11;RELA;RGS1;RGS10;RGS11;RGS12;RGS14;RGS16;RGS17;RGS18;RGS19;RGS2;RGS20;RGS3;RGS4;RGS6;RGS7;RGS7BP;RIC8A;RIC8B;RIMS2;RIT2;ROCK1;ROCK2;RORB;RPGRIP1L;RPH3AL;RXFP1;SCG5;SIGMAR1;SLC24A4;SLC39A14;SLC39A9;SNCA;SORCS1;SORCS2;SORCS3;SORL1;SORT1;SPHK1;SPHK2;SPNS2;SRC;SSTR2;STMN1;SYP;TACR1;TAFA5;TAPT1;TAS2R4;TENM1;TM2D1;TMEM145;TMOD2;TPRA1;TSHR;TUB;TULP3;TYRO3;UBQLN2;UCN;USP20;USP33;VAV1;VIPR1;VPS54;WASF2;YWHAB;ZDHHC21;ZDHHC3;ZDHHC7;ZNF219	ABCA1;ACKR4;ADCY3;ADCY5;ADGRA3;ADGRB1;ADGRD1;ADGRE2;ADGRG2;ADGRG5;ADGRG6;ADGRL1;ADGRL3;ADGRV1;ALOX15B;ANXA1;APOE;BICD1;C3;C5AR1;CACNA1D;CALCR;CALM3;CAMK2A;CAMKMT;CELSR3;CMKLR1;CPE;CX3CR1;CXCR4;CYSLTR1;DGKH;FLNA;GAP43;GHRL;GNA12;GNA13;GPR173;GPR34;GPR85;GPRC5C;GRM1;GRM5;GRM7;HOMER1;HRH1;HTR1E;HTR2B;HTR7;INSR;IQGAP2;KCTD16;LPAR1;LPAR6;MGLL;OPRM1;OR3A2;P2RY12;P2RY8;PCSK1N;PDE3B;PDE4A;PDE4B;PDE4D;PLCB1;PLCB4;PLEK;PLPP1;PPARG;PRKCA;PRKCB;PTGER4;PTH2R;PTK2B;RAMP1;RAPGEF4;RGS1;RGS16;RIMS2;RIT2;RORB;SNCA;SSTR2;STMN1;TENM1;TSHR;TUB;UCN
Immune::GSE9988_ANTI_TREM1_VS_CTRL_TREATED_MONOCYTES_UP	145	45	2.2170343747321685e-07	3.608114152740601e-05	145	45	term_score_36	ABL2;ACSL3;ADO;AFF4;ANKRD28;ASPH;ATF3;ATP2B1-AS1;ATP6V1B2;B3GNT5;BAG3;BANP;CDKN1A;CEBPB;CHSY1;CKS2;CLDND1;CNST;COL15A1;COQ10B;CRADD;CSRNP1;CTSL;DDIT4;DDX5;DUSP1;DUSP3;DYNLT2B;EFR3A;EGLN3;ELL2;ELOC;ESYT2;ETF1;ETS2;FAM131A;FERMT2;FNIP2;FOSL1;GADD45B;GCLM;GCNA;GFOD1;GLA;GNA13;GNPDA1;GPCPD1;GTF2A1;HAVCR2;HECW2;HOMER1;HSPA9;JMJD1C;JUN;KBTBD8;KLF10;KLHL21;KLHL6;LINC-PINT;LONRF3;LPL;LRFN4;LRRC8B;MAFG;MAFK;MAPK6;MIR22HG;MOAP1;MT1E;NAA50;NEU1;NPC1;NR3C1;NR4A1;NR4A2;NRIP3;NRROS;NSMAF;PHACTR1;PLAUR;PLCXD1;PLEKHM1;PLPP3;PNP;PPARG;PPFIA1;PRKAG2;PTPRE;RAB1A;RAB20;RABGEF1;RASD1;RASGEF1B;RGCC;RGS1;RHEB;RIT1;RNF19A;RRAGC;RRAGD;RREB1;RYBP;SELENOK;SESN2;SGK1;SGMS1;SH3BP5;SLC2A3;SLC38A2;SLC3A2;SMIM13;SNAPC1;SNUPN;SNX33;SNX9;SPAG9;SPART;SPP1;SPRY2;ST3GAL6;STARD8;STX3;STX4;TAF9;TBC1D2;TBC1D22B;TBC1D7;TCEAL9;TFRC;TGIF1;THBD;TLNRD1;TMEM38B;TMEM70;TRIB1;TXN;TXNRD1;UPP1;USP12;USP53;XIAP;ZBTB21;ZBTB43;ZC3HC1;ZFYVE16	ABL2;ANKRD28;ATF3;B3GNT5;BAG3;CEBPB;CHSY1;CRADD;DDIT4;EGLN3;ELL2;ESYT2;ETS2;FERMT2;GADD45B;GCLM;GFOD1;GNA13;HOMER1;JUN;KLHL6;LONRF3;LPL;LRFN4;MAPK6;MT1E;NR4A1;NSMAF;PLPP3;PPARG;PRKAG2;RASGEF1B;RGCC;RGS1;RNF19A;SGK1;SH3BP5;SLC2A3;SNAPC1;SPP1;TBC1D2;TCEAL9;TFRC;TMEM38B;USP53
GO_BP::GOBP_POSITIVE_REGULATION_OF_DEVELOPMENTAL_PROCESS	831	172	2.2341264103656973e-07	3.608114152740601e-05	831	172	term_score_37	AAMDC;ABCB10;ABL1;ACACB;ACIN1;ACTB;ACTL6A;ACTL6B;ACVR1;ACVR1B;ACVR2A;ACVR2B;ADAM9;ADCY10;ADD1;ADGRB1;ADGRB3;ADGRL1;ADGRV1;ADNP;ADRB2;AGER;AGGF1;AGO2;AHI1;AKAP6;AKIRIN1;AKT1;AKT3;ALK;ALOX15B;ALOX5;AMBRA1;AMOT;ANAPC2;ANGPT2;ANKRD27;ANKRD54;ANO6;ANXA1;AP3B1;AP3D1;APOE;ARHGEF2;ARHGEF7;ARID1A;ARID1B;ARID2;ARID4A;ARID4B;ARNT;ARRB2;ASIC2;ASXL2;ATAD5;ATF4;ATOH8;ATP11A;ATP2B1;ATP8A2;ATRAID;AXL;B4GALT5;BAD;BAIAP2;BASP1;BAX;BBS2;BBS4;BCL2;BCL6;BCL7A;BCL7B;BCL7C;BCL9L;BEND6;BICRA;BICRAL;BIN1;BLOC1S5;BLOC1S6;BMP1;BMPER;BMPR1A;BMPR1B;BMPR2;BNIP3;BRAF;BRCA1;BRD1;BRD7;BRD9;BRINP1;BRINP2;BRINP3;BRMS1;BRMS1L;BTG1;BTK;BTN2A2;C1QBP;C21orf91;C3;C3AR1;C5AR1;CACNG7;CAMK1;CAMK2B;CAPN2;CAPN3;CAPRIN1;CAPRIN2;CARM1;CASP8;CBFB;CBLN2;CCBE1;CCDC3;CCND1;CCR1;CD4;CD40;CD46;CD53;CD74;CD83;CD86;CDH4;CDKL3;CDKL5;CDKN2B;CDON;CDS1;CEACAM1;CEBPA;CEBPB;CEBPD;CFL1;CFTR;CHD7;CHI3L1;CITED2;CLASP1;CLASP2;CLEC7A;CLIC1;CLSTN1;CLSTN2;CLSTN3;CMKLR1;COBL;CORO1B;CORO1C;CPEB3;CPNE1;CPNE5;CPNE9;CR1;CREB1;CREBL2;CSNK1D;CSNK1E;CTNNB1;CTNNBIP1;CTSH;CUL7;CUX1;CUX2;CX3CL1;CX3CR1;CXCL12;CXCR4;CYB5D2;CYBB;CYFIP1;CYSLTR1;DAB1;DAB2;DAB2IP;DAG1;DBN1;DDAH1;DDHD1;DDHD2;DHX36;DHX37;DICER1;DISC1;DLG4;DLG5;DNM1L;DPF1;DPF2;DPF3;DSCAM;DUSP10;DVL1;DVL2;DVL3;ECM1;ECT2;EEF2K;EFNA5;EFNB2;EHD1;EIF4G1;EIF4G2;ELAPOR2;ELAVL4;EMC10;EMILIN1;EMILIN2;EMP2;ENG;ENPP2;EPHA4;EPHB1;EPHB2;EPHB3;ERAP1;ERBB4;ESRRB;ETS1;ETV5;EVI2B;EXOSC3;EXOSC6;EZH2;EZR;F11R;FAIM;FAM20C;FAM210B;FAXDC2;FBN2;FBXO5;FBXW8;FERMT2;FES;FFAR4;FGF2;FGF20;FGFR1;FGFR2;FIS1;FLNA;FLOT1;FLRT2;FLT1;FMR1;FOS;FOXG1;FOXO3;FRS2;FZD3;GAB1;GAS6;GCNT2;GDI1;GDPD5;GFAP;GHR;GHRL;GJA1;GLIPR2;GOLGA4;GPAM;GPC1;GPM6B;GPRC5B;GREM1;GRID2;GRIP1;GRM5;GRN;GSK3B;HAX1;HCLS1;HDAC1;HDAC2;HDAC6;HGF;HIF1A;HIF1AN;HIPK1;HIPK2;HK2;HLA-DRA;HLA-DRB1;HLX;HMCES;HMG20B;HMGB1;HMGB2;HMOX1;HNRNPU;HOPX;HPSE;HSF1;HSP90AB1;HSPA1A;HSPA1B;HSPB1;HTR2A;HTR2C;ID2;IGF1;IGF1R;IL10;IL12RB1;IL15;IL15RA;IL18;IL1A;IL1B;IL1RAP;IL1RAPL1;IL4I1;IL4R;IL6R;IL6ST;IL7;ILK;IMPACT;ING1;ING2;INPP5D;INSR;IPO7;IST1;ITGA5;ITGAX;ITGB1;ITGB3;ITGB8;ITPKB;ITSN2;JAG1;JAK1;JAK2;JMJD8;JUNB;JUND;JUP;KAT2A;KAT5;KDM1A;KDM2B;KDM4A;KDM5B;KITLG;KLF10;KLHL25;KMT5B;KMT5C;KRAS;KRT10;LAMA2;LAMB1;LAMB2;LAMC1;LBH;LGALS1;LGALS3;LGALS9;LGR4;LIG4;LILRB2;LILRB4;LIMK1;LINGO2;LLPH;LMO3;LOXL2;LPAR1;LPL;LRP3;LRP8;LRRC4B;LRRC8A;LRRN1;LRRN3;LRRTM2;LRRTM3;LTBP3;LYN;MACF1;MACROH2A1;MACROH2A2;MAGED1;MALT1;MAML1;MAN2A1;MAP1B;MAP2K1;MAP2K2;MAP3K13;MAP3K5;MAP6;MAPK11;MAPK12;MAPK14;MAPK6;MAPK9;MAPKAPK5;MAPT;MARCHF5;MCU;MDM2;MECP2;MED1;MEF2C;MEGF8;METRN;METRNL;MFF;MIEF1;MIR17HG;MKKS;MLH1;MMD;MMD2;MMP14;MORF4L2;MRTFB;MSH2;MSR1;MTCH2;MTDH;MTM1;MTOR;MTURN;MUL1;MYC;MYDGF;NAP1L1;NAP1L2;NAPEPLD;NBL1;NCAN;NCKAP1L;NCOA1;NCOA2;NCOA3;NEDD4L;NEDD9;NEFL;NELL1;NEURL1;NF2;NFATC2;NFE2L2;NFKB1;NFKBID;NFKBIZ;NIBAN2;NIN;NINJ1;NIPBL;NKAP;NLGN1;NLGN2;NLGN3;NLRP3;NME2;NOCT;NOTCH1;NOTCH2;NPTN;NR2C2;NRCAM;NRDC;NRG1;NRP1;NRXN1;NSD2;NTRK2;NUDT21;NUMA1;NUMB;NUMBL;OBSL1;OGT;OLFM1;OLFM2;OPRM1;OVOL2;P2RX7;PA2G4;PACSIN1;PAFAH1B1;PAK4;PARP1;PARP2;PARP6;PAX8;PAXIP1;PBRM1;PCID2;PDCD6;PDE3A;PDE5A;PDGFB;PDPK1;PDPN;PEX5;PGAM5;PHF10;PHLDB1;PIAS1;PIEZO1;PIK3CD;PIK3R6;PIM1;PINK1;PITHD1;PKDCC;PKM;PLAA;PLAAT4;PLAG1;PLCB1;PLCG1;PLS1;PLXNA1;PLXNA2;PLXNA3;PLXNA4;PLXNB2;PLXNC1;PLXND1;PMS2;PNP;PPARD;PPARG;PPARGC1A;PPARGC1B;PPIB;PPP1CC;PPP1R13L;PPP2R3C;PPP3CA;PRKAA1;PRKCA;PRKCB;PRKCH;PRKCI;PRKCZ;PRKD1;PRKD2;PRKDC;PRKN;PRMT1;PRMT5;PROX1;PSEN1;PTCH1;PTCH2;PTK2;PTK2B;PTN;PTPRC;PTPRD;PTPRZ1;PUM2;PWP1;RAB21;RACK1;RALA;RALBP1;RANBP3L;RAP1A;RAPGEF2;RAPGEF3;RASGRP1;RB1;RBBP4;RBBP7;RBM19;RBM4;RBPJ;RCOR1;RELA;RELN;REST;RFX3;RGCC;RGS14;RHEB;RHOA;RHOB;RHOH;RIF1;RIMS1;RIMS2;RIN2;RIPK1;RIPK2;RIPOR2;RNF157;ROBO1;ROBO2;ROR2;RPS6KA1;RPS6KA3;RPS6KB1;RPTOR;RREB1;RTN4;RUFY3;RUNX1;RUNX2;RUNX3;RXRA;RXRB;S100B;SAP130;SAP30;SAP30L;SART1;SASH1;SASH3;SAV1;SCARF1;SCIN;SDCBP;SEMA4A;SEMA4D;SEMA5A;SEMA7A;SERP1;SERPINE1;SERPINE2;SERPINF1;SERPINF2;SETD3;SH3GL3;SHANK1;SHANK3;SHB;SHLD1;SHLD2;SHOC2;SHTN1;SIN3A;SINHCAF;SIRT1;SIRT2;SIRT6;SKIL;SLC20A2;SLC23A2;SLC39A12;SLC4A2;SLC6A6;SLC7A5;SLC8A1;SLC9B2;SLIT2;SLITRK4;SLITRK5;SMAD1;SMAD2;SMAD3;SMAD4;SMAD5;SMAD7;SMAP1;SMARCA2;SMARCA4;SMARCB1;SMARCC1;SMARCC2;SMARCD1;SMARCD2;SMARCD3;SMARCE1;SMURF1;SMURF2;SNW1;SOCS3;SOCS5;SOD2;SORL1;SOX12;SOX4;SOX5;SOX6;SP1;SPAG9;SPEN;SPHK1;SPI1;SPINT1;SPIRE1;SPRY1;SPTBN4;SRC;SRF;SRRT;SS18;SS18L1;SSBP3;STAT1;STAT3;STAT5B;STAT6;STAU2;STIM1;STK11;STK24;STK25;STK3;STK4;SUCO;SUDS3;SYAP1;SYK;SYNDIG1;SYT1;SYT17;SYT4;TAL1;TAPT1;TBC1D24;TCF12;TCF3;TCF4;TCF7L2;TENM4;TENT5A;TESC;TESPA1;TET1;TFE3;TFRC;TGFB1;TGFB2;TGFBR1;TGFBR2;TGFBR3;TGIF2;TIAM1;TIAM2;TJP1;TLR2;TLR3;TMEM106B;TMEM119;TMEM64;TMEM79;TMIGD2;TNFRSF1A;TNFRSF1B;TNFSF12;TNFSF13;TNFSF13B;TNXB;TOX;TP53BP1;TRADD;TRAF6;TRAK1;TREM2;TRIB1;TRIM16;TRIM32;TRPC5;TRPM4;TRPV2;TSPO;TTBK1;TWF2;TYROBP;UFL1;UNC13A;UNC5C;UPF3B;UTP25;VCAN;VEGFA;VEGFB;VEZF1;VHL;VLDLR;VNN1;VPS35;VSIR;VSTM2A;VWC2;VWC2L;WARS2;WDFY2;WNK1;WNT2B;WNT5A;WNT5B;WWTR1;XBP1;XKR8;XRCC5;XRCC6;YBX3;ZBED3;ZBTB1;ZBTB16;ZBTB46;ZBTB7B;ZBTB7C;ZC4H2;ZDHHC15;ZDHHC6;ZEB1;ZEB2;ZFP36;ZFP36L1;ZFPM2;ZFYVE27;ZHX3;ZMIZ1;ZMYND8;ZNF16;ZNF219;ZNF268;ZNF322;ZNF335;ZNF365;ZNF385A;ZNF703;ZNHIT1;ZP3	ABL1;ACVR2A;ADGRB1;ADGRL1;ADGRV1;AHI1;AKT3;ALOX15B;ANGPT2;ANXA1;APOE;ATAD5;ATOH8;ATP8A2;AXL;BAIAP2;BCL6;BEND6;BIN1;BMPR1B;BNIP3;BRCA1;BTG1;C3;C5AR1;CBLN2;CD74;CDH4;CEACAM1;CEBPB;CEBPD;CFTR;CHI3L1;CLASP2;CLSTN2;CMKLR1;CUX2;CX3CR1;CXCR4;CYSLTR1;DUSP10;EFNA5;ELAVL4;EMILIN2;EPHA4;EPHB2;ETS1;EZH2;FAM20C;FBN2;FERMT2;FGF2;FGFR1;FLNA;FLRT2;FLT1;FOS;FOXO3;GAB1;GCNT2;GDI1;GFAP;GHRL;GJA1;GREM1;GRM5;HGF;HIF1A;HK2;HLA-DRA;HLA-DRB1;HSPA1A;HSPA1B;HSPB1;IGF1;IGF1R;IL15;IL1A;IL1B;IL4I1;IL7;INSR;ITGB8;JUNB;JUND;KDM5B;LGALS1;LGALS3;LPAR1;LPL;MALT1;MAPK6;MAPT;MSR1;NEDD4L;NFKBID;NIBAN2;NLGN1;NLRP3;NRP1;NRXN1;NSD2;OLFM1;OPRM1;PDE5A;PDGFB;PLCB1;PLXNC1;PPARD;PPARG;PRKCA;PRKCB;PRKCH;PRKN;PTK2;PTK2B;PTPRD;PTPRZ1;RANBP3L;RBPJ;RFX3;RGCC;RIMS2;RIPK2;RIPOR2;RNF157;ROBO1;RUNX1;RUNX2;S100B;SASH1;SCIN;SDCBP;SERPINE1;SHANK3;SHLD1;SLC8A1;SMAD3;SMARCD3;SMURF1;SOCS3;SOD2;SOX5;SPRY1;SPTBN4;SSBP3;SYNDIG1;SYT1;TENM4;TENT5A;TET1;TFRC;TGFB1;TGFB2;TGFBR3;TIAM1;TIAM2;TJP1;TLR2;TNFRSF1B;TNFSF13B;TOX;UNC5C;VCAN;VEGFA;WNT2B;ZBTB16;ZBTB7C;ZC4H2;ZFP36L1;ZFPM2;ZNF365
GO_BP::GOBP_NERVOUS_SYSTEM_PROCESS	591	130	2.418765704868807e-07	3.829712366042278e-05	591	130	term_score_38	AAAS;AARS1;ABAT;ABCA7;ABCC6;ABCC8;ABL1;ABLIM1;ACP3;ADARB1;ADCY1;ADCY3;ADCY5;ADCY8;ADGRB3;ADGRV1;ADNP;ADORA1;ADRA1A;ADRB2;AFF2;AGER;AGTPBP1;AKT1;ALDH7A1;AMFR;ANK3;ANKRD24;APOE;APP;AQP4;ARF4;ARL6;ARL6IP5;ARRB1;ARRB2;ASIC2;ATAD1;ATF6;ATP1A2;ATP2B2;ATP8A1;ATP8A2;ATP8B1;ATPSCKMT;ATXN1;ATXN1L;ATXN7;AXIN1;B2M;B3GAT1;B3GNT2;B4GALT2;BACE1;BAIAP2;BBS1;BBS10;BBS2;BBS4;BBS5;BBS7;BBS9;BCR;BEGAIN;BEST1;BLOC1S4;BRAF;BRINP1;BRSK1;BTBD9;BTG2;C12orf57;C5AR1;CABP1;CABP4;CACNA1D;CACNA1I;CACNA2D4;CACNB2;CACNB4;CACNG2;CACNG3;CACNG7;CACNG8;CAMK2N1;CAMK4;CAMTA1;CASP3;CBR3;CCDC50;CCDC66;CCND2;CDC14A;CDH23;CDH3;CDKN1B;CDKN2D;CELF4;CEMIP;CEP250;CFAP221;CFAP54;CFAP69;CHD7;CHD8;CHL1;CHM;CHMP2B;CHMP4A;CHMP4B;CHRFAM7A;CHRM5;CHRNE;CHST10;CHUK;CIC;CLN3;CLN5;CLN6;CLN8;CLSTN2;CNGA1;CNNM4;CNR1;CNTN2;CNTN5;CNTNAP1;CNTNAP2;COL11A1;COL18A1;CPEB3;CRB1;CREB1;CRHBP;CRTC1;CRYBG3;CRYGS;CRYM;CRYZ;CSMD1;CTNNA2;CTNS;CTSC;CUX2;CX3CR1;CXCL12;CXCR4;CYFIP1;CYP4V2;DAG1;DCTN1;DDHD2;DDIT3;DGCR2;DHRS3;DIAPH1;DICER1;DLG4;DLGAP1;DLGAP2;DLGAP3;DLGAP4;DMD;DMPK;DNAAF4;DNAH9;DNAJC19;DOP1B;DRAM2;DVL1;EEA1;EGFR;EHMT2;EIF2AK3;EIF2AK4;EIF4A3;EIF4EBP2;ELAVL4;EML2;EP300;EPAS1;EPHB1;EPHB2;EYA3;EYS;FABP5;FAM107A;FAM161A;FBXO11;FFAR4;FGF12;FGF13;FIG4;FMR1;FOS;FOSL1;FXN;FYN;FZD2;GAA;GABRA1;GABRA2;GABRA3;GABRA4;GABRA5;GABRB1;GABRB2;GABRB3;GABRD;GABRG1;GABRG2;GABRG3;GABRR2;GATM;GCH1;GHRL;GIGYF2;GIT1;GLRA3;GLRB;GLS;GM2A;GNAS;GNB1;GPI;GPR155;GPR158;GRAP;GRIA1;GRID2;GRIK2;GRIK5;GRIN1;GRIN2A;GRIN2B;GRIN2D;GRIN3A;GRM1;GRM5;GRM7;GRM8;GSDME;GSK3A;GSK3B;GSTM2;GSTO1;GUCA1B;HCN1;HERC1;HEXA;HEXB;HIF1A;HIPK2;HLA-DRA;HMGCR;HOMER1;HOMER2;HPN;HPS1;HRH1;HSP90AA1;HTR2A;HTR2C;HTT;IFT20;IGSF11;IMPG2;INSR;INSYN2B;ITGA3;ITGA5;ITGAX;ITGB1;ITPR1;JAM2;JAM3;JPH3;JPH4;KAT2A;KAT2B;KATNIP;KCNA2;KCND2;KCNE1;KCNJ2;KCNK10;KCNMB2;KCNMB3;KCNMB4;KCNQ1;KCNQ3;KIFC3;KMT2A;KRAS;LAMB2;LARGE1;LDLR;LGMN;LHFPL3;LHFPL4;LHFPL5;LILRB2;LINS1;LPIN1;LRIG1;LRIG2;LRRK2;LXN;MAGT1;MAN2B1;MAP1A;MAPK1;MAPK3;MAPK8IP2;MAPT;MBP;MECP2;MEF2C;MEIS2;METTL23;MFSD2A;MGAT3;MGLL;MKKS;MMP24;MPP2;MTMR2;MTOR;MUSK;MYCBP2;MYH14;MYO6;MYO7A;MYO9A;NAV2;NBN;NCMAP;NCSTN;NDRG4;NDUFB9;NEDD9;NEFL;NETO1;NF1;NIPBL;NIPSNAP1;NLGN1;NLGN2;NLGN3;NLGN4X;NLGN4Y;NOB1;NPAS1;NPR2;NPY1R;NR2F6;NR4A1;NRCAM;NRDC;NRL;NRXN1;NRXN2;NRXN3;NSUN5;NTAN1;NTRK2;OAT;OPA1;OPA3;OPRL1;OPRM1;OR3A2;OR52K1;OTOA;P2RX1;P2RX4;P2RX7;PAFAH1B1;PAIP2;PAK5;PAK6;PARD3;PBX3;PCDH15;PDCL;PDE1B;PDE4A;PDE6B;PDE6D;PDE8B;PEX5;PGAP1;PIAS1;PICALM;PIEZO2;PITPNA;PJA2;PJVK;PKD1L3;PLCB1;PLCB2;PLEC;PLK2;PNKD;POMGNT1;POMK;POU6F2;PPIP5K2;PPP1R9B;PPP3CA;PPP3CB;PPT1;PRKAR1B;PRKAR2B;PRKCG;PRKCZ;PRKD1;PRKN;PRNP;PRRT1;PRRT2;PSEN1;PTCHD1;PTEN;PTK2B;PTN;PTPRZ1;RAB3A;RAB3GAP1;RABGGTA;RABGGTB;RAPGEF3;RASGRF1;RBFOX1;RCAN1;RCSD1;RDH11;RDH5;REEP2;RELN;REST;RETREG1;RGS14;RGS16;RGS4;RIC8A;RIMS1;RIMS2;RIPOR2;RNF10;ROCK2;ROR1;RORB;RP2;RP9;RPGR;RPGRIP1;RPL38;RPS6KA2;RPS6KB1;S100B;SCARB2;SCN1A;SCN1B;SCN2A;SCN8A;SCN9A;SCNN1D;SEMA5B;SERPINB6;SERPINE2;SERPINF1;SETD5;SEZ6;SGK1;SHANK1;SHANK2;SHANK3;SHISA7;SLC11A2;SLC12A5;SLC1A1;SLC1A3;SLC1A4;SLC24A1;SLC24A2;SLC24A4;SLC26A4;SLC26A5;SLC29A1;SLC4A10;SLC6A1;SLC7A11;SLC8A2;SLC8A3;SNAP25;SNCA;SOBP;SOD1;SOD2;SORCS3;SPAG16;SPART;SPATA7;SPECC1;SPG11;SPNS2;SPRY2;SPTBN4;SRC;SRF;SRRM4;SSH1;ST3GAL4;STAC3;STX1A;STX1B;SYNE1;SYNGAP1;SYNJ1;SYNM;SYT11;SYT4;TACO1;TACR1;TAFA2;TANC1;TAS2R4;TBC1D24;TBL1X;TBR1;TENM4;TGFBI;THRA;THRB;TIMM13;TIMM8B;TIMM9;TLR2;TMEM108;TMEM120A;TMEM150C;TMEM25;TMOD2;TMTC4;TNFRSF1B;TNFRSF21;TNR;TPP1;TPPP;TPRN;TREM2;TRIOBP;TRPV1;TRPV2;TSC1;TSHZ3;TTBK1;TTC8;TUB;TUBA1A;TUSC3;TYMP;UBA5;UBA6;UBR3;UCHL1;UCN;UNC119;UNC13B;USP53;VDAC1;VLDLR;VPS35;VPS54;VTI1A;WASF3;WDR1;WDR19;WDR36;WDR47;WFS1;XRCC1;YTHDF1;ZFHX2;ZMPSTE24;ZMYND8;ZNF212;ZNF354A;ZNF385A;ZNF513	ABAT;ABCA7;ABL1;ABLIM1;ADARB1;ADCY3;ADCY5;ADGRV1;APOE;ATP8A1;ATP8A2;ATP8B1;ATXN1;B2M;BAIAP2;BTG2;C5AR1;CACNA1D;CACNB4;CAMK2N1;CAMK4;CBR3;CDH23;CELF4;CEMIP;CLSTN2;CNTN5;CNTNAP2;CRYM;CSMD1;CTNNA2;CUX2;CX3CR1;CXCR4;DHRS3;DIAPH1;DLGAP1;ELAVL4;EPAS1;EPHB2;EYS;FGF12;FGF13;FOS;FYN;GABRA5;GABRB1;GABRG2;GHRL;GPI;GRIK5;GRIN1;GRIN2A;GRIN2B;GRM1;GRM5;GRM7;HIF1A;HLA-DRA;HOMER1;HPN;HRH1;HSP90AA1;IGSF11;INSR;INSYN2B;JAM3;KCND2;KCNE1;KCNMB2;KCNMB4;KCNQ3;KIFC3;LDLR;LRIG1;LRRK2;MAPT;MGLL;MMP24;MUSK;MYO9A;NAV2;NCMAP;NLGN1;NLGN4Y;NPAS1;NR4A1;NRXN1;OPRM1;OR3A2;PBX3;PDE4A;PLCB1;POU6F2;PRKN;PTK2B;PTPRZ1;RBFOX1;RGS16;RIMS2;RIPOR2;RORB;RPL38;S100B;SGK1;SHANK3;SLC1A3;SLC26A4;SLC7A11;SNAP25;SNCA;SOD2;SPAG16;SPTBN4;TAFA2;TBL1X;TENM4;TGFBI;THRB;TLR2;TNFRSF1B;TNFRSF21;TSHZ3;TUB;TUBA1A;TYMP;UCN;UNC13B;USP53;ZFHX2
Immune::GSE2585_CD80_HIGH_VS_LOW_AIRE_KO_MTEC_UP	123	40	2.6045901721531024e-07	4.04462800771852e-05	123	40	term_score_39	ABCA8;ABR;ACP3;ACSL1;ADAM19;ADGRE1;AK1;ANTXR1;AP5Z1;ARL4C;ATP13A4;ATP1B1;ATP5MF;ATP8B4;ATP9A;BNC2;BRINP1;BTG1;BTG3;C1S;CACNA2D3;CARMIL1;CCDC71L;CD200;CD72;CDK3;CH25H;CHCHD10;CLEC4A;CSNK2A2;DDT;DENR;DNER;DUSP1;DVL3;EGLN3;EID1;EMP2;ENOX1;EPHA4;F13A1;FBXO33;FCGR2B;FILIP1L;FKBP14;FNBP1L;FPR1;FYB1;GK;GMCL1;GNAI3;GPR176;GRAMD2B;GRINA;GSK3A;H2AZ1;HAVCR1;HEATR6;HMOX1;HTR2B;IKZF4;IL13RA1;IL1A;IL1RAP;IL20RB;IRAK3;ITGAL;JAG1;JPH4;LRFN4;MAGED1;MAMDC2;MED14;MXI1;MYADM;MYLK4;NCKAP5;NFKBIZ;NRN1;OLFM1;ORAI2;PCBP4;PILRA;PLTP;RAB32;RAB3C;REL;RHOQ;ROGDI;SCIN;SEMA7A;SGCE;SKIL;SLA;SLC1A2;SLC20A1;SLC4A7;SLC7A6;SNCA;SNHG32;SOX5;SPSB1;SRSF11;STK38L;SUCO;SUZ12;SYNC;TAGLN2;TGFBI;TIAM1;TMC7;TMEM178A;TNFAIP2;TPI1;TRAF1;TREM1;VCAN;VTI1A;XYLT2;ZFP91;ZNF143;ZNF264;ZYX	ACSL1;AK1;ANTXR1;ARL4C;ATP9A;BNC2;BTG1;CACNA2D3;CARMIL1;CCDC71L;CH25H;EGLN3;ENOX1;EPHA4;F13A1;FILIP1L;FNBP1L;GK;HTR2B;IL1A;IRAK3;LRFN4;MAMDC2;MXI1;NCKAP5;NRN1;OLFM1;PCBP4;REL;SCIN;SGCE;SNCA;SOX5;TGFBI;TIAM1;TMC7;TPI1;TREM1;VCAN;ZNF143
