cell_type,sdan_weight,program,factor,n_sdan_genes,n_spectra_genes,n_genes_overlap,n_program_genes_total,n_program_genes_overlap,auroc,average_precision
cd4_BL,2.0,SDAN_0,Spectra_0,2000,2966,952,21,9,0.5583834099210557,0.03315946285198426
cd4_BL,2.0,SDAN_0,Spectra_1,2000,2966,952,21,9,0.4667137975727583,0.010367940634387774
cd4_BL,2.0,SDAN_0,Spectra_2,2000,2966,952,21,9,0.595145516672558,0.014118280861730505
cd4_BL,2.0,SDAN_0,Spectra_3,2000,2966,952,21,9,0.6850477200424179,0.015324321826655614
cd4_BL,2.0,SDAN_0,Spectra_4,2000,2966,952,21,9,0.5733474726051608,0.015538590907692138
cd4_BL,2.0,SDAN_0,Spectra_5,2000,2966,952,21,9,0.32308236125839523,0.007167909869058239
cd4_BL,2.0,SDAN_0,Spectra_6,2000,2966,952,21,9,0.5473076469895134,0.011367693805414953
cd4_BL,2.0,SDAN_0,Spectra_7,2000,2966,952,21,9,0.5672204548132438,0.011750909214286537
cd4_BL,2.0,SDAN_0,Spectra_8,2000,2966,952,21,9,0.5468363379285966,0.012485849396242204
cd4_BL,2.0,SDAN_0,Spectra_9,2000,2966,952,21,9,0.3114174620007069,0.007076660226262963
cd4_BL,2.0,SDAN_0,Spectra_10,2000,2966,952,21,9,0.4709555791210086,0.009264284534400782
cd4_BL,2.0,SDAN_0,Spectra_11,2000,2966,952,21,9,0.3644397313538353,0.007748855822154682
cd4_BL,2.0,SDAN_0,Spectra_12,2000,2966,952,21,9,0.33592553316837515,0.007800580606766959
cd4_BL,2.0,SDAN_0,Spectra_13,2000,2966,952,21,9,0.42347119123365146,0.0092667442662916
cd4_BL,2.0,SDAN_0,Spectra_14,2000,2966,952,21,9,0.6169435607399553,0.020809632177648377
cd4_BL,2.0,SDAN_0,Spectra_15,2000,2966,952,21,9,0.3993166018616708,0.008436031733072013
cd4_BL,2.0,SDAN_0,Spectra_16,2000,2966,952,21,9,0.5919641805113703,0.012722259669469351
cd4_BL,2.0,SDAN_0,Spectra_17,2000,2966,952,21,9,0.46046895251561204,0.010437401422470616
cd4_BL,2.0,SDAN_0,Spectra_18,2000,2966,952,21,9,0.4014374926357959,0.00842046236486957
cd4_BL,2.0,SDAN_0,Spectra_19,2000,2966,952,21,9,0.44656533521856956,0.00897508737888219
cd4_BL,2.0,SDAN_0,Spectra_20,2000,2966,952,21,9,0.29315423589018497,0.00703124101979723
cd4_BL,2.0,SDAN_0,Spectra_21,2000,2966,952,21,9,0.32626369741958283,0.00722681371872259
cd4_BL,2.0,SDAN_0,Spectra_22,2000,2966,952,21,9,0.28172499116295513,0.006889022698950519
cd4_BL,2.0,SDAN_0,Spectra_23,2000,2966,952,21,9,0.5995051254860375,0.013494043072032221
cd4_BL,2.0,SDAN_0,Spectra_24,2000,2966,952,21,9,0.46965947920348766,0.039051709391940775
cd4_BL,2.0,SDAN_0,Spectra_25,2000,2966,952,21,9,0.19818546011547072,0.006300747270786651
cd4_BL,2.0,SDAN_0,Spectra_26,2000,2966,952,21,9,0.5005302226935313,0.011409726507492222
cd4_BL,2.0,SDAN_0,Spectra_27,2000,2966,952,21,9,0.3905973842347119,0.008179831331385966
cd4_BL,2.0,SDAN_0,Spectra_28,2000,2966,952,21,9,0.3759868033462943,0.007859118888214011
cd4_BL,2.0,SDAN_0,Spectra_29,2000,2966,952,21,9,0.4065040650406504,0.008248849909253278
cd4_BL,2.0,SDAN_0,Spectra_30,2000,2966,952,21,9,0.3388712147991045,0.0075010356378951756
cd4_BL,2.0,SDAN_0,Spectra_31,2000,2966,952,21,9,0.30599740780016493,0.007501191085713163
cd4_BL,2.0,SDAN_0,Spectra_32,2000,2966,952,21,9,0.3102391893484152,0.00769402164881813
cd4_BL,2.0,SDAN_0,Spectra_33,2000,2966,952,21,9,0.503004595263344,0.018262402929353667
cd4_BL,2.0,SDAN_0,Spectra_34,2000,2966,952,21,9,0.3241428066454578,0.007421180090461156
cd4_BL,2.0,SDAN_0,Spectra_35,2000,2966,952,21,9,0.2730057735359962,0.006701010969379343
cd4_BL,2.0,SDAN_0,Spectra_36,2000,2966,952,21,9,0.338517733003417,0.007436823308732789
cd4_BL,2.0,SDAN_0,Spectra_37,2000,2966,952,21,9,0.5668669730175563,0.011988035843271483
cd4_BL,2.0,SDAN_0,Spectra_38,2000,2966,952,21,9,0.5516672558029928,0.011343627306241996
cd4_BL,2.0,SDAN_0,Spectra_39,2000,2966,952,21,9,0.6031577707081418,0.015622406990425141
cd4_BL,2.0,SDAN_1,Spectra_0,2000,2966,952,20,19,0.4832176905285722,0.022617794241262493
cd4_BL,2.0,SDAN_1,Spectra_1,2000,2966,952,20,19,0.4405708805776499,0.019726964316555642
cd4_BL,2.0,SDAN_1,Spectra_2,2000,2966,952,20,19,0.5294748124330118,0.022497868781942962
cd4_BL,2.0,SDAN_1,Spectra_3,2000,2966,952,20,19,0.6741693461950696,0.03384434951582815
cd4_BL,2.0,SDAN_1,Spectra_4,2000,2966,952,20,19,0.45072488294691715,0.01781108224188684
cd4_BL,2.0,SDAN_1,Spectra_5,2000,2966,952,20,19,0.3781801771309302,0.015413496931761847
cd4_BL,2.0,SDAN_1,Spectra_6,2000,2966,952,20,19,0.4742483217690528,0.020028874148109634
cd4_BL,2.0,SDAN_1,Spectra_7,2000,2966,952,20,19,0.3712416088452643,0.015496705997681028
cd4_BL,2.0,SDAN_1,Spectra_8,2000,2966,952,20,19,0.5416032041518587,0.028436863836060786
cd4_BL,2.0,SDAN_1,Spectra_9,2000,2966,952,20,19,0.4370169797484064,0.017472534394069206
cd4_BL,2.0,SDAN_1,Spectra_10,2000,2966,952,20,19,0.45444801714898175,0.01968931724000463
cd4_BL,2.0,SDAN_1,Spectra_11,2000,2966,952,20,19,0.3778417103852879,0.019324632047401456
cd4_BL,2.0,SDAN_1,Spectra_12,2000,2966,952,20,19,0.3855700344107858,0.01588131528577958
cd4_BL,2.0,SDAN_1,Spectra_13,2000,2966,952,20,19,0.36639025215772547,0.015306898746037266
cd4_BL,2.0,SDAN_1,Spectra_14,2000,2966,952,20,19,0.5985220285440288,0.03776495706714216
cd4_BL,2.0,SDAN_1,Spectra_15,2000,2966,952,20,19,0.404580583291025,0.016725730604089425
cd4_BL,2.0,SDAN_1,Spectra_16,2000,2966,952,20,19,0.45292491679359165,0.02140579147475571
cd4_BL,2.0,SDAN_1,Spectra_17,2000,2966,952,20,19,0.5564957409601173,0.031125083784168242
cd4_BL,2.0,SDAN_1,Spectra_18,2000,2966,952,20,19,0.33158458848084843,0.014589104847025497
cd4_BL,2.0,SDAN_1,Spectra_19,2000,2966,952,20,19,0.5837423139843178,0.03073728353023776
cd4_BL,2.0,SDAN_1,Spectra_20,2000,2966,952,20,19,0.5751114119704406,0.02657968838699313
cd4_BL,2.0,SDAN_1,Spectra_21,2000,2966,952,20,19,0.43013482258701413,0.018033584420419
cd4_BL,2.0,SDAN_1,Spectra_22,2000,2966,952,20,19,0.4110678625825013,0.0166090558033838
cd4_BL,2.0,SDAN_1,Spectra_23,2000,2966,952,20,19,0.6078862751734642,0.09920108605226677
cd4_BL,2.0,SDAN_1,Spectra_24,2000,2966,952,20,19,0.5149207423703954,0.020614460615369545
cd4_BL,2.0,SDAN_1,Spectra_25,2000,2966,952,20,19,0.3639081626896824,0.01535678097585888
cd4_BL,2.0,SDAN_1,Spectra_26,2000,2966,952,20,19,0.5329723021379815,0.022650691035151528
cd4_BL,2.0,SDAN_1,Spectra_27,2000,2966,952,20,19,0.37502115417160264,0.01552603551192424
cd4_BL,2.0,SDAN_1,Spectra_28,2000,2966,952,20,19,0.6186607999097422,0.030769956786183515
cd4_BL,2.0,SDAN_1,Spectra_29,2000,2966,952,20,19,0.6386303379026343,0.033350148673902555
cd4_BL,2.0,SDAN_1,Spectra_30,2000,2966,952,20,19,0.43842725785524905,0.017319604445970235
cd4_BL,2.0,SDAN_1,Spectra_31,2000,2966,952,20,19,0.48090483443335025,0.02035078191331835
cd4_BL,2.0,SDAN_1,Spectra_32,2000,2966,952,20,19,0.37930839961640433,0.016731864501919623
cd4_BL,2.0,SDAN_1,Spectra_33,2000,2966,952,20,19,0.5548598183561798,0.026027601651753697
cd4_BL,2.0,SDAN_1,Spectra_34,2000,2966,952,20,19,0.45478648389462406,0.018277429703689767
cd4_BL,2.0,SDAN_1,Spectra_35,2000,2966,952,20,19,0.3231793309640661,0.014186090524786817
cd4_BL,2.0,SDAN_1,Spectra_36,2000,2966,952,20,19,0.3871495458904496,0.015822887099021868
cd4_BL,2.0,SDAN_1,Spectra_37,2000,2966,952,20,19,0.47599706662153773,0.019593993779451473
cd4_BL,2.0,SDAN_1,Spectra_38,2000,2966,952,20,19,0.5850961809668866,0.035262693390751255
cd4_BL,2.0,SDAN_1,Spectra_39,2000,2966,952,20,19,0.48530490212669936,0.019281805975654348
cd4_BL,2.0,SDAN_2,Spectra_0,2000,2966,952,21,17,0.3225542623466499,0.012925148646490844
cd4_BL,2.0,SDAN_2,Spectra_1,2000,2966,952,21,17,0.5114186851211072,0.0189280518280968
cd4_BL,2.0,SDAN_2,Spectra_2,2000,2966,952,21,17,0.5272727272727273,0.018583535085705497
cd4_BL,2.0,SDAN_2,Spectra_3,2000,2966,952,21,17,0.4389430638565587,0.015496552296851962
cd4_BL,2.0,SDAN_2,Spectra_4,2000,2966,952,21,17,0.4608996539792388,0.016297797432407515
cd4_BL,2.0,SDAN_2,Spectra_5,2000,2966,952,21,17,0.19377162629757788,0.010955471710560927
cd4_BL,2.0,SDAN_2,Spectra_6,2000,2966,952,21,17,0.37514941805599245,0.014397672383820989
cd4_BL,2.0,SDAN_2,Spectra_7,2000,2966,952,21,17,0.5794904057879837,0.02106200666124999
cd4_BL,2.0,SDAN_2,Spectra_8,2000,2966,952,21,17,0.35508021390374334,0.014737365285918562
cd4_BL,2.0,SDAN_2,Spectra_9,2000,2966,952,21,17,0.23567159484114503,0.011404674368558722
cd4_BL,2.0,SDAN_2,Spectra_10,2000,2966,952,21,17,0.3472790185592953,0.014100578947090988
cd4_BL,2.0,SDAN_2,Spectra_11,2000,2966,952,21,17,0.3362063541994338,0.013100577446633925
cd4_BL,2.0,SDAN_2,Spectra_12,2000,2966,952,21,17,0.253475935828877,0.011580325276432022
cd4_BL,2.0,SDAN_2,Spectra_13,2000,2966,952,21,17,0.31645171437558983,0.012698579319478551
cd4_BL,2.0,SDAN_2,Spectra_14,2000,2966,952,21,17,0.677194086190626,0.03856011008987712
cd4_BL,2.0,SDAN_2,Spectra_15,2000,2966,952,21,17,0.47071406102547975,0.0169686918280453
cd4_BL,2.0,SDAN_2,Spectra_16,2000,2966,952,21,17,0.4542308902170494,0.018477699175096274
cd4_BL,2.0,SDAN_2,Spectra_17,2000,2966,952,21,17,0.3950298836111985,0.01668855726543568
cd4_BL,2.0,SDAN_2,Spectra_18,2000,2966,952,21,17,0.47505504875747084,0.01754152743779744
cd4_BL,2.0,SDAN_2,Spectra_19,2000,2966,952,21,17,0.21912551116703366,0.012249047027985013
cd4_BL,2.0,SDAN_2,Spectra_20,2000,2966,952,21,17,0.34979553318653667,0.013534088133487068
cd4_BL,2.0,SDAN_2,Spectra_21,2000,2966,952,21,17,0.39037433155080214,0.014998155305901963
cd4_BL,2.0,SDAN_2,Spectra_22,2000,2966,952,21,17,0.20427807486631017,0.011140922294125102
cd4_BL,2.0,SDAN_2,Spectra_23,2000,2966,952,21,17,0.5588549858446052,0.020094592240010582
cd4_BL,2.0,SDAN_2,Spectra_24,2000,2966,952,21,17,0.2718464926077383,0.012583485778864811
cd4_BL,2.0,SDAN_2,Spectra_25,2000,2966,952,21,17,0.20132117017930165,0.011137869077834402
cd4_BL,2.0,SDAN_2,Spectra_26,2000,2966,952,21,17,0.33192827933312363,0.01294754829951324
cd4_BL,2.0,SDAN_2,Spectra_27,2000,2966,952,21,17,0.3659641396665618,0.013664528243065901
cd4_BL,2.0,SDAN_2,Spectra_28,2000,2966,952,21,17,0.4836111984900912,0.02202903213224052
cd4_BL,2.0,SDAN_2,Spectra_29,2000,2966,952,21,17,0.3474048442906574,0.014620834203990012
cd4_BL,2.0,SDAN_2,Spectra_30,2000,2966,952,21,17,0.3585404215162001,0.013535112218121408
cd4_BL,2.0,SDAN_2,Spectra_31,2000,2966,952,21,17,0.2889587920729789,0.013383107809223773
cd4_BL,2.0,SDAN_2,Spectra_32,2000,2966,952,21,17,0.2403900597672224,0.011577645480327995
cd4_BL,2.0,SDAN_2,Spectra_33,2000,2966,952,21,17,0.38653664674425925,0.014240139003440552
cd4_BL,2.0,SDAN_2,Spectra_34,2000,2966,952,21,17,0.2493865995596099,0.011585160695901618
cd4_BL,2.0,SDAN_2,Spectra_35,2000,2966,952,21,17,0.2526580685750236,0.011623557265807017
cd4_BL,2.0,SDAN_2,Spectra_36,2000,2966,952,21,17,0.3876061654608367,0.014156622494791351
cd4_BL,2.0,SDAN_2,Spectra_37,2000,2966,952,21,17,0.4084303240012583,0.015262216307964586
cd4_BL,2.0,SDAN_2,Spectra_38,2000,2966,952,21,17,0.6452343504246618,0.05303582330255789
cd4_BL,2.0,SDAN_2,Spectra_39,2000,2966,952,21,17,0.4610254797106008,0.016705895175494367
cd4_BL,2.0,SDAN_3,Spectra_0,2000,2966,952,22,17,0.6136520918527839,0.033274877520453175
cd4_BL,2.0,SDAN_3,Spectra_1,2000,2966,952,22,17,0.5835168291915697,0.03288516880961079
cd4_BL,2.0,SDAN_3,Spectra_2,2000,2966,952,22,17,0.574268637936458,0.02156703417422187
cd4_BL,2.0,SDAN_3,Spectra_3,2000,2966,952,22,17,0.8899024850581944,0.18365235889557766
cd4_BL,2.0,SDAN_3,Spectra_4,2000,2966,952,22,17,0.3712488203837685,0.01435504219027368
cd4_BL,2.0,SDAN_3,Spectra_5,2000,2966,952,22,17,0.48568732305756523,0.016763100441985347
cd4_BL,2.0,SDAN_3,Spectra_6,2000,2966,952,22,17,0.3253224284366153,0.012959975593219611
cd4_BL,2.0,SDAN_3,Spectra_7,2000,2966,952,22,17,0.5585404215162001,0.022358147969504572
cd4_BL,2.0,SDAN_3,Spectra_8,2000,2966,952,22,17,0.552500786410821,0.02486247380056869
cd4_BL,2.0,SDAN_3,Spectra_9,2000,2966,952,22,17,0.5645171437558981,0.031169726987675374
cd4_BL,2.0,SDAN_3,Spectra_10,2000,2966,952,22,17,0.5433784208870713,0.04119598044557741
cd4_BL,2.0,SDAN_3,Spectra_11,2000,2966,952,22,17,0.49808115759672855,0.017700653630706442
cd4_BL,2.0,SDAN_3,Spectra_12,2000,2966,952,22,17,0.46687637621893674,0.017910186272548624
cd4_BL,2.0,SDAN_3,Spectra_13,2000,2966,952,22,17,0.590311418685121,0.025675714302619106
cd4_BL,2.0,SDAN_3,Spectra_14,2000,2966,952,22,17,0.6796476879521861,0.039757809447558495
cd4_BL,2.0,SDAN_3,Spectra_15,2000,2966,952,22,17,0.44869455803711855,0.017919695000841174
cd4_BL,2.0,SDAN_3,Spectra_16,2000,2966,952,22,17,0.4140295690468701,0.01470883600018637
cd4_BL,2.0,SDAN_3,Spectra_17,2000,2966,952,22,17,0.7190940547341932,0.06455417212943333
cd4_BL,2.0,SDAN_3,Spectra_18,2000,2966,952,22,17,0.6385655866624724,0.06676777143198398
cd4_BL,2.0,SDAN_3,Spectra_19,2000,2966,952,22,17,0.5798678829820698,0.02419122613702182
cd4_BL,2.0,SDAN_3,Spectra_20,2000,2966,952,22,17,0.5440704624095627,0.023262968468852778
cd4_BL,2.0,SDAN_3,Spectra_21,2000,2966,952,22,17,0.2786410821012897,0.0129772743423364
cd4_BL,2.0,SDAN_3,Spectra_22,2000,2966,952,22,17,0.47864108210128975,0.0189431686707924
cd4_BL,2.0,SDAN_3,Spectra_23,2000,2966,952,22,17,0.5155709342560554,0.02526211833931647
cd4_BL,2.0,SDAN_3,Spectra_24,2000,2966,952,22,17,0.35640138408304495,0.013526628274656094
cd4_BL,2.0,SDAN_3,Spectra_25,2000,2966,952,22,17,0.41151305441962877,0.01470770784717928
cd4_BL,2.0,SDAN_3,Spectra_26,2000,2966,952,22,17,0.3948411450141554,0.018631061839675223
cd4_BL,2.0,SDAN_3,Spectra_27,2000,2966,952,22,17,0.3290972003774772,0.013126747203619062
cd4_BL,2.0,SDAN_3,Spectra_28,2000,2966,952,22,17,0.6775715633847121,0.057503595351843954
cd4_BL,2.0,SDAN_3,Spectra_29,2000,2966,952,22,17,0.386096256684492,0.01549674766986477
cd4_BL,2.0,SDAN_3,Spectra_30,2000,2966,952,22,17,0.3192198804655552,0.015589103964705591
cd4_BL,2.0,SDAN_3,Spectra_31,2000,2966,952,22,17,0.3448883296634162,0.014569351190033402
cd4_BL,2.0,SDAN_3,Spectra_32,2000,2966,952,22,17,0.4464296948726014,0.02208062048500592
cd4_BL,2.0,SDAN_3,Spectra_33,2000,2966,952,22,17,0.5273356401384084,0.024686761259240467
cd4_BL,2.0,SDAN_3,Spectra_34,2000,2966,952,22,17,0.34419628814092484,0.013233461477510594
cd4_BL,2.0,SDAN_3,Spectra_35,2000,2966,952,22,17,0.2952500786410821,0.012243796635927767
cd4_BL,2.0,SDAN_3,Spectra_36,2000,2966,952,22,17,0.37886127713117335,0.01520543988996474
cd4_BL,2.0,SDAN_3,Spectra_37,2000,2966,952,22,17,0.45486001887385974,0.04553365661625254
cd4_BL,2.0,SDAN_3,Spectra_38,2000,2966,952,22,17,0.6062912865681032,0.03448946615449454
cd4_BL,2.0,SDAN_3,Spectra_39,2000,2966,952,22,17,0.47379679144385034,0.024776346108222585
cd4_BL,2.0,SDAN_4,Spectra_0,2000,2966,952,19,17,0.5577225542623466,0.020390013964901397
cd4_BL,2.0,SDAN_4,Spectra_1,2000,2966,952,19,17,0.6107581000314565,0.024364236503834936
cd4_BL,2.0,SDAN_4,Spectra_2,2000,2966,952,19,17,0.5856558666247248,0.02203188061717335
cd4_BL,2.0,SDAN_4,Spectra_3,2000,2966,952,19,17,0.5862849952815351,0.026013418309777988
cd4_BL,2.0,SDAN_4,Spectra_4,2000,2966,952,19,17,0.5182761874803398,0.023879402003435253
cd4_BL,2.0,SDAN_4,Spectra_5,2000,2966,952,19,17,0.42019502988361124,0.014962726685819485
cd4_BL,2.0,SDAN_4,Spectra_6,2000,2966,952,19,17,0.459389745202894,0.016055009556532007
cd4_BL,2.0,SDAN_4,Spectra_7,2000,2966,952,19,17,0.48958792072978924,0.018049310614781218
cd4_BL,2.0,SDAN_4,Spectra_8,2000,2966,952,19,17,0.6836741113557723,0.040653740397705154
cd4_BL,2.0,SDAN_4,Spectra_9,2000,2966,952,19,17,0.49921358917898706,0.07595440552221995
cd4_BL,2.0,SDAN_4,Spectra_10,2000,2966,952,19,17,0.5817552689525007,0.020865206622063426
cd4_BL,2.0,SDAN_4,Spectra_11,2000,2966,952,19,17,0.4498269896193771,0.016309348071251617
cd4_BL,2.0,SDAN_4,Spectra_12,2000,2966,952,19,17,0.4972632903428751,0.02049999821568751
cd4_BL,2.0,SDAN_4,Spectra_13,2000,2966,952,19,17,0.5237496067945895,0.01897035864442781
cd4_BL,2.0,SDAN_4,Spectra_14,2000,2966,952,19,17,0.6446052217678515,0.02952025558420739
cd4_BL,2.0,SDAN_4,Spectra_15,2000,2966,952,19,17,0.4592639194715319,0.017614482388842084
cd4_BL,2.0,SDAN_4,Spectra_16,2000,2966,952,19,17,0.6444793960364895,0.027657394698025885
cd4_BL,2.0,SDAN_4,Spectra_17,2000,2966,952,19,17,0.5714375589808115,0.04763637470637973
cd4_BL,2.0,SDAN_4,Spectra_18,2000,2966,952,19,17,0.5808744888329663,0.02427438436979213
cd4_BL,2.0,SDAN_4,Spectra_19,2000,2966,952,19,17,0.5715633847121736,0.03364731437910281
cd4_BL,2.0,SDAN_4,Spectra_20,2000,2966,952,19,17,0.6735451399811261,0.04514826012141793
cd4_BL,2.0,SDAN_4,Spectra_21,2000,2966,952,19,17,0.3931424976407676,0.01647925152878186
cd4_BL,2.0,SDAN_4,Spectra_22,2000,2966,952,19,17,0.43680402642340355,0.015558923929191696
cd4_BL,2.0,SDAN_4,Spectra_23,2000,2966,952,19,17,0.6184963825102234,0.029478446564666673
cd4_BL,2.0,SDAN_4,Spectra_24,2000,2966,952,19,17,0.558414595784838,0.0206471430694108
cd4_BL,2.0,SDAN_4,Spectra_25,2000,2966,952,19,17,0.43107895564642973,0.01539736534508776
cd4_BL,2.0,SDAN_4,Spectra_26,2000,2966,952,19,17,0.6564957533815665,0.043314585062481474
cd4_BL,2.0,SDAN_4,Spectra_27,2000,2966,952,19,17,0.5628814092481913,0.02122907018400806
cd4_BL,2.0,SDAN_4,Spectra_28,2000,2966,952,19,17,0.5399182132746146,0.021992986135134403
cd4_BL,2.0,SDAN_4,Spectra_29,2000,2966,952,19,17,0.5340044039005977,0.01935056763229396
cd4_BL,2.0,SDAN_4,Spectra_30,2000,2966,952,19,17,0.4066058508965083,0.017111447662540663
cd4_BL,2.0,SDAN_4,Spectra_31,2000,2966,952,19,17,0.4320226486316452,0.015510323824683273
cd4_BL,2.0,SDAN_4,Spectra_32,2000,2966,952,19,17,0.3625668449197861,0.01402726936926205
cd4_BL,2.0,SDAN_4,Spectra_33,2000,2966,952,19,17,0.4731047499213589,0.019154058870018295
cd4_BL,2.0,SDAN_4,Spectra_34,2000,2966,952,19,17,0.41440704624095626,0.014878929053107092
cd4_BL,2.0,SDAN_4,Spectra_35,2000,2966,952,19,17,0.3450141553947782,0.013271134676675088
cd4_BL,2.0,SDAN_4,Spectra_36,2000,2966,952,19,17,0.40182447310474995,0.014782281062047875
cd4_BL,2.0,SDAN_4,Spectra_37,2000,2966,952,19,17,0.6451714375589808,0.04410979065022279
cd4_BL,2.0,SDAN_4,Spectra_38,2000,2966,952,19,17,0.4556778861277131,0.016209597559549056
cd4_BL,2.0,SDAN_4,Spectra_39,2000,2966,952,19,17,0.6038376848065429,0.03250900895765243
cd4_BL,2.0,SDAN_5,Spectra_0,2000,2966,952,21,15,0.5631447883315546,0.019713598778958154
cd4_BL,2.0,SDAN_5,Spectra_1,2000,2966,952,21,15,0.5336890786197084,0.020259429065494574
cd4_BL,2.0,SDAN_5,Spectra_2,2000,2966,952,21,15,0.5657061543934543,0.04077728439700507
cd4_BL,2.0,SDAN_5,Spectra_3,2000,2966,952,21,15,0.6191390964069726,0.043614524676948735
cd4_BL,2.0,SDAN_5,Spectra_4,2000,2966,952,21,15,0.4009960868018499,0.016069812263625593
cd4_BL,2.0,SDAN_5,Spectra_5,2000,2966,952,21,15,0.4227676983279972,0.013435996747644771
cd4_BL,2.0,SDAN_5,Spectra_6,2000,2966,952,21,15,0.33674848808253294,0.011644479581741429
cd4_BL,2.0,SDAN_5,Spectra_7,2000,2966,952,21,15,0.40192102454642475,0.014000603651379426
cd4_BL,2.0,SDAN_5,Spectra_8,2000,2966,952,21,15,0.4833155460690146,0.01595280031901236
cd4_BL,2.0,SDAN_5,Spectra_9,2000,2966,952,21,15,0.5065812877979368,0.017063322631667086
cd4_BL,2.0,SDAN_5,Spectra_10,2000,2966,952,21,15,0.656278904304518,0.04523962282732891
cd4_BL,2.0,SDAN_5,Spectra_11,2000,2966,952,21,15,0.5061543934542867,0.01876726621367576
cd4_BL,2.0,SDAN_5,Spectra_12,2000,2966,952,21,15,0.4513696193525436,0.014229108373676516
cd4_BL,2.0,SDAN_5,Spectra_13,2000,2966,952,21,15,0.4266097474208467,0.01358224252022134
cd4_BL,2.0,SDAN_5,Spectra_14,2000,2966,952,21,15,0.7164710067591604,0.05865255223799048
cd4_BL,2.0,SDAN_5,Spectra_15,2000,2966,952,21,15,0.5374599786552827,0.017804775694874226
cd4_BL,2.0,SDAN_5,Spectra_16,2000,2966,952,21,15,0.4531483457844183,0.016033236934914152
cd4_BL,2.0,SDAN_5,Spectra_17,2000,2966,952,21,15,0.5848452508004269,0.024873714532937262
cd4_BL,2.0,SDAN_5,Spectra_18,2000,2966,952,21,15,0.42732123799359656,0.0471772335147963
cd4_BL,2.0,SDAN_5,Spectra_19,2000,2966,952,21,15,0.504660263251512,0.029373825950414715
cd4_BL,2.0,SDAN_5,Spectra_20,2000,2966,952,21,15,0.423906083244397,0.013788790072658638
cd4_BL,2.0,SDAN_5,Spectra_21,2000,2966,952,21,15,0.4182853077196727,0.0140577615941594
cd4_BL,2.0,SDAN_5,Spectra_22,2000,2966,952,21,15,0.4615439345428673,0.015339854944601987
cd4_BL,2.0,SDAN_5,Spectra_23,2000,2966,952,21,15,0.6918534329420135,0.03908224541563925
cd4_BL,2.0,SDAN_5,Spectra_24,2000,2966,952,21,15,0.42604055496264676,0.013519332771272114
cd4_BL,2.0,SDAN_5,Spectra_25,2000,2966,952,21,15,0.41330487371042335,0.013223492338249453
cd4_BL,2.0,SDAN_5,Spectra_26,2000,2966,952,21,15,0.5469939523301316,0.024767091591782406
cd4_BL,2.0,SDAN_5,Spectra_27,2000,2966,952,21,15,0.48765563856278904,0.015783752895181694
cd4_BL,2.0,SDAN_5,Spectra_28,2000,2966,952,21,15,0.4364283173247955,0.02711333071369861
cd4_BL,2.0,SDAN_5,Spectra_29,2000,2966,952,21,15,0.4244752757025969,0.013367042903832877
cd4_BL,2.0,SDAN_5,Spectra_30,2000,2966,952,21,15,0.327854855923159,0.011693579383412686
cd4_BL,2.0,SDAN_5,Spectra_31,2000,2966,952,21,15,0.3236570615439346,0.011426071941978293
cd4_BL,2.0,SDAN_5,Spectra_32,2000,2966,952,21,15,0.3849163998577019,0.01546233931449418
cd4_BL,2.0,SDAN_5,Spectra_33,2000,2966,952,21,15,0.6766275346851653,0.02906240023395248
cd4_BL,2.0,SDAN_5,Spectra_34,2000,2966,952,21,15,0.3425115617218072,0.011739900454166336
cd4_BL,2.0,SDAN_5,Spectra_35,2000,2966,952,21,15,0.30081821415866244,0.011114266790954522
cd4_BL,2.0,SDAN_5,Spectra_36,2000,2966,952,21,15,0.26737815723941655,0.010643237845427273
cd4_BL,2.0,SDAN_5,Spectra_37,2000,2966,952,21,15,0.5459267164710068,0.017250324531680183
cd4_BL,2.0,SDAN_5,Spectra_38,2000,2966,952,21,15,0.5617929562433297,0.02922177915309332
cd4_BL,2.0,SDAN_5,Spectra_39,2000,2966,952,21,15,0.5514763429384562,0.020449720389855413
cd4_BL,2.0,SDAN_6,Spectra_0,2000,2966,952,20,5,0.3102428722280887,0.0043667743224827926
cd4_BL,2.0,SDAN_6,Spectra_1,2000,2966,952,20,5,0.48827877507919754,0.007219877632290638
cd4_BL,2.0,SDAN_6,Spectra_2,2000,2966,952,20,5,0.558817317845829,0.009155482625539689
cd4_BL,2.0,SDAN_6,Spectra_3,2000,2966,952,20,5,0.5793030623020063,0.01145057644674197
cd4_BL,2.0,SDAN_6,Spectra_4,2000,2966,952,20,5,0.2870116156282999,0.004198852650286973
cd4_BL,2.0,SDAN_6,Spectra_5,2000,2966,952,20,5,0.31066525871172124,0.004363075128055337
cd4_BL,2.0,SDAN_6,Spectra_6,2000,2966,952,20,5,0.368532206969377,0.004758256622546848
cd4_BL,2.0,SDAN_6,Spectra_7,2000,2966,952,20,5,0.39514255543822596,0.005075061428935761
cd4_BL,2.0,SDAN_6,Spectra_8,2000,2966,952,20,5,0.5461457233368532,0.007608159646492165
cd4_BL,2.0,SDAN_6,Spectra_9,2000,2966,952,20,5,0.3341077085533263,0.004665285917189269
cd4_BL,2.0,SDAN_6,Spectra_10,2000,2966,952,20,5,0.5731784582893348,0.007958842941657407
cd4_BL,2.0,SDAN_6,Spectra_11,2000,2966,952,20,5,0.39514255543822596,0.0054186978616873
cd4_BL,2.0,SDAN_6,Spectra_12,2000,2966,952,20,5,0.41752903907074973,0.006153132588956873
cd4_BL,2.0,SDAN_6,Spectra_13,2000,2966,952,20,5,0.5003167898627243,0.009402379645873742
cd4_BL,2.0,SDAN_6,Spectra_14,2000,2966,952,20,5,0.2654699049630412,0.004060159146343574
cd4_BL,2.0,SDAN_6,Spectra_15,2000,2966,952,20,5,0.5693769799366419,0.023622004647781022
cd4_BL,2.0,SDAN_6,Spectra_16,2000,2966,952,20,5,0.3835269271383316,0.004877556200384845
cd4_BL,2.0,SDAN_6,Spectra_17,2000,2966,952,20,5,0.36304118268215413,0.004829940931013826
cd4_BL,2.0,SDAN_6,Spectra_18,2000,2966,952,20,5,0.49778247096092926,0.007767539445314548
cd4_BL,2.0,SDAN_6,Spectra_19,2000,2966,952,20,5,0.3273495248152059,0.004599888579930606
cd4_BL,2.0,SDAN_6,Spectra_20,2000,2966,952,20,5,0.13727560718057022,0.0035024762782877193
cd4_BL,2.0,SDAN_6,Spectra_21,2000,2966,952,20,5,0.37001055966209084,0.004698718468898803
cd4_BL,2.0,SDAN_6,Spectra_22,2000,2966,952,20,5,0.16768743400211195,0.0036094104253197746
cd4_BL,2.0,SDAN_6,Spectra_23,2000,2966,952,20,5,0.43590285110876453,0.005452291287830457
cd4_BL,2.0,SDAN_6,Spectra_24,2000,2966,952,20,5,0.34487856388595567,0.004555491517920296
cd4_BL,2.0,SDAN_6,Spectra_25,2000,2966,952,20,5,0.24899683210137272,0.003963029709541148
cd4_BL,2.0,SDAN_6,Spectra_26,2000,2966,952,20,5,0.46166842661034846,0.0058041604130348555
cd4_BL,2.0,SDAN_6,Spectra_27,2000,2966,952,20,5,0.483843717001056,0.007213076281930752
cd4_BL,2.0,SDAN_6,Spectra_28,2000,2966,952,20,5,0.3446673706441394,0.004693754433842758
cd4_BL,2.0,SDAN_6,Spectra_29,2000,2966,952,20,5,0.5015839493136219,0.0063248933276714185
cd4_BL,2.0,SDAN_6,Spectra_30,2000,2966,952,20,5,0.3790918690601901,0.004870110053855925
cd4_BL,2.0,SDAN_6,Spectra_31,2000,2966,952,20,5,0.3896515311510032,0.00504183243775451
cd4_BL,2.0,SDAN_6,Spectra_32,2000,2966,952,20,5,0.3678986272439282,0.004688582760425779
cd4_BL,2.0,SDAN_6,Spectra_33,2000,2966,952,20,5,0.4604012671594509,0.005500583285816707
cd4_BL,2.0,SDAN_6,Spectra_34,2000,2966,952,20,5,0.3455121436114045,0.004520708637713698
cd4_BL,2.0,SDAN_6,Spectra_35,2000,2966,952,20,5,0.3571277719112988,0.004629485513550522
cd4_BL,2.0,SDAN_6,Spectra_36,2000,2966,952,20,5,0.5254487856388596,0.008514327959997028
cd4_BL,2.0,SDAN_6,Spectra_37,2000,2966,952,20,5,0.6004223864836326,0.007905255840041035
cd4_BL,2.0,SDAN_6,Spectra_38,2000,2966,952,20,5,0.46019007391763467,0.0071964440081324025
cd4_BL,2.0,SDAN_6,Spectra_39,2000,2966,952,20,5,0.4992608236536431,0.005906657142954655
cd4_BL,2.0,SDAN_7,Spectra_0,2000,2966,952,20,14,0.43550106609808104,0.012880537001461934
cd4_BL,2.0,SDAN_7,Spectra_1,2000,2966,952,20,14,0.5871154431922022,0.026852518954584532
cd4_BL,2.0,SDAN_7,Spectra_2,2000,2966,952,20,14,0.49741090466037163,0.014478330156001317
cd4_BL,2.0,SDAN_7,Spectra_3,2000,2966,952,20,14,0.4562899786780384,0.01330846775161237
cd4_BL,2.0,SDAN_7,Spectra_4,2000,2966,952,20,14,0.5186567164179104,0.014984933476631549
cd4_BL,2.0,SDAN_7,Spectra_5,2000,2966,952,20,14,0.23324703015534573,0.009596927517481257
cd4_BL,2.0,SDAN_7,Spectra_6,2000,2966,952,20,14,0.37519037465732563,0.011684734840213613
cd4_BL,2.0,SDAN_7,Spectra_7,2000,2966,952,20,14,0.6681388973499848,0.021984865034191347
cd4_BL,2.0,SDAN_7,Spectra_8,2000,2966,952,20,14,0.38623210478221137,0.01184440658692405
cd4_BL,2.0,SDAN_7,Spectra_9,2000,2966,952,20,14,0.2844197380444715,0.01017843600247144
cd4_BL,2.0,SDAN_7,Spectra_10,2000,2966,952,20,14,0.38965884861407246,0.012210173798132426
cd4_BL,2.0,SDAN_7,Spectra_11,2000,2966,952,20,14,0.41851964666463604,0.013047839778850406
cd4_BL,2.0,SDAN_7,Spectra_12,2000,2966,952,20,14,0.2752056046299116,0.010052470911687782
cd4_BL,2.0,SDAN_7,Spectra_13,2000,2966,952,20,14,0.3482333231800182,0.011097075776005026
cd4_BL,2.0,SDAN_7,Spectra_14,2000,2966,952,20,14,0.6688242461163569,0.0220831725525892
cd4_BL,2.0,SDAN_7,Spectra_15,2000,2966,952,20,14,0.4002436795613768,0.012086215673562169
cd4_BL,2.0,SDAN_7,Spectra_16,2000,2966,952,20,14,0.4820286323484617,0.014190425539224824
cd4_BL,2.0,SDAN_7,Spectra_17,2000,2966,952,20,14,0.6100365519342066,0.04139747731212112
cd4_BL,2.0,SDAN_7,Spectra_18,2000,2966,952,20,14,0.5039597928723729,0.015212508541773561
cd4_BL,2.0,SDAN_7,Spectra_19,2000,2966,952,20,14,0.3670423393237892,0.012615790621785208
cd4_BL,2.0,SDAN_7,Spectra_20,2000,2966,952,20,14,0.24832470301553458,0.009620750530115659
cd4_BL,2.0,SDAN_7,Spectra_21,2000,2966,952,20,14,0.301553457203777,0.010545144220563133
cd4_BL,2.0,SDAN_7,Spectra_22,2000,2966,952,20,14,0.2006548888212001,0.009220552820334026
cd4_BL,2.0,SDAN_7,Spectra_23,2000,2966,952,20,14,0.5628236369174535,0.016736356458068022
cd4_BL,2.0,SDAN_7,Spectra_24,2000,2966,952,20,14,0.32462686567164184,0.011372741067299076
cd4_BL,2.0,SDAN_7,Spectra_25,2000,2966,952,20,14,0.18405421870240632,0.008997049433314558
cd4_BL,2.0,SDAN_7,Spectra_26,2000,2966,952,20,14,0.33772464209564423,0.010954433649643668
cd4_BL,2.0,SDAN_7,Spectra_27,2000,2966,952,20,14,0.33825769113615595,0.011008051179590816
cd4_BL,2.0,SDAN_7,Spectra_28,2000,2966,952,20,14,0.3773987206823028,0.012908556977952037
cd4_BL,2.0,SDAN_7,Spectra_29,2000,2966,952,20,14,0.27969844654279624,0.010094613852404073
cd4_BL,2.0,SDAN_7,Spectra_30,2000,2966,952,20,14,0.2005787389582699,0.009276835821963576
cd4_BL,2.0,SDAN_7,Spectra_31,2000,2966,952,20,14,0.23522692659153213,0.009555727812035057
cd4_BL,2.0,SDAN_7,Spectra_32,2000,2966,952,20,14,0.2232713981114834,0.009446414722913672
cd4_BL,2.0,SDAN_7,Spectra_33,2000,2966,952,20,14,0.3314042034724337,0.010982187345306602
cd4_BL,2.0,SDAN_7,Spectra_34,2000,2966,952,20,14,0.22799268961315872,0.009685278228102261
cd4_BL,2.0,SDAN_7,Spectra_35,2000,2966,952,20,14,0.16105696009747186,0.0088415866636516
cd4_BL,2.0,SDAN_7,Spectra_36,2000,2966,952,20,14,0.2545689917758148,0.009764583009618978
cd4_BL,2.0,SDAN_7,Spectra_37,2000,2966,952,20,14,0.2944715199512641,0.010280482202286965
cd4_BL,2.0,SDAN_7,Spectra_38,2000,2966,952,20,14,0.5197989643618641,0.015733325202272698
cd4_BL,2.0,SDAN_7,Spectra_39,2000,2966,952,20,14,0.2735303076454462,0.009962941888183148
cd4_BL,2.0,SDAN_8,Spectra_0,2000,2966,952,18,10,0.4072186836518047,0.008997437671068545
cd4_BL,2.0,SDAN_8,Spectra_1,2000,2966,952,18,10,0.5386411889596603,0.01628452023110073
cd4_BL,2.0,SDAN_8,Spectra_2,2000,2966,952,18,10,0.378343949044586,0.010496735438944093
cd4_BL,2.0,SDAN_8,Spectra_3,2000,2966,952,18,10,0.60276008492569,0.014672610573581449
cd4_BL,2.0,SDAN_8,Spectra_4,2000,2966,952,18,10,0.5019108280254777,0.01128590090600669
cd4_BL,2.0,SDAN_8,Spectra_5,2000,2966,952,18,10,0.37590233545647556,0.008685835438218275
cd4_BL,2.0,SDAN_8,Spectra_6,2000,2966,952,18,10,0.39808917197452226,0.009303758546231918
cd4_BL,2.0,SDAN_8,Spectra_7,2000,2966,952,18,10,0.435031847133758,0.009751989899831438
cd4_BL,2.0,SDAN_8,Spectra_8,2000,2966,952,18,10,0.5158174097664543,0.012956854185035213
cd4_BL,2.0,SDAN_8,Spectra_9,2000,2966,952,18,10,0.3502123142250531,0.00836792683023158
cd4_BL,2.0,SDAN_8,Spectra_10,2000,2966,952,18,10,0.5315286624203821,0.015546078575550024
cd4_BL,2.0,SDAN_8,Spectra_11,2000,2966,952,18,10,0.3514861995753715,0.008339041593318003
cd4_BL,2.0,SDAN_8,Spectra_12,2000,2966,952,18,10,0.4060509554140127,0.009395234645978728
cd4_BL,2.0,SDAN_8,Spectra_13,2000,2966,952,18,10,0.4426751592356688,0.009934197283466228
cd4_BL,2.0,SDAN_8,Spectra_14,2000,2966,952,18,10,0.5295116772823779,0.011424369404034157
cd4_BL,2.0,SDAN_8,Spectra_15,2000,2966,952,18,10,0.3619957537154989,0.014010736986850288
cd4_BL,2.0,SDAN_8,Spectra_16,2000,2966,952,18,10,0.4707006369426751,0.010723562233339229
cd4_BL,2.0,SDAN_8,Spectra_17,2000,2966,952,18,10,0.6535031847133759,0.024275436069255866
cd4_BL,2.0,SDAN_8,Spectra_18,2000,2966,952,18,10,0.32526539278131633,0.007942164901906594
cd4_BL,2.0,SDAN_8,Spectra_19,2000,2966,952,18,10,0.539171974522293,0.016756665533929793
cd4_BL,2.0,SDAN_8,Spectra_20,2000,2966,952,18,10,0.5116772823779193,0.011065682463906159
cd4_BL,2.0,SDAN_8,Spectra_21,2000,2966,952,18,10,0.40573248407643314,0.009569085049721239
cd4_BL,2.0,SDAN_8,Spectra_22,2000,2966,952,18,10,0.4939490445859873,0.011147474341088957
cd4_BL,2.0,SDAN_8,Spectra_23,2000,2966,952,18,10,0.5390658174097664,0.013153376325304087
cd4_BL,2.0,SDAN_8,Spectra_24,2000,2966,952,18,10,0.3885350318471338,0.008809371223854138
cd4_BL,2.0,SDAN_8,Spectra_25,2000,2966,952,18,10,0.4250530785562633,0.009311520362842671
cd4_BL,2.0,SDAN_8,Spectra_26,2000,2966,952,18,10,0.5770700636942676,0.014951879568188074
cd4_BL,2.0,SDAN_8,Spectra_27,2000,2966,952,18,10,0.606687898089172,0.014070116879381304
cd4_BL,2.0,SDAN_8,Spectra_28,2000,2966,952,18,10,0.575583864118896,0.03379084257437022
cd4_BL,2.0,SDAN_8,Spectra_29,2000,2966,952,18,10,0.5368365180467092,0.016249663624770042
cd4_BL,2.0,SDAN_8,Spectra_30,2000,2966,952,18,10,0.5218683651804671,0.012574321444851887
cd4_BL,2.0,SDAN_8,Spectra_31,2000,2966,952,18,10,0.4164543524416136,0.00928313732356778
cd4_BL,2.0,SDAN_8,Spectra_32,2000,2966,952,18,10,0.4247346072186836,0.015651790999797636
cd4_BL,2.0,SDAN_8,Spectra_33,2000,2966,952,18,10,0.5040339702760085,0.028043570453094545
cd4_BL,2.0,SDAN_8,Spectra_34,2000,2966,952,18,10,0.3895966029723992,0.008745682821740632
cd4_BL,2.0,SDAN_8,Spectra_35,2000,2966,952,18,10,0.3469214437367304,0.008168822199659096
cd4_BL,2.0,SDAN_8,Spectra_36,2000,2966,952,18,10,0.47845010615711253,0.010568723250317224
cd4_BL,2.0,SDAN_8,Spectra_37,2000,2966,952,18,10,0.6266454352441614,0.020686796939832917
cd4_BL,2.0,SDAN_8,Spectra_38,2000,2966,952,18,10,0.5598726114649681,0.014711918881852151
cd4_BL,2.0,SDAN_8,Spectra_39,2000,2966,952,18,10,0.6012738853503186,0.017267401064859838
cd4_BL,2.0,SDAN_9,Spectra_0,2000,2966,952,20,7,0.40181405895691613,0.0066020343343687286
cd4_BL,2.0,SDAN_9,Spectra_1,2000,2966,952,20,7,0.38835978835978835,0.006609369342409569
cd4_BL,2.0,SDAN_9,Spectra_2,2000,2966,952,20,7,0.5253212396069539,0.011231321036871224
cd4_BL,2.0,SDAN_9,Spectra_3,2000,2966,952,20,7,0.5120181405895692,0.008083675701385268
cd4_BL,2.0,SDAN_9,Spectra_4,2000,2966,952,20,7,0.5486016628873772,0.009174418076555368
cd4_BL,2.0,SDAN_9,Spectra_5,2000,2966,952,20,7,0.24444444444444446,0.005273286139055638
cd4_BL,2.0,SDAN_9,Spectra_6,2000,2966,952,20,7,0.23990929705215422,0.005215525269386014
cd4_BL,2.0,SDAN_9,Spectra_7,2000,2966,952,20,7,0.4752834467120181,0.0077468035833015425
cd4_BL,2.0,SDAN_9,Spectra_8,2000,2966,952,20,7,0.32335600907029477,0.005985284496286261
cd4_BL,2.0,SDAN_9,Spectra_9,2000,2966,952,20,7,0.37218442932728646,0.006708064925139341
cd4_BL,2.0,SDAN_9,Spectra_10,2000,2966,952,20,7,0.28344671201814053,0.0056470064634139465
cd4_BL,2.0,SDAN_9,Spectra_11,2000,2966,952,20,7,0.4335600907029478,0.006983401862575695
cd4_BL,2.0,SDAN_9,Spectra_12,2000,2966,952,20,7,0.25396825396825395,0.005305359381550147
cd4_BL,2.0,SDAN_9,Spectra_13,2000,2966,952,20,7,0.5121693121693122,0.009217440670456392
cd4_BL,2.0,SDAN_9,Spectra_14,2000,2966,952,20,7,0.6680272108843537,0.016389178568015094
cd4_BL,2.0,SDAN_9,Spectra_15,2000,2966,952,20,7,0.6787603930461072,0.012737904802949084
cd4_BL,2.0,SDAN_9,Spectra_16,2000,2966,952,20,7,0.42025699168556313,0.006958395297574549
cd4_BL,2.0,SDAN_9,Spectra_17,2000,2966,952,20,7,0.4787603930461073,0.008795811016667512
cd4_BL,2.0,SDAN_9,Spectra_18,2000,2966,952,20,7,0.45578231292517,0.007425626643114781
cd4_BL,2.0,SDAN_9,Spectra_19,2000,2966,952,20,7,0.26817838246409675,0.005423704677090683
cd4_BL,2.0,SDAN_9,Spectra_20,2000,2966,952,20,7,0.3183673469387755,0.005770099025390764
cd4_BL,2.0,SDAN_9,Spectra_21,2000,2966,952,20,7,0.3024943310657596,0.006356140613327203
cd4_BL,2.0,SDAN_9,Spectra_22,2000,2966,952,20,7,0.3788359788359788,0.006364393522413031
cd4_BL,2.0,SDAN_9,Spectra_23,2000,2966,952,20,7,0.6143613000755858,0.011085442954371751
cd4_BL,2.0,SDAN_9,Spectra_24,2000,2966,952,20,7,0.254572940287226,0.005261958925868344
cd4_BL,2.0,SDAN_9,Spectra_25,2000,2966,952,20,7,0.30491307634164777,0.00563365591862206
cd4_BL,2.0,SDAN_9,Spectra_26,2000,2966,952,20,7,0.4380952380952381,0.02994948157513074
cd4_BL,2.0,SDAN_9,Spectra_27,2000,2966,952,20,7,0.3749055177626606,0.006495959262583281
cd4_BL,2.0,SDAN_9,Spectra_28,2000,2966,952,20,7,0.4458049886621315,0.02263543952984181
cd4_BL,2.0,SDAN_9,Spectra_29,2000,2966,952,20,7,0.2705971277399849,0.005420627191931932
cd4_BL,2.0,SDAN_9,Spectra_30,2000,2966,952,20,7,0.41194255479969766,0.016740787923910247
cd4_BL,2.0,SDAN_9,Spectra_31,2000,2966,952,20,7,0.46122448979591835,0.010357668839530088
cd4_BL,2.0,SDAN_9,Spectra_32,2000,2966,952,20,7,0.32229780801209373,0.005928543578774389
cd4_BL,2.0,SDAN_9,Spectra_33,2000,2966,952,20,7,0.5026455026455027,0.020111404444093282
cd4_BL,2.0,SDAN_9,Spectra_34,2000,2966,952,20,7,0.2715041572184429,0.005410746806416792
cd4_BL,2.0,SDAN_9,Spectra_35,2000,2966,952,20,7,0.2671201814058957,0.005369791728280365
cd4_BL,2.0,SDAN_9,Spectra_36,2000,2966,952,20,7,0.35162509448223733,0.006103864044949962
cd4_BL,2.0,SDAN_9,Spectra_37,2000,2966,952,20,7,0.5173091458805744,0.00828925811215587
cd4_BL,2.0,SDAN_9,Spectra_38,2000,2966,952,20,7,0.7253212396069539,0.018046970237948927
cd4_BL,2.0,SDAN_9,Spectra_39,2000,2966,952,20,7,0.4985638699924414,0.00956504124110392
cd4_BL,2.0,SDAN_11,Spectra_0,2000,2966,952,22,10,0.6353503184713376,0.015425943807861827
cd4_BL,2.0,SDAN_11,Spectra_1,2000,2966,952,22,10,0.6212314225053078,0.015576745878247134
cd4_BL,2.0,SDAN_11,Spectra_2,2000,2966,952,22,10,0.7506369426751592,0.04366645294157675
cd4_BL,2.0,SDAN_11,Spectra_3,2000,2966,952,22,10,0.4494692144373673,0.009715026964399846
cd4_BL,2.0,SDAN_11,Spectra_4,2000,2966,952,22,10,0.44065817409766456,0.009777169998952551
cd4_BL,2.0,SDAN_11,Spectra_5,2000,2966,952,22,10,0.4467091295116773,0.009758623342694239
cd4_BL,2.0,SDAN_11,Spectra_6,2000,2966,952,22,10,0.44819532908704884,0.009749823240995815
cd4_BL,2.0,SDAN_11,Spectra_7,2000,2966,952,22,10,0.4573248407643312,0.010223425672207038
cd4_BL,2.0,SDAN_11,Spectra_8,2000,2966,952,22,10,0.5906581740976646,0.013782722693729613
cd4_BL,2.0,SDAN_11,Spectra_9,2000,2966,952,22,10,0.49118895966029724,0.010566850462401947
cd4_BL,2.0,SDAN_11,Spectra_10,2000,2966,952,22,10,0.44012738853503186,0.010984970593241635
cd4_BL,2.0,SDAN_11,Spectra_11,2000,2966,952,22,10,0.5826963906581741,0.014607181080306085
cd4_BL,2.0,SDAN_11,Spectra_12,2000,2966,952,22,10,0.5260084925690021,0.01248086905360863
cd4_BL,2.0,SDAN_11,Spectra_13,2000,2966,952,22,10,0.6503184713375796,0.019094036330295185
cd4_BL,2.0,SDAN_11,Spectra_14,2000,2966,952,22,10,0.7640127388535032,0.02223104254170225
cd4_BL,2.0,SDAN_11,Spectra_15,2000,2966,952,22,10,0.5484076433121019,0.012178569245718657
cd4_BL,2.0,SDAN_11,Spectra_16,2000,2966,952,22,10,0.6507430997876857,0.01814793791183721
cd4_BL,2.0,SDAN_11,Spectra_17,2000,2966,952,22,10,0.8101910828025479,0.1557894286784712
cd4_BL,2.0,SDAN_11,Spectra_18,2000,2966,952,22,10,0.6470276008492568,0.01735467872212869
cd4_BL,2.0,SDAN_11,Spectra_19,2000,2966,952,22,10,0.5418259023354566,0.020890476759030358
cd4_BL,2.0,SDAN_11,Spectra_20,2000,2966,952,22,10,0.30286624203821655,0.007636613467851622
cd4_BL,2.0,SDAN_11,Spectra_21,2000,2966,952,22,10,0.43428874734607215,0.009717692004508945
cd4_BL,2.0,SDAN_11,Spectra_22,2000,2966,952,22,10,0.26963906581740976,0.0073267064904905125
cd4_BL,2.0,SDAN_11,Spectra_23,2000,2966,952,22,10,0.582484076433121,0.014344277188545963
cd4_BL,2.0,SDAN_11,Spectra_24,2000,2966,952,22,10,0.3966029723991507,0.009827115582524394
cd4_BL,2.0,SDAN_11,Spectra_25,2000,2966,952,22,10,0.3944798301486199,0.009985414390454063
cd4_BL,2.0,SDAN_11,Spectra_26,2000,2966,952,22,10,0.3679405520169851,0.009058538499256755
cd4_BL,2.0,SDAN_11,Spectra_27,2000,2966,952,22,10,0.3643312101910828,0.008404609191836325
cd4_BL,2.0,SDAN_11,Spectra_28,2000,2966,952,22,10,0.523036093418259,0.013419084130551002
cd4_BL,2.0,SDAN_11,Spectra_29,2000,2966,952,22,10,0.43842887473460723,0.010720238768910258
cd4_BL,2.0,SDAN_11,Spectra_30,2000,2966,952,22,10,0.37133757961783437,0.008520663510263626
cd4_BL,2.0,SDAN_11,Spectra_31,2000,2966,952,22,10,0.4254777070063694,0.00954361763229774
cd4_BL,2.0,SDAN_11,Spectra_32,2000,2966,952,22,10,0.3614649681528662,0.008621917972047368
cd4_BL,2.0,SDAN_11,Spectra_33,2000,2966,952,22,10,0.547027600849257,0.0184404984632063
cd4_BL,2.0,SDAN_11,Spectra_34,2000,2966,952,22,10,0.41050955414012735,0.009111712997955306
cd4_BL,2.0,SDAN_11,Spectra_35,2000,2966,952,22,10,0.40668789808917194,0.00898063896882571
cd4_BL,2.0,SDAN_11,Spectra_36,2000,2966,952,22,10,0.5399150743099788,0.01163827200688522
cd4_BL,2.0,SDAN_11,Spectra_37,2000,2966,952,22,10,0.44437367303609343,0.009968921661249734
cd4_BL,2.0,SDAN_11,Spectra_38,2000,2966,952,22,10,0.6768577494692144,0.017836772388285935
cd4_BL,2.0,SDAN_11,Spectra_39,2000,2966,952,22,10,0.5985138004246284,0.014605723352576394
cd4_BL,2.0,SDAN_12,Spectra_0,2000,2966,952,20,11,0.420925514443049,0.011011750018508785
cd4_BL,2.0,SDAN_12,Spectra_1,2000,2966,952,20,11,0.5297072746594532,0.016432575475518567
cd4_BL,2.0,SDAN_12,Spectra_2,2000,2966,952,20,11,0.46836054487489137,0.011344585273292816
cd4_BL,2.0,SDAN_12,Spectra_3,2000,2966,952,20,11,0.29881170901362186,0.009541795109727913
cd4_BL,2.0,SDAN_12,Spectra_4,2000,2966,952,20,11,0.24847840788329628,0.007803828642887512
cd4_BL,2.0,SDAN_12,Spectra_5,2000,2966,952,20,11,0.2962998744082697,0.008266352449138962
cd4_BL,2.0,SDAN_12,Spectra_6,2000,2966,952,20,11,0.5373393874987924,0.05818901000920763
cd4_BL,2.0,SDAN_12,Spectra_7,2000,2966,952,20,11,0.4267220558400155,0.010662072102616878
cd4_BL,2.0,SDAN_12,Spectra_8,2000,2966,952,20,11,0.48913148488068786,0.012874401142546643
cd4_BL,2.0,SDAN_12,Spectra_9,2000,2966,952,20,11,0.33929088976910443,0.009157546072449235
cd4_BL,2.0,SDAN_12,Spectra_10,2000,2966,952,20,11,0.43638295816829287,0.012701486432428818
cd4_BL,2.0,SDAN_12,Spectra_11,2000,2966,952,20,11,0.45155057482368854,0.017140941669383215
cd4_BL,2.0,SDAN_12,Spectra_12,2000,2966,952,20,11,0.3148488068785624,0.008743044681906464
cd4_BL,2.0,SDAN_12,Spectra_13,2000,2966,952,20,11,0.30837600231861656,0.008438930515954441
cd4_BL,2.0,SDAN_12,Spectra_14,2000,2966,952,20,11,0.4898077480436672,0.015929312481605847
cd4_BL,2.0,SDAN_12,Spectra_15,2000,2966,952,20,11,0.7806975171481016,0.14716650417834584
cd4_BL,2.0,SDAN_12,Spectra_16,2000,2966,952,20,11,0.49019418413679844,0.012021297979582624
cd4_BL,2.0,SDAN_12,Spectra_17,2000,2966,952,20,11,0.42092551444304893,0.015206353980398223
cd4_BL,2.0,SDAN_12,Spectra_18,2000,2966,952,20,11,0.4375422664476862,0.012796076327792939
cd4_BL,2.0,SDAN_12,Spectra_19,2000,2966,952,20,11,0.3550381605641967,0.009222257780980871
cd4_BL,2.0,SDAN_12,Spectra_20,2000,2966,952,20,11,0.43628634914501013,0.025342107804600653
cd4_BL,2.0,SDAN_12,Spectra_21,2000,2966,952,20,11,0.3919428074582166,0.010252579891622603
cd4_BL,2.0,SDAN_12,Spectra_22,2000,2966,952,20,11,0.42169838662931125,0.01018990404704025
cd4_BL,2.0,SDAN_12,Spectra_23,2000,2966,952,20,11,0.5252632595884456,0.013941262382354455
cd4_BL,2.0,SDAN_12,Spectra_24,2000,2966,952,20,11,0.4396676649599073,0.01063561250768908
cd4_BL,2.0,SDAN_12,Spectra_25,2000,2966,952,20,11,0.3267317167423437,0.008615599864949251
cd4_BL,2.0,SDAN_12,Spectra_26,2000,2966,952,20,11,0.37262100280166166,0.009258724252306061
cd4_BL,2.0,SDAN_12,Spectra_27,2000,2966,952,20,11,0.4266254468167327,0.010527478007271732
cd4_BL,2.0,SDAN_12,Spectra_28,2000,2966,952,20,11,0.5216887257269829,0.017021737042711652
cd4_BL,2.0,SDAN_12,Spectra_29,2000,2966,952,20,11,0.5054584098154769,0.012231835287018277
cd4_BL,2.0,SDAN_12,Spectra_30,2000,2966,952,20,11,0.34074002511834606,0.008824816218405617
cd4_BL,2.0,SDAN_12,Spectra_31,2000,2966,952,20,11,0.43300164235339583,0.010709048966922116
cd4_BL,2.0,SDAN_12,Spectra_32,2000,2966,952,20,11,0.5928895758863878,0.062448066171257845
cd4_BL,2.0,SDAN_12,Spectra_33,2000,2966,952,20,11,0.5504782146652497,0.01669904965930656
cd4_BL,2.0,SDAN_12,Spectra_34,2000,2966,952,20,11,0.39870543908801076,0.009733958397489754
cd4_BL,2.0,SDAN_12,Spectra_35,2000,2966,952,20,11,0.36827359675393684,0.009360115861136387
cd4_BL,2.0,SDAN_12,Spectra_36,2000,2966,952,20,11,0.5978166360738093,0.01994819394937437
cd4_BL,2.0,SDAN_12,Spectra_37,2000,2966,952,20,11,0.6170418317070815,0.02571514390090297
cd4_BL,2.0,SDAN_12,Spectra_38,2000,2966,952,20,11,0.6208095836151096,0.038345432162583765
cd4_BL,2.0,SDAN_12,Spectra_39,2000,2966,952,20,11,0.5404308762438411,0.015453434601203093
cd4_BL,2.0,SDAN_13,Spectra_0,2000,2966,952,20,5,0.412882787750792,0.005118822075664949
cd4_BL,2.0,SDAN_13,Spectra_1,2000,2966,952,20,5,0.5647307286166843,0.007349681915476768
cd4_BL,2.0,SDAN_13,Spectra_2,2000,2966,952,20,5,0.4557550158394931,0.006181227577502295
cd4_BL,2.0,SDAN_13,Spectra_3,2000,2966,952,20,5,0.3790918690601901,0.004790401363678314
cd4_BL,2.0,SDAN_13,Spectra_4,2000,2966,952,20,5,0.6563885955649419,0.010470489756680742
cd4_BL,2.0,SDAN_13,Spectra_5,2000,2966,952,20,5,0.3174234424498416,0.004349859497756201
cd4_BL,2.0,SDAN_13,Spectra_6,2000,2966,952,20,5,0.5404435058078142,0.007982434310957532
cd4_BL,2.0,SDAN_13,Spectra_7,2000,2966,952,20,5,0.39683210137275604,0.00495127566420312
cd4_BL,2.0,SDAN_13,Spectra_8,2000,2966,952,20,5,0.425765575501584,0.005524742953637053
cd4_BL,2.0,SDAN_13,Spectra_9,2000,2966,952,20,5,0.3406546990496304,0.004499941507233021
cd4_BL,2.0,SDAN_13,Spectra_10,2000,2966,952,20,5,0.36937697993664204,0.004765273091644164
cd4_BL,2.0,SDAN_13,Spectra_11,2000,2966,952,20,5,0.5782470960929251,0.011850336769463501
cd4_BL,2.0,SDAN_13,Spectra_12,2000,2966,952,20,5,0.40823653643083424,0.0051521377459003434
cd4_BL,2.0,SDAN_13,Spectra_13,2000,2966,952,20,5,0.5184794086589228,0.007078155637101112
cd4_BL,2.0,SDAN_13,Spectra_14,2000,2966,952,20,5,0.5630411826821542,0.006816770204098829
cd4_BL,2.0,SDAN_13,Spectra_15,2000,2966,952,20,5,0.7833157338965153,0.026407839486145
cd4_BL,2.0,SDAN_13,Spectra_16,2000,2966,952,20,5,0.6418162618796198,0.008999472273158426
cd4_BL,2.0,SDAN_13,Spectra_17,2000,2966,952,20,5,0.44371700105596623,0.005843739019677316
cd4_BL,2.0,SDAN_13,Spectra_18,2000,2966,952,20,5,0.3921858500527983,0.00490141401003937
cd4_BL,2.0,SDAN_13,Spectra_19,2000,2966,952,20,5,0.325026399155227,0.004397876990255321
cd4_BL,2.0,SDAN_13,Spectra_20,2000,2966,952,20,5,0.41858500527983106,0.0067463586381704185
cd4_BL,2.0,SDAN_13,Spectra_21,2000,2966,952,20,5,0.41351636747624076,0.005940202829588346
cd4_BL,2.0,SDAN_13,Spectra_22,2000,2966,952,20,5,0.3900739176346357,0.0048778990892253135
cd4_BL,2.0,SDAN_13,Spectra_23,2000,2966,952,20,5,0.5229144667370644,0.006193696546296417
cd4_BL,2.0,SDAN_13,Spectra_24,2000,2966,952,20,5,0.47919746568109817,0.007175877618517992
cd4_BL,2.0,SDAN_13,Spectra_25,2000,2966,952,20,5,0.40549102428722283,0.005006314189440773
cd4_BL,2.0,SDAN_13,Spectra_26,2000,2966,952,20,5,0.6086589229144668,0.007643565591668668
cd4_BL,2.0,SDAN_13,Spectra_27,2000,2966,952,20,5,0.3757127771911299,0.005056069139850804
cd4_BL,2.0,SDAN_13,Spectra_28,2000,2966,952,20,5,0.5093980992608236,0.019244435714554732
cd4_BL,2.0,SDAN_13,Spectra_29,2000,2966,952,20,5,0.5235480464625133,0.010519369054251066
cd4_BL,2.0,SDAN_13,Spectra_30,2000,2966,952,20,5,0.49757127771911297,0.006087253931188974
cd4_BL,2.0,SDAN_13,Spectra_31,2000,2966,952,20,5,0.5828933474128828,0.009728672568530682
cd4_BL,2.0,SDAN_13,Spectra_32,2000,2966,952,20,5,0.4397043294614572,0.006352657132131083
cd4_BL,2.0,SDAN_13,Spectra_33,2000,2966,952,20,5,0.5155227032734953,0.016386412198642578
cd4_BL,2.0,SDAN_13,Spectra_34,2000,2966,952,20,5,0.5079197465681098,0.006445554475644966
cd4_BL,2.0,SDAN_13,Spectra_35,2000,2966,952,20,5,0.412882787750792,0.005080101652631967
cd4_BL,2.0,SDAN_13,Spectra_36,2000,2966,952,20,5,0.5533262935586061,0.007475660040581984
cd4_BL,2.0,SDAN_13,Spectra_37,2000,2966,952,20,5,0.6375923970432946,0.01645733630777056
cd4_BL,2.0,SDAN_13,Spectra_38,2000,2966,952,20,5,0.6092925026399155,0.008091447862554887
cd4_BL,2.0,SDAN_13,Spectra_39,2000,2966,952,20,5,0.6572333685322069,0.042008582390039545
cd4_BL,2.0,SDAN_14,Spectra_0,2000,2966,952,21,19,0.5622496756360353,0.023922317672783206
cd4_BL,2.0,SDAN_14,Spectra_1,2000,2966,952,21,19,0.5889321374174987,0.026499602476980525
cd4_BL,2.0,SDAN_14,Spectra_2,2000,2966,952,21,19,0.4640379082755119,0.018651338943805794
cd4_BL,2.0,SDAN_14,Spectra_3,2000,2966,952,21,19,0.647938173407796,0.029579023188429792
cd4_BL,2.0,SDAN_14,Spectra_4,2000,2966,952,21,19,0.6813899701021042,0.05919589028861069
cd4_BL,2.0,SDAN_14,Spectra_5,2000,2966,952,21,19,0.47413549952050543,0.01842276620409989
cd4_BL,2.0,SDAN_14,Spectra_6,2000,2966,952,21,19,0.42996558921419303,0.016900841693947042
cd4_BL,2.0,SDAN_14,Spectra_7,2000,2966,952,21,19,0.5994810176566818,0.025583746665791787
cd4_BL,2.0,SDAN_14,Spectra_8,2000,2966,952,21,19,0.5370339030856885,0.021772955273940457
cd4_BL,2.0,SDAN_14,Spectra_9,2000,2966,952,21,19,0.5372595475827834,0.02302007365405282
cd4_BL,2.0,SDAN_14,Spectra_10,2000,2966,952,21,19,0.4900998476899645,0.018913558174465783
cd4_BL,2.0,SDAN_14,Spectra_11,2000,2966,952,21,19,0.5847013030969707,0.07944659613841609
cd4_BL,2.0,SDAN_14,Spectra_12,2000,2966,952,21,19,0.4693969650815141,0.019007441371452303
cd4_BL,2.0,SDAN_14,Spectra_13,2000,2966,952,21,19,0.5443109381169967,0.029550789900942436
cd4_BL,2.0,SDAN_14,Spectra_14,2000,2966,952,21,19,0.7199187679810458,0.09959487245820466
cd4_BL,2.0,SDAN_14,Spectra_15,2000,2966,952,21,19,0.46240198567157437,0.02138887900163179
cd4_BL,2.0,SDAN_14,Spectra_16,2000,2966,952,21,19,0.561572742144751,0.022881813458424625
cd4_BL,2.0,SDAN_14,Spectra_17,2000,2966,952,21,19,0.6263891239352399,0.03810968833544548
cd4_BL,2.0,SDAN_14,Spectra_18,2000,2966,952,21,19,0.6425791166017939,0.04441547630995807
cd4_BL,2.0,SDAN_14,Spectra_19,2000,2966,952,21,19,0.5746601229762509,0.028593295023842176
cd4_BL,2.0,SDAN_14,Spectra_20,2000,2966,952,21,19,0.495571726744514,0.020352274224458688
cd4_BL,2.0,SDAN_14,Spectra_21,2000,2966,952,21,19,0.3932419473120099,0.015876198234120186
cd4_BL,2.0,SDAN_14,Spectra_22,2000,2966,952,21,19,0.42748349974614996,0.017134703290750546
cd4_BL,2.0,SDAN_14,Spectra_23,2000,2966,952,21,19,0.6983133073842162,0.04793602060156441
cd4_BL,2.0,SDAN_14,Spectra_24,2000,2966,952,21,19,0.4356631127658374,0.01744186104104639
cd4_BL,2.0,SDAN_14,Spectra_25,2000,2966,952,21,19,0.3574208833982061,0.014966177684515192
cd4_BL,2.0,SDAN_14,Spectra_26,2000,2966,952,21,19,0.6089016754103909,0.03641380296765827
cd4_BL,2.0,SDAN_14,Spectra_27,2000,2966,952,21,19,0.46826874259603996,0.018133354556786142
cd4_BL,2.0,SDAN_14,Spectra_28,2000,2966,952,21,19,0.4273142663733288,0.022790623595663674
cd4_BL,2.0,SDAN_14,Spectra_29,2000,2966,952,21,19,0.528459412196085,0.024518294772956518
cd4_BL,2.0,SDAN_14,Spectra_30,2000,2966,952,21,19,0.4071754950076155,0.016208725702448874
cd4_BL,2.0,SDAN_14,Spectra_31,2000,2966,952,21,19,0.34106165735883115,0.014821395848330681
cd4_BL,2.0,SDAN_14,Spectra_32,2000,2966,952,21,19,0.34224629096857895,0.015927792362623934
cd4_BL,2.0,SDAN_14,Spectra_33,2000,2966,952,21,19,0.5731370226208609,0.027339604762129127
cd4_BL,2.0,SDAN_14,Spectra_34,2000,2966,952,21,19,0.36120042872454444,0.015019849072566472
cd4_BL,2.0,SDAN_14,Spectra_35,2000,2966,952,21,19,0.24668584644891972,0.01293200187400445
cd4_BL,2.0,SDAN_14,Spectra_36,2000,2966,952,21,19,0.3384103345179669,0.015116646354674534
cd4_BL,2.0,SDAN_14,Spectra_37,2000,2966,952,21,19,0.45501212839171884,0.02303189882850656
cd4_BL,2.0,SDAN_14,Spectra_38,2000,2966,952,21,19,0.47994584532069723,0.019425089773238258
cd4_BL,2.0,SDAN_14,Spectra_39,2000,2966,952,21,19,0.5093924521915723,0.022697152782298967
cd4_BL,2.0,SDAN_15,Spectra_0,2000,2966,952,22,18,0.5541874851296693,0.021856520639606816
cd4_BL,2.0,SDAN_15,Spectra_1,2000,2966,952,22,18,0.7006899833452296,0.039373083631530685
cd4_BL,2.0,SDAN_15,Spectra_2,2000,2966,952,22,18,0.617713537949084,0.024060619447771308
cd4_BL,2.0,SDAN_15,Spectra_3,2000,2966,952,22,18,0.5483583154889364,0.02143073151135478
cd4_BL,2.0,SDAN_15,Spectra_4,2000,2966,952,22,18,0.6114679990482988,0.02532703740540865
cd4_BL,2.0,SDAN_15,Spectra_5,2000,2966,952,22,18,0.35177254342136566,0.014189658277528553
cd4_BL,2.0,SDAN_15,Spectra_6,2000,2966,952,22,18,0.4717463716393052,0.017249102456053635
cd4_BL,2.0,SDAN_15,Spectra_7,2000,2966,952,22,18,0.47852724244587197,0.017743451156327906
cd4_BL,2.0,SDAN_15,Spectra_8,2000,2966,952,22,18,0.5678087080656673,0.022503063864817013
cd4_BL,2.0,SDAN_15,Spectra_9,2000,2966,952,22,18,0.39804901261004044,0.015176391626269142
cd4_BL,2.0,SDAN_15,Spectra_10,2000,2966,952,22,18,0.5249821556031407,0.03511848594585897
cd4_BL,2.0,SDAN_15,Spectra_11,2000,2966,952,22,18,0.47876516773733047,0.01743861356199558
cd4_BL,2.0,SDAN_15,Spectra_12,2000,2966,952,22,18,0.43433261955745894,0.01690819244736772
cd4_BL,2.0,SDAN_15,Spectra_13,2000,2966,952,22,18,0.48756840352129427,0.017766506266640746
cd4_BL,2.0,SDAN_15,Spectra_14,2000,2966,952,22,18,0.6689269569355223,0.029190001392170123
cd4_BL,2.0,SDAN_15,Spectra_15,2000,2966,952,22,18,0.46591720199857245,0.018581466518844077
cd4_BL,2.0,SDAN_15,Spectra_16,2000,2966,952,22,18,0.7494646680942184,0.04966106840417103
cd4_BL,2.0,SDAN_15,Spectra_17,2000,2966,952,22,18,0.579288603378539,0.027455027461331962
cd4_BL,2.0,SDAN_15,Spectra_18,2000,2966,952,22,18,0.5430049964311207,0.020327051557101423
cd4_BL,2.0,SDAN_15,Spectra_19,2000,2966,952,22,18,0.45140375921960507,0.016802193561813866
cd4_BL,2.0,SDAN_15,Spectra_20,2000,2966,952,22,18,0.46609564596716635,0.01760160351627849
cd4_BL,2.0,SDAN_15,Spectra_21,2000,2966,952,22,18,0.5119557458957887,0.018693983391166253
cd4_BL,2.0,SDAN_15,Spectra_22,2000,2966,952,22,18,0.3355936236021889,0.013829660116783545
cd4_BL,2.0,SDAN_15,Spectra_23,2000,2966,952,22,18,0.655960028551035,0.027413763078893164
cd4_BL,2.0,SDAN_15,Spectra_24,2000,2966,952,22,18,0.5183797287651677,0.01961780939732792
cd4_BL,2.0,SDAN_15,Spectra_25,2000,2966,952,22,18,0.39132762312633834,0.015018281716030589
cd4_BL,2.0,SDAN_15,Spectra_26,2000,2966,952,22,18,0.6385320009517013,0.026357424571922746
cd4_BL,2.0,SDAN_15,Spectra_27,2000,2966,952,22,18,0.5903521294313585,0.02279154451747803
cd4_BL,2.0,SDAN_15,Spectra_28,2000,2966,952,22,18,0.5293242921722578,0.020610647939342704
cd4_BL,2.0,SDAN_15,Spectra_29,2000,2966,952,22,18,0.6335355698310731,0.03177847209891725
cd4_BL,2.0,SDAN_15,Spectra_30,2000,2966,952,22,18,0.5250416369260051,0.019481903240219613
cd4_BL,2.0,SDAN_15,Spectra_31,2000,2966,952,22,18,0.38817511301451346,0.015273105569491921
cd4_BL,2.0,SDAN_15,Spectra_32,2000,2966,952,22,18,0.28723530811325243,0.01285801583322799
cd4_BL,2.0,SDAN_15,Spectra_33,2000,2966,952,22,18,0.5820842255531763,0.02432258576135654
cd4_BL,2.0,SDAN_15,Spectra_34,2000,2966,952,22,18,0.29520580537711155,0.013127898949698798
cd4_BL,2.0,SDAN_15,Spectra_35,2000,2966,952,22,18,0.3034142279324292,0.013124500273832577
cd4_BL,2.0,SDAN_15,Spectra_36,2000,2966,952,22,18,0.4009635974304068,0.015198419489345782
cd4_BL,2.0,SDAN_15,Spectra_37,2000,2966,952,22,18,0.40447299547941945,0.01534387583386437
cd4_BL,2.0,SDAN_15,Spectra_38,2000,2966,952,22,18,0.49553890078515345,0.018186162206257288
cd4_BL,2.0,SDAN_15,Spectra_39,2000,2966,952,22,18,0.6665477040209374,0.03234199392322311
cd4_BL,2.0,SDAN_16,Spectra_0,2000,2966,952,21,19,0.3036046708410899,0.022158190768167628
cd4_BL,2.0,SDAN_16,Spectra_1,2000,2966,952,21,19,0.3097534833869239,0.015674155599237474
cd4_BL,2.0,SDAN_16,Spectra_2,2000,2966,952,21,19,0.2871890336774412,0.013494646343497538
cd4_BL,2.0,SDAN_16,Spectra_3,2000,2966,952,21,19,0.7356010605291363,0.06063882166516381
cd4_BL,2.0,SDAN_16,Spectra_4,2000,2966,952,21,19,0.29378913521746486,0.01588167260571563
cd4_BL,2.0,SDAN_16,Spectra_5,2000,2966,952,21,19,0.2716195633778981,0.013272420355817131
cd4_BL,2.0,SDAN_16,Spectra_6,2000,2966,952,21,19,0.20364415862808144,0.012199950632317862
cd4_BL,2.0,SDAN_16,Spectra_7,2000,2966,952,21,19,0.46759180910475545,0.018205065450535417
cd4_BL,2.0,SDAN_16,Spectra_8,2000,2966,952,21,19,0.3152253624414734,0.014497726789583068
cd4_BL,2.0,SDAN_16,Spectra_9,2000,2966,952,21,19,0.2570654933152817,0.013046259482575937
cd4_BL,2.0,SDAN_16,Spectra_10,2000,2966,952,21,19,0.2248547413549952,0.012516088428902339
cd4_BL,2.0,SDAN_16,Spectra_11,2000,2966,952,21,19,0.3724262424550121,0.016669797353693006
cd4_BL,2.0,SDAN_16,Spectra_12,2000,2966,952,21,19,0.2275624753201331,0.012596157318311218
cd4_BL,2.0,SDAN_16,Spectra_13,2000,2966,952,21,19,0.2759068088226998,0.013286730042080771
cd4_BL,2.0,SDAN_16,Spectra_14,2000,2966,952,21,19,0.3746826874259604,0.04547348170091594
cd4_BL,2.0,SDAN_16,Spectra_15,2000,2966,952,21,19,0.31364585096180964,0.01439942987447799
cd4_BL,2.0,SDAN_16,Spectra_16,2000,2966,952,21,19,0.2980763806622666,0.0407503921812354
cd4_BL,2.0,SDAN_16,Spectra_17,2000,2966,952,21,19,0.46505330851243865,0.06192434482645051
cd4_BL,2.0,SDAN_16,Spectra_18,2000,2966,952,21,19,0.3740621650589496,0.01827398131299989
cd4_BL,2.0,SDAN_16,Spectra_19,2000,2966,952,21,19,0.2867941558075252,0.01361654275116636
cd4_BL,2.0,SDAN_16,Spectra_20,2000,2966,952,21,19,0.2181418175664241,0.012488693028348997
cd4_BL,2.0,SDAN_16,Spectra_21,2000,2966,952,21,19,0.2880352005415468,0.01354501546958058
cd4_BL,2.0,SDAN_16,Spectra_22,2000,2966,952,21,19,0.16883849495120434,0.011797402649850632
cd4_BL,2.0,SDAN_16,Spectra_23,2000,2966,952,21,19,0.540982681784848,0.02084968205723347
cd4_BL,2.0,SDAN_16,Spectra_24,2000,2966,952,21,19,0.2223726518869521,0.012999747631439972
cd4_BL,2.0,SDAN_16,Spectra_25,2000,2966,952,21,19,0.20691600383595643,0.012469012128207752
cd4_BL,2.0,SDAN_16,Spectra_26,2000,2966,952,21,19,0.26896824053703383,0.013642940297405315
cd4_BL,2.0,SDAN_16,Spectra_27,2000,2966,952,21,19,0.24053703390308567,0.01272920850456417
cd4_BL,2.0,SDAN_16,Spectra_28,2000,2966,952,21,19,0.24724995769165675,0.012803354393711006
cd4_BL,2.0,SDAN_16,Spectra_29,2000,2966,952,21,19,0.26140914988435715,0.013110274270956101
cd4_BL,2.0,SDAN_16,Spectra_30,2000,2966,952,21,19,0.18722852146443275,0.011982331343937452
cd4_BL,2.0,SDAN_16,Spectra_31,2000,2966,952,21,19,0.18801827720426467,0.01203292801260681
cd4_BL,2.0,SDAN_16,Spectra_32,2000,2966,952,21,19,0.15405878039149318,0.011692945722775702
cd4_BL,2.0,SDAN_16,Spectra_33,2000,2966,952,21,19,0.3825802448242793,0.015816882552079716
cd4_BL,2.0,SDAN_16,Spectra_34,2000,2966,952,21,19,0.1891464996897388,0.012181033195942964
cd4_BL,2.0,SDAN_16,Spectra_35,2000,2966,952,21,19,0.1648897162520449,0.011800100825937646
cd4_BL,2.0,SDAN_16,Spectra_36,2000,2966,952,21,19,0.26095786089016754,0.013105820493877485
cd4_BL,2.0,SDAN_16,Spectra_37,2000,2966,952,21,19,0.3024764483556157,0.013936073024047826
cd4_BL,2.0,SDAN_16,Spectra_38,2000,2966,952,21,19,0.4665764088678287,0.018214919895498054
cd4_BL,2.0,SDAN_16,Spectra_39,2000,2966,952,21,19,0.3857392677836069,0.06818248113077377
cd4_BL,2.0,SDAN_17,Spectra_0,2000,2966,952,20,5,0.44582893347412883,0.006131568159447748
cd4_BL,2.0,SDAN_17,Spectra_1,2000,2966,952,20,5,0.7497360084477297,0.04980312462181922
cd4_BL,2.0,SDAN_17,Spectra_2,2000,2966,952,20,5,0.5398099260823653,0.006548369192984808
cd4_BL,2.0,SDAN_17,Spectra_3,2000,2966,952,20,5,0.6829989440337909,0.013304451284054131
cd4_BL,2.0,SDAN_17,Spectra_4,2000,2966,952,20,5,0.3476240760295671,0.0045937356730755
cd4_BL,2.0,SDAN_17,Spectra_5,2000,2966,952,20,5,0.35227032734952485,0.004897641419100078
cd4_BL,2.0,SDAN_17,Spectra_6,2000,2966,952,20,5,0.34171066525871174,0.004505252653595243
cd4_BL,2.0,SDAN_17,Spectra_7,2000,2966,952,20,5,0.6067581837381204,0.00766664009303896
cd4_BL,2.0,SDAN_17,Spectra_8,2000,2966,952,20,5,0.29081309398099264,0.004180140889522071
cd4_BL,2.0,SDAN_17,Spectra_9,2000,2966,952,20,5,0.28299894403379094,0.004128716956001516
cd4_BL,2.0,SDAN_17,Spectra_10,2000,2966,952,20,5,0.32481520591341084,0.004534850652975335
cd4_BL,2.0,SDAN_17,Spectra_11,2000,2966,952,20,5,0.6454065469904963,0.017466711796458374
cd4_BL,2.0,SDAN_17,Spectra_12,2000,2966,952,20,5,0.24139387539598733,0.00391108083908852
cd4_BL,2.0,SDAN_17,Spectra_13,2000,2966,952,20,5,0.4042238648363253,0.0053898928697453715
cd4_BL,2.0,SDAN_17,Spectra_14,2000,2966,952,20,5,0.5788806758183738,0.007833092586358099
cd4_BL,2.0,SDAN_17,Spectra_15,2000,2966,952,20,5,0.44540654699049637,0.005451764207444506
cd4_BL,2.0,SDAN_17,Spectra_16,2000,2966,952,20,5,0.39831045406546994,0.005145575076216629
cd4_BL,2.0,SDAN_17,Spectra_17,2000,2966,952,20,5,0.34487856388595567,0.004557147117038736
cd4_BL,2.0,SDAN_17,Spectra_18,2000,2966,952,20,5,0.5429778247096093,0.00894907460748447
cd4_BL,2.0,SDAN_17,Spectra_19,2000,2966,952,20,5,0.23189017951425556,0.003864517952638152
cd4_BL,2.0,SDAN_17,Spectra_20,2000,2966,952,20,5,0.24287222808870118,0.003946954843950746
cd4_BL,2.0,SDAN_17,Spectra_21,2000,2966,952,20,5,0.2768743400211193,0.004174655165402637
cd4_BL,2.0,SDAN_17,Spectra_22,2000,2966,952,20,5,0.18521647307286165,0.0036863959220684874
cd4_BL,2.0,SDAN_17,Spectra_23,2000,2966,952,20,5,0.5687434002111933,0.01841095477333766
cd4_BL,2.0,SDAN_17,Spectra_24,2000,2966,952,20,5,0.25681098204857444,0.00400437312928986
cd4_BL,2.0,SDAN_17,Spectra_25,2000,2966,952,20,5,0.27349524815205917,0.004093061167044422
cd4_BL,2.0,SDAN_17,Spectra_26,2000,2966,952,20,5,0.25786694825765577,0.004013501873168944
cd4_BL,2.0,SDAN_17,Spectra_27,2000,2966,952,20,5,0.37001055966209084,0.004853253005032022
cd4_BL,2.0,SDAN_17,Spectra_28,2000,2966,952,20,5,0.434635691657867,0.00586195027968912
cd4_BL,2.0,SDAN_17,Spectra_29,2000,2966,952,20,5,0.2557550158394931,0.003994595574113732
cd4_BL,2.0,SDAN_17,Spectra_30,2000,2966,952,20,5,0.1883843717001056,0.0036730258205524046
cd4_BL,2.0,SDAN_17,Spectra_31,2000,2966,952,20,5,0.27560718057022177,0.0042499977622034914
cd4_BL,2.0,SDAN_17,Spectra_32,2000,2966,952,20,5,0.1406546990496304,0.003527044101643059
cd4_BL,2.0,SDAN_17,Spectra_33,2000,2966,952,20,5,0.2242872228088701,0.0038420134831995524
cd4_BL,2.0,SDAN_17,Spectra_34,2000,2966,952,20,5,0.13136219640971492,0.003495559443704761
cd4_BL,2.0,SDAN_17,Spectra_35,2000,2966,952,20,5,0.13959873284054908,0.003533004620831259
cd4_BL,2.0,SDAN_17,Spectra_36,2000,2966,952,20,5,0.28489968321013726,0.0041904279304121415
cd4_BL,2.0,SDAN_17,Spectra_37,2000,2966,952,20,5,0.20971488912354808,0.003804165759577937
cd4_BL,2.0,SDAN_17,Spectra_38,2000,2966,952,20,5,0.5765575501583949,0.008620488422700558
cd4_BL,2.0,SDAN_17,Spectra_39,2000,2966,952,20,5,0.3835269271383316,0.0060438463899659504
cd4_BL,2.0,SDAN_18,Spectra_0,2000,2966,952,20,5,0.5909186906019007,0.012690490197015819
cd4_BL,2.0,SDAN_18,Spectra_1,2000,2966,952,20,5,0.44350580781414994,0.007496755026192527
cd4_BL,2.0,SDAN_18,Spectra_2,2000,2966,952,20,5,0.6388595564941921,0.00898193840449766
cd4_BL,2.0,SDAN_18,Spectra_3,2000,2966,952,20,5,0.3904963041182682,0.005015346519535533
cd4_BL,2.0,SDAN_18,Spectra_4,2000,2966,952,20,5,0.430623020063358,0.0073003928264129304
cd4_BL,2.0,SDAN_18,Spectra_5,2000,2966,952,20,5,0.44076029567053854,0.005327330790457165
cd4_BL,2.0,SDAN_18,Spectra_6,2000,2966,952,20,5,0.45913410770855334,0.006261709809788947
cd4_BL,2.0,SDAN_18,Spectra_7,2000,2966,952,20,5,0.45364308342133053,0.00662003937273581
cd4_BL,2.0,SDAN_18,Spectra_8,2000,2966,952,20,5,0.5552270327349524,0.009034359343246215
cd4_BL,2.0,SDAN_18,Spectra_9,2000,2966,952,20,5,0.563674762407603,0.0074111517788219465
cd4_BL,2.0,SDAN_18,Spectra_10,2000,2966,952,20,5,0.5357972544878564,0.20606953094774658
cd4_BL,2.0,SDAN_18,Spectra_11,2000,2966,952,20,5,0.5235480464625132,0.008724139193078417
cd4_BL,2.0,SDAN_18,Spectra_12,2000,2966,952,20,5,0.3351636747624076,0.004533838106156875
cd4_BL,2.0,SDAN_18,Spectra_13,2000,2966,952,20,5,0.325026399155227,0.00443095214937186
cd4_BL,2.0,SDAN_18,Spectra_14,2000,2966,952,20,5,0.6485744456177402,0.012090712871656188
cd4_BL,2.0,SDAN_18,Spectra_15,2000,2966,952,20,5,0.5913410770855333,0.007391786209358723
cd4_BL,2.0,SDAN_18,Spectra_16,2000,2966,952,20,5,0.33812038014783524,0.004658548428558531
cd4_BL,2.0,SDAN_18,Spectra_17,2000,2966,952,20,5,0.5360084477296727,0.008084074817683614
cd4_BL,2.0,SDAN_18,Spectra_18,2000,2966,952,20,5,0.23590285110876452,0.003943937136367384
cd4_BL,2.0,SDAN_18,Spectra_19,2000,2966,952,20,5,0.49736008447729674,0.013741428227303317
cd4_BL,2.0,SDAN_18,Spectra_20,2000,2966,952,20,5,0.32333685322069694,0.0043831874986130556
cd4_BL,2.0,SDAN_18,Spectra_21,2000,2966,952,20,5,0.3945089757127772,0.005006273143305451
cd4_BL,2.0,SDAN_18,Spectra_22,2000,2966,952,20,5,0.404857444561774,0.0050187039750518685
cd4_BL,2.0,SDAN_18,Spectra_23,2000,2966,952,20,5,0.42323125659978883,0.0063307976043717904
cd4_BL,2.0,SDAN_18,Spectra_24,2000,2966,952,20,5,0.646040126715945,0.008964400742582068
cd4_BL,2.0,SDAN_18,Spectra_25,2000,2966,952,20,5,0.37866948257655764,0.004772333436226604
cd4_BL,2.0,SDAN_18,Spectra_26,2000,2966,952,20,5,0.4225976768743401,0.005272599117933718
cd4_BL,2.0,SDAN_18,Spectra_27,2000,2966,952,20,5,0.5414994720168955,0.007320676917355535
cd4_BL,2.0,SDAN_18,Spectra_28,2000,2966,952,20,5,0.6937697993664202,0.015007929862282362
cd4_BL,2.0,SDAN_18,Spectra_29,2000,2966,952,20,5,0.4933474128827878,0.005948232376582527
cd4_BL,2.0,SDAN_18,Spectra_30,2000,2966,952,20,5,0.3790918690601901,0.004766180474974655
cd4_BL,2.0,SDAN_18,Spectra_31,2000,2966,952,20,5,0.5129883843717001,0.006414724255503336
cd4_BL,2.0,SDAN_18,Spectra_32,2000,2966,952,20,5,0.5001055966209081,0.006848995582578832
cd4_BL,2.0,SDAN_18,Spectra_33,2000,2966,952,20,5,0.475818373812038,0.008499433381961758
cd4_BL,2.0,SDAN_18,Spectra_34,2000,2966,952,20,5,0.6061246040126715,0.00770227196255148
cd4_BL,2.0,SDAN_18,Spectra_35,2000,2966,952,20,5,0.42914466737064416,0.0052376799078867504
cd4_BL,2.0,SDAN_18,Spectra_36,2000,2966,952,20,5,0.6145723336853222,0.008976611586037717
cd4_BL,2.0,SDAN_18,Spectra_37,2000,2966,952,20,5,0.5721224920802535,0.008878228744729063
cd4_BL,2.0,SDAN_18,Spectra_38,2000,2966,952,20,5,0.6819429778247097,0.021881978913197857
cd4_BL,2.0,SDAN_18,Spectra_39,2000,2966,952,20,5,0.5493136219640972,0.007195437377387117
cd4_BL,2.0,SDAN_19,Spectra_0,2000,2966,952,20,9,0.3544244138093555,0.007529185630510632
cd4_BL,2.0,SDAN_19,Spectra_1,2000,2966,952,20,9,0.714268881819253,0.020197613637904153
cd4_BL,2.0,SDAN_19,Spectra_2,2000,2966,952,20,9,0.6197714151054554,0.014441631801443169
cd4_BL,2.0,SDAN_19,Spectra_3,2000,2966,952,20,9,0.5839519264757865,0.011722804824314606
cd4_BL,2.0,SDAN_19,Spectra_4,2000,2966,952,20,9,0.40308707434900437,0.012975818367397828
cd4_BL,2.0,SDAN_19,Spectra_5,2000,2966,952,20,9,0.21585954989984682,0.006293399804830058
cd4_BL,2.0,SDAN_19,Spectra_6,2000,2966,952,20,9,0.27477318251443383,0.006892737809309166
cd4_BL,2.0,SDAN_19,Spectra_7,2000,2966,952,20,9,0.6484034405561446,0.01535372278885712
cd4_BL,2.0,SDAN_19,Spectra_8,2000,2966,952,20,9,0.5126664310121363,0.010563565320458983
cd4_BL,2.0,SDAN_19,Spectra_9,2000,2966,952,20,9,0.29315423589018497,0.006983905618069904
cd4_BL,2.0,SDAN_19,Spectra_10,2000,2966,952,20,9,0.2919759632378932,0.00687151136542756
cd4_BL,2.0,SDAN_19,Spectra_11,2000,2966,952,20,9,0.39024390243902435,0.008330160933337959
cd4_BL,2.0,SDAN_19,Spectra_12,2000,2966,952,20,9,0.24248851184164016,0.0064684265821573755
cd4_BL,2.0,SDAN_19,Spectra_13,2000,2966,952,20,9,0.30151997172145634,0.007214173531510868
cd4_BL,2.0,SDAN_19,Spectra_14,2000,2966,952,20,9,0.8328031106398021,0.08942407754240764
cd4_BL,2.0,SDAN_19,Spectra_15,2000,2966,952,20,9,0.3881230116648993,0.008238603229384325
cd4_BL,2.0,SDAN_19,Spectra_16,2000,2966,952,20,9,0.3613762224578767,0.0076027169434232066
cd4_BL,2.0,SDAN_19,Spectra_17,2000,2966,952,20,9,0.5744079179922233,0.01303493329867257
cd4_BL,2.0,SDAN_19,Spectra_18,2000,2966,952,20,9,0.39342523860021206,0.00805893865271586
cd4_BL,2.0,SDAN_19,Spectra_19,2000,2966,952,20,9,0.4728408153646753,0.023161779587017074
cd4_BL,2.0,SDAN_19,Spectra_20,2000,2966,952,20,9,0.4059149287145045,0.00919644075068899
cd4_BL,2.0,SDAN_19,Spectra_21,2000,2966,952,20,9,0.19288323318015788,0.006061336168545937
cd4_BL,2.0,SDAN_19,Spectra_22,2000,2966,952,20,9,0.2976316719688936,0.007018610702631774
cd4_BL,2.0,SDAN_19,Spectra_23,2000,2966,952,20,9,0.5425945563803464,0.016755518261069233
cd4_BL,2.0,SDAN_19,Spectra_24,2000,2966,952,20,9,0.3072935077176859,0.007034147609716285
cd4_BL,2.0,SDAN_19,Spectra_25,2000,2966,952,20,9,0.264757864969954,0.006602740102258377
cd4_BL,2.0,SDAN_19,Spectra_26,2000,2966,952,20,9,0.23200188523624365,0.006359872541916357
cd4_BL,2.0,SDAN_19,Spectra_27,2000,2966,952,20,9,0.2859667727112054,0.006789878251949743
cd4_BL,2.0,SDAN_19,Spectra_28,2000,2966,952,20,9,0.4323082361258395,0.023016773126365832
cd4_BL,2.0,SDAN_19,Spectra_29,2000,2966,952,20,9,0.2606339106869329,0.006599939862445795
cd4_BL,2.0,SDAN_19,Spectra_30,2000,2966,952,20,9,0.1836927064922823,0.006026928980549237
cd4_BL,2.0,SDAN_19,Spectra_31,2000,2966,952,20,9,0.1654294803817603,0.005967574112369909
cd4_BL,2.0,SDAN_19,Spectra_32,2000,2966,952,20,9,0.20572640509013784,0.006203901957008231
cd4_BL,2.0,SDAN_19,Spectra_33,2000,2966,952,20,9,0.49357841404501,0.017736717777299314
cd4_BL,2.0,SDAN_19,Spectra_34,2000,2966,952,20,9,0.20501944149876283,0.006186324716546028
cd4_BL,2.0,SDAN_19,Spectra_35,2000,2966,952,20,9,0.22776010368799335,0.006356817219840018
cd4_BL,2.0,SDAN_19,Spectra_36,2000,2966,952,20,9,0.184164015553199,0.006032838905191535
cd4_BL,2.0,SDAN_19,Spectra_37,2000,2966,952,20,9,0.22045481324378458,0.006329821108984836
cd4_BL,2.0,SDAN_19,Spectra_38,2000,2966,952,20,9,0.6189466242488512,0.015365919465479171
cd4_BL,2.0,SDAN_19,Spectra_39,2000,2966,952,20,9,0.2688818192529751,0.006677910765802659
cd4_BL,2.0,SDAN_20,Spectra_0,2000,2966,952,20,11,0.5703796734615013,0.014887211146992343
cd4_BL,2.0,SDAN_20,Spectra_1,2000,2966,952,20,11,0.7062119601970824,0.029038870752228954
cd4_BL,2.0,SDAN_20,Spectra_2,2000,2966,952,20,11,0.5320258912182398,0.012711918753699472
cd4_BL,2.0,SDAN_20,Spectra_3,2000,2966,952,20,11,0.5965607187711333,0.01585154918188316
cd4_BL,2.0,SDAN_20,Spectra_4,2000,2966,952,20,11,0.5709593276011979,0.014125299630413167
cd4_BL,2.0,SDAN_20,Spectra_5,2000,2966,952,20,11,0.35368563423823784,0.009081408059626352
cd4_BL,2.0,SDAN_20,Spectra_6,2000,2966,952,20,11,0.39851222104144535,0.009847456462618913
cd4_BL,2.0,SDAN_20,Spectra_7,2000,2966,952,20,11,0.46565549222297353,0.011291489813165075
cd4_BL,2.0,SDAN_20,Spectra_8,2000,2966,952,20,11,0.5433291469423245,0.013840984568851602
cd4_BL,2.0,SDAN_20,Spectra_9,2000,2966,952,20,11,0.4259491836537533,0.010364670305945876
cd4_BL,2.0,SDAN_20,Spectra_10,2000,2966,952,20,11,0.6037097864940586,0.016095137962067785
cd4_BL,2.0,SDAN_20,Spectra_11,2000,2966,952,20,11,0.6225485460341995,0.024215398633065335
cd4_BL,2.0,SDAN_20,Spectra_12,2000,2966,952,20,11,0.5767558689981644,0.016918156324221233
cd4_BL,2.0,SDAN_20,Spectra_13,2000,2966,952,20,11,0.4744469133417061,0.011573286712973275
cd4_BL,2.0,SDAN_20,Spectra_14,2000,2966,952,20,11,0.6064148391459762,0.021821196135409133
cd4_BL,2.0,SDAN_20,Spectra_15,2000,2966,952,20,11,0.5745338614626606,0.014954806943050784
cd4_BL,2.0,SDAN_20,Spectra_16,2000,2966,952,20,11,0.5686407110424114,0.014956589361661549
cd4_BL,2.0,SDAN_20,Spectra_17,2000,2966,952,20,11,0.4823688532508936,0.012282215083788132
cd4_BL,2.0,SDAN_20,Spectra_18,2000,2966,952,20,11,0.5751135156023572,0.015143483037748734
cd4_BL,2.0,SDAN_20,Spectra_19,2000,2966,952,20,11,0.4542556274756062,0.011834683305872958
cd4_BL,2.0,SDAN_20,Spectra_20,2000,2966,952,20,11,0.57694908704473,0.01650392459819239
cd4_BL,2.0,SDAN_20,Spectra_21,2000,2966,952,20,11,0.5996522075161821,0.01538480536066265
cd4_BL,2.0,SDAN_20,Spectra_22,2000,2966,952,20,11,0.44894213119505355,0.010589301690393033
cd4_BL,2.0,SDAN_20,Spectra_23,2000,2966,952,20,11,0.7613757124915468,0.027762562621235193
cd4_BL,2.0,SDAN_20,Spectra_24,2000,2966,952,20,11,0.4999516954883586,0.01228466820113928
cd4_BL,2.0,SDAN_20,Spectra_25,2000,2966,952,20,11,0.5322191092648053,0.012485279878035651
cd4_BL,2.0,SDAN_20,Spectra_26,2000,2966,952,20,11,0.621485846778089,0.017656958782007702
cd4_BL,2.0,SDAN_20,Spectra_27,2000,2966,952,20,11,0.6339484107815669,0.022038547733668028
cd4_BL,2.0,SDAN_20,Spectra_28,2000,2966,952,20,11,0.5458409815476766,0.01768863807017336
cd4_BL,2.0,SDAN_20,Spectra_29,2000,2966,952,20,11,0.5600425079702444,0.01620373786928407
cd4_BL,2.0,SDAN_20,Spectra_30,2000,2966,952,20,11,0.6501787266930732,0.018875885492722635
cd4_BL,2.0,SDAN_20,Spectra_31,2000,2966,952,20,11,0.5116413873055743,0.013296904625580554
cd4_BL,2.0,SDAN_20,Spectra_32,2000,2966,952,20,11,0.4420828905419766,0.010508085790667731
cd4_BL,2.0,SDAN_20,Spectra_33,2000,2966,952,20,11,0.7283354265288379,0.024115500167479768
cd4_BL,2.0,SDAN_20,Spectra_34,2000,2966,952,20,11,0.44691334170611535,0.010843177984149445
cd4_BL,2.0,SDAN_20,Spectra_35,2000,2966,952,20,11,0.4554149357549995,0.010713578983447726
cd4_BL,2.0,SDAN_20,Spectra_36,2000,2966,952,20,11,0.36296010047338423,0.009123035091923797
cd4_BL,2.0,SDAN_20,Spectra_37,2000,2966,952,20,11,0.7171287798280359,0.028728008114836633
cd4_BL,2.0,SDAN_20,Spectra_38,2000,2966,952,20,11,0.6310501400830838,0.016432719670012422
cd4_BL,2.0,SDAN_20,Spectra_39,2000,2966,952,20,11,0.536180079219399,0.016260968682480642
cd4_BL,2.0,SDAN_21,Spectra_0,2000,2966,952,19,8,0.3728813559322034,0.007880536778356768
cd4_BL,2.0,SDAN_21,Spectra_1,2000,2966,952,19,8,0.41061970338983056,0.007543497486210257
cd4_BL,2.0,SDAN_21,Spectra_2,2000,2966,952,19,8,0.4388241525423729,0.008160761447436141
cd4_BL,2.0,SDAN_21,Spectra_3,2000,2966,952,19,8,0.3763241525423729,0.007057576695455613
cd4_BL,2.0,SDAN_21,Spectra_4,2000,2966,952,19,8,0.505958686440678,0.010124540671402772
cd4_BL,2.0,SDAN_21,Spectra_5,2000,2966,952,19,8,0.23397775423728817,0.005790298815284962
cd4_BL,2.0,SDAN_21,Spectra_6,2000,2966,952,19,8,0.3209745762711864,0.006497983841854113
cd4_BL,2.0,SDAN_21,Spectra_7,2000,2966,952,19,8,0.505958686440678,0.009106783296078494
cd4_BL,2.0,SDAN_21,Spectra_8,2000,2966,952,19,8,0.4145921610169491,0.009081312478479231
cd4_BL,2.0,SDAN_21,Spectra_9,2000,2966,952,19,8,0.2623146186440678,0.005991292837875607
cd4_BL,2.0,SDAN_21,Spectra_10,2000,2966,952,19,8,0.4479608050847458,0.00809819862512569
cd4_BL,2.0,SDAN_21,Spectra_11,2000,2966,952,19,8,0.5581302966101694,0.010298472416294328
cd4_BL,2.0,SDAN_21,Spectra_12,2000,2966,952,19,8,0.25079449152542377,0.005898665974947788
cd4_BL,2.0,SDAN_21,Spectra_13,2000,2966,952,19,8,0.6549258474576272,0.08553878160726325
cd4_BL,2.0,SDAN_21,Spectra_14,2000,2966,952,19,8,0.5774629237288136,0.010520411764480861
cd4_BL,2.0,SDAN_21,Spectra_15,2000,2966,952,19,8,0.5704449152542372,0.014552979986355213
cd4_BL,2.0,SDAN_21,Spectra_16,2000,2966,952,19,8,0.588188559322034,0.011994933052666768
cd4_BL,2.0,SDAN_21,Spectra_17,2000,2966,952,19,8,0.40956038135593226,0.009958345845059596
cd4_BL,2.0,SDAN_21,Spectra_18,2000,2966,952,19,8,0.7006091101694915,0.04888733712031041
cd4_BL,2.0,SDAN_21,Spectra_19,2000,2966,952,19,8,0.2501324152542373,0.005885130817294549
cd4_BL,2.0,SDAN_21,Spectra_20,2000,2966,952,19,8,0.5286016949152542,0.010956381802692521
cd4_BL,2.0,SDAN_21,Spectra_21,2000,2966,952,19,8,0.45087394067796605,0.00834055875020743
cd4_BL,2.0,SDAN_21,Spectra_22,2000,2966,952,19,8,0.4018802966101695,0.007536610568000557
cd4_BL,2.0,SDAN_21,Spectra_23,2000,2966,952,19,8,0.5566737288135593,0.015761290433634206
cd4_BL,2.0,SDAN_21,Spectra_24,2000,2966,952,19,8,0.4145921610169492,0.008706384858810645
cd4_BL,2.0,SDAN_21,Spectra_25,2000,2966,952,19,8,0.38201800847457623,0.007495049781224114
cd4_BL,2.0,SDAN_21,Spectra_26,2000,2966,952,19,8,0.5066207627118644,0.010651919614074176
cd4_BL,2.0,SDAN_21,Spectra_27,2000,2966,952,19,8,0.4086334745762712,0.007687613787899081
cd4_BL,2.0,SDAN_21,Spectra_28,2000,2966,952,19,8,0.4270391949152542,0.007898099974361236
cd4_BL,2.0,SDAN_21,Spectra_29,2000,2966,952,19,8,0.5080773305084746,0.01132492251656177
cd4_BL,2.0,SDAN_21,Spectra_30,2000,2966,952,19,8,0.32441737288135597,0.0074549437699840074
cd4_BL,2.0,SDAN_21,Spectra_31,2000,2966,952,19,8,0.5030455508474576,0.012549116008150958
cd4_BL,2.0,SDAN_21,Spectra_32,2000,2966,952,19,8,0.3126324152542373,0.006473395858031496
cd4_BL,2.0,SDAN_21,Spectra_33,2000,2966,952,19,8,0.4639830508474576,0.008595281414480377
cd4_BL,2.0,SDAN_21,Spectra_34,2000,2966,952,19,8,0.318458686440678,0.006508068244955081
cd4_BL,2.0,SDAN_21,Spectra_35,2000,2966,952,19,8,0.2690677966101695,0.006116035455992506
cd4_BL,2.0,SDAN_21,Spectra_36,2000,2966,952,19,8,0.375,0.007221055949556416
cd4_BL,2.0,SDAN_21,Spectra_37,2000,2966,952,19,8,0.7162341101694916,0.038846107476457704
cd4_BL,2.0,SDAN_21,Spectra_38,2000,2966,952,19,8,0.491260593220339,0.013093467103890822
cd4_BL,2.0,SDAN_21,Spectra_39,2000,2966,952,19,8,0.4377648305084746,0.007842566293159112
cd4_BL,2.0,SDAN_22,Spectra_0,2000,2966,952,20,2,0.29315789473684206,0.002167625061940376
cd4_BL,2.0,SDAN_22,Spectra_1,2000,2966,952,20,2,0.5063157894736842,0.003103951401251675
cd4_BL,2.0,SDAN_22,Spectra_2,2000,2966,952,20,2,0.5505263157894736,0.0035121800801726794
cd4_BL,2.0,SDAN_22,Spectra_3,2000,2966,952,20,2,0.42736842105263156,0.003126446357493289
cd4_BL,2.0,SDAN_22,Spectra_4,2000,2966,952,20,2,0.2563157894736842,0.0020603669202294266
cd4_BL,2.0,SDAN_22,Spectra_5,2000,2966,952,20,2,0.3252631578947368,0.0023640463989460874
cd4_BL,2.0,SDAN_22,Spectra_6,2000,2966,952,20,2,0.46421052631578946,0.0030037321822024374
cd4_BL,2.0,SDAN_22,Spectra_7,2000,2966,952,20,2,0.44842105263157894,0.0028343169135653778
cd4_BL,2.0,SDAN_22,Spectra_8,2000,2966,952,20,2,0.8273684210526315,0.009895586141433318
cd4_BL,2.0,SDAN_22,Spectra_9,2000,2966,952,20,2,0.27842105263157896,0.002143479364295464
cd4_BL,2.0,SDAN_22,Spectra_10,2000,2966,952,20,2,0.6405263157894736,0.004308544640954613
cd4_BL,2.0,SDAN_22,Spectra_11,2000,2966,952,20,2,0.5531578947368421,0.004407452130412283
cd4_BL,2.0,SDAN_22,Spectra_12,2000,2966,952,20,2,0.5305263157894737,0.008562131019275908
cd4_BL,2.0,SDAN_22,Spectra_13,2000,2966,952,20,2,0.5536842105263158,0.003987012006342974
cd4_BL,2.0,SDAN_22,Spectra_14,2000,2966,952,20,2,0.5526315789473684,0.006529337296345222
cd4_BL,2.0,SDAN_22,Spectra_15,2000,2966,952,20,2,0.5531578947368421,0.0034209085933223863
cd4_BL,2.0,SDAN_22,Spectra_16,2000,2966,952,20,2,0.5726315789473684,0.003624282694050136
cd4_BL,2.0,SDAN_22,Spectra_17,2000,2966,952,20,2,0.2073684210526316,0.0019313451909504745
cd4_BL,2.0,SDAN_22,Spectra_18,2000,2966,952,20,2,0.5431578947368422,0.0034378394339165006
cd4_BL,2.0,SDAN_22,Spectra_19,2000,2966,952,20,2,0.27052631578947367,0.0020980782201125234
cd4_BL,2.0,SDAN_22,Spectra_20,2000,2966,952,20,2,0.2305263157894737,0.002035892865798864
cd4_BL,2.0,SDAN_22,Spectra_21,2000,2966,952,20,2,0.5431578947368421,0.006498655913978494
cd4_BL,2.0,SDAN_22,Spectra_22,2000,2966,952,20,2,0.2536842105263158,0.002079161103693814
cd4_BL,2.0,SDAN_22,Spectra_23,2000,2966,952,20,2,0.8110526315789474,0.015916488052710964
cd4_BL,2.0,SDAN_22,Spectra_24,2000,2966,952,20,2,0.17947368421052629,0.0019054696740769177
cd4_BL,2.0,SDAN_22,Spectra_25,2000,2966,952,20,2,0.5394736842105263,0.005328021248339973
cd4_BL,2.0,SDAN_22,Spectra_26,2000,2966,952,20,2,0.2657894736842105,0.0021324515514787932
cd4_BL,2.0,SDAN_22,Spectra_27,2000,2966,952,20,2,0.8252631578947368,0.0087205094803879
cd4_BL,2.0,SDAN_22,Spectra_28,2000,2966,952,20,2,0.5089473684210526,0.003481795687522093
cd4_BL,2.0,SDAN_22,Spectra_29,2000,2966,952,20,2,0.22894736842105262,0.0020027749403835992
cd4_BL,2.0,SDAN_22,Spectra_30,2000,2966,952,20,2,0.6536842105263158,0.004458630245447348
cd4_BL,2.0,SDAN_22,Spectra_31,2000,2966,952,20,2,0.29157894736842105,0.0021684468179795284
cd4_BL,2.0,SDAN_22,Spectra_32,2000,2966,952,20,2,0.24684210526315792,0.002043869569314862
cd4_BL,2.0,SDAN_22,Spectra_33,2000,2966,952,20,2,0.26105263157894737,0.0020724907063197026
cd4_BL,2.0,SDAN_22,Spectra_34,2000,2966,952,20,2,0.2857894736842105,0.0021768857855534534
cd4_BL,2.0,SDAN_22,Spectra_35,2000,2966,952,20,2,0.4694736842105263,0.00320644495435826
cd4_BL,2.0,SDAN_22,Spectra_36,2000,2966,952,20,2,0.6178947368421053,0.005412015552489652
cd4_BL,2.0,SDAN_22,Spectra_37,2000,2966,952,20,2,0.2442105263157895,0.0020346396422783277
cd4_BL,2.0,SDAN_22,Spectra_38,2000,2966,952,20,2,0.7947368421052632,0.007454488386691776
cd4_BL,2.0,SDAN_22,Spectra_39,2000,2966,952,20,2,0.541578947368421,0.0033923329254491033
cd4_BL,2.0,SDAN_23,Spectra_0,2000,2966,952,20,6,0.6042988019732205,0.01015364566283944
cd4_BL,2.0,SDAN_23,Spectra_1,2000,2966,952,20,6,0.6372445384073291,0.04162245477371024
cd4_BL,2.0,SDAN_23,Spectra_2,2000,2966,952,20,6,0.7128259337561663,0.03318913072708109
cd4_BL,2.0,SDAN_23,Spectra_3,2000,2966,952,20,6,0.7577519379844961,0.025648983248060614
cd4_BL,2.0,SDAN_23,Spectra_4,2000,2966,952,20,6,0.319415081042988,0.005198728920735132
cd4_BL,2.0,SDAN_23,Spectra_5,2000,2966,952,20,6,0.5378787878787878,0.008066790550328627
cd4_BL,2.0,SDAN_23,Spectra_6,2000,2966,952,20,6,0.20031712473572935,0.004343478297057243
cd4_BL,2.0,SDAN_23,Spectra_7,2000,2966,952,20,6,0.5773431994362226,0.009398631036821974
cd4_BL,2.0,SDAN_23,Spectra_8,2000,2966,952,20,6,0.6085271317829457,0.09252459603176773
cd4_BL,2.0,SDAN_23,Spectra_9,2000,2966,952,20,6,0.528893587033122,0.00764761848206163
cd4_BL,2.0,SDAN_23,Spectra_10,2000,2966,952,20,6,0.7496476391825229,0.041890562911072536
cd4_BL,2.0,SDAN_23,Spectra_11,2000,2966,952,20,6,0.4675828047921071,0.012020263545509304
cd4_BL,2.0,SDAN_23,Spectra_12,2000,2966,952,20,6,0.42054263565891475,0.005976040712102142
cd4_BL,2.0,SDAN_23,Spectra_13,2000,2966,952,20,6,0.7066596194503172,0.01751546156851397
cd4_BL,2.0,SDAN_23,Spectra_14,2000,2966,952,20,6,0.5796335447498238,0.017216344036722352
cd4_BL,2.0,SDAN_23,Spectra_15,2000,2966,952,20,6,0.38054968287526425,0.005830012617139243
cd4_BL,2.0,SDAN_23,Spectra_16,2000,2966,952,20,6,0.36028893587033123,0.005439880756150399
cd4_BL,2.0,SDAN_23,Spectra_17,2000,2966,952,20,6,0.5137420718816068,0.007454731569149312
cd4_BL,2.0,SDAN_23,Spectra_18,2000,2966,952,20,6,0.43428470754052145,0.006363949866178763
cd4_BL,2.0,SDAN_23,Spectra_19,2000,2966,952,20,6,0.6381254404510218,0.015291437715679375
cd4_BL,2.0,SDAN_23,Spectra_20,2000,2966,952,20,6,0.5406976744186047,0.025264322486179564
cd4_BL,2.0,SDAN_23,Spectra_21,2000,2966,952,20,6,0.32681465821000705,0.0051904084367202065
cd4_BL,2.0,SDAN_23,Spectra_22,2000,2966,952,20,6,0.6400634249471459,0.01278352059860163
cd4_BL,2.0,SDAN_23,Spectra_23,2000,2966,952,20,6,0.48749119097956306,0.09004957760953022
cd4_BL,2.0,SDAN_23,Spectra_24,2000,2966,952,20,6,0.4363988724453841,0.006221047317688671
cd4_BL,2.0,SDAN_23,Spectra_25,2000,2966,952,20,6,0.4260042283298098,0.006038736699887597
cd4_BL,2.0,SDAN_23,Spectra_26,2000,2966,952,20,6,0.4538407329105003,0.008176732295477076
cd4_BL,2.0,SDAN_23,Spectra_27,2000,2966,952,20,6,0.3671599718111346,0.00544319402855303
cd4_BL,2.0,SDAN_23,Spectra_28,2000,2966,952,20,6,0.7031360112755463,0.02966144598603912
cd4_BL,2.0,SDAN_23,Spectra_29,2000,2966,952,20,6,0.5903805496828752,0.009387941285347173
cd4_BL,2.0,SDAN_23,Spectra_30,2000,2966,952,20,6,0.40539112050739956,0.005940875235597538
cd4_BL,2.0,SDAN_23,Spectra_31,2000,2966,952,20,6,0.4378083157152924,0.01230513983704587
cd4_BL,2.0,SDAN_23,Spectra_32,2000,2966,952,20,6,0.6430584918957012,0.029303813973200626
cd4_BL,2.0,SDAN_23,Spectra_33,2000,2966,952,20,6,0.6467582804792107,0.02854400059488243
cd4_BL,2.0,SDAN_23,Spectra_34,2000,2966,952,20,6,0.5822762508809021,0.008326373824097368
cd4_BL,2.0,SDAN_23,Spectra_35,2000,2966,952,20,6,0.4425651867512333,0.006197005370066786
cd4_BL,2.0,SDAN_23,Spectra_36,2000,2966,952,20,6,0.4416842847075405,0.006801281859914507
cd4_BL,2.0,SDAN_23,Spectra_37,2000,2966,952,20,6,0.32170542635658916,0.005085755509615673
cd4_BL,2.0,SDAN_23,Spectra_38,2000,2966,952,20,6,0.8243481324876674,0.07513677970478538
cd4_BL,2.0,SDAN_23,Spectra_39,2000,2966,952,20,6,0.4864341085271318,0.006970702255443153
cd4_BL,2.0,SDAN_24,Spectra_0,2000,2966,952,19,8,0.3732786016949152,0.007343478604071472
cd4_BL,2.0,SDAN_24,Spectra_1,2000,2966,952,19,8,0.4536546610169492,0.008133878558562468
cd4_BL,2.0,SDAN_24,Spectra_2,2000,2966,952,19,8,0.4899364406779661,0.012794949633805798
cd4_BL,2.0,SDAN_24,Spectra_3,2000,2966,952,19,8,0.4069120762711865,0.007573312082369471
cd4_BL,2.0,SDAN_24,Spectra_4,2000,2966,952,19,8,0.5562764830508474,0.023478411139900655
cd4_BL,2.0,SDAN_24,Spectra_5,2000,2966,952,19,8,0.26880296610169485,0.006090523897423891
cd4_BL,2.0,SDAN_24,Spectra_6,2000,2966,952,19,8,0.4564353813559322,0.008334004777333415
cd4_BL,2.0,SDAN_24,Spectra_7,2000,2966,952,19,8,0.5129766949152542,0.012478102044344741
cd4_BL,2.0,SDAN_24,Spectra_8,2000,2966,952,19,8,0.5319120762711864,0.009765263265589057
cd4_BL,2.0,SDAN_24,Spectra_9,2000,2966,952,19,8,0.3242849576271186,0.007094064443374258
cd4_BL,2.0,SDAN_24,Spectra_10,2000,2966,952,19,8,0.3119703389830508,0.00637786076647286
cd4_BL,2.0,SDAN_24,Spectra_11,2000,2966,952,19,8,0.505561440677966,0.009058891976748683
cd4_BL,2.0,SDAN_24,Spectra_12,2000,2966,952,19,8,0.2525158898305085,0.005985154526916704
cd4_BL,2.0,SDAN_24,Spectra_13,2000,2966,952,19,8,0.4576271186440678,0.013455920438342844
cd4_BL,2.0,SDAN_24,Spectra_14,2000,2966,952,19,8,0.490333686440678,0.008592532565681084
cd4_BL,2.0,SDAN_24,Spectra_15,2000,2966,952,19,8,0.7253707627118644,0.019322817468334173
cd4_BL,2.0,SDAN_24,Spectra_16,2000,2966,952,19,8,0.44610699152542377,0.00801281574432218
cd4_BL,2.0,SDAN_24,Spectra_17,2000,2966,952,19,8,0.4221398305084746,0.009185140988886922
cd4_BL,2.0,SDAN_24,Spectra_18,2000,2966,952,19,8,0.688426906779661,0.023177817559568444
cd4_BL,2.0,SDAN_24,Spectra_19,2000,2966,952,19,8,0.1996822033898305,0.0055371314795546675
cd4_BL,2.0,SDAN_24,Spectra_20,2000,2966,952,19,8,0.4110169491525424,0.00883858354975774
cd4_BL,2.0,SDAN_24,Spectra_21,2000,2966,952,19,8,0.46212923728813565,0.012735099047413583
cd4_BL,2.0,SDAN_24,Spectra_22,2000,2966,952,19,8,0.2801906779661017,0.008335791346024628
cd4_BL,2.0,SDAN_24,Spectra_23,2000,2966,952,19,8,0.4866260593220339,0.008515765449766708
cd4_BL,2.0,SDAN_24,Spectra_24,2000,2966,952,19,8,0.33606991525423724,0.006818509523916656
cd4_BL,2.0,SDAN_24,Spectra_25,2000,2966,952,19,8,0.27873411016949157,0.0062610869662868655
cd4_BL,2.0,SDAN_24,Spectra_26,2000,2966,952,19,8,0.516949152542373,0.00924597367660985
cd4_BL,2.0,SDAN_24,Spectra_27,2000,2966,952,19,8,0.3894332627118644,0.007341096104351437
cd4_BL,2.0,SDAN_24,Spectra_28,2000,2966,952,19,8,0.3001853813559322,0.006289964533222875
cd4_BL,2.0,SDAN_24,Spectra_29,2000,2966,952,19,8,0.42624470338983056,0.007838987461823058
cd4_BL,2.0,SDAN_24,Spectra_30,2000,2966,952,19,8,0.3400423728813559,0.0066466584492716
cd4_BL,2.0,SDAN_24,Spectra_31,2000,2966,952,19,8,0.419094279661017,0.009890460237756143
cd4_BL,2.0,SDAN_24,Spectra_32,2000,2966,952,19,8,0.4069120762711864,0.00945884488359879
cd4_BL,2.0,SDAN_24,Spectra_33,2000,2966,952,19,8,0.4459745762711864,0.007942105585829855
cd4_BL,2.0,SDAN_24,Spectra_34,2000,2966,952,19,8,0.3703654661016949,0.020044490707179133
cd4_BL,2.0,SDAN_24,Spectra_35,2000,2966,952,19,8,0.3098516949152542,0.008440269870707022
cd4_BL,2.0,SDAN_24,Spectra_36,2000,2966,952,19,8,0.4957627118644068,0.017340428165764876
cd4_BL,2.0,SDAN_24,Spectra_37,2000,2966,952,19,8,0.4176377118644068,0.13181683063397906
cd4_BL,2.0,SDAN_24,Spectra_38,2000,2966,952,19,8,0.374073093220339,0.007013077967528262
cd4_BL,2.0,SDAN_24,Spectra_39,2000,2966,952,19,8,0.5186705508474576,0.010190348010059566
cd4_BL,2.0,SDAN_26,Spectra_0,2000,2966,952,22,14,0.39613158696314343,0.012207110860334741
cd4_BL,2.0,SDAN_26,Spectra_1,2000,2966,952,22,14,0.5341151385927505,0.018651504869430513
cd4_BL,2.0,SDAN_26,Spectra_2,2000,2966,952,22,14,0.5310691440755407,0.017377425682118045
cd4_BL,2.0,SDAN_26,Spectra_3,2000,2966,952,22,14,0.42240328967407853,0.012661641550258288
cd4_BL,2.0,SDAN_26,Spectra_4,2000,2966,952,22,14,0.4230886384404508,0.012659616765575617
cd4_BL,2.0,SDAN_26,Spectra_5,2000,2966,952,22,14,0.26492537313432835,0.010096596140055389
cd4_BL,2.0,SDAN_26,Spectra_6,2000,2966,952,22,14,0.3870697532744441,0.01190182394267224
cd4_BL,2.0,SDAN_26,Spectra_7,2000,2966,952,22,14,0.6321961620469083,0.01979300852431263
cd4_BL,2.0,SDAN_26,Spectra_8,2000,2966,952,22,14,0.48735912275357907,0.01428938057701709
cd4_BL,2.0,SDAN_26,Spectra_9,2000,2966,952,22,14,0.32569296375266527,0.010740241618823181
cd4_BL,2.0,SDAN_26,Spectra_10,2000,2966,952,22,14,0.3695552848004874,0.011428476757830701
cd4_BL,2.0,SDAN_26,Spectra_11,2000,2966,952,22,14,0.42978982637831253,0.012802720513467616
cd4_BL,2.0,SDAN_26,Spectra_12,2000,2966,952,22,14,0.2876180322875419,0.010341396845912069
cd4_BL,2.0,SDAN_26,Spectra_13,2000,2966,952,22,14,0.3704690831556503,0.011584708683225343
cd4_BL,2.0,SDAN_26,Spectra_14,2000,2966,952,22,14,0.7037770332013402,0.034121608368927324
cd4_BL,2.0,SDAN_26,Spectra_15,2000,2966,952,22,14,0.3351355467560158,0.010873702454243225
cd4_BL,2.0,SDAN_26,Spectra_16,2000,2966,952,22,14,0.4511117879987816,0.013487985577106842
cd4_BL,2.0,SDAN_26,Spectra_17,2000,2966,952,22,14,0.6865671641791045,0.03394269341785387
cd4_BL,2.0,SDAN_26,Spectra_18,2000,2966,952,22,14,0.5465275662503808,0.018708834539900576
cd4_BL,2.0,SDAN_26,Spectra_19,2000,2966,952,22,14,0.3721443801401157,0.012644984986766517
cd4_BL,2.0,SDAN_26,Spectra_20,2000,2966,952,22,14,0.33932378921717943,0.011506870227171825
cd4_BL,2.0,SDAN_26,Spectra_21,2000,2966,952,22,14,0.39057264696923544,0.01223239434291011
cd4_BL,2.0,SDAN_26,Spectra_22,2000,2966,952,22,14,0.3003350593968931,0.010419110905996783
cd4_BL,2.0,SDAN_26,Spectra_23,2000,2966,952,22,14,0.6960097471824551,0.04877033797075995
cd4_BL,2.0,SDAN_26,Spectra_24,2000,2966,952,22,14,0.3187633262260128,0.010847392700578029
cd4_BL,2.0,SDAN_26,Spectra_25,2000,2966,952,22,14,0.28137374352726163,0.010299001067970215
cd4_BL,2.0,SDAN_26,Spectra_26,2000,2966,952,22,14,0.40397502284495884,0.014138952040649798
cd4_BL,2.0,SDAN_26,Spectra_27,2000,2966,952,22,14,0.2694943649101432,0.009965436921975086
cd4_BL,2.0,SDAN_26,Spectra_28,2000,2966,952,22,14,0.36536704233932377,0.011833781468932566
cd4_BL,2.0,SDAN_26,Spectra_29,2000,2966,952,22,14,0.32790130977764237,0.010786581053155673
cd4_BL,2.0,SDAN_26,Spectra_30,2000,2966,952,22,14,0.32843435881815414,0.010789376333025284
cd4_BL,2.0,SDAN_26,Spectra_31,2000,2966,952,22,14,0.34404508071885476,0.011066844333972833
cd4_BL,2.0,SDAN_26,Spectra_32,2000,2966,952,22,14,0.27931769722814503,0.010402613585322337
cd4_BL,2.0,SDAN_26,Spectra_33,2000,2966,952,22,14,0.4802010356381359,0.015666293503052153
cd4_BL,2.0,SDAN_26,Spectra_34,2000,2966,952,22,14,0.39156259518732867,0.012337215540865648
cd4_BL,2.0,SDAN_26,Spectra_35,2000,2966,952,22,14,0.2053000304599452,0.009179863101145035
cd4_BL,2.0,SDAN_26,Spectra_36,2000,2966,952,22,14,0.2966798659762412,0.010314037407378808
cd4_BL,2.0,SDAN_26,Spectra_37,2000,2966,952,22,14,0.4779926896131587,0.01476495287503764
cd4_BL,2.0,SDAN_26,Spectra_38,2000,2966,952,22,14,0.5411209259823333,0.023648400990827233
cd4_BL,2.0,SDAN_26,Spectra_39,2000,2966,952,22,14,0.38600365519342067,0.011871652177469475
cd4_BL,2.0,SDAN_27,Spectra_0,2000,2966,952,21,7,0.39803476946334093,0.006798961364082579
cd4_BL,2.0,SDAN_27,Spectra_1,2000,2966,952,21,7,0.3892668178382464,0.0064639053690430815
cd4_BL,2.0,SDAN_27,Spectra_2,2000,2966,952,21,7,0.4198034769463341,0.008408247559968818
cd4_BL,2.0,SDAN_27,Spectra_3,2000,2966,952,21,7,0.6207105064247922,0.013926845434202782
cd4_BL,2.0,SDAN_27,Spectra_4,2000,2966,952,21,7,0.3443688586545729,0.010018648278929131
cd4_BL,2.0,SDAN_27,Spectra_5,2000,2966,952,21,7,0.38609221466364324,0.006465266141653402
cd4_BL,2.0,SDAN_27,Spectra_6,2000,2966,952,21,7,0.5286470143613,0.00912572132134171
cd4_BL,2.0,SDAN_27,Spectra_7,2000,2966,952,21,7,0.254572940287226,0.005315629478765502
cd4_BL,2.0,SDAN_27,Spectra_8,2000,2966,952,21,7,0.6314436885865458,0.05777549029761794
cd4_BL,2.0,SDAN_27,Spectra_9,2000,2966,952,21,7,0.47029478458049884,0.007976747624884838
cd4_BL,2.0,SDAN_27,Spectra_10,2000,2966,952,21,7,0.6096749811035527,0.023825069277767473
cd4_BL,2.0,SDAN_27,Spectra_11,2000,2966,952,21,7,0.3762660619803477,0.006828651519630159
cd4_BL,2.0,SDAN_27,Spectra_12,2000,2966,952,21,7,0.37052154195011333,0.006286937839371379
cd4_BL,2.0,SDAN_27,Spectra_13,2000,2966,952,21,7,0.3398337112622827,0.006655396510925822
cd4_BL,2.0,SDAN_27,Spectra_14,2000,2966,952,21,7,0.6813303099017385,0.03829522553176732
cd4_BL,2.0,SDAN_27,Spectra_15,2000,2966,952,21,7,0.35419501133786846,0.0064697119033874555
cd4_BL,2.0,SDAN_27,Spectra_16,2000,2966,952,21,7,0.2834467120181406,0.005457091417438928
cd4_BL,2.0,SDAN_27,Spectra_17,2000,2966,952,21,7,0.3889644746787604,0.006624585634130747
cd4_BL,2.0,SDAN_27,Spectra_18,2000,2966,952,21,7,0.20952380952380956,0.0049775403247778
cd4_BL,2.0,SDAN_27,Spectra_19,2000,2966,952,21,7,0.39561602418745273,0.007886837719429031
cd4_BL,2.0,SDAN_27,Spectra_20,2000,2966,952,21,7,0.3656840513983371,0.006273771733174962
cd4_BL,2.0,SDAN_27,Spectra_21,2000,2966,952,21,7,0.5383219954648526,0.02137354644586161
cd4_BL,2.0,SDAN_27,Spectra_22,2000,2966,952,21,7,0.5705215419501133,0.010620629488637895
cd4_BL,2.0,SDAN_27,Spectra_23,2000,2966,952,21,7,0.6832955404383976,0.06463179516877003
cd4_BL,2.0,SDAN_27,Spectra_24,2000,2966,952,21,7,0.4087679516250945,0.006682346108677097
cd4_BL,2.0,SDAN_27,Spectra_25,2000,2966,952,21,7,0.4689342403628118,0.007769286248439273
cd4_BL,2.0,SDAN_27,Spectra_26,2000,2966,952,21,7,0.4796674225245654,0.008776821088891664
cd4_BL,2.0,SDAN_27,Spectra_27,2000,2966,952,21,7,0.4161753590325019,0.0071727880159999655
cd4_BL,2.0,SDAN_27,Spectra_28,2000,2966,952,21,7,0.4569916855631141,0.023939147444150665
cd4_BL,2.0,SDAN_27,Spectra_29,2000,2966,952,21,7,0.3730914588057445,0.006307895981090892
cd4_BL,2.0,SDAN_27,Spectra_30,2000,2966,952,21,7,0.4973544973544973,0.009291513957415544
cd4_BL,2.0,SDAN_27,Spectra_31,2000,2966,952,21,7,0.5179138321995465,0.011227682928340706
cd4_BL,2.0,SDAN_27,Spectra_32,2000,2966,952,21,7,0.5176114890400605,0.013495700579304673
cd4_BL,2.0,SDAN_27,Spectra_33,2000,2966,952,21,7,0.436130007558579,0.00886621181260249
cd4_BL,2.0,SDAN_27,Spectra_34,2000,2966,952,21,7,0.4328042328042328,0.006956333829662917
cd4_BL,2.0,SDAN_27,Spectra_35,2000,2966,952,21,7,0.43628117913832204,0.007041431222444201
cd4_BL,2.0,SDAN_27,Spectra_36,2000,2966,952,21,7,0.3792894935752078,0.00665034719144992
cd4_BL,2.0,SDAN_27,Spectra_37,2000,2966,952,21,7,0.3673469387755102,0.006279701697612713
cd4_BL,2.0,SDAN_27,Spectra_38,2000,2966,952,21,7,0.5588813303099017,0.017146364009983876
cd4_BL,2.0,SDAN_27,Spectra_39,2000,2966,952,21,7,0.5528344671201814,0.01764949745961439
cd4_BL,2.0,SDAN_28,Spectra_0,2000,2966,952,21,10,0.4485138004246284,0.011578218398798502
cd4_BL,2.0,SDAN_28,Spectra_1,2000,2966,952,21,10,0.6205944798301487,0.02181362652620662
cd4_BL,2.0,SDAN_28,Spectra_2,2000,2966,952,21,10,0.582271762208068,0.015610248962289625
cd4_BL,2.0,SDAN_28,Spectra_3,2000,2966,952,21,10,0.3934182590233546,0.008865742260509974
cd4_BL,2.0,SDAN_28,Spectra_4,2000,2966,952,21,10,0.4468152866242038,0.010419667254705136
cd4_BL,2.0,SDAN_28,Spectra_5,2000,2966,952,21,10,0.3119957537154989,0.007825532278343886
cd4_BL,2.0,SDAN_28,Spectra_6,2000,2966,952,21,10,0.3064755838641189,0.007762213410136924
cd4_BL,2.0,SDAN_28,Spectra_7,2000,2966,952,21,10,0.45806794055201694,0.010138429124779778
cd4_BL,2.0,SDAN_28,Spectra_8,2000,2966,952,21,10,0.4622080679405521,0.010375822326201968
cd4_BL,2.0,SDAN_28,Spectra_9,2000,2966,952,21,10,0.4317409766454352,0.009698055492775932
cd4_BL,2.0,SDAN_28,Spectra_10,2000,2966,952,21,10,0.31454352441613587,0.007770388183060797
cd4_BL,2.0,SDAN_28,Spectra_11,2000,2966,952,21,10,0.3441613588110403,0.008288812548791753
cd4_BL,2.0,SDAN_28,Spectra_12,2000,2966,952,21,10,0.35944798301486197,0.00987055564055894
cd4_BL,2.0,SDAN_28,Spectra_13,2000,2966,952,21,10,0.3910828025477707,0.009326145128764474
cd4_BL,2.0,SDAN_28,Spectra_14,2000,2966,952,21,10,0.7837579617834395,0.03304009007478643
cd4_BL,2.0,SDAN_28,Spectra_15,2000,2966,952,21,10,0.36104033970276006,0.008654377567038221
cd4_BL,2.0,SDAN_28,Spectra_16,2000,2966,952,21,10,0.5182590233545648,0.014420424352355816
cd4_BL,2.0,SDAN_28,Spectra_17,2000,2966,952,21,10,0.6423566878980892,0.03543103759406053
cd4_BL,2.0,SDAN_28,Spectra_18,2000,2966,952,21,10,0.5576433121019109,0.012230719068484056
cd4_BL,2.0,SDAN_28,Spectra_19,2000,2966,952,21,10,0.4869426751592356,0.025754362542647777
cd4_BL,2.0,SDAN_28,Spectra_20,2000,2966,952,21,10,0.44087048832271764,0.010726335611840422
cd4_BL,2.0,SDAN_28,Spectra_21,2000,2966,952,21,10,0.23588110403397028,0.007014377040308849
cd4_BL,2.0,SDAN_28,Spectra_22,2000,2966,952,21,10,0.23152866242038217,0.007011592858983969
cd4_BL,2.0,SDAN_28,Spectra_23,2000,2966,952,21,10,0.6074309978768577,0.019262726479783932
cd4_BL,2.0,SDAN_28,Spectra_24,2000,2966,952,21,10,0.43641188959660293,0.009977891693056844
cd4_BL,2.0,SDAN_28,Spectra_25,2000,2966,952,21,10,0.2968152866242038,0.007598687547102593
cd4_BL,2.0,SDAN_28,Spectra_26,2000,2966,952,21,10,0.3795116772823779,0.009096644896634979
cd4_BL,2.0,SDAN_28,Spectra_27,2000,2966,952,21,10,0.3592356687898089,0.008358842874668248
cd4_BL,2.0,SDAN_28,Spectra_28,2000,2966,952,21,10,0.4512738853503185,0.01451092027959018
cd4_BL,2.0,SDAN_28,Spectra_29,2000,2966,952,21,10,0.40276008492569,0.009066942269515741
cd4_BL,2.0,SDAN_28,Spectra_30,2000,2966,952,21,10,0.3373673036093418,0.008091995098329537
cd4_BL,2.0,SDAN_28,Spectra_31,2000,2966,952,21,10,0.20881104033970274,0.006864328548622255
cd4_BL,2.0,SDAN_28,Spectra_32,2000,2966,952,21,10,0.24447983014861996,0.007311812233464378
cd4_BL,2.0,SDAN_28,Spectra_33,2000,2966,952,21,10,0.4207006369426752,0.00945059416343667
cd4_BL,2.0,SDAN_28,Spectra_34,2000,2966,952,21,10,0.2676220806794055,0.007339504530940356
cd4_BL,2.0,SDAN_28,Spectra_35,2000,2966,952,21,10,0.24617834394904456,0.007158521274539811
cd4_BL,2.0,SDAN_28,Spectra_36,2000,2966,952,21,10,0.43789808917197454,0.009880894281559012
cd4_BL,2.0,SDAN_28,Spectra_37,2000,2966,952,21,10,0.3842887473460722,0.008778064088862917
cd4_BL,2.0,SDAN_28,Spectra_38,2000,2966,952,21,10,0.5533970276008493,0.012210011985498552
cd4_BL,2.0,SDAN_28,Spectra_39,2000,2966,952,21,10,0.4028662420382165,0.00902146477157427
cd4_BL,2.0,SDAN_29,Spectra_0,2000,2966,952,20,3,0.631190727081138,0.007690160087288613
cd4_BL,2.0,SDAN_29,Spectra_1,2000,2966,952,20,3,0.6160871092377942,0.012993287534505864
cd4_BL,2.0,SDAN_29,Spectra_2,2000,2966,952,20,3,0.3417632595714788,0.0030930227260946323
cd4_BL,2.0,SDAN_29,Spectra_3,2000,2966,952,20,3,0.3867228661749209,0.003429413057646718
cd4_BL,2.0,SDAN_29,Spectra_4,2000,2966,952,20,3,0.37232174218475583,0.003201910029952962
cd4_BL,2.0,SDAN_29,Spectra_5,2000,2966,952,20,3,0.5644538110291535,0.004848171152518978
cd4_BL,2.0,SDAN_29,Spectra_6,2000,2966,952,20,3,0.5036880927291887,0.004069374911885553
cd4_BL,2.0,SDAN_29,Spectra_7,2000,2966,952,20,3,0.45662100456621,0.004108221109955063
cd4_BL,2.0,SDAN_29,Spectra_8,2000,2966,952,20,3,0.46434843695117667,0.0037902259448671636
cd4_BL,2.0,SDAN_29,Spectra_9,2000,2966,952,20,3,0.5489989462592202,0.004582063285483398
cd4_BL,2.0,SDAN_29,Spectra_10,2000,2966,952,20,3,0.6199508254302775,0.00651071655708889
cd4_BL,2.0,SDAN_29,Spectra_11,2000,2966,952,20,3,0.37618545837723916,0.0032223119055743675
cd4_BL,2.0,SDAN_29,Spectra_12,2000,2966,952,20,3,0.5728837372672989,0.005604275629453689
cd4_BL,2.0,SDAN_29,Spectra_13,2000,2966,952,20,3,0.565858798735511,0.004621587926110777
cd4_BL,2.0,SDAN_29,Spectra_14,2000,2966,952,20,3,0.6044959606603442,0.009288164015014073
cd4_BL,2.0,SDAN_29,Spectra_15,2000,2966,952,20,3,0.6371619248331577,0.017507394262052646
cd4_BL,2.0,SDAN_29,Spectra_16,2000,2966,952,20,3,0.5015806111696522,0.04995068472364478
cd4_BL,2.0,SDAN_29,Spectra_17,2000,2966,952,20,3,0.7463997190024587,0.029527970325516337
cd4_BL,2.0,SDAN_29,Spectra_18,2000,2966,952,20,3,0.4510010537407798,0.003687745892957862
cd4_BL,2.0,SDAN_29,Spectra_19,2000,2966,952,20,3,0.34000702493853174,0.003070247751098815
cd4_BL,2.0,SDAN_29,Spectra_20,2000,2966,952,20,3,0.34000702493853174,0.0033592233625623536
cd4_BL,2.0,SDAN_29,Spectra_21,2000,2966,952,20,3,0.31260976466455914,0.002943187819932732
cd4_BL,2.0,SDAN_29,Spectra_22,2000,2966,952,20,3,0.52019669827889,0.004197741874578009
cd4_BL,2.0,SDAN_29,Spectra_23,2000,2966,952,20,3,0.44924481910783276,0.003843828600439672
cd4_BL,2.0,SDAN_29,Spectra_24,2000,2966,952,20,3,0.4956094134176326,0.004047760862454104
cd4_BL,2.0,SDAN_29,Spectra_25,2000,2966,952,20,3,0.2536002809975413,0.002694847731344082
cd4_BL,2.0,SDAN_29,Spectra_26,2000,2966,952,20,3,0.6800140498770636,0.006416214753028023
cd4_BL,2.0,SDAN_29,Spectra_27,2000,2966,952,20,3,0.5331928345626975,0.0051317957128961915
cd4_BL,2.0,SDAN_29,Spectra_28,2000,2966,952,20,3,0.5268703898840885,0.004984625366558882
cd4_BL,2.0,SDAN_29,Spectra_29,2000,2966,952,20,3,0.6529680365296804,0.005905207231367579
cd4_BL,2.0,SDAN_29,Spectra_30,2000,2966,952,20,3,0.34106076571829996,0.0031159454536031656
cd4_BL,2.0,SDAN_29,Spectra_31,2000,2966,952,20,3,0.49455567263786443,0.0041811138418678135
cd4_BL,2.0,SDAN_29,Spectra_32,2000,2966,952,20,3,0.4432736213558131,0.014021261297937234
cd4_BL,2.0,SDAN_29,Spectra_33,2000,2966,952,20,3,0.4520547945205479,0.003682590731383129
cd4_BL,2.0,SDAN_29,Spectra_34,2000,2966,952,20,3,0.5630488233227959,0.004616344512927007
cd4_BL,2.0,SDAN_29,Spectra_35,2000,2966,952,20,3,0.2781875658587988,0.0027924084783063473
cd4_BL,2.0,SDAN_29,Spectra_36,2000,2966,952,20,3,0.5778011942395505,0.0049884639755081225
cd4_BL,2.0,SDAN_29,Spectra_37,2000,2966,952,20,3,0.38672286617492097,0.0032887030961963313
cd4_BL,2.0,SDAN_29,Spectra_38,2000,2966,952,20,3,0.5296803652968036,0.004304475605557279
cd4_BL,2.0,SDAN_29,Spectra_39,2000,2966,952,20,3,0.49701440112399015,0.004032881284066118
cd4_BL,2.0,SDAN_30,Spectra_0,2000,2966,952,20,3,0.7284861257463998,0.022567921688377783
cd4_BL,2.0,SDAN_30,Spectra_1,2000,2966,952,20,3,0.8644186863364945,0.016681694550086
cd4_BL,2.0,SDAN_30,Spectra_2,2000,2966,952,20,3,0.358974358974359,0.003176261420976347
cd4_BL,2.0,SDAN_30,Spectra_3,2000,2966,952,20,3,0.45064980681419037,0.0036679920799491516
cd4_BL,2.0,SDAN_30,Spectra_4,2000,2966,952,20,3,0.7172462240955392,0.011712531110970098
cd4_BL,2.0,SDAN_30,Spectra_5,2000,2966,952,20,3,0.30066736916051984,0.002871444945709664
cd4_BL,2.0,SDAN_30,Spectra_6,2000,2966,952,20,3,0.49631190727081137,0.0058601662073927
cd4_BL,2.0,SDAN_30,Spectra_7,2000,2966,952,20,3,0.47910080786793113,0.0038569962839381635
cd4_BL,2.0,SDAN_30,Spectra_8,2000,2966,952,20,3,0.46505093080435544,0.0037586158414600473
cd4_BL,2.0,SDAN_30,Spectra_9,2000,2966,952,20,3,0.4151738672286617,0.0034398991874292433
cd4_BL,2.0,SDAN_30,Spectra_10,2000,2966,952,20,3,0.6006322444678609,0.005979350108582591
cd4_BL,2.0,SDAN_30,Spectra_11,2000,2966,952,20,3,0.8338602037232175,0.012187909123062366
cd4_BL,2.0,SDAN_30,Spectra_12,2000,2966,952,20,3,0.38004917456972254,0.0032497776632948935
cd4_BL,2.0,SDAN_30,Spectra_13,2000,2966,952,20,3,0.7116262732701089,0.007501266681568305
cd4_BL,2.0,SDAN_30,Spectra_14,2000,2966,952,20,3,0.7116262732701089,0.006972172094917785
cd4_BL,2.0,SDAN_30,Spectra_15,2000,2966,952,20,3,0.7348085704250087,0.008071909196418703
cd4_BL,2.0,SDAN_30,Spectra_16,2000,2966,952,20,3,0.4446786090621707,0.0043111762856127
cd4_BL,2.0,SDAN_30,Spectra_17,2000,2966,952,20,3,0.41903758342114505,0.0034662797231783636
cd4_BL,2.0,SDAN_30,Spectra_18,2000,2966,952,20,3,0.5405690200210749,0.00450506482762955
cd4_BL,2.0,SDAN_30,Spectra_19,2000,2966,952,20,3,0.2904812082894275,0.0028522531668132593
cd4_BL,2.0,SDAN_30,Spectra_20,2000,2966,952,20,3,0.5314365999297506,0.004330774817397515
cd4_BL,2.0,SDAN_30,Spectra_21,2000,2966,952,20,3,0.735862311204777,0.010118728138750387
cd4_BL,2.0,SDAN_30,Spectra_22,2000,2966,952,20,3,0.24376536705303828,0.002716096735282698
cd4_BL,2.0,SDAN_30,Spectra_23,2000,2966,952,20,3,0.5398665261678961,0.004357420324592508
cd4_BL,2.0,SDAN_30,Spectra_24,2000,2966,952,20,3,0.5103617843343871,0.004117117649973864
cd4_BL,2.0,SDAN_30,Spectra_25,2000,2966,952,20,3,0.31120477695820165,0.0029979956637984128
cd4_BL,2.0,SDAN_30,Spectra_26,2000,2966,952,20,3,0.40358271865121176,0.0035516596928179267
cd4_BL,2.0,SDAN_30,Spectra_27,2000,2966,952,20,3,0.6343519494204426,0.00586156387503429
cd4_BL,2.0,SDAN_30,Spectra_28,2000,2966,952,20,3,0.5240604144713734,0.007477228958337732
cd4_BL,2.0,SDAN_30,Spectra_29,2000,2966,952,20,3,0.494204425711275,0.0045885297468681654
cd4_BL,2.0,SDAN_30,Spectra_30,2000,2966,952,20,3,0.4285212504390586,0.0037540285131078374
cd4_BL,2.0,SDAN_30,Spectra_31,2000,2966,952,20,3,0.6111696522655427,0.005389133778964288
cd4_BL,2.0,SDAN_30,Spectra_32,2000,2966,952,20,3,0.18124341412012646,0.0024552360583024978
cd4_BL,2.0,SDAN_30,Spectra_33,2000,2966,952,20,3,0.5054443273621355,0.00537507463496716
cd4_BL,2.0,SDAN_30,Spectra_34,2000,2966,952,20,3,0.29153494906919564,0.0028370995713366117
cd4_BL,2.0,SDAN_30,Spectra_35,2000,2966,952,20,3,0.14541622760800843,0.0023615802772451932
cd4_BL,2.0,SDAN_30,Spectra_36,2000,2966,952,20,3,0.46434843695117667,0.004012372463377083
cd4_BL,2.0,SDAN_30,Spectra_37,2000,2966,952,20,3,0.6884439761152089,0.013645405943056074
cd4_BL,2.0,SDAN_30,Spectra_38,2000,2966,952,20,3,0.43168247277836314,0.008513548283950647
cd4_BL,2.0,SDAN_30,Spectra_39,2000,2966,952,20,3,0.6385669125395153,0.005895564289724873
cd4_BL,2.0,SDAN_31,Spectra_0,2000,2966,952,21,18,0.35385438972162736,0.01639887105074936
cd4_BL,2.0,SDAN_31,Spectra_1,2000,2966,952,21,18,0.5665001189626457,0.026344515949266345
cd4_BL,2.0,SDAN_31,Spectra_2,2000,2966,952,21,18,0.46216987865810133,0.020154559978252037
cd4_BL,2.0,SDAN_31,Spectra_3,2000,2966,952,21,18,0.4075660242683798,0.016255381800313846
cd4_BL,2.0,SDAN_31,Spectra_4,2000,2966,952,21,18,0.4268974541993814,0.017634111109107453
cd4_BL,2.0,SDAN_31,Spectra_5,2000,2966,952,21,18,0.2804544373066857,0.012685349953210844
cd4_BL,2.0,SDAN_31,Spectra_6,2000,2966,952,21,18,0.2946109921484653,0.013171007267817643
cd4_BL,2.0,SDAN_31,Spectra_7,2000,2966,952,21,18,0.4503925767309065,0.01689655968178322
cd4_BL,2.0,SDAN_31,Spectra_8,2000,2966,952,21,18,0.3734832262669522,0.014839909459010982
cd4_BL,2.0,SDAN_31,Spectra_9,2000,2966,952,21,18,0.33571258624791817,0.013929583550876402
cd4_BL,2.0,SDAN_31,Spectra_10,2000,2966,952,21,18,0.2536283606947418,0.013256365141145185
cd4_BL,2.0,SDAN_31,Spectra_11,2000,2966,952,21,18,0.39507494646680946,0.015339098377082394
cd4_BL,2.0,SDAN_31,Spectra_12,2000,2966,952,21,18,0.27123483226266953,0.012592639801510179
cd4_BL,2.0,SDAN_31,Spectra_13,2000,2966,952,21,18,0.356114679990483,0.014803881755326898
cd4_BL,2.0,SDAN_31,Spectra_14,2000,2966,952,21,18,0.6666666666666666,0.03033121734930079
cd4_BL,2.0,SDAN_31,Spectra_15,2000,2966,952,21,18,0.528848441589341,0.020304913907913287
cd4_BL,2.0,SDAN_31,Spectra_16,2000,2966,952,21,18,0.3533785391387104,0.014226923046724398
cd4_BL,2.0,SDAN_31,Spectra_17,2000,2966,952,21,18,0.44432548179871517,0.01867157036131435
cd4_BL,2.0,SDAN_31,Spectra_18,2000,2966,952,21,18,0.4366523911491792,0.01827648818168077
cd4_BL,2.0,SDAN_31,Spectra_19,2000,2966,952,21,18,0.20538900785153463,0.01161317410892386
cd4_BL,2.0,SDAN_31,Spectra_20,2000,2966,952,21,18,0.27242445871996196,0.012547099747527948
cd4_BL,2.0,SDAN_31,Spectra_21,2000,2966,952,21,18,0.42558886509635974,0.07373059619220237
cd4_BL,2.0,SDAN_31,Spectra_22,2000,2966,952,21,18,0.2398881751130145,0.012214230592558889
cd4_BL,2.0,SDAN_31,Spectra_23,2000,2966,952,21,18,0.5883297644539615,0.029265323363483864
cd4_BL,2.0,SDAN_31,Spectra_24,2000,2966,952,21,18,0.2558291696407328,0.012387392577158847
cd4_BL,2.0,SDAN_31,Spectra_25,2000,2966,952,21,18,0.1915893409469427,0.0115534289571731
cd4_BL,2.0,SDAN_31,Spectra_26,2000,2966,952,21,18,0.26600047585058295,0.012583768556380477
cd4_BL,2.0,SDAN_31,Spectra_27,2000,2966,952,21,18,0.262847965738758,0.012437956450872251
cd4_BL,2.0,SDAN_31,Spectra_28,2000,2966,952,21,18,0.3707470854151797,0.036270444513232865
cd4_BL,2.0,SDAN_31,Spectra_29,2000,2966,952,21,18,0.2127052105638829,0.01177186760405452
cd4_BL,2.0,SDAN_31,Spectra_30,2000,2966,952,21,18,0.13871044492029502,0.010976023151605953
cd4_BL,2.0,SDAN_31,Spectra_31,2000,2966,952,21,18,0.17737330478229835,0.01146858612960238
cd4_BL,2.0,SDAN_31,Spectra_32,2000,2966,952,21,18,0.2680823221508446,0.07252335903160698
cd4_BL,2.0,SDAN_31,Spectra_33,2000,2966,952,21,18,0.3726504877468475,0.014621007711441258
cd4_BL,2.0,SDAN_31,Spectra_34,2000,2966,952,21,18,0.1650011896264573,0.011255084243263911
cd4_BL,2.0,SDAN_31,Spectra_35,2000,2966,952,21,18,0.20354508684273137,0.01173916243017353
cd4_BL,2.0,SDAN_31,Spectra_36,2000,2966,952,21,18,0.336842731382346,0.013901612192558307
cd4_BL,2.0,SDAN_31,Spectra_37,2000,2966,952,21,18,0.3894837021175351,0.017407773792714545
cd4_BL,2.0,SDAN_31,Spectra_38,2000,2966,952,21,18,0.6240185581727338,0.10723864640759011
cd4_BL,2.0,SDAN_31,Spectra_39,2000,2966,952,21,18,0.31192005710206994,0.013912506073822294
cd4_BL,2.0,SDAN_32,Spectra_0,2000,2966,952,19,12,0.5073581560283688,0.021012529363736772
cd4_BL,2.0,SDAN_32,Spectra_1,2000,2966,952,19,12,0.5849290780141845,0.021740010087611415
cd4_BL,2.0,SDAN_32,Spectra_2,2000,2966,952,19,12,0.42225177304964534,0.011317681710135497
cd4_BL,2.0,SDAN_32,Spectra_3,2000,2966,952,19,12,0.5871453900709219,0.016799517462834857
cd4_BL,2.0,SDAN_32,Spectra_4,2000,2966,952,19,12,0.5814716312056738,0.015671643886328888
cd4_BL,2.0,SDAN_32,Spectra_5,2000,2966,952,19,12,0.4556737588652482,0.011895921618445163
cd4_BL,2.0,SDAN_32,Spectra_6,2000,2966,952,19,12,0.6135638297872341,0.01853841871040689
cd4_BL,2.0,SDAN_32,Spectra_7,2000,2966,952,19,12,0.4649822695035461,0.011763141359587722
cd4_BL,2.0,SDAN_32,Spectra_8,2000,2966,952,19,12,0.5579787234042553,0.019855156739221586
cd4_BL,2.0,SDAN_32,Spectra_9,2000,2966,952,19,12,0.5292553191489362,0.014740863952873374
cd4_BL,2.0,SDAN_32,Spectra_10,2000,2966,952,19,12,0.688031914893617,0.023939831556336163
cd4_BL,2.0,SDAN_32,Spectra_11,2000,2966,952,19,12,0.4928191489361702,0.01339595452207391
cd4_BL,2.0,SDAN_32,Spectra_12,2000,2966,952,19,12,0.5377659574468086,0.015347181563433118
cd4_BL,2.0,SDAN_32,Spectra_13,2000,2966,952,19,12,0.5013297872340425,0.013176352283056582
cd4_BL,2.0,SDAN_32,Spectra_14,2000,2966,952,19,12,0.5892730496453901,0.01713318287158134
cd4_BL,2.0,SDAN_32,Spectra_15,2000,2966,952,19,12,0.5581560283687943,0.015404940392222666
cd4_BL,2.0,SDAN_32,Spectra_16,2000,2966,952,19,12,0.7051418439716313,0.021113855377576242
cd4_BL,2.0,SDAN_32,Spectra_17,2000,2966,952,19,12,0.47189716312056734,0.013067357744764668
cd4_BL,2.0,SDAN_32,Spectra_18,2000,2966,952,19,12,0.48661347517730497,0.012889100505176424
cd4_BL,2.0,SDAN_32,Spectra_19,2000,2966,952,19,12,0.35212765957446807,0.009737291787419501
cd4_BL,2.0,SDAN_32,Spectra_20,2000,2966,952,19,12,0.5795212765957446,0.015947167164704828
cd4_BL,2.0,SDAN_32,Spectra_21,2000,2966,952,19,12,0.5540780141843971,0.015370067531507391
cd4_BL,2.0,SDAN_32,Spectra_22,2000,2966,952,19,12,0.35815602836879434,0.01000976122428719
cd4_BL,2.0,SDAN_32,Spectra_23,2000,2966,952,19,12,0.5786347517730496,0.01699476398986604
cd4_BL,2.0,SDAN_32,Spectra_24,2000,2966,952,19,12,0.4194148936170213,0.011292006902553182
cd4_BL,2.0,SDAN_32,Spectra_25,2000,2966,952,19,12,0.34902482269503543,0.00966756686043474
cd4_BL,2.0,SDAN_32,Spectra_26,2000,2966,952,19,12,0.6579787234042553,0.021039465503243218
cd4_BL,2.0,SDAN_32,Spectra_27,2000,2966,952,19,12,0.6217198581560284,0.018231361744808047
cd4_BL,2.0,SDAN_32,Spectra_28,2000,2966,952,19,12,0.44202127659574464,0.011723900343726733
cd4_BL,2.0,SDAN_32,Spectra_29,2000,2966,952,19,12,0.4227836879432624,0.011246707071927684
cd4_BL,2.0,SDAN_32,Spectra_30,2000,2966,952,19,12,0.5526595744680851,0.014265593193750545
cd4_BL,2.0,SDAN_32,Spectra_31,2000,2966,952,19,12,0.386790780141844,0.010859055508638032
cd4_BL,2.0,SDAN_32,Spectra_32,2000,2966,952,19,12,0.4088652482269503,0.011118675463315363
cd4_BL,2.0,SDAN_32,Spectra_33,2000,2966,952,19,12,0.5090425531914894,0.013483175417154266
cd4_BL,2.0,SDAN_32,Spectra_34,2000,2966,952,19,12,0.2772163120567376,0.008770254819192023
cd4_BL,2.0,SDAN_32,Spectra_35,2000,2966,952,19,12,0.4894503546099291,0.012770612712537916
cd4_BL,2.0,SDAN_32,Spectra_36,2000,2966,952,19,12,0.33599290780141844,0.00952299236444059
cd4_BL,2.0,SDAN_32,Spectra_37,2000,2966,952,19,12,0.5404255319148936,0.02176295565457873
cd4_BL,2.0,SDAN_32,Spectra_38,2000,2966,952,19,12,0.3956560283687943,0.012662106413042124
cd4_BL,2.0,SDAN_32,Spectra_39,2000,2966,952,19,12,0.6056737588652483,0.017414914455713082
cd4_BL,2.0,SDAN_33,Spectra_0,2000,2966,952,19,6,0.6798801973220578,0.013957902862512887
cd4_BL,2.0,SDAN_33,Spectra_1,2000,2966,952,19,6,0.3315715292459478,0.005140514425998161
cd4_BL,2.0,SDAN_33,Spectra_2,2000,2966,952,19,6,0.46969696969696967,0.006824238924526797
cd4_BL,2.0,SDAN_33,Spectra_3,2000,2966,952,19,6,0.8437279774489077,0.06154294476882905
cd4_BL,2.0,SDAN_33,Spectra_4,2000,2966,952,19,6,0.4702255109231854,0.023427311277131095
cd4_BL,2.0,SDAN_33,Spectra_5,2000,2966,952,19,6,0.6044749823819591,0.009028236410257854
cd4_BL,2.0,SDAN_33,Spectra_6,2000,2966,952,19,6,0.5086328400281889,0.00853286425583666
cd4_BL,2.0,SDAN_33,Spectra_7,2000,2966,952,19,6,0.4170190274841437,0.0081492944443003
cd4_BL,2.0,SDAN_33,Spectra_8,2000,2966,952,19,6,0.5380549682875264,0.01353066554165921
cd4_BL,2.0,SDAN_33,Spectra_9,2000,2966,952,19,6,0.5949612403100775,0.008822893046946383
cd4_BL,2.0,SDAN_33,Spectra_10,2000,2966,952,19,6,0.28259337561663145,0.0048148363665300965
cd4_BL,2.0,SDAN_33,Spectra_11,2000,2966,952,19,6,0.29809725158562367,0.004957410976292792
cd4_BL,2.0,SDAN_33,Spectra_12,2000,2966,952,19,6,0.4605355884425652,0.006431909680701406
cd4_BL,2.0,SDAN_33,Spectra_13,2000,2966,952,19,6,0.5644820295983086,0.01796016331560782
cd4_BL,2.0,SDAN_33,Spectra_14,2000,2966,952,19,6,0.5715292459478506,0.012327891939494769
cd4_BL,2.0,SDAN_33,Spectra_15,2000,2966,952,19,6,0.43269908386187456,0.009557752160309733
cd4_BL,2.0,SDAN_33,Spectra_16,2000,2966,952,19,6,0.41032417195207893,0.005932367630165872
cd4_BL,2.0,SDAN_33,Spectra_17,2000,2966,952,19,6,0.6492248062015504,0.01053789255380916
cd4_BL,2.0,SDAN_33,Spectra_18,2000,2966,952,19,6,0.4339323467230444,0.011975022889708831
cd4_BL,2.0,SDAN_33,Spectra_19,2000,2966,952,19,6,0.6000704721634954,0.09471759743614439
cd4_BL,2.0,SDAN_33,Spectra_20,2000,2966,952,19,6,0.7182875264270613,0.023545689835998234
cd4_BL,2.0,SDAN_33,Spectra_21,2000,2966,952,19,6,0.35641296687808316,0.005459496527964035
cd4_BL,2.0,SDAN_33,Spectra_22,2000,2966,952,19,6,0.6684284707540522,0.013318583347592908
cd4_BL,2.0,SDAN_33,Spectra_23,2000,2966,952,19,6,0.6342494714587738,0.01457753037461559
cd4_BL,2.0,SDAN_33,Spectra_24,2000,2966,952,19,6,0.5644820295983086,0.008615655588253966
cd4_BL,2.0,SDAN_33,Spectra_25,2000,2966,952,19,6,0.5408738548273432,0.007588901581957137
cd4_BL,2.0,SDAN_33,Spectra_26,2000,2966,952,19,6,0.6247357293868923,0.06324173519508851
cd4_BL,2.0,SDAN_33,Spectra_27,2000,2966,952,19,6,0.47586328400281885,0.00658014955745017
cd4_BL,2.0,SDAN_33,Spectra_28,2000,2966,952,19,6,0.5866807610993657,0.040189184564811076
cd4_BL,2.0,SDAN_33,Spectra_29,2000,2966,952,19,6,0.55461592670895,0.008072472864957929
cd4_BL,2.0,SDAN_33,Spectra_30,2000,2966,952,19,6,0.5056377730796335,0.0070773743319806825
cd4_BL,2.0,SDAN_33,Spectra_31,2000,2966,952,19,6,0.4857293868921776,0.006950101137305971
cd4_BL,2.0,SDAN_33,Spectra_32,2000,2966,952,19,6,0.5819238900634249,0.03029771740440536
cd4_BL,2.0,SDAN_33,Spectra_33,2000,2966,952,19,6,0.5609584214235377,0.008840780598843417
cd4_BL,2.0,SDAN_33,Spectra_34,2000,2966,952,19,6,0.6367159971811134,0.009457269968921288
cd4_BL,2.0,SDAN_33,Spectra_35,2000,2966,952,19,6,0.4776250880902044,0.006656773190818773
cd4_BL,2.0,SDAN_33,Spectra_36,2000,2966,952,19,6,0.47797744890768146,0.009254319577663015
cd4_BL,2.0,SDAN_33,Spectra_37,2000,2966,952,19,6,0.5112755461592671,0.03238924600368309
cd4_BL,2.0,SDAN_33,Spectra_38,2000,2966,952,19,6,0.4427413671599718,0.0067297115766007665
cd4_BL,2.0,SDAN_33,Spectra_39,2000,2966,952,19,6,0.7124735729386893,0.032509376566929045
cd4_BL,2.0,SDAN_34,Spectra_0,2000,2966,952,20,3,0.6933614330874605,0.022604621498307415
cd4_BL,2.0,SDAN_34,Spectra_1,2000,2966,952,20,3,0.40042149631190727,0.0033810553253529334
cd4_BL,2.0,SDAN_34,Spectra_2,2000,2966,952,20,3,0.46786090621707055,0.0051682410621897955
cd4_BL,2.0,SDAN_34,Spectra_3,2000,2966,952,20,3,0.5117667720407446,0.006035532492566919
cd4_BL,2.0,SDAN_34,Spectra_4,2000,2966,952,20,3,0.45662100456621,0.004288555132014202
cd4_BL,2.0,SDAN_34,Spectra_5,2000,2966,952,20,3,0.5103617843343871,0.004275138091877553
cd4_BL,2.0,SDAN_34,Spectra_6,2000,2966,952,20,3,0.869336143308746,0.027013930950938826
cd4_BL,2.0,SDAN_34,Spectra_7,2000,2966,952,20,3,0.3811029153494907,0.003329679842606275
cd4_BL,2.0,SDAN_34,Spectra_8,2000,2966,952,20,3,0.5609413417632595,0.010502346586275371
cd4_BL,2.0,SDAN_34,Spectra_9,2000,2966,952,20,3,0.6375131717597471,0.006588981984332403
cd4_BL,2.0,SDAN_34,Spectra_10,2000,2966,952,20,3,0.48050579557428874,0.010830522041284372
cd4_BL,2.0,SDAN_34,Spectra_11,2000,2966,952,20,3,0.37688795223041793,0.0032814865407967686
cd4_BL,2.0,SDAN_34,Spectra_12,2000,2966,952,20,3,0.6153846153846154,0.0058493293958410235
cd4_BL,2.0,SDAN_34,Spectra_13,2000,2966,952,20,3,0.5742887249736565,0.006255124547850474
cd4_BL,2.0,SDAN_34,Spectra_14,2000,2966,952,20,3,0.7362135581313664,0.019815498209212745
cd4_BL,2.0,SDAN_34,Spectra_15,2000,2966,952,20,3,0.6301369863013698,0.022776034051616496
cd4_BL,2.0,SDAN_34,Spectra_16,2000,2966,952,20,3,0.8637161924833158,0.07518222410476341
cd4_BL,2.0,SDAN_34,Spectra_17,2000,2966,952,20,3,0.4120126448893572,0.003567031015028108
cd4_BL,2.0,SDAN_34,Spectra_18,2000,2966,952,20,3,0.5050930804355461,0.004145400336115752
cd4_BL,2.0,SDAN_34,Spectra_19,2000,2966,952,20,3,0.5785036880927291,0.004869461764939527
cd4_BL,2.0,SDAN_34,Spectra_20,2000,2966,952,20,3,0.6621004566210045,0.015333935497582487
cd4_BL,2.0,SDAN_34,Spectra_21,2000,2966,952,20,3,0.6613979627678258,0.007206597951130135
cd4_BL,2.0,SDAN_34,Spectra_22,2000,2966,952,20,3,0.585528626624517,0.004978930383578876
cd4_BL,2.0,SDAN_34,Spectra_23,2000,2966,952,20,3,0.5293291183702142,0.004267716546414433
cd4_BL,2.0,SDAN_34,Spectra_24,2000,2966,952,20,3,0.889005971197752,0.01855570680613562
cd4_BL,2.0,SDAN_34,Spectra_25,2000,2966,952,20,3,0.4776958201615736,0.0038694608775471312
cd4_BL,2.0,SDAN_34,Spectra_26,2000,2966,952,20,3,0.6743940990516333,0.022108966693349566
cd4_BL,2.0,SDAN_34,Spectra_27,2000,2966,952,20,3,0.31858096241657885,0.0029949340136564513
cd4_BL,2.0,SDAN_34,Spectra_28,2000,2966,952,20,3,0.6329469617140849,0.006916465819552314
cd4_BL,2.0,SDAN_34,Spectra_29,2000,2966,952,20,3,0.8686336494555673,0.01808659134918089
cd4_BL,2.0,SDAN_34,Spectra_30,2000,2966,952,20,3,0.6919564453811029,0.006605492697737647
cd4_BL,2.0,SDAN_34,Spectra_31,2000,2966,952,20,3,0.6796628029504741,0.01977124257704106
cd4_BL,2.0,SDAN_34,Spectra_32,2000,2966,952,20,3,0.5623463294696172,0.005909452260935342
cd4_BL,2.0,SDAN_34,Spectra_33,2000,2966,952,20,3,0.593607305936073,0.007432446005371365
cd4_BL,2.0,SDAN_34,Spectra_34,2000,2966,952,20,3,0.7541271513874254,0.008236627984527144
cd4_BL,2.0,SDAN_34,Spectra_35,2000,2966,952,20,3,0.3568668774148226,0.003142700535294727
cd4_BL,2.0,SDAN_34,Spectra_36,2000,2966,952,20,3,0.4211450649806814,0.004822618580036325
cd4_BL,2.0,SDAN_34,Spectra_37,2000,2966,952,20,3,0.41622760800842995,0.003568999585624188
cd4_BL,2.0,SDAN_34,Spectra_38,2000,2966,952,20,3,0.502283105022831,0.004499431341265447
cd4_BL,2.0,SDAN_34,Spectra_39,2000,2966,952,20,3,0.8900597119775202,0.09638888888888889
cd4_BL,2.0,SDAN_35,Spectra_0,2000,2966,952,22,18,0.31971211039733527,0.013565648187054066
cd4_BL,2.0,SDAN_35,Spectra_1,2000,2966,952,22,18,0.3731263383297645,0.015267789294656317
cd4_BL,2.0,SDAN_35,Spectra_2,2000,2966,952,22,18,0.5242088984059006,0.0214353842323847
cd4_BL,2.0,SDAN_35,Spectra_3,2000,2966,952,22,18,0.3646799904829883,0.014506375361369245
cd4_BL,2.0,SDAN_35,Spectra_4,2000,2966,952,22,18,0.27010468712824176,0.012549759425913826
cd4_BL,2.0,SDAN_35,Spectra_5,2000,2966,952,22,18,0.20550797049726385,0.011576330374397955
cd4_BL,2.0,SDAN_35,Spectra_6,2000,2966,952,22,18,0.2783131096835593,0.012741472363473201
cd4_BL,2.0,SDAN_35,Spectra_7,2000,2966,952,22,18,0.6007613609326671,0.02367190181856538
cd4_BL,2.0,SDAN_35,Spectra_8,2000,2966,952,22,18,0.29544373066857005,0.013274990603770064
cd4_BL,2.0,SDAN_35,Spectra_9,2000,2966,952,22,18,0.2706995003568879,0.012809493617440625
cd4_BL,2.0,SDAN_35,Spectra_10,2000,2966,952,22,18,0.3672971686890316,0.016183712131844226
cd4_BL,2.0,SDAN_35,Spectra_11,2000,2966,952,22,18,0.3461218177492268,0.016472387147616643
cd4_BL,2.0,SDAN_35,Spectra_12,2000,2966,952,22,18,0.24875089221984295,0.012254294809885507
cd4_BL,2.0,SDAN_35,Spectra_13,2000,2966,952,22,18,0.2710563882940757,0.012504360797473715
cd4_BL,2.0,SDAN_35,Spectra_14,2000,2966,952,22,18,0.6757078277420889,0.10156140611548511
cd4_BL,2.0,SDAN_35,Spectra_15,2000,2966,952,22,18,0.314418272662384,0.013382546443895355
cd4_BL,2.0,SDAN_35,Spectra_16,2000,2966,952,22,18,0.35171306209850106,0.014690452889139555
cd4_BL,2.0,SDAN_35,Spectra_17,2000,2966,952,22,18,0.5362836069474185,0.03485224097092825
cd4_BL,2.0,SDAN_35,Spectra_18,2000,2966,952,22,18,0.5150487746847491,0.026660474939040002
cd4_BL,2.0,SDAN_35,Spectra_19,2000,2966,952,22,18,0.3121579823935285,0.014902601824828422
cd4_BL,2.0,SDAN_35,Spectra_20,2000,2966,952,22,18,0.3322626695217702,0.013848835834918841
cd4_BL,2.0,SDAN_35,Spectra_21,2000,2966,952,22,18,0.3583154889364739,0.014573464215030578
cd4_BL,2.0,SDAN_35,Spectra_22,2000,2966,952,22,18,0.34856055198667624,0.014686183353208418
cd4_BL,2.0,SDAN_35,Spectra_23,2000,2966,952,22,18,0.5793480847014038,0.05265749100287738
cd4_BL,2.0,SDAN_35,Spectra_24,2000,2966,952,22,18,0.3389840590054723,0.013978877816710112
cd4_BL,2.0,SDAN_35,Spectra_25,2000,2966,952,22,18,0.2843802046157507,0.012844681167323783
cd4_BL,2.0,SDAN_35,Spectra_26,2000,2966,952,22,18,0.26635736378777064,0.012488008899028437
cd4_BL,2.0,SDAN_35,Spectra_27,2000,2966,952,22,18,0.3753271472757554,0.014675927084909671
cd4_BL,2.0,SDAN_35,Spectra_28,2000,2966,952,22,18,0.5157030692362599,0.10638904086309423
cd4_BL,2.0,SDAN_35,Spectra_29,2000,2966,952,22,18,0.38365453247680226,0.015259406027101012
cd4_BL,2.0,SDAN_35,Spectra_30,2000,2966,952,22,18,0.27700452058053765,0.012645415563132027
cd4_BL,2.0,SDAN_35,Spectra_31,2000,2966,952,22,18,0.3137044967880086,0.013306893975570916
cd4_BL,2.0,SDAN_35,Spectra_32,2000,2966,952,22,18,0.3756245538900785,0.015551220470497498
cd4_BL,2.0,SDAN_35,Spectra_33,2000,2966,952,22,18,0.5410421127765881,0.10550647257141257
cd4_BL,2.0,SDAN_35,Spectra_34,2000,2966,952,22,18,0.33618843683083516,0.013984601935871413
cd4_BL,2.0,SDAN_35,Spectra_35,2000,2966,952,22,18,0.3294075660242684,0.01358162414528643
cd4_BL,2.0,SDAN_35,Spectra_36,2000,2966,952,22,18,0.31102783725910066,0.013247943101707583
cd4_BL,2.0,SDAN_35,Spectra_37,2000,2966,952,22,18,0.5358077563645015,0.027880420604926216
cd4_BL,2.0,SDAN_35,Spectra_38,2000,2966,952,22,18,0.5564477753985249,0.047646559005779104
cd4_BL,2.0,SDAN_35,Spectra_39,2000,2966,952,22,18,0.4283844872709969,0.0161549361905168
cd4_BL,2.0,SDAN_36,Spectra_0,2000,2966,952,20,16,0.4835069444444444,0.019329734973908035
cd4_BL,2.0,SDAN_36,Spectra_1,2000,2966,952,20,16,0.5922809829059829,0.024816237286148724
cd4_BL,2.0,SDAN_36,Spectra_2,2000,2966,952,20,16,0.4399706196581197,0.014822107109435682
cd4_BL,2.0,SDAN_36,Spectra_3,2000,2966,952,20,16,0.4529246794871795,0.014938987670130046
cd4_BL,2.0,SDAN_36,Spectra_4,2000,2966,952,20,16,0.5033386752136753,0.017672062883694956
cd4_BL,2.0,SDAN_36,Spectra_5,2000,2966,952,20,16,0.31603899572649574,0.011993181931921539
cd4_BL,2.0,SDAN_36,Spectra_6,2000,2966,952,20,16,0.3942307692307692,0.013481091313234713
cd4_BL,2.0,SDAN_36,Spectra_7,2000,2966,952,20,16,0.5889423076923077,0.021837779889911448
cd4_BL,2.0,SDAN_36,Spectra_8,2000,2966,952,20,16,0.5397970085470085,0.019627223873826267
cd4_BL,2.0,SDAN_36,Spectra_9,2000,2966,952,20,16,0.42047275641025644,0.014450108667656407
cd4_BL,2.0,SDAN_36,Spectra_10,2000,2966,952,20,16,0.5056757478632479,0.01717010097054264
cd4_BL,2.0,SDAN_36,Spectra_11,2000,2966,952,20,16,0.5384615384615384,0.019989890750593042
cd4_BL,2.0,SDAN_36,Spectra_12,2000,2966,952,20,16,0.342548076923077,0.012491723267907021
cd4_BL,2.0,SDAN_36,Spectra_13,2000,2966,952,20,16,0.4372996794871795,0.015093375353973155
cd4_BL,2.0,SDAN_36,Spectra_14,2000,2966,952,20,16,0.7310363247863249,0.03885106774772763
cd4_BL,2.0,SDAN_36,Spectra_15,2000,2966,952,20,16,0.4930555555555556,0.01707627679675399
cd4_BL,2.0,SDAN_36,Spectra_16,2000,2966,952,20,16,0.6334802350427351,0.024882270446572884
cd4_BL,2.0,SDAN_36,Spectra_17,2000,2966,952,20,16,0.477764423076923,0.018618891198876213
cd4_BL,2.0,SDAN_36,Spectra_18,2000,2966,952,20,16,0.5297809829059829,0.03346340297444039
cd4_BL,2.0,SDAN_36,Spectra_19,2000,2966,952,20,16,0.41018963675213677,0.01405529840247816
cd4_BL,2.0,SDAN_36,Spectra_20,2000,2966,952,20,16,0.5281784188034189,0.021086018153671504
cd4_BL,2.0,SDAN_36,Spectra_21,2000,2966,952,20,16,0.5530181623931624,0.021468184988119546
cd4_BL,2.0,SDAN_36,Spectra_22,2000,2966,952,20,16,0.4422409188034188,0.015318600804073663
cd4_BL,2.0,SDAN_36,Spectra_23,2000,2966,952,20,16,0.6886351495726496,0.04730245863403015
cd4_BL,2.0,SDAN_36,Spectra_24,2000,2966,952,20,16,0.5138888888888888,0.017205339492438028
cd4_BL,2.0,SDAN_36,Spectra_25,2000,2966,952,20,16,0.33213141025641024,0.012283693318346308
cd4_BL,2.0,SDAN_36,Spectra_26,2000,2966,952,20,16,0.5810630341880342,0.02650336447032001
cd4_BL,2.0,SDAN_36,Spectra_27,2000,2966,952,20,16,0.45165598290598286,0.015174916418333217
cd4_BL,2.0,SDAN_36,Spectra_28,2000,2966,952,20,16,0.7067975427350427,0.0322741513979283
cd4_BL,2.0,SDAN_36,Spectra_29,2000,2966,952,20,16,0.5757211538461539,0.024109392382733942
cd4_BL,2.0,SDAN_36,Spectra_30,2000,2966,952,20,16,0.47950053418803423,0.018001253437466645
cd4_BL,2.0,SDAN_36,Spectra_31,2000,2966,952,20,16,0.34061164529914534,0.012672698063585064
cd4_BL,2.0,SDAN_36,Spectra_32,2000,2966,952,20,16,0.3184428418803419,0.01271714786913054
cd4_BL,2.0,SDAN_36,Spectra_33,2000,2966,952,20,16,0.5698450854700855,0.019792397579364452
cd4_BL,2.0,SDAN_36,Spectra_34,2000,2966,952,20,16,0.36177884615384615,0.013198578145762129
cd4_BL,2.0,SDAN_36,Spectra_35,2000,2966,952,20,16,0.25193643162393164,0.011019390445657081
cd4_BL,2.0,SDAN_36,Spectra_36,2000,2966,952,20,16,0.35336538461538464,0.012876676446075283
cd4_BL,2.0,SDAN_36,Spectra_37,2000,2966,952,20,16,0.5747195512820513,0.020308952177018016
cd4_BL,2.0,SDAN_36,Spectra_38,2000,2966,952,20,16,0.5806623931623932,0.025820820456349893
cd4_BL,2.0,SDAN_36,Spectra_39,2000,2966,952,20,16,0.7320379273504273,0.03832216016771159
cd4_BL,2.0,SDAN_37,Spectra_0,2000,2966,952,21,21,0.2773259679811774,0.01472210069544759
cd4_BL,2.0,SDAN_37,Spectra_1,2000,2966,952,21,21,0.38811313999283925,0.017295361387479544
cd4_BL,2.0,SDAN_37,Spectra_2,2000,2966,952,21,21,0.3640223006495832,0.01661393527177059
cd4_BL,2.0,SDAN_37,Spectra_3,2000,2966,952,21,21,0.7381719605135286,0.04736897913826772
cd4_BL,2.0,SDAN_37,Spectra_4,2000,2966,952,21,21,0.31931870492557923,0.015874027352992856
cd4_BL,2.0,SDAN_37,Spectra_5,2000,2966,952,21,21,0.17160247557669683,0.013207311512939175
cd4_BL,2.0,SDAN_37,Spectra_6,2000,2966,952,21,21,0.3394199785177229,0.01600312533077573
cd4_BL,2.0,SDAN_37,Spectra_7,2000,2966,952,21,21,0.4938366323973198,0.020913209701234205
cd4_BL,2.0,SDAN_37,Spectra_8,2000,2966,952,21,21,0.3202905222239272,0.01551598854498228
cd4_BL,2.0,SDAN_37,Spectra_9,2000,2966,952,21,21,0.18551480742673007,0.01354006227436703
cd4_BL,2.0,SDAN_37,Spectra_10,2000,2966,952,21,21,0.27461510920157534,0.014723198231819615
cd4_BL,2.0,SDAN_37,Spectra_11,2000,2966,952,21,21,0.3323615160349854,0.01580651158547304
cd4_BL,2.0,SDAN_37,Spectra_12,2000,2966,952,21,21,0.22479668559152985,0.013868631472294692
cd4_BL,2.0,SDAN_37,Spectra_13,2000,2966,952,21,21,0.254667280446013,0.014621187939701148
cd4_BL,2.0,SDAN_37,Spectra_14,2000,2966,952,21,21,0.36622167664058103,0.01685969162392641
cd4_BL,2.0,SDAN_37,Spectra_15,2000,2966,952,21,21,0.41378957598076826,0.02153580311245495
cd4_BL,2.0,SDAN_37,Spectra_16,2000,2966,952,21,21,0.39992839240959543,0.01761963580045025
cd4_BL,2.0,SDAN_37,Spectra_17,2000,2966,952,21,21,0.31011201473070427,0.01538188566278366
cd4_BL,2.0,SDAN_37,Spectra_18,2000,2966,952,21,21,0.39353485755204337,0.021758688041816115
cd4_BL,2.0,SDAN_37,Spectra_19,2000,2966,952,21,21,0.13283208020050125,0.012650566423293139
cd4_BL,2.0,SDAN_37,Spectra_20,2000,2966,952,21,21,0.10219426116311188,0.01230080086291507
cd4_BL,2.0,SDAN_37,Spectra_21,2000,2966,952,21,21,0.2686819088537671,0.015371485863146845
cd4_BL,2.0,SDAN_37,Spectra_22,2000,2966,952,21,21,0.08551992225461613,0.012231066185152161
cd4_BL,2.0,SDAN_37,Spectra_23,2000,2966,952,21,21,0.5204337374047363,0.022083792737915546
cd4_BL,2.0,SDAN_37,Spectra_24,2000,2966,952,21,21,0.0960564676998619,0.012229813816142264
cd4_BL,2.0,SDAN_37,Spectra_25,2000,2966,952,21,21,0.09580072630555982,0.012286359401244534
cd4_BL,2.0,SDAN_37,Spectra_26,2000,2966,952,21,21,0.19697202189146334,0.01336871665314413
cd4_BL,2.0,SDAN_37,Spectra_27,2000,2966,952,21,21,0.18817451792747175,0.013262708653404086
cd4_BL,2.0,SDAN_37,Spectra_28,2000,2966,952,21,21,0.09401053654544526,0.012267485578824849
cd4_BL,2.0,SDAN_37,Spectra_29,2000,2966,952,21,21,0.15068282952278653,0.012729762357116646
cd4_BL,2.0,SDAN_37,Spectra_30,2000,2966,952,21,21,0.16372564063219272,0.013110632165624138
cd4_BL,2.0,SDAN_37,Spectra_31,2000,2966,952,21,21,0.13400849061429082,0.012732429893980093
cd4_BL,2.0,SDAN_37,Spectra_32,2000,2966,952,21,21,0.15999181627538234,0.013758722185014269
cd4_BL,2.0,SDAN_37,Spectra_33,2000,2966,952,21,21,0.23349189299780063,0.01400748847479904
cd4_BL,2.0,SDAN_37,Spectra_34,2000,2966,952,21,21,0.11871515523502635,0.012541698748576954
cd4_BL,2.0,SDAN_37,Spectra_35,2000,2966,952,21,21,0.12648969362180962,0.012753682333993386
cd4_BL,2.0,SDAN_37,Spectra_36,2000,2966,952,21,21,0.2769167817502941,0.01480400149414488
cd4_BL,2.0,SDAN_37,Spectra_37,2000,2966,952,21,21,0.29154518950437314,0.014912374500058147
cd4_BL,2.0,SDAN_37,Spectra_38,2000,2966,952,21,21,0.4926090737046699,0.020918373922863383
cd4_BL,2.0,SDAN_37,Spectra_39,2000,2966,952,21,21,0.3784461152882206,0.03309107457242748
cd4_BL,2.0,SDAN_38,Spectra_0,2000,2966,952,20,5,0.5212249208025344,0.007751010722349481
cd4_BL,2.0,SDAN_38,Spectra_1,2000,2966,952,20,5,0.5615628299894404,0.006823811122598441
cd4_BL,2.0,SDAN_38,Spectra_2,2000,2966,952,20,5,0.7058078141499472,0.01887517106345096
cd4_BL,2.0,SDAN_38,Spectra_3,2000,2966,952,20,5,0.3949313621964097,0.004946958487544329
cd4_BL,2.0,SDAN_38,Spectra_4,2000,2966,952,20,5,0.5605068637803591,0.011317667278885453
cd4_BL,2.0,SDAN_38,Spectra_5,2000,2966,952,20,5,0.315311510031679,0.004348458222845671
cd4_BL,2.0,SDAN_38,Spectra_6,2000,2966,952,20,5,0.38521647307286166,0.004909861539812961
cd4_BL,2.0,SDAN_38,Spectra_7,2000,2966,952,20,5,0.47412882787750793,0.006623885629999069
cd4_BL,2.0,SDAN_38,Spectra_8,2000,2966,952,20,5,0.5292502639915523,0.006441231653562373
cd4_BL,2.0,SDAN_38,Spectra_9,2000,2966,952,20,5,0.4063357972544879,0.005109180483237323
cd4_BL,2.0,SDAN_38,Spectra_10,2000,2966,952,20,5,0.5123548046462514,0.006163438039119434
cd4_BL,2.0,SDAN_38,Spectra_11,2000,2966,952,20,5,0.7632523759239704,0.025990698176761647
cd4_BL,2.0,SDAN_38,Spectra_12,2000,2966,952,20,5,0.3750791974656811,0.004777892057582535
cd4_BL,2.0,SDAN_38,Spectra_13,2000,2966,952,20,5,0.5719112988384372,0.00804968314956193
cd4_BL,2.0,SDAN_38,Spectra_14,2000,2966,952,20,5,0.6637803590285111,0.009112526367556897
cd4_BL,2.0,SDAN_38,Spectra_15,2000,2966,952,20,5,0.7873284054910243,0.03562119616344027
cd4_BL,2.0,SDAN_38,Spectra_16,2000,2966,952,20,5,0.3989440337909187,0.004986750914319276
cd4_BL,2.0,SDAN_38,Spectra_17,2000,2966,952,20,5,0.6701161562829989,0.013718444644225163
cd4_BL,2.0,SDAN_38,Spectra_18,2000,2966,952,20,5,0.7560718057022175,0.01425052193669215
cd4_BL,2.0,SDAN_38,Spectra_19,2000,2966,952,20,5,0.40506863780359026,0.00504774563992607
cd4_BL,2.0,SDAN_38,Spectra_20,2000,2966,952,20,5,0.20190073917634638,0.003741738701810737
cd4_BL,2.0,SDAN_38,Spectra_21,2000,2966,952,20,5,0.17001055966209083,0.003652943515983457
cd4_BL,2.0,SDAN_38,Spectra_22,2000,2966,952,20,5,0.24456177402323126,0.003932002717572723
cd4_BL,2.0,SDAN_38,Spectra_23,2000,2966,952,20,5,0.6998944033790919,0.013972334000684388
cd4_BL,2.0,SDAN_38,Spectra_24,2000,2966,952,20,5,0.2781414994720169,0.004219358546378048
cd4_BL,2.0,SDAN_38,Spectra_25,2000,2966,952,20,5,0.23780359028511092,0.003912650868678231
cd4_BL,2.0,SDAN_38,Spectra_26,2000,2966,952,20,5,0.4126715945089757,0.005242990500890244
cd4_BL,2.0,SDAN_38,Spectra_27,2000,2966,952,20,5,0.19577613516367476,0.0037283680754223196
cd4_BL,2.0,SDAN_38,Spectra_28,2000,2966,952,20,5,0.2766631467793031,0.006969658569910578
cd4_BL,2.0,SDAN_38,Spectra_29,2000,2966,952,20,5,0.20654699049630412,0.003742801300561586
cd4_BL,2.0,SDAN_38,Spectra_30,2000,2966,952,20,5,0.3668426610348469,0.004753029497278574
cd4_BL,2.0,SDAN_38,Spectra_31,2000,2966,952,20,5,0.4772967265047519,0.005952044730617069
cd4_BL,2.0,SDAN_38,Spectra_32,2000,2966,952,20,5,0.32038014783526925,0.004451890320639414
cd4_BL,2.0,SDAN_38,Spectra_33,2000,2966,952,20,5,0.685533262935586,0.0775232574842204
cd4_BL,2.0,SDAN_38,Spectra_34,2000,2966,952,20,5,0.4090813093980993,0.005073257547609016
cd4_BL,2.0,SDAN_38,Spectra_35,2000,2966,952,20,5,0.3279831045406547,0.004430765405056772
cd4_BL,2.0,SDAN_38,Spectra_36,2000,2966,952,20,5,0.42872228088701164,0.005773401370621165
cd4_BL,2.0,SDAN_38,Spectra_37,2000,2966,952,20,5,0.7081309398099261,0.039203560917249705
cd4_BL,2.0,SDAN_38,Spectra_38,2000,2966,952,20,5,0.7404435058078142,0.0385697934840442
cd4_BL,2.0,SDAN_38,Spectra_39,2000,2966,952,20,5,0.6023231256599789,0.009367988207360445
cd4_BL,2.0,SDAN_39,Spectra_0,2000,2966,952,20,7,0.20982615268329552,0.00503354498919205
cd4_BL,2.0,SDAN_39,Spectra_1,2000,2966,952,20,7,0.39743008314436884,0.011420318437082992
cd4_BL,2.0,SDAN_39,Spectra_2,2000,2966,952,20,7,0.33726379440665155,0.006200495409682376
cd4_BL,2.0,SDAN_39,Spectra_3,2000,2966,952,20,7,0.5114134542705971,0.008096863093222542
cd4_BL,2.0,SDAN_39,Spectra_4,2000,2966,952,20,7,0.43567649281934995,0.007013431971956986
cd4_BL,2.0,SDAN_39,Spectra_5,2000,2966,952,20,7,0.23053665910808763,0.0051013315471055524
cd4_BL,2.0,SDAN_39,Spectra_6,2000,2966,952,20,7,0.22494331065759632,0.005054851265235217
cd4_BL,2.0,SDAN_39,Spectra_7,2000,2966,952,20,7,0.526077097505669,0.008334953098351658
cd4_BL,2.0,SDAN_39,Spectra_8,2000,2966,952,20,7,0.2275132275132275,0.005122827151257248
cd4_BL,2.0,SDAN_39,Spectra_9,2000,2966,952,20,7,0.2435374149659864,0.005247724798403715
cd4_BL,2.0,SDAN_39,Spectra_10,2000,2966,952,20,7,0.24368858654572942,0.0057014426135033
cd4_BL,2.0,SDAN_39,Spectra_11,2000,2966,952,20,7,0.346031746031746,0.006067392545465078
cd4_BL,2.0,SDAN_39,Spectra_12,2000,2966,952,20,7,0.2935752078609221,0.0062340990315497835
cd4_BL,2.0,SDAN_39,Spectra_13,2000,2966,952,20,7,0.23099017384731668,0.005134571519370119
cd4_BL,2.0,SDAN_39,Spectra_14,2000,2966,952,20,7,0.5977324263038548,0.009909720474363563
cd4_BL,2.0,SDAN_39,Spectra_15,2000,2966,952,20,7,0.25880574452003025,0.005305630296550348
cd4_BL,2.0,SDAN_39,Spectra_16,2000,2966,952,20,7,0.28133030990173846,0.00544191695206671
cd4_BL,2.0,SDAN_39,Spectra_17,2000,2966,952,20,7,0.5207860922146637,0.011662649223468382
cd4_BL,2.0,SDAN_39,Spectra_18,2000,2966,952,20,7,0.2575963718820862,0.0052957846684423635
cd4_BL,2.0,SDAN_39,Spectra_19,2000,2966,952,20,7,0.46953892668178376,0.014509383973530304
cd4_BL,2.0,SDAN_39,Spectra_20,2000,2966,952,20,7,0.4985638699924414,0.00829943528587584
cd4_BL,2.0,SDAN_39,Spectra_21,2000,2966,952,20,7,0.36477702191987904,0.007366468741766089
cd4_BL,2.0,SDAN_39,Spectra_22,2000,2966,952,20,7,0.21345427059712768,0.005019443354404618
cd4_BL,2.0,SDAN_39,Spectra_23,2000,2966,952,20,7,0.5585789871504157,0.03188996626741144
cd4_BL,2.0,SDAN_39,Spectra_24,2000,2966,952,20,7,0.24187452758881328,0.005197451521348496
cd4_BL,2.0,SDAN_39,Spectra_25,2000,2966,952,20,7,0.27271352985638697,0.005416165794031012
cd4_BL,2.0,SDAN_39,Spectra_26,2000,2966,952,20,7,0.2973544973544973,0.005693014721173569
cd4_BL,2.0,SDAN_39,Spectra_27,2000,2966,952,20,7,0.3307634164777022,0.006935879253691041
cd4_BL,2.0,SDAN_39,Spectra_28,2000,2966,952,20,7,0.37641723356009066,0.00672547139066722
cd4_BL,2.0,SDAN_39,Spectra_29,2000,2966,952,20,7,0.3065759637188209,0.005702469781014148
cd4_BL,2.0,SDAN_39,Spectra_30,2000,2966,952,20,7,0.24701436130007556,0.006097727782887462
cd4_BL,2.0,SDAN_39,Spectra_31,2000,2966,952,20,7,0.30234315948601664,0.005627057892597518
cd4_BL,2.0,SDAN_39,Spectra_32,2000,2966,952,20,7,0.22282690854119427,0.005039076474888141
cd4_BL,2.0,SDAN_39,Spectra_33,2000,2966,952,20,7,0.28133030990173846,0.005549593399615689
cd4_BL,2.0,SDAN_39,Spectra_34,2000,2966,952,20,7,0.25306122448979596,0.005249263938076286
cd4_BL,2.0,SDAN_39,Spectra_35,2000,2966,952,20,7,0.26001511715797426,0.0052876157918246534
cd4_BL,2.0,SDAN_39,Spectra_36,2000,2966,952,20,7,0.3189720332577475,0.006192977378087592
cd4_BL,2.0,SDAN_39,Spectra_37,2000,2966,952,20,7,0.33000755857898717,0.0059079784682368255
cd4_BL,2.0,SDAN_39,Spectra_38,2000,2966,952,20,7,0.5794406651549509,0.017656736731185244
cd4_BL,2.0,SDAN_39,Spectra_39,2000,2966,952,20,7,0.18866213151927436,0.0050141687966905185
