cell_type,sdan_weight,program,factor,n_sdan_genes,n_spectra_genes,n_genes_overlap,n_program_genes_total,n_program_genes_overlap,auroc,average_precision
cd8_BL,2.0,SDAN_0,Spectra_0,1649,2966,881,19,8,0.48124284077892326,0.009523316720519523
cd8_BL,2.0,SDAN_0,Spectra_1,1649,2966,881,19,8,0.6300114547537228,0.014238883620146033
cd8_BL,2.0,SDAN_0,Spectra_2,1649,2966,881,19,8,0.5526918671248569,0.011834925569247768
cd8_BL,2.0,SDAN_0,Spectra_3,1649,2966,881,19,8,0.4478808705612829,0.008812470087329778
cd8_BL,2.0,SDAN_0,Spectra_4,1649,2966,881,19,8,0.5829037800687284,0.012316940503483687
cd8_BL,2.0,SDAN_0,Spectra_5,1649,2966,881,19,8,0.2837915234822451,0.006678562233463533
cd8_BL,2.0,SDAN_0,Spectra_6,1649,2966,881,19,8,0.3618270332187858,0.00757135147853407
cd8_BL,2.0,SDAN_0,Spectra_7,1649,2966,881,19,8,0.5558419243986255,0.01111551544570848
cd8_BL,2.0,SDAN_0,Spectra_8,1649,2966,881,19,8,0.5231958762886598,0.010562651129023277
cd8_BL,2.0,SDAN_0,Spectra_9,1649,2966,881,19,8,0.36254295532646047,0.007445701663747421
cd8_BL,2.0,SDAN_0,Spectra_10,1649,2966,881,19,8,0.4369988545246277,0.008527039105396253
cd8_BL,2.0,SDAN_0,Spectra_11,1649,2966,881,19,8,0.5532646048109966,0.013029192309850234
cd8_BL,2.0,SDAN_0,Spectra_12,1649,2966,881,19,8,0.32173539518900346,0.0070228836029870515
cd8_BL,2.0,SDAN_0,Spectra_13,1649,2966,881,19,8,0.4981386025200458,0.01001856251018331
cd8_BL,2.0,SDAN_0,Spectra_14,1649,2966,881,19,8,0.7192153493699885,0.027244483747163716
cd8_BL,2.0,SDAN_0,Spectra_15,1649,2966,881,19,8,0.745418098510882,0.025313330656683796
cd8_BL,2.0,SDAN_0,Spectra_16,1649,2966,881,19,8,0.5279209621993127,0.01609876059515661
cd8_BL,2.0,SDAN_0,Spectra_17,1649,2966,881,19,8,0.5073024054982818,0.010281782605498854
cd8_BL,2.0,SDAN_0,Spectra_18,1649,2966,881,19,8,0.4593356242840779,0.008950354692575688
cd8_BL,2.0,SDAN_0,Spectra_19,1649,2966,881,19,8,0.2936712485681558,0.006883168496401077
cd8_BL,2.0,SDAN_0,Spectra_20,1649,2966,881,19,8,0.2558705612829324,0.006364150146501217
cd8_BL,2.0,SDAN_0,Spectra_21,1649,2966,881,19,8,0.299971363115693,0.006775048110433444
cd8_BL,2.0,SDAN_0,Spectra_22,1649,2966,881,19,8,0.20346506300114547,0.00603438932261689
cd8_BL,2.0,SDAN_0,Spectra_23,1649,2966,881,19,8,0.6158361970217641,0.012275967799044395
cd8_BL,2.0,SDAN_0,Spectra_24,1649,2966,881,19,8,0.12700458190148914,0.005600503368029053
cd8_BL,2.0,SDAN_0,Spectra_25,1649,2966,881,19,8,0.19057846506300116,0.0059765632581220375
cd8_BL,2.0,SDAN_0,Spectra_26,1649,2966,881,19,8,0.37328178694158076,0.008447765246232032
cd8_BL,2.0,SDAN_0,Spectra_27,1649,2966,881,19,8,0.23353379152348225,0.006184346841602541
cd8_BL,2.0,SDAN_0,Spectra_28,1649,2966,881,19,8,0.2237972508591065,0.006132270776270092
cd8_BL,2.0,SDAN_0,Spectra_29,1649,2966,881,19,8,0.3238831615120275,0.007230811127851782
cd8_BL,2.0,SDAN_0,Spectra_30,1649,2966,881,19,8,0.22007445589919813,0.006147595443271044
cd8_BL,2.0,SDAN_0,Spectra_31,1649,2966,881,19,8,0.15120274914089343,0.005808885194933017
cd8_BL,2.0,SDAN_0,Spectra_32,1649,2966,881,19,8,0.16337342497136312,0.005867089429156024
cd8_BL,2.0,SDAN_0,Spectra_33,1649,2966,881,19,8,0.4309851088201604,0.009774104130013481
cd8_BL,2.0,SDAN_0,Spectra_34,1649,2966,881,19,8,0.12514318442153494,0.00566956962158615
cd8_BL,2.0,SDAN_0,Spectra_35,1649,2966,881,19,8,0.16280068728522337,0.0059093983270903875
cd8_BL,2.0,SDAN_0,Spectra_36,1649,2966,881,19,8,0.37056128293241697,0.007637976693370727
cd8_BL,2.0,SDAN_0,Spectra_37,1649,2966,881,19,8,0.37442726231386025,0.008629691277766574
cd8_BL,2.0,SDAN_0,Spectra_38,1649,2966,881,19,8,0.6232817869415808,0.01279490919804917
cd8_BL,2.0,SDAN_0,Spectra_39,1649,2966,881,19,8,0.5363688430698741,0.014776039686409882
cd8_BL,2.0,SDAN_1,Spectra_0,1649,2966,881,18,8,0.7394043528064147,0.018273265698786678
cd8_BL,2.0,SDAN_1,Spectra_1,1649,2966,881,18,8,0.7326746849942726,0.024434376302184948
cd8_BL,2.0,SDAN_1,Spectra_2,1649,2966,881,18,8,0.4630584192439862,0.010227654581370102
cd8_BL,2.0,SDAN_1,Spectra_3,1649,2966,881,18,8,0.46105383734249716,0.008790086732615473
cd8_BL,2.0,SDAN_1,Spectra_4,1649,2966,881,18,8,0.5499713631156931,0.012173799455733353
cd8_BL,2.0,SDAN_1,Spectra_5,1649,2966,881,18,8,0.34779495990836196,0.007443278117941556
cd8_BL,2.0,SDAN_1,Spectra_6,1649,2966,881,18,8,0.5489690721649485,0.010963141053764945
cd8_BL,2.0,SDAN_1,Spectra_7,1649,2966,881,18,8,0.5337915234822451,0.01020370391638641
cd8_BL,2.0,SDAN_1,Spectra_8,1649,2966,881,18,8,0.5279209621993127,0.01048685651172223
cd8_BL,2.0,SDAN_1,Spectra_9,1649,2966,881,18,8,0.4199599083619702,0.00818123394801996
cd8_BL,2.0,SDAN_1,Spectra_10,1649,2966,881,18,8,0.4833906071019473,0.010169475991919058
cd8_BL,2.0,SDAN_1,Spectra_11,1649,2966,881,18,8,0.538659793814433,0.01044563707849646
cd8_BL,2.0,SDAN_1,Spectra_12,1649,2966,881,18,8,0.5279209621993127,0.010276318243286533
cd8_BL,2.0,SDAN_1,Spectra_13,1649,2966,881,18,8,0.5790378006872852,0.011532598252228885
cd8_BL,2.0,SDAN_1,Spectra_14,1649,2966,881,18,8,0.5924971363115693,0.017527538751093683
cd8_BL,2.0,SDAN_1,Spectra_15,1649,2966,881,18,8,0.4198167239404353,0.00843257015181467
cd8_BL,2.0,SDAN_1,Spectra_16,1649,2966,881,18,8,0.5844788087056129,0.012465090763122261
cd8_BL,2.0,SDAN_1,Spectra_17,1649,2966,881,18,8,0.6572164948453608,0.020060947848011847
cd8_BL,2.0,SDAN_1,Spectra_18,1649,2966,881,18,8,0.6512027491408935,0.015160598731968483
cd8_BL,2.0,SDAN_1,Spectra_19,1649,2966,881,18,8,0.5244845360824741,0.01198558302891572
cd8_BL,2.0,SDAN_1,Spectra_20,1649,2966,881,18,8,0.6935853379152348,0.058083667903930394
cd8_BL,2.0,SDAN_1,Spectra_21,1649,2966,881,18,8,0.583906071019473,0.014886774238546632
cd8_BL,2.0,SDAN_1,Spectra_22,1649,2966,881,18,8,0.5499713631156931,0.011015013437620258
cd8_BL,2.0,SDAN_1,Spectra_23,1649,2966,881,18,8,0.6018041237113403,0.013410412710618193
cd8_BL,2.0,SDAN_1,Spectra_24,1649,2966,881,18,8,0.6287227949599083,0.012984462471457816
cd8_BL,2.0,SDAN_1,Spectra_25,1649,2966,881,18,8,0.5246277205040092,0.009951353890235643
cd8_BL,2.0,SDAN_1,Spectra_26,1649,2966,881,18,8,0.6427548682703322,0.029422462082691364
cd8_BL,2.0,SDAN_1,Spectra_27,1649,2966,881,18,8,0.7071878579610538,0.01964648336018927
cd8_BL,2.0,SDAN_1,Spectra_28,1649,2966,881,18,8,0.6825601374570447,0.03283284313793932
cd8_BL,2.0,SDAN_1,Spectra_29,1649,2966,881,18,8,0.6857101947308133,0.04651645016578939
cd8_BL,2.0,SDAN_1,Spectra_30,1649,2966,881,18,8,0.6499140893470792,0.020275488859410988
cd8_BL,2.0,SDAN_1,Spectra_31,1649,2966,881,18,8,0.5515463917525774,0.011185226000275952
cd8_BL,2.0,SDAN_1,Spectra_32,1649,2966,881,18,8,0.5365120274914089,0.01176934764055668
cd8_BL,2.0,SDAN_1,Spectra_33,1649,2966,881,18,8,0.7474226804123711,0.022874841182254916
cd8_BL,2.0,SDAN_1,Spectra_34,1649,2966,881,18,8,0.5264891179839634,0.010159722640168612
cd8_BL,2.0,SDAN_1,Spectra_35,1649,2966,881,18,8,0.40191867124856817,0.00794817999575173
cd8_BL,2.0,SDAN_1,Spectra_36,1649,2966,881,18,8,0.5506872852233677,0.010957981822172207
cd8_BL,2.0,SDAN_1,Spectra_37,1649,2966,881,18,8,0.6209908361970218,0.013492906217765763
cd8_BL,2.0,SDAN_1,Spectra_38,1649,2966,881,18,8,0.6625143184421536,0.017362124032503548
cd8_BL,2.0,SDAN_1,Spectra_39,1649,2966,881,18,8,0.7000286368843069,0.022882141291880046
cd8_BL,2.0,SDAN_2,Spectra_0,1649,2966,881,18,14,0.5471247322458395,0.01974057577101322
cd8_BL,2.0,SDAN_2,Spectra_1,1649,2966,881,18,14,0.654308782336464,0.03907211752804584
cd8_BL,2.0,SDAN_2,Spectra_2,1649,2966,881,18,14,0.5906244850881529,0.020900633567135254
cd8_BL,2.0,SDAN_2,Spectra_3,1649,2966,881,18,14,0.510957324106113,0.01622746561099779
cd8_BL,2.0,SDAN_2,Spectra_4,1649,2966,881,18,14,0.3990772779700115,0.014064484800879816
cd8_BL,2.0,SDAN_2,Spectra_5,1649,2966,881,18,14,0.4395287526775416,0.014083199237656094
cd8_BL,2.0,SDAN_2,Spectra_6,1649,2966,881,18,14,0.4307134618553304,0.014714890170811009
cd8_BL,2.0,SDAN_2,Spectra_7,1649,2966,881,18,14,0.59004778381941,0.020796813800889578
cd8_BL,2.0,SDAN_2,Spectra_8,1649,2966,881,18,14,0.4744603723842478,0.016116898843843437
cd8_BL,2.0,SDAN_2,Spectra_9,1649,2966,881,18,14,0.5178777393310265,0.01699275697417493
cd8_BL,2.0,SDAN_2,Spectra_10,1649,2966,881,18,14,0.47421321469764377,0.017256096730934627
cd8_BL,2.0,SDAN_2,Spectra_11,1649,2966,881,18,14,0.4733069698467622,0.019451246971083497
cd8_BL,2.0,SDAN_2,Spectra_12,1649,2966,881,18,14,0.3868841654308783,0.012814366416902683
cd8_BL,2.0,SDAN_2,Spectra_13,1649,2966,881,18,14,0.4420827154391168,0.01426553054201728
cd8_BL,2.0,SDAN_2,Spectra_14,1649,2966,881,18,14,0.7488054045147471,0.07650909222365006
cd8_BL,2.0,SDAN_2,Spectra_15,1649,2966,881,18,14,0.3766683143845774,0.014053862229278296
cd8_BL,2.0,SDAN_2,Spectra_16,1649,2966,881,18,14,0.48484099522161805,0.017129843732884432
cd8_BL,2.0,SDAN_2,Spectra_17,1649,2966,881,18,14,0.5765364969517219,0.048065446555210486
cd8_BL,2.0,SDAN_2,Spectra_18,1649,2966,881,18,14,0.5852694018783985,0.024125610342076775
cd8_BL,2.0,SDAN_2,Spectra_19,1649,2966,881,18,14,0.6608996539792388,0.03908888305086809
cd8_BL,2.0,SDAN_2,Spectra_20,1649,2966,881,18,14,0.5496786950074147,0.10473006773421616
cd8_BL,2.0,SDAN_2,Spectra_21,1649,2966,881,18,14,0.3891085846103147,0.013432826811028187
cd8_BL,2.0,SDAN_2,Spectra_22,1649,2966,881,18,14,0.48434667984840996,0.015430579473792252
cd8_BL,2.0,SDAN_2,Spectra_23,1649,2966,881,18,14,0.6817432855495139,0.032176599734617006
cd8_BL,2.0,SDAN_2,Spectra_24,1649,2966,881,18,14,0.49316197067062123,0.015898861630296208
cd8_BL,2.0,SDAN_2,Spectra_25,1649,2966,881,18,14,0.4735541275333663,0.015361859881969949
cd8_BL,2.0,SDAN_2,Spectra_26,1649,2966,881,18,14,0.6596638655462185,0.044866733713142266
cd8_BL,2.0,SDAN_2,Spectra_27,1649,2966,881,18,14,0.4871478002965892,0.0155547723297773
cd8_BL,2.0,SDAN_2,Spectra_28,1649,2966,881,18,14,0.5795847750865052,0.02629394281600754
cd8_BL,2.0,SDAN_2,Spectra_29,1649,2966,881,18,14,0.5275992750041193,0.017459490951895123
cd8_BL,2.0,SDAN_2,Spectra_30,1649,2966,881,18,14,0.47602570439940683,0.01567481927159326
cd8_BL,2.0,SDAN_2,Spectra_31,1649,2966,881,18,14,0.38078760916131155,0.01393502065934241
cd8_BL,2.0,SDAN_2,Spectra_32,1649,2966,881,18,14,0.4000659087164278,0.014331757905287137
cd8_BL,2.0,SDAN_2,Spectra_33,1649,2966,881,18,14,0.7270555280935904,0.044435673813032206
cd8_BL,2.0,SDAN_2,Spectra_34,1649,2966,881,18,14,0.36686439281594985,0.012369017250808613
cd8_BL,2.0,SDAN_2,Spectra_35,1649,2966,881,18,14,0.3358872960949086,0.011852094121025131
cd8_BL,2.0,SDAN_2,Spectra_36,1649,2966,881,18,14,0.3761739990113693,0.01282162578076008
cd8_BL,2.0,SDAN_2,Spectra_37,1649,2966,881,18,14,0.5313066403031801,0.020221945883711342
cd8_BL,2.0,SDAN_2,Spectra_38,1649,2966,881,18,14,0.606772120612951,0.02851288059835767
cd8_BL,2.0,SDAN_2,Spectra_39,1649,2966,881,18,14,0.5668973471741638,0.0369417390860878
cd8_BL,2.0,SDAN_3,Spectra_0,1649,2966,881,18,12,0.35241657077100114,0.01059778212145958
cd8_BL,2.0,SDAN_3,Spectra_1,1649,2966,881,18,12,0.56837360951285,0.018112033946607348
cd8_BL,2.0,SDAN_3,Spectra_2,1649,2966,881,18,12,0.619198312236287,0.020627511894665173
cd8_BL,2.0,SDAN_3,Spectra_3,1649,2966,881,18,12,0.5159186804756425,0.015309326904567048
cd8_BL,2.0,SDAN_3,Spectra_4,1649,2966,881,18,12,0.43603759110088225,0.012304837376122573
cd8_BL,2.0,SDAN_3,Spectra_5,1649,2966,881,18,12,0.22132719601074033,0.008808639204496151
cd8_BL,2.0,SDAN_3,Spectra_6,1649,2966,881,18,12,0.334867663981588,0.010299271581136953
cd8_BL,2.0,SDAN_3,Spectra_7,1649,2966,881,18,12,0.534234752589183,0.01511502460325153
cd8_BL,2.0,SDAN_3,Spectra_8,1649,2966,881,18,12,0.5080552359033372,0.016670769414753456
cd8_BL,2.0,SDAN_3,Spectra_9,1649,2966,881,18,12,0.25997314921365555,0.009183648599488546
cd8_BL,2.0,SDAN_3,Spectra_10,1649,2966,881,18,12,0.47976601457614115,0.01441442738494656
cd8_BL,2.0,SDAN_3,Spectra_11,1649,2966,881,18,12,0.45320291522823164,0.012834311444801589
cd8_BL,2.0,SDAN_3,Spectra_12,1649,2966,881,18,12,0.32489451476793246,0.011359413428332495
cd8_BL,2.0,SDAN_3,Spectra_13,1649,2966,881,18,12,0.4771768316072113,0.01441347991318186
cd8_BL,2.0,SDAN_3,Spectra_14,1649,2966,881,18,12,0.6032796317606444,0.017306015717234273
cd8_BL,2.0,SDAN_3,Spectra_15,1649,2966,881,18,12,0.4617376294591485,0.01998773056365846
cd8_BL,2.0,SDAN_3,Spectra_16,1649,2966,881,18,12,0.5217683160721136,0.01884268506562485
cd8_BL,2.0,SDAN_3,Spectra_17,1649,2966,881,18,12,0.49002685078634445,0.016285074044653056
cd8_BL,2.0,SDAN_3,Spectra_18,1649,2966,881,18,12,0.5961833525124665,0.042313504942918356
cd8_BL,2.0,SDAN_3,Spectra_19,1649,2966,881,18,12,0.34877253548139625,0.010632910816190205
cd8_BL,2.0,SDAN_3,Spectra_20,1649,2966,881,18,12,0.30840046029919443,0.00986679113939484
cd8_BL,2.0,SDAN_3,Spectra_21,1649,2966,881,18,12,0.4255849635596471,0.011852564015156402
cd8_BL,2.0,SDAN_3,Spectra_22,1649,2966,881,18,12,0.2294783275795934,0.008905674854896814
cd8_BL,2.0,SDAN_3,Spectra_23,1649,2966,881,18,12,0.6168009205983889,0.12099542382980953
cd8_BL,2.0,SDAN_3,Spectra_24,1649,2966,881,18,12,0.3799386267740698,0.011450147859864904
cd8_BL,2.0,SDAN_3,Spectra_25,1649,2966,881,18,12,0.26102800153433064,0.009259416926031355
cd8_BL,2.0,SDAN_3,Spectra_26,1649,2966,881,18,12,0.41110471806674337,0.011627871589973741
cd8_BL,2.0,SDAN_3,Spectra_27,1649,2966,881,18,12,0.40055619485999233,0.012300494296899887
cd8_BL,2.0,SDAN_3,Spectra_28,1649,2966,881,18,12,0.523590333716916,0.016268883547304012
cd8_BL,2.0,SDAN_3,Spectra_29,1649,2966,881,18,12,0.357307249712313,0.011368312738476992
cd8_BL,2.0,SDAN_3,Spectra_30,1649,2966,881,18,12,0.3203874184886843,0.00998883754700607
cd8_BL,2.0,SDAN_3,Spectra_31,1649,2966,881,18,12,0.37610280015343306,0.01123695404201003
cd8_BL,2.0,SDAN_3,Spectra_32,1649,2966,881,18,12,0.2864403528960491,0.009654657796369625
cd8_BL,2.0,SDAN_3,Spectra_33,1649,2966,881,18,12,0.46423091676256234,0.029018405423068216
cd8_BL,2.0,SDAN_3,Spectra_34,1649,2966,881,18,12,0.3670886075949368,0.01073525915891595
cd8_BL,2.0,SDAN_3,Spectra_35,1649,2966,881,18,12,0.36181434599156115,0.010670081535077876
cd8_BL,2.0,SDAN_3,Spectra_36,1649,2966,881,18,12,0.34848484848484845,0.010425529823603692
cd8_BL,2.0,SDAN_3,Spectra_37,1649,2966,881,18,12,0.4910817031070196,0.014024539714373816
cd8_BL,2.0,SDAN_3,Spectra_38,1649,2966,881,18,12,0.6105677023398542,0.03844399748712326
cd8_BL,2.0,SDAN_3,Spectra_39,1649,2966,881,18,12,0.5664556962025317,0.03315379824330467
cd8_BL,2.0,SDAN_4,Spectra_0,1649,2966,881,18,5,0.3527397260273973,0.006781393561140164
cd8_BL,2.0,SDAN_4,Spectra_1,1649,2966,881,18,5,0.560958904109589,0.007563647286539987
cd8_BL,2.0,SDAN_4,Spectra_2,1649,2966,881,18,5,0.6328767123287671,0.009141290111176146
cd8_BL,2.0,SDAN_4,Spectra_3,1649,2966,881,18,5,0.3593607305936073,0.005149705647162841
cd8_BL,2.0,SDAN_4,Spectra_4,1649,2966,881,18,5,0.3162100456621005,0.01136226888659896
cd8_BL,2.0,SDAN_4,Spectra_5,1649,2966,881,18,5,0.3159817351598173,0.004784899603365083
cd8_BL,2.0,SDAN_4,Spectra_6,1649,2966,881,18,5,0.24337899543378988,0.004254746405963248
cd8_BL,2.0,SDAN_4,Spectra_7,1649,2966,881,18,5,0.2990867579908676,0.004818046210538971
cd8_BL,2.0,SDAN_4,Spectra_8,1649,2966,881,18,5,0.3488584474885845,0.004983083219297104
cd8_BL,2.0,SDAN_4,Spectra_9,1649,2966,881,18,5,0.4257990867579909,0.0063967407671503525
cd8_BL,2.0,SDAN_4,Spectra_10,1649,2966,881,18,5,0.3643835616438356,0.005156140951236117
cd8_BL,2.0,SDAN_4,Spectra_11,1649,2966,881,18,5,0.18652968036529682,0.003969403098607106
cd8_BL,2.0,SDAN_4,Spectra_12,1649,2966,881,18,5,0.23150684931506846,0.004162310172948991
cd8_BL,2.0,SDAN_4,Spectra_13,1649,2966,881,18,5,0.22442922374429225,0.004151753298140358
cd8_BL,2.0,SDAN_4,Spectra_14,1649,2966,881,18,5,0.734703196347032,0.02489581604234085
cd8_BL,2.0,SDAN_4,Spectra_15,1649,2966,881,18,5,0.31598173515981737,0.004722846049907088
cd8_BL,2.0,SDAN_4,Spectra_16,1649,2966,881,18,5,0.4107305936073059,0.005471580540759991
cd8_BL,2.0,SDAN_4,Spectra_17,1649,2966,881,18,5,0.47648401826484027,0.10525563110692696
cd8_BL,2.0,SDAN_4,Spectra_18,1649,2966,881,18,5,0.241324200913242,0.004580718757131441
cd8_BL,2.0,SDAN_4,Spectra_19,1649,2966,881,18,5,0.44018264840182647,0.026949142389184295
cd8_BL,2.0,SDAN_4,Spectra_20,1649,2966,881,18,5,0.4221461187214612,0.007158688596250979
cd8_BL,2.0,SDAN_4,Spectra_21,1649,2966,881,18,5,0.2031963470319635,0.004038339153723769
cd8_BL,2.0,SDAN_4,Spectra_22,1649,2966,881,18,5,0.23401826484018268,0.004544563099613064
cd8_BL,2.0,SDAN_4,Spectra_23,1649,2966,881,18,5,0.4454337899543379,0.015068653584875226
cd8_BL,2.0,SDAN_4,Spectra_24,1649,2966,881,18,5,0.27853881278538817,0.004948577377791005
cd8_BL,2.0,SDAN_4,Spectra_25,1649,2966,881,18,5,0.2547945205479452,0.004302186422588924
cd8_BL,2.0,SDAN_4,Spectra_26,1649,2966,881,18,5,0.25981735159817354,0.00448576823075178
cd8_BL,2.0,SDAN_4,Spectra_27,1649,2966,881,18,5,0.28264840182648404,0.005547897923635438
cd8_BL,2.0,SDAN_4,Spectra_28,1649,2966,881,18,5,0.5659817351598173,0.007997326568196551
cd8_BL,2.0,SDAN_4,Spectra_29,1649,2966,881,18,5,0.36506849315068496,0.015045047390921877
cd8_BL,2.0,SDAN_4,Spectra_30,1649,2966,881,18,5,0.18493150684931509,0.0040065005863337555
cd8_BL,2.0,SDAN_4,Spectra_31,1649,2966,881,18,5,0.27237442922374433,0.004773231536490879
cd8_BL,2.0,SDAN_4,Spectra_32,1649,2966,881,18,5,0.15000000000000002,0.0038340987521568014
cd8_BL,2.0,SDAN_4,Spectra_33,1649,2966,881,18,5,0.6015981735159817,0.017340051102483732
cd8_BL,2.0,SDAN_4,Spectra_34,1649,2966,881,18,5,0.2269406392694064,0.004201849424531799
cd8_BL,2.0,SDAN_4,Spectra_35,1649,2966,881,18,5,0.1589041095890411,0.003853531362996845
cd8_BL,2.0,SDAN_4,Spectra_36,1649,2966,881,18,5,0.32899543378995433,0.005036636616707504
cd8_BL,2.0,SDAN_4,Spectra_37,1649,2966,881,18,5,0.36712328767123287,0.005342529011611344
cd8_BL,2.0,SDAN_4,Spectra_38,1649,2966,881,18,5,0.5002283105022831,0.006481041265956477
cd8_BL,2.0,SDAN_4,Spectra_39,1649,2966,881,18,5,0.380365296803653,0.006135306052896264
cd8_BL,2.0,SDAN_5,Spectra_0,1649,2966,881,17,14,0.23199868182567146,0.010208174301125014
cd8_BL,2.0,SDAN_5,Spectra_1,1649,2966,881,17,14,0.4271708683473389,0.01844924454218444
cd8_BL,2.0,SDAN_5,Spectra_2,1649,2966,881,17,14,0.3820233975943319,0.013416959824516758
cd8_BL,2.0,SDAN_5,Spectra_3,1649,2966,881,17,14,0.369995056846268,0.012622602827119262
cd8_BL,2.0,SDAN_5,Spectra_4,1649,2966,881,17,14,0.3341571922886802,0.011767971025459682
cd8_BL,2.0,SDAN_5,Spectra_5,1649,2966,881,17,14,0.19014664689405175,0.009748056945744392
cd8_BL,2.0,SDAN_5,Spectra_6,1649,2966,881,17,14,0.2803592025045313,0.010910433696881
cd8_BL,2.0,SDAN_5,Spectra_7,1649,2966,881,17,14,0.4083044982698962,0.013407549290910852
cd8_BL,2.0,SDAN_5,Spectra_8,1649,2966,881,17,14,0.3219640797495469,0.012311760323294221
cd8_BL,2.0,SDAN_5,Spectra_9,1649,2966,881,17,14,0.16139396935244685,0.00951854688134575
cd8_BL,2.0,SDAN_5,Spectra_10,1649,2966,881,17,14,0.3790575053550832,0.013060353786647955
cd8_BL,2.0,SDAN_5,Spectra_11,1649,2966,881,17,14,0.27648706541440105,0.010925881922265799
cd8_BL,2.0,SDAN_5,Spectra_12,1649,2966,881,17,14,0.2969187675070028,0.01212116814734965
cd8_BL,2.0,SDAN_5,Spectra_13,1649,2966,881,17,14,0.2765694513099357,0.011380402824729768
cd8_BL,2.0,SDAN_5,Spectra_14,1649,2966,881,17,14,0.40006590871642767,0.0306739733372506
cd8_BL,2.0,SDAN_5,Spectra_15,1649,2966,881,17,14,0.574147305981216,0.02502666777479558
cd8_BL,2.0,SDAN_5,Spectra_16,1649,2966,881,17,14,0.2623166913824354,0.010646779276856382
cd8_BL,2.0,SDAN_5,Spectra_17,1649,2966,881,17,14,0.27755808205635196,0.011303058947398099
cd8_BL,2.0,SDAN_5,Spectra_18,1649,2966,881,17,14,0.3000494315373208,0.011370030584811744
cd8_BL,2.0,SDAN_5,Spectra_19,1649,2966,881,17,14,0.24534519690229034,0.010359842734792095
cd8_BL,2.0,SDAN_5,Spectra_20,1649,2966,881,17,14,0.36183885318833414,0.030132721752208838
cd8_BL,2.0,SDAN_5,Spectra_21,1649,2966,881,17,14,0.3726314055033778,0.012589044663363498
cd8_BL,2.0,SDAN_5,Spectra_22,1649,2966,881,17,14,0.19426594167078595,0.00985405691406788
cd8_BL,2.0,SDAN_5,Spectra_23,1649,2966,881,17,14,0.5938375350140056,0.044076416691439704
cd8_BL,2.0,SDAN_5,Spectra_24,1649,2966,881,17,14,0.2566320645905421,0.010542989409720857
cd8_BL,2.0,SDAN_5,Spectra_25,1649,2966,881,17,14,0.2141209424946449,0.010081418496777171
cd8_BL,2.0,SDAN_5,Spectra_26,1649,2966,881,17,14,0.3511286867688252,0.012097709357102906
cd8_BL,2.0,SDAN_5,Spectra_27,1649,2966,881,17,14,0.39166254737188994,0.01364557618001108
cd8_BL,2.0,SDAN_5,Spectra_28,1649,2966,881,17,14,0.33267424616905583,0.01179596709137386
cd8_BL,2.0,SDAN_5,Spectra_29,1649,2966,881,17,14,0.3993244356566156,0.014082777862517836
cd8_BL,2.0,SDAN_5,Spectra_30,1649,2966,881,17,14,0.3593672763222936,0.012499841709129192
cd8_BL,2.0,SDAN_5,Spectra_31,1649,2966,881,17,14,0.2839841819080573,0.01110472796594179
cd8_BL,2.0,SDAN_5,Spectra_32,1649,2966,881,17,14,0.22450156533201515,0.010451308883047978
cd8_BL,2.0,SDAN_5,Spectra_33,1649,2966,881,17,14,0.3216345361674081,0.011569959301346147
cd8_BL,2.0,SDAN_5,Spectra_34,1649,2966,881,17,14,0.2507002801120448,0.010466448598863318
cd8_BL,2.0,SDAN_5,Spectra_35,1649,2966,881,17,14,0.2852199703410776,0.01109789370463406
cd8_BL,2.0,SDAN_5,Spectra_36,1649,2966,881,17,14,0.5103806228373702,0.017355876423987497
cd8_BL,2.0,SDAN_5,Spectra_37,1649,2966,881,17,14,0.35335310594826164,0.012566566806818736
cd8_BL,2.0,SDAN_5,Spectra_38,1649,2966,881,17,14,0.6178118306145988,0.05836925537601229
cd8_BL,2.0,SDAN_5,Spectra_39,1649,2966,881,17,14,0.44809688581314877,0.022892971572340416
cd8_BL,2.0,SDAN_6,Spectra_0,1649,2966,881,18,9,0.452217125382263,0.010185759113255359
cd8_BL,2.0,SDAN_6,Spectra_1,1649,2966,881,18,9,0.4945208970438328,0.010447934816646217
cd8_BL,2.0,SDAN_6,Spectra_2,1649,2966,881,18,9,0.5076452599388379,0.011067519863369138
cd8_BL,2.0,SDAN_6,Spectra_3,1649,2966,881,18,9,0.4538735983690112,0.009753644761620234
cd8_BL,2.0,SDAN_6,Spectra_4,1649,2966,881,18,9,0.5972222222222223,0.016670038236246937
cd8_BL,2.0,SDAN_6,Spectra_5,1649,2966,881,18,9,0.3655708460754332,0.00829090914784451
cd8_BL,2.0,SDAN_6,Spectra_6,1649,2966,881,18,9,0.4215086646279307,0.009056870751822377
cd8_BL,2.0,SDAN_6,Spectra_7,1649,2966,881,18,9,0.5068807339449541,0.011137913258819087
cd8_BL,2.0,SDAN_6,Spectra_8,1649,2966,881,18,9,0.5201325178389398,0.0117108526885569
cd8_BL,2.0,SDAN_6,Spectra_9,1649,2966,881,18,9,0.4081294597349643,0.008888916524368344
cd8_BL,2.0,SDAN_6,Spectra_10,1649,2966,881,18,9,0.5569571865443425,0.015359759531474126
cd8_BL,2.0,SDAN_6,Spectra_11,1649,2966,881,18,9,0.5522426095820591,0.012814231621957911
cd8_BL,2.0,SDAN_6,Spectra_12,1649,2966,881,18,9,0.4509429153924566,0.010428767519048286
cd8_BL,2.0,SDAN_6,Spectra_13,1649,2966,881,18,9,0.5438328236493374,0.03872477401153375
cd8_BL,2.0,SDAN_6,Spectra_14,1649,2966,881,18,9,0.5819317023445464,0.013030744537392057
cd8_BL,2.0,SDAN_6,Spectra_15,1649,2966,881,18,9,0.7386595310907238,0.02284151838432811
cd8_BL,2.0,SDAN_6,Spectra_16,1649,2966,881,18,9,0.5778542303771661,0.014353445789547996
cd8_BL,2.0,SDAN_6,Spectra_17,1649,2966,881,18,9,0.5314729867482161,0.016256288941054225
cd8_BL,2.0,SDAN_6,Spectra_18,1649,2966,881,18,9,0.5533893985728848,0.019366993925232456
cd8_BL,2.0,SDAN_6,Spectra_19,1649,2966,881,18,9,0.3219928644240571,0.007781855773203215
cd8_BL,2.0,SDAN_6,Spectra_20,1649,2966,881,18,9,0.5990061162079511,0.057718206495717767
cd8_BL,2.0,SDAN_6,Spectra_21,1649,2966,881,18,9,0.3980632008154944,0.008899217304335662
cd8_BL,2.0,SDAN_6,Spectra_22,1649,2966,881,18,9,0.5155453618756372,0.011301743223201911
cd8_BL,2.0,SDAN_6,Spectra_23,1649,2966,881,18,9,0.5735219164118246,0.01790498994245588
cd8_BL,2.0,SDAN_6,Spectra_24,1649,2966,881,18,9,0.3642966360856269,0.00842986832359301
cd8_BL,2.0,SDAN_6,Spectra_25,1649,2966,881,18,9,0.4454638124362895,0.009645660150570647
cd8_BL,2.0,SDAN_6,Spectra_26,1649,2966,881,18,9,0.6462793068297655,0.028492769356017706
cd8_BL,2.0,SDAN_6,Spectra_27,1649,2966,881,18,9,0.6239806320081549,0.021691978740769217
cd8_BL,2.0,SDAN_6,Spectra_28,1649,2966,881,18,9,0.535295616717635,0.011836885616534048
cd8_BL,2.0,SDAN_6,Spectra_29,1649,2966,881,18,9,0.5495667686034658,0.013070582754274418
cd8_BL,2.0,SDAN_6,Spectra_30,1649,2966,881,18,9,0.5569571865443426,0.0144568801693929
cd8_BL,2.0,SDAN_6,Spectra_31,1649,2966,881,18,9,0.382262996941896,0.00864942178438043
cd8_BL,2.0,SDAN_6,Spectra_32,1649,2966,881,18,9,0.31027013251783897,0.007704588006365245
cd8_BL,2.0,SDAN_6,Spectra_33,1649,2966,881,18,9,0.39398572884811417,0.00875786844193425
cd8_BL,2.0,SDAN_6,Spectra_34,1649,2966,881,18,9,0.38685015290519875,0.008566003478826882
cd8_BL,2.0,SDAN_6,Spectra_35,1649,2966,881,18,9,0.3720693170234455,0.008378565827476989
cd8_BL,2.0,SDAN_6,Spectra_36,1649,2966,881,18,9,0.46534148827726807,0.010056477743889496
cd8_BL,2.0,SDAN_6,Spectra_37,1649,2966,881,18,9,0.7417176350662589,0.14589108659648745
cd8_BL,2.0,SDAN_6,Spectra_38,1649,2966,881,18,9,0.4277522935779816,0.009507950436284638
cd8_BL,2.0,SDAN_6,Spectra_39,1649,2966,881,18,9,0.6902395514780836,0.04345858812977787
cd8_BL,2.0,SDAN_7,Spectra_0,1649,2966,881,18,11,0.5306165099268547,0.014799349404896982
cd8_BL,2.0,SDAN_7,Spectra_1,1649,2966,881,18,11,0.49467084639498426,0.031619951601338216
cd8_BL,2.0,SDAN_7,Spectra_2,1649,2966,881,18,11,0.512539184952978,0.014168333041607004
cd8_BL,2.0,SDAN_7,Spectra_3,1649,2966,881,18,11,0.6575757575757576,0.026679872413920967
cd8_BL,2.0,SDAN_7,Spectra_4,1649,2966,881,18,11,0.5385579937304076,0.017686703092271383
cd8_BL,2.0,SDAN_7,Spectra_5,1649,2966,881,18,11,0.4137931034482758,0.010713333274049705
cd8_BL,2.0,SDAN_7,Spectra_6,1649,2966,881,18,11,0.24942528735632183,0.008554707877142942
cd8_BL,2.0,SDAN_7,Spectra_7,1649,2966,881,18,11,0.5100313479623825,0.013962715037700411
cd8_BL,2.0,SDAN_7,Spectra_8,1649,2966,881,18,11,0.5458725182863113,0.0703522920641207
cd8_BL,2.0,SDAN_7,Spectra_9,1649,2966,881,18,11,0.4882967607105537,0.012244586589546039
cd8_BL,2.0,SDAN_7,Spectra_10,1649,2966,881,18,11,0.45851619644723096,0.015016722858738799
cd8_BL,2.0,SDAN_7,Spectra_11,1649,2966,881,18,11,0.48714733542319744,0.029738225727031352
cd8_BL,2.0,SDAN_7,Spectra_12,1649,2966,881,18,11,0.37189132706374084,0.010314216930866994
cd8_BL,2.0,SDAN_7,Spectra_13,1649,2966,881,18,11,0.5012539184952978,0.014644656425099949
cd8_BL,2.0,SDAN_7,Spectra_14,1649,2966,881,18,11,0.8205851619644723,0.03726490353276449
cd8_BL,2.0,SDAN_7,Spectra_15,1649,2966,881,18,11,0.364367816091954,0.010262710668529136
cd8_BL,2.0,SDAN_7,Spectra_16,1649,2966,881,18,11,0.40083594566353187,0.010482197423665235
cd8_BL,2.0,SDAN_7,Spectra_17,1649,2966,881,18,11,0.69717868338558,0.022887766111489093
cd8_BL,2.0,SDAN_7,Spectra_18,1649,2966,881,18,11,0.4330198537095089,0.01192223312762824
cd8_BL,2.0,SDAN_7,Spectra_19,1649,2966,881,18,11,0.7337513061650992,0.050812055175094795
cd8_BL,2.0,SDAN_7,Spectra_20,1649,2966,881,18,11,0.5378265412748171,0.035490941255487095
cd8_BL,2.0,SDAN_7,Spectra_21,1649,2966,881,18,11,0.24231974921630095,0.008370956087592247
cd8_BL,2.0,SDAN_7,Spectra_22,1649,2966,881,18,11,0.4444096133751306,0.013820003036466367
cd8_BL,2.0,SDAN_7,Spectra_23,1649,2966,881,18,11,0.6078369905956114,0.03822280323828628
cd8_BL,2.0,SDAN_7,Spectra_24,1649,2966,881,18,11,0.30094043887147337,0.009057606748088155
cd8_BL,2.0,SDAN_7,Spectra_25,1649,2966,881,18,11,0.4121212121212121,0.010971080147650344
cd8_BL,2.0,SDAN_7,Spectra_26,1649,2966,881,18,11,0.5011494252873563,0.025754153707634453
cd8_BL,2.0,SDAN_7,Spectra_27,1649,2966,881,18,11,0.345350052246604,0.009626443621123207
cd8_BL,2.0,SDAN_7,Spectra_28,1649,2966,881,18,11,0.4893416927899687,0.034582681770700174
cd8_BL,2.0,SDAN_7,Spectra_29,1649,2966,881,18,11,0.40679205851619643,0.011075571275064335
cd8_BL,2.0,SDAN_7,Spectra_30,1649,2966,881,18,11,0.4506792058516196,0.01224591702639917
cd8_BL,2.0,SDAN_7,Spectra_31,1649,2966,881,18,11,0.422675026123302,0.01419650756541932
cd8_BL,2.0,SDAN_7,Spectra_32,1649,2966,881,18,11,0.3617554858934169,0.013575062788568938
cd8_BL,2.0,SDAN_7,Spectra_33,1649,2966,881,18,11,0.5368861024033438,0.02127418987002214
cd8_BL,2.0,SDAN_7,Spectra_34,1649,2966,881,18,11,0.3296760710553814,0.009465054443517253
cd8_BL,2.0,SDAN_7,Spectra_35,1649,2966,881,18,11,0.2980146290491118,0.009055859091879693
cd8_BL,2.0,SDAN_7,Spectra_36,1649,2966,881,18,11,0.3614420062695925,0.010585094657119008
cd8_BL,2.0,SDAN_7,Spectra_37,1649,2966,881,18,11,0.4284221525600836,0.012398179094083441
cd8_BL,2.0,SDAN_7,Spectra_38,1649,2966,881,18,11,0.6444096133751306,0.019657421636025744
cd8_BL,2.0,SDAN_7,Spectra_39,1649,2966,881,18,11,0.4361546499477533,0.012370471018031542
cd8_BL,2.0,SDAN_8,Spectra_0,1649,2966,881,19,5,0.4502283105022831,0.008665631112077642
cd8_BL,2.0,SDAN_8,Spectra_1,1649,2966,881,19,5,0.5926940639269406,0.02031691702015817
cd8_BL,2.0,SDAN_8,Spectra_2,1649,2966,881,19,5,0.5952054794520548,0.009878242062946792
cd8_BL,2.0,SDAN_8,Spectra_3,1649,2966,881,19,5,0.3337899543378996,0.004819852732175263
cd8_BL,2.0,SDAN_8,Spectra_4,1649,2966,881,19,5,0.33949771689497715,0.00492192503841946
cd8_BL,2.0,SDAN_8,Spectra_5,1649,2966,881,19,5,0.34931506849315064,0.005099710510563335
cd8_BL,2.0,SDAN_8,Spectra_6,1649,2966,881,19,5,0.2559360730593607,0.00433846644798061
cd8_BL,2.0,SDAN_8,Spectra_7,1649,2966,881,19,5,0.5719178082191781,0.01001469181455037
cd8_BL,2.0,SDAN_8,Spectra_8,1649,2966,881,19,5,0.4757990867579909,0.006654992860737683
cd8_BL,2.0,SDAN_8,Spectra_9,1649,2966,881,19,5,0.423972602739726,0.006316078250397342
cd8_BL,2.0,SDAN_8,Spectra_10,1649,2966,881,19,5,0.4712328767123287,0.007543095839712022
cd8_BL,2.0,SDAN_8,Spectra_11,1649,2966,881,19,5,0.5922374429223745,0.025703782761153118
cd8_BL,2.0,SDAN_8,Spectra_12,1649,2966,881,19,5,0.2771689497716895,0.0044696456275720746
cd8_BL,2.0,SDAN_8,Spectra_13,1649,2966,881,19,5,0.4073059360730594,0.005748423269853363
cd8_BL,2.0,SDAN_8,Spectra_14,1649,2966,881,19,5,0.6312785388127854,0.015400390359178326
cd8_BL,2.0,SDAN_8,Spectra_15,1649,2966,881,19,5,0.8965753424657534,0.03250680770842061
cd8_BL,2.0,SDAN_8,Spectra_16,1649,2966,881,19,5,0.3397260273972603,0.004931693911938271
cd8_BL,2.0,SDAN_8,Spectra_17,1649,2966,881,19,5,0.7013698630136986,0.022159031803753712
cd8_BL,2.0,SDAN_8,Spectra_18,1649,2966,881,19,5,0.45,0.0060592997482817115
cd8_BL,2.0,SDAN_8,Spectra_19,1649,2966,881,19,5,0.4394977168949771,0.006607001438580251
cd8_BL,2.0,SDAN_8,Spectra_20,1649,2966,881,19,5,0.5057077625570776,0.03252882894801815
cd8_BL,2.0,SDAN_8,Spectra_21,1649,2966,881,19,5,0.39885844748858446,0.00579796899064783
cd8_BL,2.0,SDAN_8,Spectra_22,1649,2966,881,19,5,0.36027397260273974,0.005296873469062699
cd8_BL,2.0,SDAN_8,Spectra_23,1649,2966,881,19,5,0.7461187214611872,0.03375576804148233
cd8_BL,2.0,SDAN_8,Spectra_24,1649,2966,881,19,5,0.4292237442922374,0.00593889378092004
cd8_BL,2.0,SDAN_8,Spectra_25,1649,2966,881,19,5,0.2993150684931507,0.0045672522786485495
cd8_BL,2.0,SDAN_8,Spectra_26,1649,2966,881,19,5,0.48013698630136986,0.006241133337724062
cd8_BL,2.0,SDAN_8,Spectra_27,1649,2966,881,19,5,0.3082191780821918,0.004639794793478367
cd8_BL,2.0,SDAN_8,Spectra_28,1649,2966,881,19,5,0.4655251141552512,0.01032031704771613
cd8_BL,2.0,SDAN_8,Spectra_29,1649,2966,881,19,5,0.35456621004566213,0.005027466355897665
cd8_BL,2.0,SDAN_8,Spectra_30,1649,2966,881,19,5,0.33630136986301373,0.005405778765791383
cd8_BL,2.0,SDAN_8,Spectra_31,1649,2966,881,19,5,0.31643835616438354,0.004699515117158204
cd8_BL,2.0,SDAN_8,Spectra_32,1649,2966,881,19,5,0.30114155251141556,0.004650125719349925
cd8_BL,2.0,SDAN_8,Spectra_33,1649,2966,881,19,5,0.5942922374429224,0.01635361157589591
cd8_BL,2.0,SDAN_8,Spectra_34,1649,2966,881,19,5,0.4621004566210046,0.005982207737972522
cd8_BL,2.0,SDAN_8,Spectra_35,1649,2966,881,19,5,0.3198630136986301,0.004740415890804442
cd8_BL,2.0,SDAN_8,Spectra_36,1649,2966,881,19,5,0.6997716894977168,0.014151869813896333
cd8_BL,2.0,SDAN_8,Spectra_37,1649,2966,881,19,5,0.5223744292237442,0.028939814958207976
cd8_BL,2.0,SDAN_8,Spectra_38,1649,2966,881,19,5,0.7075342465753425,0.016110114156525857
cd8_BL,2.0,SDAN_8,Spectra_39,1649,2966,881,19,5,0.35114155251141554,0.005099384818960883
cd8_BL,2.0,SDAN_9,Spectra_0,1649,2966,881,17,4,0.6590649942987458,0.018995197579400804
cd8_BL,2.0,SDAN_9,Spectra_1,1649,2966,881,17,4,0.6285632839224629,0.01031245101724941
cd8_BL,2.0,SDAN_9,Spectra_2,1649,2966,881,17,4,0.49144811858608894,0.005533258983538065
cd8_BL,2.0,SDAN_9,Spectra_3,1649,2966,881,17,4,0.6137400228050172,0.009334221749621318
cd8_BL,2.0,SDAN_9,Spectra_4,1649,2966,881,17,4,0.7924743443557583,0.012984504233692648
cd8_BL,2.0,SDAN_9,Spectra_5,1649,2966,881,17,4,0.4267388825541619,0.004917896415080631
cd8_BL,2.0,SDAN_9,Spectra_6,1649,2966,881,17,4,0.4734891676168757,0.011691163551858279
cd8_BL,2.0,SDAN_9,Spectra_7,1649,2966,881,17,4,0.47633979475484606,0.005203144012699432
cd8_BL,2.0,SDAN_9,Spectra_8,1649,2966,881,17,4,0.6328392246294186,0.010464662899173662
cd8_BL,2.0,SDAN_9,Spectra_9,1649,2966,881,17,4,0.4629418472063854,0.005025088389514035
cd8_BL,2.0,SDAN_9,Spectra_10,1649,2966,881,17,4,0.5869441277080958,0.024175669952658952
cd8_BL,2.0,SDAN_9,Spectra_11,1649,2966,881,17,4,0.572976054732041,0.006796973383939871
cd8_BL,2.0,SDAN_9,Spectra_12,1649,2966,881,17,4,0.5336374002280502,0.006103176423849888
cd8_BL,2.0,SDAN_9,Spectra_13,1649,2966,881,17,4,0.6619156214367161,0.008903482503092005
cd8_BL,2.0,SDAN_9,Spectra_14,1649,2966,881,17,4,0.6448118586088939,0.007538746842458359
cd8_BL,2.0,SDAN_9,Spectra_15,1649,2966,881,17,4,0.8055872291904218,0.02359701589547321
cd8_BL,2.0,SDAN_9,Spectra_16,1649,2966,881,17,4,0.8033067274800456,0.013513079214769706
cd8_BL,2.0,SDAN_9,Spectra_17,1649,2966,881,17,4,0.6744583808437856,0.00830426665435479
cd8_BL,2.0,SDAN_9,Spectra_18,1649,2966,881,17,4,0.4903078677309008,0.005320041601718051
cd8_BL,2.0,SDAN_9,Spectra_19,1649,2966,881,17,4,0.5025655644241733,0.005459912332383261
cd8_BL,2.0,SDAN_9,Spectra_20,1649,2966,881,17,4,0.4207525655644242,0.004702154168595488
cd8_BL,2.0,SDAN_9,Spectra_21,1649,2966,881,17,4,0.3908209806157355,0.004804310166914452
cd8_BL,2.0,SDAN_9,Spectra_22,1649,2966,881,17,4,0.4675028506271379,0.00552170313497872
cd8_BL,2.0,SDAN_9,Spectra_23,1649,2966,881,17,4,0.5652793614595211,0.007143587254210537
cd8_BL,2.0,SDAN_9,Spectra_24,1649,2966,881,17,4,0.6319840364880274,0.007520667657940202
cd8_BL,2.0,SDAN_9,Spectra_25,1649,2966,881,17,4,0.5199543899657925,0.0073626296336049245
cd8_BL,2.0,SDAN_9,Spectra_26,1649,2966,881,17,4,0.6793044469783353,0.010346453741190583
cd8_BL,2.0,SDAN_9,Spectra_27,1649,2966,881,17,4,0.3181299885974915,0.003957184629574806
cd8_BL,2.0,SDAN_9,Spectra_28,1649,2966,881,17,4,0.6071835803876852,0.024121859493378917
cd8_BL,2.0,SDAN_9,Spectra_29,1649,2966,881,17,4,0.7023945267958951,0.012516314154642308
cd8_BL,2.0,SDAN_9,Spectra_30,1649,2966,881,17,4,0.548745724059293,0.0061053070279891205
cd8_BL,2.0,SDAN_9,Spectra_31,1649,2966,881,17,4,0.5031356898517674,0.006090774380502252
cd8_BL,2.0,SDAN_9,Spectra_32,1649,2966,881,17,4,0.3007411630558723,0.00387552033860688
cd8_BL,2.0,SDAN_9,Spectra_33,1649,2966,881,17,4,0.7197833523375143,0.03279482701264138
cd8_BL,2.0,SDAN_9,Spectra_34,1649,2966,881,17,4,0.47206385404789053,0.005189357002465403
cd8_BL,2.0,SDAN_9,Spectra_35,1649,2966,881,17,4,0.4657924743443558,0.005699376148504572
cd8_BL,2.0,SDAN_9,Spectra_36,1649,2966,881,17,4,0.5037058152793614,0.005875128594916572
cd8_BL,2.0,SDAN_9,Spectra_37,1649,2966,881,17,4,0.4789053591790194,0.005273104642369402
cd8_BL,2.0,SDAN_9,Spectra_38,1649,2966,881,17,4,0.4700684150513113,0.005636963089459706
cd8_BL,2.0,SDAN_9,Spectra_39,1649,2966,881,17,4,0.8132839224629418,0.07522873842983281
cd8_BL,2.0,SDAN_10,Spectra_0,1649,2966,881,18,15,0.4700538876058507,0.016490142797989583
cd8_BL,2.0,SDAN_10,Spectra_1,1649,2966,881,18,15,0.7621247113163973,0.054825502297978744
cd8_BL,2.0,SDAN_10,Spectra_2,1649,2966,881,18,15,0.5078521939953811,0.01735184234248774
cd8_BL,2.0,SDAN_10,Spectra_3,1649,2966,881,18,15,0.7449576597382602,0.03427008332890876
cd8_BL,2.0,SDAN_10,Spectra_4,1649,2966,881,18,15,0.44980754426481906,0.023254137674805886
cd8_BL,2.0,SDAN_10,Spectra_5,1649,2966,881,18,15,0.2908391070053888,0.011834717487202266
cd8_BL,2.0,SDAN_10,Spectra_6,1649,2966,881,18,15,0.403387220939184,0.013926958307162979
cd8_BL,2.0,SDAN_10,Spectra_7,1649,2966,881,18,15,0.6140877598152426,0.021955582464739776
cd8_BL,2.0,SDAN_10,Spectra_8,1649,2966,881,18,15,0.49515011547344107,0.017113518243395118
cd8_BL,2.0,SDAN_10,Spectra_9,1649,2966,881,18,15,0.36212471131639723,0.013118067144286089
cd8_BL,2.0,SDAN_10,Spectra_10,1649,2966,881,18,15,0.4091608929946113,0.01452493022924398
cd8_BL,2.0,SDAN_10,Spectra_11,1649,2966,881,18,15,0.4646651270207852,0.015898245133540646
cd8_BL,2.0,SDAN_10,Spectra_12,1649,2966,881,18,15,0.329022324865281,0.012421758941284559
cd8_BL,2.0,SDAN_10,Spectra_13,1649,2966,881,18,15,0.4232486528098538,0.014869125464134395
cd8_BL,2.0,SDAN_10,Spectra_14,1649,2966,881,18,15,0.6201693610469592,0.03052315354419323
cd8_BL,2.0,SDAN_10,Spectra_15,1649,2966,881,18,15,0.5315627405696689,0.018034070497419903
cd8_BL,2.0,SDAN_10,Spectra_16,1649,2966,881,18,15,0.4793687451886066,0.016805937878131404
cd8_BL,2.0,SDAN_10,Spectra_17,1649,2966,881,18,15,0.6186297151655119,0.027038014408334733
cd8_BL,2.0,SDAN_10,Spectra_18,1649,2966,881,18,15,0.41308698999230176,0.014164496534716133
cd8_BL,2.0,SDAN_10,Spectra_19,1649,2966,881,18,15,0.3068514241724403,0.012175141496043287
cd8_BL,2.0,SDAN_10,Spectra_20,1649,2966,881,18,15,0.22786759045419552,0.010872387880965596
cd8_BL,2.0,SDAN_10,Spectra_21,1649,2966,881,18,15,0.3952270977675134,0.016834767763098765
cd8_BL,2.0,SDAN_10,Spectra_22,1649,2966,881,18,15,0.2348729792147806,0.011081632359739454
cd8_BL,2.0,SDAN_10,Spectra_23,1649,2966,881,18,15,0.6629715165511932,0.025966802361030557
cd8_BL,2.0,SDAN_10,Spectra_24,1649,2966,881,18,15,0.3506543494996151,0.012948337773103391
cd8_BL,2.0,SDAN_10,Spectra_25,1649,2966,881,18,15,0.21070053887605855,0.010810268350277914
cd8_BL,2.0,SDAN_10,Spectra_26,1649,2966,881,18,15,0.37675134719014625,0.013465718596349666
cd8_BL,2.0,SDAN_10,Spectra_27,1649,2966,881,18,15,0.3376443418013857,0.012563962705481983
cd8_BL,2.0,SDAN_10,Spectra_28,1649,2966,881,18,15,0.33733641262509617,0.013090450751636331
cd8_BL,2.0,SDAN_10,Spectra_29,1649,2966,881,18,15,0.3535026943802925,0.013834674210310304
cd8_BL,2.0,SDAN_10,Spectra_30,1649,2966,881,18,15,0.30662047729022324,0.012019204224294458
cd8_BL,2.0,SDAN_10,Spectra_31,1649,2966,881,18,15,0.257428791377983,0.011312024969150675
cd8_BL,2.0,SDAN_10,Spectra_32,1649,2966,881,18,15,0.28598922247882985,0.013377911216065175
cd8_BL,2.0,SDAN_10,Spectra_33,1649,2966,881,18,15,0.4400307929176289,0.014957735233678972
cd8_BL,2.0,SDAN_10,Spectra_34,1649,2966,881,18,15,0.2361046959199384,0.0109882755253475
cd8_BL,2.0,SDAN_10,Spectra_35,1649,2966,881,18,15,0.247036181678214,0.011204241296594348
cd8_BL,2.0,SDAN_10,Spectra_36,1649,2966,881,18,15,0.3818321785989222,0.013455171684888596
cd8_BL,2.0,SDAN_10,Spectra_37,1649,2966,881,18,15,0.43033102386451116,0.014899811454850996
cd8_BL,2.0,SDAN_10,Spectra_38,1649,2966,881,18,15,0.7013086989992302,0.030925582109480616
cd8_BL,2.0,SDAN_10,Spectra_39,1649,2966,881,18,15,0.4501154734411085,0.01533583246229328
cd8_BL,2.0,SDAN_11,Spectra_0,1649,2966,881,18,11,0.6832810867293626,0.03955201633933134
cd8_BL,2.0,SDAN_11,Spectra_1,1649,2966,881,18,11,0.7273772204806688,0.04544181706934759
cd8_BL,2.0,SDAN_11,Spectra_2,1649,2966,881,18,11,0.609299895506792,0.016723358298319543
cd8_BL,2.0,SDAN_11,Spectra_3,1649,2966,881,18,11,0.441692789968652,0.011353801595438426
cd8_BL,2.0,SDAN_11,Spectra_4,1649,2966,881,18,11,0.6422152560083595,0.018544674547191338
cd8_BL,2.0,SDAN_11,Spectra_5,1649,2966,881,18,11,0.3304075235109718,0.009556231205027736
cd8_BL,2.0,SDAN_11,Spectra_6,1649,2966,881,18,11,0.49487983281086734,0.012446152757729104
cd8_BL,2.0,SDAN_11,Spectra_7,1649,2966,881,18,11,0.5342737722048068,0.013711994295021124
cd8_BL,2.0,SDAN_11,Spectra_8,1649,2966,881,18,11,0.5324973876698014,0.02220699978154453
cd8_BL,2.0,SDAN_11,Spectra_9,1649,2966,881,18,11,0.4659352142110763,0.011983510364889588
cd8_BL,2.0,SDAN_11,Spectra_10,1649,2966,881,18,11,0.44733542319749214,0.011302691739745869
cd8_BL,2.0,SDAN_11,Spectra_11,1649,2966,881,18,11,0.6374085684430512,0.01823638185639056
cd8_BL,2.0,SDAN_11,Spectra_12,1649,2966,881,18,11,0.5006269592476489,0.01502532322547168
cd8_BL,2.0,SDAN_11,Spectra_13,1649,2966,881,18,11,0.5489028213166145,0.015521784116560525
cd8_BL,2.0,SDAN_11,Spectra_14,1649,2966,881,18,11,0.7036572622779519,0.021876645848551344
cd8_BL,2.0,SDAN_11,Spectra_15,1649,2966,881,18,11,0.7276907001044932,0.02578284297443923
cd8_BL,2.0,SDAN_11,Spectra_16,1649,2966,881,18,11,0.6875653082549634,0.02303025291013064
cd8_BL,2.0,SDAN_11,Spectra_17,1649,2966,881,18,11,0.5369905956112853,0.015909200983473405
cd8_BL,2.0,SDAN_11,Spectra_18,1649,2966,881,18,11,0.5073145245559039,0.013059355408619609
cd8_BL,2.0,SDAN_11,Spectra_19,1649,2966,881,18,11,0.45527690700104495,0.011913737664308498
cd8_BL,2.0,SDAN_11,Spectra_20,1649,2966,881,18,11,0.39414838035527694,0.011350030808605825
cd8_BL,2.0,SDAN_11,Spectra_21,1649,2966,881,18,11,0.40386624869383486,0.010528622521654511
cd8_BL,2.0,SDAN_11,Spectra_22,1649,2966,881,18,11,0.2726227795193312,0.008712566078578083
cd8_BL,2.0,SDAN_11,Spectra_23,1649,2966,881,18,11,0.6757575757575758,0.02215411513206124
cd8_BL,2.0,SDAN_11,Spectra_24,1649,2966,881,18,11,0.6200626959247648,0.018979351178677776
cd8_BL,2.0,SDAN_11,Spectra_25,1649,2966,881,18,11,0.27084639498432606,0.008730901417529649
cd8_BL,2.0,SDAN_11,Spectra_26,1649,2966,881,18,11,0.6696969696969697,0.02049575348739254
cd8_BL,2.0,SDAN_11,Spectra_27,1649,2966,881,18,11,0.5715778474399165,0.015123913242080345
cd8_BL,2.0,SDAN_11,Spectra_28,1649,2966,881,18,11,0.3400208986415883,0.0096695450151765
cd8_BL,2.0,SDAN_11,Spectra_29,1649,2966,881,18,11,0.6709508881922676,0.023060574453509786
cd8_BL,2.0,SDAN_11,Spectra_30,1649,2966,881,18,11,0.5143155694879833,0.013879894591526196
cd8_BL,2.0,SDAN_11,Spectra_31,1649,2966,881,18,11,0.5280041797283177,0.017956241930173613
cd8_BL,2.0,SDAN_11,Spectra_32,1649,2966,881,18,11,0.27680250783699056,0.008786500913511784
cd8_BL,2.0,SDAN_11,Spectra_33,1649,2966,881,18,11,0.6450365726227796,0.02400674478161944
cd8_BL,2.0,SDAN_11,Spectra_34,1649,2966,881,18,11,0.3830721003134796,0.010497504473586296
cd8_BL,2.0,SDAN_11,Spectra_35,1649,2966,881,18,11,0.3689655172413793,0.009995707808700035
cd8_BL,2.0,SDAN_11,Spectra_36,1649,2966,881,18,11,0.42873563218390803,0.011028455325012888
cd8_BL,2.0,SDAN_11,Spectra_37,1649,2966,881,18,11,0.502403343782654,0.013253698716166253
cd8_BL,2.0,SDAN_11,Spectra_38,1649,2966,881,18,11,0.5378265412748171,0.014710283181823977
cd8_BL,2.0,SDAN_11,Spectra_39,1649,2966,881,18,11,0.7556948798328109,0.03184296999890769
cd8_BL,2.0,SDAN_12,Spectra_0,1649,2966,881,18,12,0.4146528576908324,0.017012068776892826
cd8_BL,2.0,SDAN_12,Spectra_1,1649,2966,881,18,12,0.4849443805140008,0.054333367781325755
cd8_BL,2.0,SDAN_12,Spectra_2,1649,2966,881,18,12,0.5476601457614116,0.022736793792198916
cd8_BL,2.0,SDAN_12,Spectra_3,1649,2966,881,18,12,0.8304564633678557,0.040160563789682094
cd8_BL,2.0,SDAN_12,Spectra_4,1649,2966,881,18,12,0.39461066359800534,0.013002506687200665
cd8_BL,2.0,SDAN_12,Spectra_5,1649,2966,881,18,12,0.32220943613348674,0.010001009466637976
cd8_BL,2.0,SDAN_12,Spectra_6,1649,2966,881,18,12,0.29909858074415036,0.009732488324888376
cd8_BL,2.0,SDAN_12,Spectra_7,1649,2966,881,18,12,0.44236670502493286,0.0124673140029491
cd8_BL,2.0,SDAN_12,Spectra_8,1649,2966,881,18,12,0.44773686229382437,0.012608596275991417
cd8_BL,2.0,SDAN_12,Spectra_9,1649,2966,881,18,12,0.32623705408515535,0.010089517993332913
cd8_BL,2.0,SDAN_12,Spectra_10,1649,2966,881,18,12,0.5628116609129267,0.03410358945775137
cd8_BL,2.0,SDAN_12,Spectra_11,1649,2966,881,18,12,0.3225930187955504,0.010086061152606464
cd8_BL,2.0,SDAN_12,Spectra_12,1649,2966,881,18,12,0.24328730341388566,0.0091092211512613
cd8_BL,2.0,SDAN_12,Spectra_13,1649,2966,881,18,12,0.33112773302646725,0.011442456448942474
cd8_BL,2.0,SDAN_12,Spectra_14,1649,2966,881,18,12,0.6253356348293058,0.03230960576980339
cd8_BL,2.0,SDAN_12,Spectra_15,1649,2966,881,18,12,0.29737245876486385,0.009854170833907347
cd8_BL,2.0,SDAN_12,Spectra_16,1649,2966,881,18,12,0.4074606827771384,0.011471027639507525
cd8_BL,2.0,SDAN_12,Spectra_17,1649,2966,881,18,12,0.4602032988108937,0.014924168742722118
cd8_BL,2.0,SDAN_12,Spectra_18,1649,2966,881,18,12,0.39556962025316456,0.011649388575819953
cd8_BL,2.0,SDAN_12,Spectra_19,1649,2966,881,18,12,0.4369006520905255,0.01223714593775696
cd8_BL,2.0,SDAN_12,Spectra_20,1649,2966,881,18,12,0.43172228615266595,0.012121885289018343
cd8_BL,2.0,SDAN_12,Spectra_21,1649,2966,881,18,12,0.3012082853855006,0.011090737372947041
cd8_BL,2.0,SDAN_12,Spectra_22,1649,2966,881,18,12,0.45128500191791326,0.013401392031341702
cd8_BL,2.0,SDAN_12,Spectra_23,1649,2966,881,18,12,0.751150747986191,0.048350016369812204
cd8_BL,2.0,SDAN_12,Spectra_24,1649,2966,881,18,12,0.2585347142309168,0.009282316809759385
cd8_BL,2.0,SDAN_12,Spectra_25,1649,2966,881,18,12,0.2624664365170694,0.009277281654887677
cd8_BL,2.0,SDAN_12,Spectra_26,1649,2966,881,18,12,0.34455312619869577,0.011311153962793178
cd8_BL,2.0,SDAN_12,Spectra_27,1649,2966,881,18,12,0.3717874952052167,0.010876716143986283
cd8_BL,2.0,SDAN_12,Spectra_28,1649,2966,881,18,12,0.41024165707710003,0.011773753616575188
cd8_BL,2.0,SDAN_12,Spectra_29,1649,2966,881,18,12,0.3429228998849252,0.01427721788367798
cd8_BL,2.0,SDAN_12,Spectra_30,1649,2966,881,18,12,0.2655350978135788,0.010250095090894461
cd8_BL,2.0,SDAN_12,Spectra_31,1649,2966,881,18,12,0.19879171461449943,0.008567845899712545
cd8_BL,2.0,SDAN_12,Spectra_32,1649,2966,881,18,12,0.40995397008055234,0.017286865809925653
cd8_BL,2.0,SDAN_12,Spectra_33,1649,2966,881,18,12,0.3453202915228232,0.011305898913355771
cd8_BL,2.0,SDAN_12,Spectra_34,1649,2966,881,18,12,0.23878020713463752,0.008930618652208231
cd8_BL,2.0,SDAN_12,Spectra_35,1649,2966,881,18,12,0.21653241273494436,0.008745050234278915
cd8_BL,2.0,SDAN_12,Spectra_36,1649,2966,881,18,12,0.24184886843114692,0.009003541745404658
cd8_BL,2.0,SDAN_12,Spectra_37,1649,2966,881,18,12,0.17817414652857688,0.008483433536801761
cd8_BL,2.0,SDAN_12,Spectra_38,1649,2966,881,18,12,0.6781741465285769,0.021869964219819498
cd8_BL,2.0,SDAN_12,Spectra_39,1649,2966,881,18,12,0.37015726889144607,0.012153161163914744
cd8_BL,2.0,SDAN_13,Spectra_0,1649,2966,881,17,4,0.47092360319270243,0.005859237768765128
cd8_BL,2.0,SDAN_13,Spectra_1,1649,2966,881,17,4,0.7300456100342075,0.01257692010548287
cd8_BL,2.0,SDAN_13,Spectra_2,1649,2966,881,17,4,0.5305017103762828,0.005739176492610243
cd8_BL,2.0,SDAN_13,Spectra_3,1649,2966,881,17,4,0.5074116305587228,0.0058568888490283496
cd8_BL,2.0,SDAN_13,Spectra_4,1649,2966,881,17,4,0.5601482326111744,0.008201310030438735
cd8_BL,2.0,SDAN_13,Spectra_5,1649,2966,881,17,4,0.1952679589509692,0.0033911814587928224
cd8_BL,2.0,SDAN_13,Spectra_6,1649,2966,881,17,4,0.5179589509692133,0.0055718936342222716
cd8_BL,2.0,SDAN_13,Spectra_7,1649,2966,881,17,4,0.48033067274800456,0.0051594750777950935
cd8_BL,2.0,SDAN_13,Spectra_8,1649,2966,881,17,4,0.6339794754846066,0.009296154824327751
cd8_BL,2.0,SDAN_13,Spectra_9,1649,2966,881,17,4,0.2460091220068415,0.0036021737128048873
cd8_BL,2.0,SDAN_13,Spectra_10,1649,2966,881,17,4,0.652508551881414,0.007757911566245786
cd8_BL,2.0,SDAN_13,Spectra_11,1649,2966,881,17,4,0.5396237172177879,0.009650841307513145
cd8_BL,2.0,SDAN_13,Spectra_12,1649,2966,881,17,4,0.4583808437856328,0.005225987200578614
cd8_BL,2.0,SDAN_13,Spectra_13,1649,2966,881,17,4,0.28791334093500565,0.0037728633309810225
cd8_BL,2.0,SDAN_13,Spectra_14,1649,2966,881,17,4,0.4541049030786773,0.004962173837557315
cd8_BL,2.0,SDAN_13,Spectra_15,1649,2966,881,17,4,0.5022805017103763,0.006699842642014356
cd8_BL,2.0,SDAN_13,Spectra_16,1649,2966,881,17,4,0.6593500570125428,0.007940337053155439
cd8_BL,2.0,SDAN_13,Spectra_17,1649,2966,881,17,4,0.4224629418472064,0.004728486261420799
cd8_BL,2.0,SDAN_13,Spectra_18,1649,2966,881,17,4,0.6639110604332954,0.008556396712307056
cd8_BL,2.0,SDAN_13,Spectra_19,1649,2966,881,17,4,0.20838084378563282,0.003486449909434221
cd8_BL,2.0,SDAN_13,Spectra_20,1649,2966,881,17,4,0.3560433295324972,0.004196853500094538
cd8_BL,2.0,SDAN_13,Spectra_21,1649,2966,881,17,4,0.6100342075256556,0.008967238563256196
cd8_BL,2.0,SDAN_13,Spectra_22,1649,2966,881,17,4,0.3526225769669327,0.004293681206020807
cd8_BL,2.0,SDAN_13,Spectra_23,1649,2966,881,17,4,0.5832383124287344,0.006592037178085579
cd8_BL,2.0,SDAN_13,Spectra_24,1649,2966,881,17,4,0.3634549600912201,0.004685320085521727
cd8_BL,2.0,SDAN_13,Spectra_25,1649,2966,881,17,4,0.3566134549600912,0.004211005581373509
cd8_BL,2.0,SDAN_13,Spectra_26,1649,2966,881,17,4,0.5809578107183581,0.006874704327972527
cd8_BL,2.0,SDAN_13,Spectra_27,1649,2966,881,17,4,0.8460661345496009,0.018398209549071617
cd8_BL,2.0,SDAN_13,Spectra_28,1649,2966,881,17,4,0.35689851767388825,0.004816976339963533
cd8_BL,2.0,SDAN_13,Spectra_29,1649,2966,881,17,4,0.7944697833523374,0.013216911397615879
cd8_BL,2.0,SDAN_13,Spectra_30,1649,2966,881,17,4,0.6952679589509692,0.008797398253919994
cd8_BL,2.0,SDAN_13,Spectra_31,1649,2966,881,17,4,0.3959521094640821,0.004486848246049925
cd8_BL,2.0,SDAN_13,Spectra_32,1649,2966,881,17,4,0.3905359179019384,0.004917963344354263
cd8_BL,2.0,SDAN_13,Spectra_33,1649,2966,881,17,4,0.5213797035347776,0.006145963771765015
cd8_BL,2.0,SDAN_13,Spectra_34,1649,2966,881,17,4,0.38740022805017105,0.004873319200941511
cd8_BL,2.0,SDAN_13,Spectra_35,1649,2966,881,17,4,0.3668757126567845,0.004307507358525076
cd8_BL,2.0,SDAN_13,Spectra_36,1649,2966,881,17,4,0.49942987457240595,0.005421840482826729
cd8_BL,2.0,SDAN_13,Spectra_37,1649,2966,881,17,4,0.7314709236031927,0.012531475052108719
cd8_BL,2.0,SDAN_13,Spectra_38,1649,2966,881,17,4,0.47291904218928166,0.005317430044329415
cd8_BL,2.0,SDAN_13,Spectra_39,1649,2966,881,17,4,0.5048460661345496,0.0066531245648244215
cd8_BL,2.0,SDAN_14,Spectra_0,1649,2966,881,17,10,0.4250287026406429,0.010243401551256314
cd8_BL,2.0,SDAN_14,Spectra_1,1649,2966,881,17,10,0.49862227324913894,0.011844304984425937
cd8_BL,2.0,SDAN_14,Spectra_2,1649,2966,881,17,10,0.4995407577497129,0.012920639531503582
cd8_BL,2.0,SDAN_14,Spectra_3,1649,2966,881,17,10,0.5243398392652124,0.01380279438048356
cd8_BL,2.0,SDAN_14,Spectra_4,1649,2966,881,17,10,0.5130884041331802,0.01588912710680438
cd8_BL,2.0,SDAN_14,Spectra_5,1649,2966,881,17,10,0.2923076923076923,0.008183639534632992
cd8_BL,2.0,SDAN_14,Spectra_6,1649,2966,881,17,10,0.4456946039035591,0.010909600121433187
cd8_BL,2.0,SDAN_14,Spectra_7,1649,2966,881,17,10,0.4918484500574053,0.011408161869590306
cd8_BL,2.0,SDAN_14,Spectra_8,1649,2966,881,17,10,0.47956371986222734,0.011277945747401052
cd8_BL,2.0,SDAN_14,Spectra_9,1649,2966,881,17,10,0.3502870264064294,0.008918219686336767
cd8_BL,2.0,SDAN_14,Spectra_10,1649,2966,881,17,10,0.4959816303099885,0.013264652813605393
cd8_BL,2.0,SDAN_14,Spectra_11,1649,2966,881,17,10,0.4233065442020666,0.010100704942554911
cd8_BL,2.0,SDAN_14,Spectra_12,1649,2966,881,17,10,0.39609644087256035,0.01032368946573918
cd8_BL,2.0,SDAN_14,Spectra_13,1649,2966,881,17,10,0.3704936854190586,0.0123996267579633
cd8_BL,2.0,SDAN_14,Spectra_14,1649,2966,881,17,10,0.5105625717566016,0.012811108005472287
cd8_BL,2.0,SDAN_14,Spectra_15,1649,2966,881,17,10,0.601377726750861,0.03843864292485913
cd8_BL,2.0,SDAN_14,Spectra_16,1649,2966,881,17,10,0.5373134328358209,0.015469128048758916
cd8_BL,2.0,SDAN_14,Spectra_17,1649,2966,881,17,10,0.5671641791044776,0.015638686579094327
cd8_BL,2.0,SDAN_14,Spectra_18,1649,2966,881,17,10,0.4210103329506315,0.0167275976113042
cd8_BL,2.0,SDAN_14,Spectra_19,1649,2966,881,17,10,0.5699196326061997,0.020497049116583073
cd8_BL,2.0,SDAN_14,Spectra_20,1649,2966,881,17,10,0.4933409873708381,0.012586050965425248
cd8_BL,2.0,SDAN_14,Spectra_21,1649,2966,881,17,10,0.34006888633754306,0.008856457776664323
cd8_BL,2.0,SDAN_14,Spectra_22,1649,2966,881,17,10,0.27841561423650973,0.008036882623855575
cd8_BL,2.0,SDAN_14,Spectra_23,1649,2966,881,17,10,0.6030998851894375,0.01846131411729838
cd8_BL,2.0,SDAN_14,Spectra_24,1649,2966,881,17,10,0.4791044776119403,0.11285442809145779
cd8_BL,2.0,SDAN_14,Spectra_25,1649,2966,881,17,10,0.3622273249138921,0.00910919648587775
cd8_BL,2.0,SDAN_14,Spectra_26,1649,2966,881,17,10,0.5833524684270953,0.029450768080380683
cd8_BL,2.0,SDAN_14,Spectra_27,1649,2966,881,17,10,0.5617680826636051,0.013940921040053159
cd8_BL,2.0,SDAN_14,Spectra_28,1649,2966,881,17,10,0.41825487944890927,0.010202142785696214
cd8_BL,2.0,SDAN_14,Spectra_29,1649,2966,881,17,10,0.5076923076923077,0.016833088603598695
cd8_BL,2.0,SDAN_14,Spectra_30,1649,2966,881,17,10,0.6184845005740528,0.017133845851250978
cd8_BL,2.0,SDAN_14,Spectra_31,1649,2966,881,17,10,0.4709529276693456,0.012626266195464923
cd8_BL,2.0,SDAN_14,Spectra_32,1649,2966,881,17,10,0.4865671641791045,0.011419833724244679
cd8_BL,2.0,SDAN_14,Spectra_33,1649,2966,881,17,10,0.5799081515499426,0.017689974251616523
cd8_BL,2.0,SDAN_14,Spectra_34,1649,2966,881,17,10,0.4881745120551091,0.011343474724771686
cd8_BL,2.0,SDAN_14,Spectra_35,1649,2966,881,17,10,0.5049368541905855,0.011658711671570975
cd8_BL,2.0,SDAN_14,Spectra_36,1649,2966,881,17,10,0.4590126291618829,0.01171302783889524
cd8_BL,2.0,SDAN_14,Spectra_37,1649,2966,881,17,10,0.6097588978185993,0.050186883412549795
cd8_BL,2.0,SDAN_14,Spectra_38,1649,2966,881,17,10,0.6826636050516647,0.027146818885148912
cd8_BL,2.0,SDAN_14,Spectra_39,1649,2966,881,17,10,0.5502870264064295,0.01876686760325819
cd8_BL,2.0,SDAN_15,Spectra_0,1649,2966,881,19,14,0.4981051244027022,0.022482990381593227
cd8_BL,2.0,SDAN_15,Spectra_1,1649,2966,881,19,14,0.5548690064260999,0.019084938858520445
cd8_BL,2.0,SDAN_15,Spectra_2,1649,2966,881,19,14,0.5852694018783984,0.020939635529693627
cd8_BL,2.0,SDAN_15,Spectra_3,1649,2966,881,19,14,0.7185697808535179,0.045109903347073155
cd8_BL,2.0,SDAN_15,Spectra_4,1649,2966,881,19,14,0.39767671774592184,0.013043997031955662
cd8_BL,2.0,SDAN_15,Spectra_5,1649,2966,881,19,14,0.4061624649859944,0.013313915527377158
cd8_BL,2.0,SDAN_15,Spectra_6,1649,2966,881,19,14,0.47882682484758604,0.015849563383058877
cd8_BL,2.0,SDAN_15,Spectra_7,1649,2966,881,19,14,0.3167737683308618,0.011460725576916771
cd8_BL,2.0,SDAN_15,Spectra_8,1649,2966,881,19,14,0.6766353600263635,0.091521581398263
cd8_BL,2.0,SDAN_15,Spectra_9,1649,2966,881,19,14,0.46885813148788924,0.014885694055224783
cd8_BL,2.0,SDAN_15,Spectra_10,1649,2966,881,19,14,0.6107266435986158,0.024356197908495407
cd8_BL,2.0,SDAN_15,Spectra_11,1649,2966,881,19,14,0.31578513758444554,0.011691238147588674
cd8_BL,2.0,SDAN_15,Spectra_12,1649,2966,881,19,14,0.49324435656615584,0.020550899093906935
cd8_BL,2.0,SDAN_15,Spectra_13,1649,2966,881,19,14,0.3679354094579008,0.01235070342387002
cd8_BL,2.0,SDAN_15,Spectra_14,1649,2966,881,19,14,0.6818256714450486,0.06320177294556312
cd8_BL,2.0,SDAN_15,Spectra_15,1649,2966,881,19,14,0.365793376173999,0.012395302871395732
cd8_BL,2.0,SDAN_15,Spectra_16,1649,2966,881,19,14,0.6077607513593672,0.03331609119254974
cd8_BL,2.0,SDAN_15,Spectra_17,1649,2966,881,19,14,0.5512440270225737,0.029620723376064494
cd8_BL,2.0,SDAN_15,Spectra_18,1649,2966,881,19,14,0.4663041687263141,0.018185920517626263
cd8_BL,2.0,SDAN_15,Spectra_19,1649,2966,881,19,14,0.4372219476025705,0.016328988303814202
cd8_BL,2.0,SDAN_15,Spectra_20,1649,2966,881,19,14,0.579090459713297,0.02187132476503733
cd8_BL,2.0,SDAN_15,Spectra_21,1649,2966,881,19,14,0.5090624485088153,0.01817886488205694
cd8_BL,2.0,SDAN_15,Spectra_22,1649,2966,881,19,14,0.3878727961772944,0.013151537192362273
cd8_BL,2.0,SDAN_15,Spectra_23,1649,2966,881,19,14,0.608090294941506,0.028356544942503073
cd8_BL,2.0,SDAN_15,Spectra_24,1649,2966,881,19,14,0.45320481133629925,0.015804270541670464
cd8_BL,2.0,SDAN_15,Spectra_25,1649,2966,881,19,14,0.405997693194925,0.013149848763985592
cd8_BL,2.0,SDAN_15,Spectra_26,1649,2966,881,19,14,0.5331191300049432,0.01901214394692889
cd8_BL,2.0,SDAN_15,Spectra_27,1649,2966,881,19,14,0.5275992750041193,0.019625081621140267
cd8_BL,2.0,SDAN_15,Spectra_28,1649,2966,881,19,14,0.5542923051573571,0.03093907733699786
cd8_BL,2.0,SDAN_15,Spectra_29,1649,2966,881,19,14,0.5287526775416049,0.023116087483534394
cd8_BL,2.0,SDAN_15,Spectra_30,1649,2966,881,19,14,0.3959466139396936,0.013144481605812419
cd8_BL,2.0,SDAN_15,Spectra_31,1649,2966,881,19,14,0.293458559894546,0.011116374853083514
cd8_BL,2.0,SDAN_15,Spectra_32,1649,2966,881,19,14,0.37114845938375346,0.013866248683101287
cd8_BL,2.0,SDAN_15,Spectra_33,1649,2966,881,19,14,0.3773274015488548,0.013088211406083638
cd8_BL,2.0,SDAN_15,Spectra_34,1649,2966,881,19,14,0.29502389190970507,0.01133204032199941
cd8_BL,2.0,SDAN_15,Spectra_35,1649,2966,881,19,14,0.3264129181084198,0.011652186775441211
cd8_BL,2.0,SDAN_15,Spectra_36,1649,2966,881,19,14,0.27006096556269565,0.010734218481865237
cd8_BL,2.0,SDAN_15,Spectra_37,1649,2966,881,19,14,0.46959960454770144,0.032332860213613444
cd8_BL,2.0,SDAN_15,Spectra_38,1649,2966,881,19,14,0.4796506838029329,0.025014182324520125
cd8_BL,2.0,SDAN_15,Spectra_39,1649,2966,881,19,14,0.5042840665678037,0.01725353598543975
cd8_BL,2.0,SDAN_16,Spectra_0,1649,2966,881,18,1,0.25568181818181823,0.001524390243902439
cd8_BL,2.0,SDAN_16,Spectra_1,1649,2966,881,18,1,0.6397727272727273,0.0031446540880503146
cd8_BL,2.0,SDAN_16,Spectra_2,1649,2966,881,18,1,0.7238636363636364,0.004098360655737705
cd8_BL,2.0,SDAN_16,Spectra_3,1649,2966,881,18,1,0.5011363636363637,0.0022727272727272726
cd8_BL,2.0,SDAN_16,Spectra_4,1649,2966,881,18,1,0.4829545454545454,0.0021929824561403508
cd8_BL,2.0,SDAN_16,Spectra_5,1649,2966,881,18,1,0.17045454545454541,0.0013679890560875513
cd8_BL,2.0,SDAN_16,Spectra_6,1649,2966,881,18,1,0.7431818181818182,0.004405286343612335
cd8_BL,2.0,SDAN_16,Spectra_7,1649,2966,881,18,1,0.6670454545454545,0.003401360544217687
cd8_BL,2.0,SDAN_16,Spectra_8,1649,2966,881,18,1,0.4761363636363637,0.0021645021645021645
cd8_BL,2.0,SDAN_16,Spectra_9,1649,2966,881,18,1,0.20454545454545459,0.0014265335235378032
cd8_BL,2.0,SDAN_16,Spectra_10,1649,2966,881,18,1,0.21477272727272723,0.001445086705202312
cd8_BL,2.0,SDAN_16,Spectra_11,1649,2966,881,18,1,0.1636363636363637,0.0013568521031207597
cd8_BL,2.0,SDAN_16,Spectra_12,1649,2966,881,18,1,0.16022727272727277,0.0013513513513513514
cd8_BL,2.0,SDAN_16,Spectra_13,1649,2966,881,18,1,0.27954545454545454,0.0015748031496062992
cd8_BL,2.0,SDAN_16,Spectra_14,1649,2966,881,18,1,0.7488636363636363,0.0045045045045045045
cd8_BL,2.0,SDAN_16,Spectra_15,1649,2966,881,18,1,0.4613636363636363,0.002105263157894737
cd8_BL,2.0,SDAN_16,Spectra_16,1649,2966,881,18,1,0.5647727272727272,0.0026041666666666665
cd8_BL,2.0,SDAN_16,Spectra_17,1649,2966,881,18,1,0.46931818181818186,0.002136752136752137
cd8_BL,2.0,SDAN_16,Spectra_18,1649,2966,881,18,1,0.6375,0.003125
cd8_BL,2.0,SDAN_16,Spectra_19,1649,2966,881,18,1,0.06818181818181823,0.001218026796589525
cd8_BL,2.0,SDAN_16,Spectra_20,1649,2966,881,18,1,0.17045454545454541,0.0013679890560875513
cd8_BL,2.0,SDAN_16,Spectra_21,1649,2966,881,18,1,0.5079545454545454,0.002304147465437788
cd8_BL,2.0,SDAN_16,Spectra_22,1649,2966,881,18,1,0.19886363636363635,0.00141643059490085
cd8_BL,2.0,SDAN_16,Spectra_23,1649,2966,881,18,1,0.7102272727272727,0.00390625
cd8_BL,2.0,SDAN_16,Spectra_24,1649,2966,881,18,1,0.6761363636363636,0.0034965034965034965
cd8_BL,2.0,SDAN_16,Spectra_25,1649,2966,881,18,1,0.4556818181818182,0.0020833333333333333
cd8_BL,2.0,SDAN_16,Spectra_26,1649,2966,881,18,1,0.4340909090909091,0.002004008016032064
cd8_BL,2.0,SDAN_16,Spectra_27,1649,2966,881,18,1,0.40795454545454546,0.0019157088122605363
cd8_BL,2.0,SDAN_16,Spectra_28,1649,2966,881,18,1,0.3977272727272727,0.0018832391713747645
cd8_BL,2.0,SDAN_16,Spectra_29,1649,2966,881,18,1,0.19999999999999996,0.0014184397163120568
cd8_BL,2.0,SDAN_16,Spectra_30,1649,2966,881,18,1,0.0636363636363636,0.0012121212121212121
cd8_BL,2.0,SDAN_16,Spectra_31,1649,2966,881,18,1,0.06818181818181823,0.001218026796589525
cd8_BL,2.0,SDAN_16,Spectra_32,1649,2966,881,18,1,0.03409090909090906,0.0011750881316098707
cd8_BL,2.0,SDAN_16,Spectra_33,1649,2966,881,18,1,0.5306818181818183,0.0024154589371980675
cd8_BL,2.0,SDAN_16,Spectra_34,1649,2966,881,18,1,0.02386363636363631,0.0011627906976744186
cd8_BL,2.0,SDAN_16,Spectra_35,1649,2966,881,18,1,0.05909090909090908,0.0012062726176115801
cd8_BL,2.0,SDAN_16,Spectra_36,1649,2966,881,18,1,0.19431818181818183,0.0014084507042253522
cd8_BL,2.0,SDAN_16,Spectra_37,1649,2966,881,18,1,0.7204545454545455,0.004048582995951417
cd8_BL,2.0,SDAN_16,Spectra_38,1649,2966,881,18,1,0.36477272727272725,0.0017857142857142857
cd8_BL,2.0,SDAN_16,Spectra_39,1649,2966,881,18,1,0.7920454545454545,0.005434782608695652
cd8_BL,2.0,SDAN_17,Spectra_0,1649,2966,881,17,6,0.4754285714285714,0.009675653322597722
cd8_BL,2.0,SDAN_17,Spectra_1,1649,2966,881,17,6,0.5293333333333333,0.009820557789188942
cd8_BL,2.0,SDAN_17,Spectra_2,1649,2966,881,17,6,0.3752380952380952,0.005938048428111025
cd8_BL,2.0,SDAN_17,Spectra_3,1649,2966,881,17,6,0.5375238095238095,0.008155521658197572
cd8_BL,2.0,SDAN_17,Spectra_4,1649,2966,881,17,6,0.5954285714285714,0.012560350400440592
cd8_BL,2.0,SDAN_17,Spectra_5,1649,2966,881,17,6,0.3478095238095238,0.005712663441491131
cd8_BL,2.0,SDAN_17,Spectra_6,1649,2966,881,17,6,0.6577142857142857,0.012348448790189152
cd8_BL,2.0,SDAN_17,Spectra_7,1649,2966,881,17,6,0.6078095238095238,0.009480108325715875
cd8_BL,2.0,SDAN_17,Spectra_8,1649,2966,881,17,6,0.576,0.011412781199818148
cd8_BL,2.0,SDAN_17,Spectra_9,1649,2966,881,17,6,0.33599999999999997,0.005598395505688721
cd8_BL,2.0,SDAN_17,Spectra_10,1649,2966,881,17,6,0.5337142857142857,0.009710493287893258
cd8_BL,2.0,SDAN_17,Spectra_11,1649,2966,881,17,6,0.47790476190476194,0.007474732422042507
cd8_BL,2.0,SDAN_17,Spectra_12,1649,2966,881,17,6,0.43428571428571433,0.0073965638836234054
cd8_BL,2.0,SDAN_17,Spectra_13,1649,2966,881,17,6,0.6171428571428571,0.01076160146859656
cd8_BL,2.0,SDAN_17,Spectra_14,1649,2966,881,17,6,0.6396190476190475,0.010504914389468108
cd8_BL,2.0,SDAN_17,Spectra_15,1649,2966,881,17,6,0.6243809523809524,0.010190706984504305
cd8_BL,2.0,SDAN_17,Spectra_16,1649,2966,881,17,6,0.6838095238095239,0.012255103116602533
cd8_BL,2.0,SDAN_17,Spectra_17,1649,2966,881,17,6,0.328952380952381,0.0056082495802301634
cd8_BL,2.0,SDAN_17,Spectra_18,1649,2966,881,17,6,0.42114285714285715,0.0064569600329392835
cd8_BL,2.0,SDAN_17,Spectra_19,1649,2966,881,17,6,0.20895238095238092,0.004724610341806409
cd8_BL,2.0,SDAN_17,Spectra_20,1649,2966,881,17,6,0.4401904761904762,0.006627811530282933
cd8_BL,2.0,SDAN_17,Spectra_21,1649,2966,881,17,6,0.591047619047619,0.00909653304973125
cd8_BL,2.0,SDAN_17,Spectra_22,1649,2966,881,17,6,0.36095238095238097,0.005829471253090102
cd8_BL,2.0,SDAN_17,Spectra_23,1649,2966,881,17,6,0.7586666666666667,0.016002235324827953
cd8_BL,2.0,SDAN_17,Spectra_24,1649,2966,881,17,6,0.5704761904761905,0.009619670034421036
cd8_BL,2.0,SDAN_17,Spectra_25,1649,2966,881,17,6,0.4152380952380952,0.006453863721598214
cd8_BL,2.0,SDAN_17,Spectra_26,1649,2966,881,17,6,0.668952380952381,0.013829531189739149
cd8_BL,2.0,SDAN_17,Spectra_27,1649,2966,881,17,6,0.49104761904761907,0.008021237240482097
cd8_BL,2.0,SDAN_17,Spectra_28,1649,2966,881,17,6,0.3689523809523809,0.006205316877383018
cd8_BL,2.0,SDAN_17,Spectra_29,1649,2966,881,17,6,0.6121904761904762,0.018850467322477735
cd8_BL,2.0,SDAN_17,Spectra_30,1649,2966,881,17,6,0.5883809523809524,0.010033716122637294
cd8_BL,2.0,SDAN_17,Spectra_31,1649,2966,881,17,6,0.5598095238095238,0.008641761230259424
cd8_BL,2.0,SDAN_17,Spectra_32,1649,2966,881,17,6,0.35409523809523813,0.005752519127661101
cd8_BL,2.0,SDAN_17,Spectra_33,1649,2966,881,17,6,0.43733333333333335,0.00802985246470134
cd8_BL,2.0,SDAN_17,Spectra_34,1649,2966,881,17,6,0.4161904761904762,0.006616169320743572
cd8_BL,2.0,SDAN_17,Spectra_35,1649,2966,881,17,6,0.3384761904761905,0.0056587282131367374
cd8_BL,2.0,SDAN_17,Spectra_36,1649,2966,881,17,6,0.44971428571428573,0.00675229217992136
cd8_BL,2.0,SDAN_17,Spectra_37,1649,2966,881,17,6,0.796,0.023555911763803616
cd8_BL,2.0,SDAN_17,Spectra_38,1649,2966,881,17,6,0.48647619047619045,0.0074682989578182726
cd8_BL,2.0,SDAN_17,Spectra_39,1649,2966,881,17,6,0.5735238095238095,0.009283356542171734
cd8_BL,2.0,SDAN_18,Spectra_0,1649,2966,881,18,12,0.17031070195627157,0.00837213172194843
cd8_BL,2.0,SDAN_18,Spectra_1,1649,2966,881,18,12,0.344265439202148,0.010695589662405735
cd8_BL,2.0,SDAN_18,Spectra_2,1649,2966,881,18,12,0.24808208668968162,0.009225406206987512
cd8_BL,2.0,SDAN_18,Spectra_3,1649,2966,881,18,12,0.32681242807825084,0.010186125731825204
cd8_BL,2.0,SDAN_18,Spectra_4,1649,2966,881,18,12,0.34282700421940926,0.010692404763439155
cd8_BL,2.0,SDAN_18,Spectra_5,1649,2966,881,18,12,0.19994246260069046,0.008571402617289371
cd8_BL,2.0,SDAN_18,Spectra_6,1649,2966,881,18,12,0.4208860759493671,0.011748850546913082
cd8_BL,2.0,SDAN_18,Spectra_7,1649,2966,881,18,12,0.38176064441887225,0.011073104597658447
cd8_BL,2.0,SDAN_18,Spectra_8,1649,2966,881,18,12,0.1744342155734561,0.008358002160203805
cd8_BL,2.0,SDAN_18,Spectra_9,1649,2966,881,18,12,0.14796701189106254,0.008237200329112463
cd8_BL,2.0,SDAN_18,Spectra_10,1649,2966,881,18,12,0.5450709627924818,0.015744551606575327
cd8_BL,2.0,SDAN_18,Spectra_11,1649,2966,881,18,12,0.2243958573072497,0.010434097240756657
cd8_BL,2.0,SDAN_18,Spectra_12,1649,2966,881,18,12,0.2305331799002685,0.009207851623414955
cd8_BL,2.0,SDAN_18,Spectra_13,1649,2966,881,18,12,0.23993095512082852,0.00915321978877986
cd8_BL,2.0,SDAN_18,Spectra_14,1649,2966,881,18,12,0.3748561565017261,0.012419804457002057
cd8_BL,2.0,SDAN_18,Spectra_15,1649,2966,881,18,12,0.552934407364787,0.019356961253356536
cd8_BL,2.0,SDAN_18,Spectra_16,1649,2966,881,18,12,0.5386459532029153,0.018680528191382384
cd8_BL,2.0,SDAN_18,Spectra_17,1649,2966,881,18,12,0.2616992711929421,0.009502933642953789
cd8_BL,2.0,SDAN_18,Spectra_18,1649,2966,881,18,12,0.5038358266206366,0.015160988709232092
cd8_BL,2.0,SDAN_18,Spectra_19,1649,2966,881,18,12,0.20502493287303414,0.008914856373274022
cd8_BL,2.0,SDAN_18,Spectra_20,1649,2966,881,18,12,0.2840429612581511,0.009503663192925558
cd8_BL,2.0,SDAN_18,Spectra_21,1649,2966,881,18,12,0.49223245109321057,0.01663052838986672
cd8_BL,2.0,SDAN_18,Spectra_22,1649,2966,881,18,12,0.27387802071346373,0.009385379324354076
cd8_BL,2.0,SDAN_18,Spectra_23,1649,2966,881,18,12,0.614403528960491,0.018272165459897002
cd8_BL,2.0,SDAN_18,Spectra_24,1649,2966,881,18,12,0.39202148062907555,0.011459773476279904
cd8_BL,2.0,SDAN_18,Spectra_25,1649,2966,881,18,12,0.34570387418488685,0.01045857282996981
cd8_BL,2.0,SDAN_18,Spectra_26,1649,2966,881,18,12,0.5804564633678557,0.021088441183308153
cd8_BL,2.0,SDAN_18,Spectra_27,1649,2966,881,18,12,0.4744917529727656,0.013861850831876379
cd8_BL,2.0,SDAN_18,Spectra_28,1649,2966,881,18,12,0.2726313770617568,0.010059184172801619
cd8_BL,2.0,SDAN_18,Spectra_29,1649,2966,881,18,12,0.42251630226313774,0.013310575191666974
cd8_BL,2.0,SDAN_18,Spectra_30,1649,2966,881,18,12,0.39374760260836206,0.011488435035777587
cd8_BL,2.0,SDAN_18,Spectra_31,1649,2966,881,18,12,0.3691983122362869,0.012887764600159762
cd8_BL,2.0,SDAN_18,Spectra_32,1649,2966,881,18,12,0.4455312619869582,0.014442405971525827
cd8_BL,2.0,SDAN_18,Spectra_33,1649,2966,881,18,12,0.4849443805140008,0.014498572015029966
cd8_BL,2.0,SDAN_18,Spectra_34,1649,2966,881,18,12,0.22708093594169543,0.00889847949776793
cd8_BL,2.0,SDAN_18,Spectra_35,1649,2966,881,18,12,0.2950709627924818,0.009681505829047336
cd8_BL,2.0,SDAN_18,Spectra_36,1649,2966,881,18,12,0.4642309167625623,0.013647590983145554
cd8_BL,2.0,SDAN_18,Spectra_37,1649,2966,881,18,12,0.5840046029919448,0.03474616155641558
cd8_BL,2.0,SDAN_18,Spectra_38,1649,2966,881,18,12,0.41417337936325277,0.012023180442895501
cd8_BL,2.0,SDAN_18,Spectra_39,1649,2966,881,18,12,0.4713271960107403,0.041916149718602955
cd8_BL,2.0,SDAN_19,Spectra_0,1649,2966,881,19,11,0.5419017763845351,0.021300402654726193
cd8_BL,2.0,SDAN_19,Spectra_1,1649,2966,881,19,11,0.5754440961337514,0.017087576312594745
cd8_BL,2.0,SDAN_19,Spectra_2,1649,2966,881,19,11,0.5277951933124346,0.014401711336148884
cd8_BL,2.0,SDAN_19,Spectra_3,1649,2966,881,19,11,0.5341692789968652,0.014057092809008558
cd8_BL,2.0,SDAN_19,Spectra_4,1649,2966,881,19,11,0.7094043887147335,0.02454758381131035
cd8_BL,2.0,SDAN_19,Spectra_5,1649,2966,881,19,11,0.4128526645768025,0.011028563838365965
cd8_BL,2.0,SDAN_19,Spectra_6,1649,2966,881,19,11,0.5117032392894462,0.013695811413797773
cd8_BL,2.0,SDAN_19,Spectra_7,1649,2966,881,19,11,0.5336468129571578,0.013680869376280764
cd8_BL,2.0,SDAN_19,Spectra_8,1649,2966,881,19,11,0.5204806687565309,0.013609928640116356
cd8_BL,2.0,SDAN_19,Spectra_9,1649,2966,881,19,11,0.38317659352142114,0.010227718899614716
cd8_BL,2.0,SDAN_19,Spectra_10,1649,2966,881,19,11,0.5513061650992684,0.015506481367447752
cd8_BL,2.0,SDAN_19,Spectra_11,1649,2966,881,19,11,0.46739811912225704,0.012229844487604506
cd8_BL,2.0,SDAN_19,Spectra_12,1649,2966,881,19,11,0.4786833855799373,0.01214238715173526
cd8_BL,2.0,SDAN_19,Spectra_13,1649,2966,881,19,11,0.5623824451410658,0.017185875727074064
cd8_BL,2.0,SDAN_19,Spectra_14,1649,2966,881,19,11,0.5952978056426332,0.019128244591240625
cd8_BL,2.0,SDAN_19,Spectra_15,1649,2966,881,19,11,0.5402298850574713,0.013785487087411605
cd8_BL,2.0,SDAN_19,Spectra_16,1649,2966,881,19,11,0.6163009404388715,0.019393935982851954
cd8_BL,2.0,SDAN_19,Spectra_17,1649,2966,881,19,11,0.4836990595611285,0.012437108491233351
cd8_BL,2.0,SDAN_19,Spectra_18,1649,2966,881,19,11,0.51619644723093,0.013351579409981617
cd8_BL,2.0,SDAN_19,Spectra_19,1649,2966,881,19,11,0.4983281086729362,0.013190656260536705
cd8_BL,2.0,SDAN_19,Spectra_20,1649,2966,881,19,11,0.5520376175548589,0.02393765040435764
cd8_BL,2.0,SDAN_19,Spectra_21,1649,2966,881,19,11,0.5993730407523511,0.016703829449312202
cd8_BL,2.0,SDAN_19,Spectra_22,1649,2966,881,19,11,0.4435736677115987,0.011395326422955682
cd8_BL,2.0,SDAN_19,Spectra_23,1649,2966,881,19,11,0.5145245559038663,0.013260930442496951
cd8_BL,2.0,SDAN_19,Spectra_24,1649,2966,881,19,11,0.5345872518286312,0.014290863572129636
cd8_BL,2.0,SDAN_19,Spectra_25,1649,2966,881,19,11,0.4378265412748171,0.011308402862174901
cd8_BL,2.0,SDAN_19,Spectra_26,1649,2966,881,19,11,0.6244514106583072,0.017117868820721978
cd8_BL,2.0,SDAN_19,Spectra_27,1649,2966,881,19,11,0.49414838035527686,0.012691887264405469
cd8_BL,2.0,SDAN_19,Spectra_28,1649,2966,881,19,11,0.5998955067920585,0.017916279387818167
cd8_BL,2.0,SDAN_19,Spectra_29,1649,2966,881,19,11,0.692894461859979,0.025354264904982295
cd8_BL,2.0,SDAN_19,Spectra_30,1649,2966,881,19,11,0.6153605015673981,0.016807670734488106
cd8_BL,2.0,SDAN_19,Spectra_31,1649,2966,881,19,11,0.32967607105538144,0.010304091480777499
cd8_BL,2.0,SDAN_19,Spectra_32,1649,2966,881,19,11,0.33699059561128525,0.00949387339403284
cd8_BL,2.0,SDAN_19,Spectra_33,1649,2966,881,19,11,0.5248693834900731,0.014198155501278962
cd8_BL,2.0,SDAN_19,Spectra_34,1649,2966,881,19,11,0.4217345872518286,0.011176475936995186
cd8_BL,2.0,SDAN_19,Spectra_35,1649,2966,881,19,11,0.34775339602925814,0.009691303385015115
cd8_BL,2.0,SDAN_19,Spectra_36,1649,2966,881,19,11,0.47262277951933124,0.01247958514891051
cd8_BL,2.0,SDAN_19,Spectra_37,1649,2966,881,19,11,0.47408568443051197,0.02022333411713932
cd8_BL,2.0,SDAN_19,Spectra_38,1649,2966,881,19,11,0.4916405433646812,0.012740810506585789
cd8_BL,2.0,SDAN_19,Spectra_39,1649,2966,881,19,11,0.5669801462904911,0.016327535734122295
cd8_BL,2.0,SDAN_20,Spectra_0,1649,2966,881,19,7,0.4334749918273946,0.007912312979008847
cd8_BL,2.0,SDAN_20,Spectra_1,1649,2966,881,19,7,0.6583850931677018,0.058950125597162485
cd8_BL,2.0,SDAN_20,Spectra_2,1649,2966,881,19,7,0.6739130434782608,0.016427522540267105
cd8_BL,2.0,SDAN_20,Spectra_3,1649,2966,881,19,7,0.536776724419745,0.024020287296861495
cd8_BL,2.0,SDAN_20,Spectra_4,1649,2966,881,19,7,0.5488721804511278,0.012861111469381
cd8_BL,2.0,SDAN_20,Spectra_5,1649,2966,881,19,7,0.3360575351422033,0.006462850598840242
cd8_BL,2.0,SDAN_20,Spectra_6,1649,2966,881,19,7,0.2553121935272965,0.005708212859216832
cd8_BL,2.0,SDAN_20,Spectra_7,1649,2966,881,19,7,0.5511605099705786,0.009897799144243453
cd8_BL,2.0,SDAN_20,Spectra_8,1649,2966,881,19,7,0.5227198430859759,0.025958795887688742
cd8_BL,2.0,SDAN_20,Spectra_9,1649,2966,881,19,7,0.39620791108205294,0.00725551879249752
cd8_BL,2.0,SDAN_20,Spectra_10,1649,2966,881,19,7,0.3872180451127819,0.0077263574798220325
cd8_BL,2.0,SDAN_20,Spectra_11,1649,2966,881,19,7,0.6711343576332134,0.015868529661223887
cd8_BL,2.0,SDAN_20,Spectra_12,1649,2966,881,19,7,0.32559660019614256,0.00628770594022213
cd8_BL,2.0,SDAN_20,Spectra_13,1649,2966,881,19,7,0.5060477280156914,0.010552707346113525
cd8_BL,2.0,SDAN_20,Spectra_14,1649,2966,881,19,7,0.7209872507355345,0.020066503568186435
cd8_BL,2.0,SDAN_20,Spectra_15,1649,2966,881,19,7,0.456685191238967,0.01305611204345045
cd8_BL,2.0,SDAN_20,Spectra_16,1649,2966,881,19,7,0.3481529911735861,0.006622191437891037
cd8_BL,2.0,SDAN_20,Spectra_17,1649,2966,881,19,7,0.4529257927427264,0.00851310618778099
cd8_BL,2.0,SDAN_20,Spectra_18,1649,2966,881,19,7,0.7124877410918601,0.01992638069781151
cd8_BL,2.0,SDAN_20,Spectra_19,1649,2966,881,19,7,0.3144818568159529,0.0062234298518571
cd8_BL,2.0,SDAN_20,Spectra_20,1649,2966,881,19,7,0.3826413860738803,0.010125577700215379
cd8_BL,2.0,SDAN_20,Spectra_21,1649,2966,881,19,7,0.37561294540699575,0.007193925375399952
cd8_BL,2.0,SDAN_20,Spectra_22,1649,2966,881,19,7,0.3340961098398169,0.006865713196687309
cd8_BL,2.0,SDAN_20,Spectra_23,1649,2966,881,19,7,0.6881333769205622,0.02383254299213002
cd8_BL,2.0,SDAN_20,Spectra_24,1649,2966,881,19,7,0.3092513893429225,0.006166420541817245
cd8_BL,2.0,SDAN_20,Spectra_25,1649,2966,881,19,7,0.27819548872180444,0.006017334269308027
cd8_BL,2.0,SDAN_20,Spectra_26,1649,2966,881,19,7,0.3010787839163125,0.006057094684100891
cd8_BL,2.0,SDAN_20,Spectra_27,1649,2966,881,19,7,0.36923831317423994,0.00674689744134958
cd8_BL,2.0,SDAN_20,Spectra_28,1649,2966,881,19,7,0.3005884275907159,0.01144594284504128
cd8_BL,2.0,SDAN_20,Spectra_29,1649,2966,881,19,7,0.3336057535142203,0.006341119966080038
cd8_BL,2.0,SDAN_20,Spectra_30,1649,2966,881,19,7,0.1284733573063092,0.004947445789068702
cd8_BL,2.0,SDAN_20,Spectra_31,1649,2966,881,19,7,0.2487741091860085,0.006729960530580547
cd8_BL,2.0,SDAN_20,Spectra_32,1649,2966,881,19,7,0.2312847335730631,0.009100765837080294
cd8_BL,2.0,SDAN_20,Spectra_33,1649,2966,881,19,7,0.5845047401111474,0.01601740933020222
cd8_BL,2.0,SDAN_20,Spectra_34,1649,2966,881,19,7,0.15021248774109186,0.005036499110671857
cd8_BL,2.0,SDAN_20,Spectra_35,1649,2966,881,19,7,0.1659038901601831,0.005104304056414806
cd8_BL,2.0,SDAN_20,Spectra_36,1649,2966,881,19,7,0.38443935926773454,0.007266707688024296
cd8_BL,2.0,SDAN_20,Spectra_37,1649,2966,881,19,7,0.5491990846681922,0.024540203844660127
cd8_BL,2.0,SDAN_20,Spectra_38,1649,2966,881,19,7,0.5467473030402092,0.017274899112694735
cd8_BL,2.0,SDAN_20,Spectra_39,1649,2966,881,19,7,0.5696305982347173,0.010310202513032371
cd8_BL,2.0,SDAN_21,Spectra_0,1649,2966,881,18,9,0.4248216106014271,0.00933129969934329
cd8_BL,2.0,SDAN_21,Spectra_1,1649,2966,881,18,9,0.6239806320081549,0.032144909428191364
cd8_BL,2.0,SDAN_21,Spectra_2,1649,2966,881,18,9,0.46343017329255853,0.031084633280750368
cd8_BL,2.0,SDAN_21,Spectra_3,1649,2966,881,18,9,0.39908256880733944,0.008855114902806748
cd8_BL,2.0,SDAN_21,Spectra_4,1649,2966,881,18,9,0.44877675840978587,0.010948742901756167
cd8_BL,2.0,SDAN_21,Spectra_5,1649,2966,881,18,9,0.31294597349643216,0.007679605665480931
cd8_BL,2.0,SDAN_21,Spectra_6,1649,2966,881,18,9,0.4613914373088685,0.009786901399887131
cd8_BL,2.0,SDAN_21,Spectra_7,1649,2966,881,18,9,0.47642711518858305,0.010475416573829662
cd8_BL,2.0,SDAN_21,Spectra_8,1649,2966,881,18,9,0.4726044852191641,0.010278064347273509
cd8_BL,2.0,SDAN_21,Spectra_9,1649,2966,881,18,9,0.34021406727828746,0.007941840207181982
cd8_BL,2.0,SDAN_21,Spectra_10,1649,2966,881,18,9,0.4669979612640163,0.012282360739031162
cd8_BL,2.0,SDAN_21,Spectra_11,1649,2966,881,18,9,0.5215341488277268,0.012077037864323016
cd8_BL,2.0,SDAN_21,Spectra_12,1649,2966,881,18,9,0.39462283384301733,0.0088533528004338
cd8_BL,2.0,SDAN_21,Spectra_13,1649,2966,881,18,9,0.3853211009174312,0.008572019467756042
cd8_BL,2.0,SDAN_21,Spectra_14,1649,2966,881,18,9,0.6618246687054027,0.019242258030235673
cd8_BL,2.0,SDAN_21,Spectra_15,1649,2966,881,18,9,0.7892456676860347,0.07140044326491636
cd8_BL,2.0,SDAN_21,Spectra_16,1649,2966,881,18,9,0.5093017329255861,0.03842840756117927
cd8_BL,2.0,SDAN_21,Spectra_17,1649,2966,881,18,9,0.5319826707441386,0.01303056228436894
cd8_BL,2.0,SDAN_21,Spectra_18,1649,2966,881,18,9,0.5421763506625892,0.0138075779487047
cd8_BL,2.0,SDAN_21,Spectra_19,1649,2966,881,18,9,0.28797145769622834,0.007385531592952195
cd8_BL,2.0,SDAN_21,Spectra_20,1649,2966,881,18,9,0.29931192660550454,0.007487692809389212
cd8_BL,2.0,SDAN_21,Spectra_21,1649,2966,881,18,9,0.3339704383282365,0.007967017607201093
cd8_BL,2.0,SDAN_21,Spectra_22,1649,2966,881,18,9,0.32313965341488277,0.007819912280326857
cd8_BL,2.0,SDAN_21,Spectra_23,1649,2966,881,18,9,0.6651376146788991,0.017465847125464666
cd8_BL,2.0,SDAN_21,Spectra_24,1649,2966,881,18,9,0.35168195718654427,0.008295384479710333
cd8_BL,2.0,SDAN_21,Spectra_25,1649,2966,881,18,9,0.26299694189602446,0.007221232254838726
cd8_BL,2.0,SDAN_21,Spectra_26,1649,2966,881,18,9,0.4574413863404689,0.010183636307581866
cd8_BL,2.0,SDAN_21,Spectra_27,1649,2966,881,18,9,0.4230377166156983,0.009836416363187786
cd8_BL,2.0,SDAN_21,Spectra_28,1649,2966,881,18,9,0.40978593272171254,0.009204165176440435
cd8_BL,2.0,SDAN_21,Spectra_29,1649,2966,881,18,9,0.3584352701325178,0.009150629936383662
cd8_BL,2.0,SDAN_21,Spectra_30,1649,2966,881,18,9,0.4480122324159021,0.009561636634898398
cd8_BL,2.0,SDAN_21,Spectra_31,1649,2966,881,18,9,0.3814984709480122,0.008557610169866194
cd8_BL,2.0,SDAN_21,Spectra_32,1649,2966,881,18,9,0.41462793068297654,0.015060638702434802
cd8_BL,2.0,SDAN_21,Spectra_33,1649,2966,881,18,9,0.48840468909276247,0.010257749288470303
cd8_BL,2.0,SDAN_21,Spectra_34,1649,2966,881,18,9,0.3077217125382263,0.007719992143071492
cd8_BL,2.0,SDAN_21,Spectra_35,1649,2966,881,18,9,0.3676095820591233,0.008283488450879862
cd8_BL,2.0,SDAN_21,Spectra_36,1649,2966,881,18,9,0.4499235474006116,0.012009797469233034
cd8_BL,2.0,SDAN_21,Spectra_37,1649,2966,881,18,9,0.5632008154943935,0.018037258944912364
cd8_BL,2.0,SDAN_21,Spectra_38,1649,2966,881,18,9,0.7011977573904179,0.03630328716644015
cd8_BL,2.0,SDAN_21,Spectra_39,1649,2966,881,18,9,0.547782874617737,0.012356828033710354
cd8_BL,2.0,SDAN_22,Spectra_0,1649,2966,881,19,11,0.7248693834900731,0.03254557855509577
cd8_BL,2.0,SDAN_22,Spectra_1,1649,2966,881,19,11,0.6654127481713689,0.023001406097883446
cd8_BL,2.0,SDAN_22,Spectra_2,1649,2966,881,19,11,0.6438871473354232,0.020284519359450946
cd8_BL,2.0,SDAN_22,Spectra_3,1649,2966,881,19,11,0.6952978056426332,0.026133428350725307
cd8_BL,2.0,SDAN_22,Spectra_4,1649,2966,881,19,11,0.6453500522466039,0.029810235055114067
cd8_BL,2.0,SDAN_22,Spectra_5,1649,2966,881,19,11,0.4659352142110763,0.011735049268749255
cd8_BL,2.0,SDAN_22,Spectra_6,1649,2966,881,19,11,0.41400208986415876,0.010975575583840004
cd8_BL,2.0,SDAN_22,Spectra_7,1649,2966,881,19,11,0.5533960292580983,0.016877266831900495
cd8_BL,2.0,SDAN_22,Spectra_8,1649,2966,881,19,11,0.6385579937304076,0.02047264712914521
cd8_BL,2.0,SDAN_22,Spectra_9,1649,2966,881,19,11,0.5274817136886103,0.013321626302570435
cd8_BL,2.0,SDAN_22,Spectra_10,1649,2966,881,19,11,0.6938349007314524,0.029739434208874406
cd8_BL,2.0,SDAN_22,Spectra_11,1649,2966,881,19,11,0.49728317659352145,0.012634236029340225
cd8_BL,2.0,SDAN_22,Spectra_12,1649,2966,881,19,11,0.5321839080459769,0.01515489770203783
cd8_BL,2.0,SDAN_22,Spectra_13,1649,2966,881,19,11,0.5734587251828631,0.015582928080951308
cd8_BL,2.0,SDAN_22,Spectra_14,1649,2966,881,19,11,0.7614420062695925,0.032893934008074034
cd8_BL,2.0,SDAN_22,Spectra_15,1649,2966,881,19,11,0.5281086729362592,0.01891905224071506
cd8_BL,2.0,SDAN_22,Spectra_16,1649,2966,881,19,11,0.5268547544409614,0.01359044151831322
cd8_BL,2.0,SDAN_22,Spectra_17,1649,2966,881,19,11,0.7334378265412749,0.024799881358134525
cd8_BL,2.0,SDAN_22,Spectra_18,1649,2966,881,19,11,0.51337513061651,0.013522372469452197
cd8_BL,2.0,SDAN_22,Spectra_19,1649,2966,881,19,11,0.6318704284221526,0.01983622370362725
cd8_BL,2.0,SDAN_22,Spectra_20,1649,2966,881,19,11,0.5229885057471264,0.016481071981311407
cd8_BL,2.0,SDAN_22,Spectra_21,1649,2966,881,19,11,0.4479623824451411,0.012775355475576322
cd8_BL,2.0,SDAN_22,Spectra_22,1649,2966,881,19,11,0.4304075235109718,0.011546941146136913
cd8_BL,2.0,SDAN_22,Spectra_23,1649,2966,881,19,11,0.6857889237199581,0.02198348300412803
cd8_BL,2.0,SDAN_22,Spectra_24,1649,2966,881,19,11,0.48505747126436777,0.013151543794451243
cd8_BL,2.0,SDAN_22,Spectra_25,1649,2966,881,19,11,0.3957157784743992,0.010579087311426497
cd8_BL,2.0,SDAN_22,Spectra_26,1649,2966,881,19,11,0.5131661442006269,0.02033752510782584
cd8_BL,2.0,SDAN_22,Spectra_27,1649,2966,881,19,11,0.441692789968652,0.011724297452630253
cd8_BL,2.0,SDAN_22,Spectra_28,1649,2966,881,19,11,0.6370950888192267,0.03343557125642675
cd8_BL,2.0,SDAN_22,Spectra_29,1649,2966,881,19,11,0.5699059561128527,0.01736111673974841
cd8_BL,2.0,SDAN_22,Spectra_30,1649,2966,881,19,11,0.4215256008359457,0.011037977135029905
cd8_BL,2.0,SDAN_22,Spectra_31,1649,2966,881,19,11,0.547544409613375,0.014546134371290875
cd8_BL,2.0,SDAN_22,Spectra_32,1649,2966,881,19,11,0.4808777429467085,0.01436875735515406
cd8_BL,2.0,SDAN_22,Spectra_33,1649,2966,881,19,11,0.6253918495297806,0.01806896437948826
cd8_BL,2.0,SDAN_22,Spectra_34,1649,2966,881,19,11,0.49007314524555906,0.012456362690965322
cd8_BL,2.0,SDAN_22,Spectra_35,1649,2966,881,19,11,0.3941483803552769,0.010735442318857973
cd8_BL,2.0,SDAN_22,Spectra_36,1649,2966,881,19,11,0.45329153605015676,0.01202439312464738
cd8_BL,2.0,SDAN_22,Spectra_37,1649,2966,881,19,11,0.5778474399164054,0.0187721300494803
cd8_BL,2.0,SDAN_22,Spectra_38,1649,2966,881,19,11,0.7132706374085684,0.0243997212104279
cd8_BL,2.0,SDAN_22,Spectra_39,1649,2966,881,19,11,0.6360501567398118,0.027554787901826486
cd8_BL,2.0,SDAN_23,Spectra_0,1649,2966,881,18,10,0.43375430539609644,0.01025832845725501
cd8_BL,2.0,SDAN_23,Spectra_1,1649,2966,881,18,10,0.5678530424799082,0.014645885740695013
cd8_BL,2.0,SDAN_23,Spectra_2,1649,2966,881,18,10,0.5044776119402985,0.012289389143495148
cd8_BL,2.0,SDAN_23,Spectra_3,1649,2966,881,18,10,0.5600459242250287,0.018861835795285612
cd8_BL,2.0,SDAN_23,Spectra_4,1649,2966,881,18,10,0.4149253731343283,0.010466351271161441
cd8_BL,2.0,SDAN_23,Spectra_5,1649,2966,881,18,10,0.3409873708381171,0.008768812790673462
cd8_BL,2.0,SDAN_23,Spectra_6,1649,2966,881,18,10,0.33168771526980484,0.008693395375086763
cd8_BL,2.0,SDAN_23,Spectra_7,1649,2966,881,18,10,0.42456946039035587,0.01013263499020622
cd8_BL,2.0,SDAN_23,Spectra_8,1649,2966,881,18,10,0.3704936854190586,0.009165481298477045
cd8_BL,2.0,SDAN_23,Spectra_9,1649,2966,881,18,10,0.4544202066590126,0.011049715126623963
cd8_BL,2.0,SDAN_23,Spectra_10,1649,2966,881,18,10,0.3788748564867968,0.00946811758746377
cd8_BL,2.0,SDAN_23,Spectra_11,1649,2966,881,18,10,0.5456946039035591,0.11355933206287354
cd8_BL,2.0,SDAN_23,Spectra_12,1649,2966,881,18,10,0.33260619977037886,0.008660659644743217
cd8_BL,2.0,SDAN_23,Spectra_13,1649,2966,881,18,10,0.3747416762342135,0.009308594326916789
cd8_BL,2.0,SDAN_23,Spectra_14,1649,2966,881,18,10,0.6456946039035592,0.020945904476886823
cd8_BL,2.0,SDAN_23,Spectra_15,1649,2966,881,18,10,0.39919632606199773,0.012218113780391383
cd8_BL,2.0,SDAN_23,Spectra_16,1649,2966,881,18,10,0.4,0.009620103523945484
cd8_BL,2.0,SDAN_23,Spectra_17,1649,2966,881,18,10,0.5659012629161884,0.014662294382301959
cd8_BL,2.0,SDAN_23,Spectra_18,1649,2966,881,18,10,0.5394948335246843,0.013750714596773926
cd8_BL,2.0,SDAN_23,Spectra_19,1649,2966,881,18,10,0.4422502870264064,0.011956914383087758
cd8_BL,2.0,SDAN_23,Spectra_20,1649,2966,881,18,10,0.21274397244546497,0.008205231125199356
cd8_BL,2.0,SDAN_23,Spectra_21,1649,2966,881,18,10,0.2332950631458094,0.008199816746298357
cd8_BL,2.0,SDAN_23,Spectra_22,1649,2966,881,18,10,0.21354764638346727,0.007936164998083767
cd8_BL,2.0,SDAN_23,Spectra_23,1649,2966,881,18,10,0.6381171067738232,0.023739946545731288
cd8_BL,2.0,SDAN_23,Spectra_24,1649,2966,881,18,10,0.1695752009184845,0.007057529287737037
cd8_BL,2.0,SDAN_23,Spectra_25,1649,2966,881,18,10,0.19506314580941447,0.0074387829092311475
cd8_BL,2.0,SDAN_23,Spectra_26,1649,2966,881,18,10,0.3181400688863375,0.009959718939153192
cd8_BL,2.0,SDAN_23,Spectra_27,1649,2966,881,18,10,0.2799081515499426,0.008098707144976479
cd8_BL,2.0,SDAN_23,Spectra_28,1649,2966,881,18,10,0.18254879448909297,0.007158729058036909
cd8_BL,2.0,SDAN_23,Spectra_29,1649,2966,881,18,10,0.28622273249138913,0.008275215329838406
cd8_BL,2.0,SDAN_23,Spectra_30,1649,2966,881,18,10,0.27462686567164185,0.007999771793496964
cd8_BL,2.0,SDAN_23,Spectra_31,1649,2966,881,18,10,0.18473019517795636,0.007216721732826747
cd8_BL,2.0,SDAN_23,Spectra_32,1649,2966,881,18,10,0.2452353616532721,0.01610365693510612
cd8_BL,2.0,SDAN_23,Spectra_33,1649,2966,881,18,10,0.47451205510907,0.011921147924080734
cd8_BL,2.0,SDAN_23,Spectra_34,1649,2966,881,18,10,0.24408725602755457,0.00766317936395708
cd8_BL,2.0,SDAN_23,Spectra_35,1649,2966,881,18,10,0.21182548794489092,0.007358555178888813
cd8_BL,2.0,SDAN_23,Spectra_36,1649,2966,881,18,10,0.3045924225028703,0.008384049771745566
cd8_BL,2.0,SDAN_23,Spectra_37,1649,2966,881,18,10,0.42548794489092995,0.011029807734121109
cd8_BL,2.0,SDAN_23,Spectra_38,1649,2966,881,18,10,0.6009184845005742,0.01589888447245343
cd8_BL,2.0,SDAN_23,Spectra_39,1649,2966,881,18,10,0.4936854190585534,0.013800440420736568
cd8_BL,2.0,SDAN_24,Spectra_0,1649,2966,881,17,8,0.46606529209621994,0.010384057909325246
cd8_BL,2.0,SDAN_24,Spectra_1,1649,2966,881,17,8,0.5213344788087055,0.01074624860329428
cd8_BL,2.0,SDAN_24,Spectra_2,1649,2966,881,17,8,0.3808705612829324,0.007777936976366833
cd8_BL,2.0,SDAN_24,Spectra_3,1649,2966,881,17,8,0.7179266895761741,0.018476096375716122
cd8_BL,2.0,SDAN_24,Spectra_4,1649,2966,881,17,8,0.5587056128293241,0.015399300010393453
cd8_BL,2.0,SDAN_24,Spectra_5,1649,2966,881,17,8,0.41967353951890035,0.008340279351698553
cd8_BL,2.0,SDAN_24,Spectra_6,1649,2966,881,17,8,0.584049255441008,0.011728960571580765
cd8_BL,2.0,SDAN_24,Spectra_7,1649,2966,881,17,8,0.3308991981672394,0.007186607675797048
cd8_BL,2.0,SDAN_24,Spectra_8,1649,2966,881,17,8,0.6083906071019473,0.016497380924201097
cd8_BL,2.0,SDAN_24,Spectra_9,1649,2966,881,17,8,0.34851088201603664,0.0073433202884282
cd8_BL,2.0,SDAN_24,Spectra_10,1649,2966,881,17,8,0.5551260022909508,0.015580823011652901
cd8_BL,2.0,SDAN_24,Spectra_11,1649,2966,881,17,8,0.4674971363115693,0.011148083270912122
cd8_BL,2.0,SDAN_24,Spectra_12,1649,2966,881,17,8,0.34736540664375715,0.007410120180726045
cd8_BL,2.0,SDAN_24,Spectra_13,1649,2966,881,17,8,0.5611397479954181,0.014562258009662172
cd8_BL,2.0,SDAN_24,Spectra_14,1649,2966,881,17,8,0.5380870561282932,0.010725370345312861
cd8_BL,2.0,SDAN_24,Spectra_15,1649,2966,881,17,8,0.3151489117983963,0.00696432203267122
cd8_BL,2.0,SDAN_24,Spectra_16,1649,2966,881,17,8,0.48768613974799546,0.009746667546992138
cd8_BL,2.0,SDAN_24,Spectra_17,1649,2966,881,17,8,0.5057273768613975,0.012556036054951144
cd8_BL,2.0,SDAN_24,Spectra_18,1649,2966,881,17,8,0.3343356242840779,0.007147634898969945
cd8_BL,2.0,SDAN_24,Spectra_19,1649,2966,881,17,8,0.46878579610538373,0.013010628153413029
cd8_BL,2.0,SDAN_24,Spectra_20,1649,2966,881,17,8,0.413516609392898,0.00808163350151046
cd8_BL,2.0,SDAN_24,Spectra_21,1649,2966,881,17,8,0.5177548682703321,0.01203086421581176
cd8_BL,2.0,SDAN_24,Spectra_22,1649,2966,881,17,8,0.474942726231386,0.010141345606941507
cd8_BL,2.0,SDAN_24,Spectra_23,1649,2966,881,17,8,0.5972222222222223,0.0124314735982709
cd8_BL,2.0,SDAN_24,Spectra_24,1649,2966,881,17,8,0.5486827033218786,0.011417442882663076
cd8_BL,2.0,SDAN_24,Spectra_25,1649,2966,881,17,8,0.4972794959908362,0.009770846364644597
cd8_BL,2.0,SDAN_24,Spectra_26,1649,2966,881,17,8,0.5297823596792669,0.010485860507871654
cd8_BL,2.0,SDAN_24,Spectra_27,1649,2966,881,17,8,0.5912084765177549,0.011981431673493201
cd8_BL,2.0,SDAN_24,Spectra_28,1649,2966,881,17,8,0.5448167239404353,0.01585492310302615
cd8_BL,2.0,SDAN_24,Spectra_29,1649,2966,881,17,8,0.48553837342497136,0.009286167967901791
cd8_BL,2.0,SDAN_24,Spectra_30,1649,2966,881,17,8,0.37041809851088203,0.007547697303425596
cd8_BL,2.0,SDAN_24,Spectra_31,1649,2966,881,17,8,0.3487972508591065,0.0073290158931930485
cd8_BL,2.0,SDAN_24,Spectra_32,1649,2966,881,17,8,0.5534077892325314,0.03223551652562426
cd8_BL,2.0,SDAN_24,Spectra_33,1649,2966,881,17,8,0.44945589919816725,0.008618939336945398
cd8_BL,2.0,SDAN_24,Spectra_34,1649,2966,881,17,8,0.40850515463917525,0.008126028540626128
cd8_BL,2.0,SDAN_24,Spectra_35,1649,2966,881,17,8,0.25486827033218784,0.006430598878033926
cd8_BL,2.0,SDAN_24,Spectra_36,1649,2966,881,17,8,0.4579037800687285,0.00898740200891759
cd8_BL,2.0,SDAN_24,Spectra_37,1649,2966,881,17,8,0.5091638029782359,0.009670065852067904
cd8_BL,2.0,SDAN_24,Spectra_38,1649,2966,881,17,8,0.5441008018327605,0.011670169535467517
cd8_BL,2.0,SDAN_24,Spectra_39,1649,2966,881,17,8,0.42253722794959914,0.008350963660252387
cd8_BL,2.0,SDAN_25,Spectra_0,1649,2966,881,18,6,0.5009523809523809,0.007492881761732447
cd8_BL,2.0,SDAN_25,Spectra_1,1649,2966,881,18,6,0.7493333333333334,0.015244240795232247
cd8_BL,2.0,SDAN_25,Spectra_2,1649,2966,881,18,6,0.448,0.0067915729994888424
cd8_BL,2.0,SDAN_25,Spectra_3,1649,2966,881,18,6,0.48533333333333334,0.007288589271217248
cd8_BL,2.0,SDAN_25,Spectra_4,1649,2966,881,18,6,0.613904761904762,0.009693312965036558
cd8_BL,2.0,SDAN_25,Spectra_5,1649,2966,881,18,6,0.29904761904761906,0.0053665689387189805
cd8_BL,2.0,SDAN_25,Spectra_6,1649,2966,881,18,6,0.4377142857142857,0.00672943200037727
cd8_BL,2.0,SDAN_25,Spectra_7,1649,2966,881,18,6,0.5232380952380953,0.008111884031253774
cd8_BL,2.0,SDAN_25,Spectra_8,1649,2966,881,18,6,0.7819047619047619,0.019138282061802202
cd8_BL,2.0,SDAN_25,Spectra_9,1649,2966,881,18,6,0.31142857142857144,0.005531802817487264
cd8_BL,2.0,SDAN_25,Spectra_10,1649,2966,881,18,6,0.5773333333333334,0.008970030534230726
cd8_BL,2.0,SDAN_25,Spectra_11,1649,2966,881,18,6,0.6693333333333333,0.01366849695842676
cd8_BL,2.0,SDAN_25,Spectra_12,1649,2966,881,18,6,0.41009523809523807,0.00676457937488183
cd8_BL,2.0,SDAN_25,Spectra_13,1649,2966,881,18,6,0.6836190476190476,0.012639987535288512
cd8_BL,2.0,SDAN_25,Spectra_14,1649,2966,881,18,6,0.6748571428571428,0.011968162038013251
cd8_BL,2.0,SDAN_25,Spectra_15,1649,2966,881,18,6,0.6217142857142857,0.017472287762649284
cd8_BL,2.0,SDAN_25,Spectra_16,1649,2966,881,18,6,0.7460952380952381,0.01468963752108636
cd8_BL,2.0,SDAN_25,Spectra_17,1649,2966,881,18,6,0.5540952380952381,0.008425898604223572
cd8_BL,2.0,SDAN_25,Spectra_18,1649,2966,881,18,6,0.6409523809523809,0.010901828542424032
cd8_BL,2.0,SDAN_25,Spectra_19,1649,2966,881,18,6,0.27485714285714286,0.005202868124650907
cd8_BL,2.0,SDAN_25,Spectra_20,1649,2966,881,18,6,0.44952380952380955,0.006941671408757857
cd8_BL,2.0,SDAN_25,Spectra_21,1649,2966,881,18,6,0.528952380952381,0.007893893045058494
cd8_BL,2.0,SDAN_25,Spectra_22,1649,2966,881,18,6,0.27295238095238095,0.005159204102753138
cd8_BL,2.0,SDAN_25,Spectra_23,1649,2966,881,18,6,0.6384761904761904,0.010584190344077198
cd8_BL,2.0,SDAN_25,Spectra_24,1649,2966,881,18,6,0.38076190476190475,0.0061885437520595495
cd8_BL,2.0,SDAN_25,Spectra_25,1649,2966,881,18,6,0.28780952380952385,0.005274987701289003
cd8_BL,2.0,SDAN_25,Spectra_26,1649,2966,881,18,6,0.5725714285714285,0.010395552043921678
cd8_BL,2.0,SDAN_25,Spectra_27,1649,2966,881,18,6,0.34628571428571425,0.0056856009821224344
cd8_BL,2.0,SDAN_25,Spectra_28,1649,2966,881,18,6,0.45733333333333337,0.006918944387441153
cd8_BL,2.0,SDAN_25,Spectra_29,1649,2966,881,18,6,0.4447619047619048,0.007014023158519647
cd8_BL,2.0,SDAN_25,Spectra_30,1649,2966,881,18,6,0.4470476190476191,0.007942192850013529
cd8_BL,2.0,SDAN_25,Spectra_31,1649,2966,881,18,6,0.3100952380952381,0.005385689975599771
cd8_BL,2.0,SDAN_25,Spectra_32,1649,2966,881,18,6,0.17295238095238094,0.004591573039927788
cd8_BL,2.0,SDAN_25,Spectra_33,1649,2966,881,18,6,0.5535238095238095,0.008388731280953654
cd8_BL,2.0,SDAN_25,Spectra_34,1649,2966,881,18,6,0.1638095238095238,0.004566521636260375
cd8_BL,2.0,SDAN_25,Spectra_35,1649,2966,881,18,6,0.18552380952380948,0.004641747475701159
cd8_BL,2.0,SDAN_25,Spectra_36,1649,2966,881,18,6,0.4380952380952381,0.006696758724970305
cd8_BL,2.0,SDAN_25,Spectra_37,1649,2966,881,18,6,0.6102857142857143,0.010693774166289655
cd8_BL,2.0,SDAN_25,Spectra_38,1649,2966,881,18,6,0.528952380952381,0.007868619557953723
cd8_BL,2.0,SDAN_25,Spectra_39,1649,2966,881,18,6,0.6975238095238095,0.013644510465838882
cd8_BL,2.0,SDAN_26,Spectra_0,1649,2966,881,18,11,0.4851619644723093,0.01320771155241154
cd8_BL,2.0,SDAN_26,Spectra_1,1649,2966,881,18,11,0.47889237199582024,0.014501575117052556
cd8_BL,2.0,SDAN_26,Spectra_2,1649,2966,881,18,11,0.5576802507836991,0.020715390645565244
cd8_BL,2.0,SDAN_26,Spectra_3,1649,2966,881,18,11,0.3851619644723093,0.01144471952211117
cd8_BL,2.0,SDAN_26,Spectra_4,1649,2966,881,18,11,0.2754440961337513,0.00866523212820107
cd8_BL,2.0,SDAN_26,Spectra_5,1649,2966,881,18,11,0.5143155694879833,0.013597127208076504
cd8_BL,2.0,SDAN_26,Spectra_6,1649,2966,881,18,11,0.4026123301985371,0.010725559542801012
cd8_BL,2.0,SDAN_26,Spectra_7,1649,2966,881,18,11,0.3607105538140021,0.010124548541718105
cd8_BL,2.0,SDAN_26,Spectra_8,1649,2966,881,18,11,0.6266457680250784,0.021820008564531784
cd8_BL,2.0,SDAN_26,Spectra_9,1649,2966,881,18,11,0.5573667711598747,0.018863700035192194
cd8_BL,2.0,SDAN_26,Spectra_10,1649,2966,881,18,11,0.4438871473354231,0.011456083284775806
cd8_BL,2.0,SDAN_26,Spectra_11,1649,2966,881,18,11,0.48599791013584115,0.014478735763559951
cd8_BL,2.0,SDAN_26,Spectra_12,1649,2966,881,18,11,0.4761755485893417,0.0139244712637068
cd8_BL,2.0,SDAN_26,Spectra_13,1649,2966,881,18,11,0.4115987460815047,0.011256687756832084
cd8_BL,2.0,SDAN_26,Spectra_14,1649,2966,881,18,11,0.6812957157784744,0.06790256990921216
cd8_BL,2.0,SDAN_26,Spectra_15,1649,2966,881,18,11,0.44827586206896547,0.056993090729057505
cd8_BL,2.0,SDAN_26,Spectra_16,1649,2966,881,18,11,0.49090909090909096,0.10451462359074841
cd8_BL,2.0,SDAN_26,Spectra_17,1649,2966,881,18,11,0.5575757575757576,0.05916686180800468
cd8_BL,2.0,SDAN_26,Spectra_18,1649,2966,881,18,11,0.4736677115987461,0.027818213074408293
cd8_BL,2.0,SDAN_26,Spectra_19,1649,2966,881,18,11,0.5141065830721003,0.03683599466797873
cd8_BL,2.0,SDAN_26,Spectra_20,1649,2966,881,18,11,0.5829676071055381,0.01852092570534327
cd8_BL,2.0,SDAN_26,Spectra_21,1649,2966,881,18,11,0.4973876698014629,0.10583937657506891
cd8_BL,2.0,SDAN_26,Spectra_22,1649,2966,881,18,11,0.4050156739811912,0.010596979722425449
cd8_BL,2.0,SDAN_26,Spectra_23,1649,2966,881,18,11,0.46206896551724136,0.02418460154810722
cd8_BL,2.0,SDAN_26,Spectra_24,1649,2966,881,18,11,0.38704284221525603,0.010244893921945998
cd8_BL,2.0,SDAN_26,Spectra_25,1649,2966,881,18,11,0.3402298850574713,0.00963166285679459
cd8_BL,2.0,SDAN_26,Spectra_26,1649,2966,881,18,11,0.4094043887147335,0.01098066470512604
cd8_BL,2.0,SDAN_26,Spectra_27,1649,2966,881,18,11,0.41859979101358413,0.0110671167927856
cd8_BL,2.0,SDAN_26,Spectra_28,1649,2966,881,18,11,0.46635318704284223,0.014574178514180556
cd8_BL,2.0,SDAN_26,Spectra_29,1649,2966,881,18,11,0.5442006269592476,0.01502050271908872
cd8_BL,2.0,SDAN_26,Spectra_30,1649,2966,881,18,11,0.3414838035527691,0.009575979573574745
cd8_BL,2.0,SDAN_26,Spectra_31,1649,2966,881,18,11,0.33605015673981187,0.009484325804924098
cd8_BL,2.0,SDAN_26,Spectra_32,1649,2966,881,18,11,0.5259143155694881,0.13800329350986834
cd8_BL,2.0,SDAN_26,Spectra_33,1649,2966,881,18,11,0.4801462904911181,0.024449336844632016
cd8_BL,2.0,SDAN_26,Spectra_34,1649,2966,881,18,11,0.3562173458725183,0.009745142769045017
cd8_BL,2.0,SDAN_26,Spectra_35,1649,2966,881,18,11,0.3071055381400209,0.009078336152271552
cd8_BL,2.0,SDAN_26,Spectra_36,1649,2966,881,18,11,0.4176593521421107,0.012022109923406818
cd8_BL,2.0,SDAN_26,Spectra_37,1649,2966,881,18,11,0.44012539184952976,0.011954243371021883
cd8_BL,2.0,SDAN_26,Spectra_38,1649,2966,881,18,11,0.46792058516196444,0.013451482509670919
cd8_BL,2.0,SDAN_26,Spectra_39,1649,2966,881,18,11,0.4850574712643678,0.015159996023803076
cd8_BL,2.0,SDAN_27,Spectra_0,1649,2966,881,17,10,0.4765786452353617,0.011414920057510124
cd8_BL,2.0,SDAN_27,Spectra_1,1649,2966,881,17,10,0.3557979334098737,0.008993719356543124
cd8_BL,2.0,SDAN_27,Spectra_2,1649,2966,881,17,10,0.4487944890929966,0.01055801654825487
cd8_BL,2.0,SDAN_27,Spectra_3,1649,2966,881,17,10,0.5159586681974742,0.012475458625359905
cd8_BL,2.0,SDAN_27,Spectra_4,1649,2966,881,17,10,0.3025258323765786,0.008351895759987021
cd8_BL,2.0,SDAN_27,Spectra_5,1649,2966,881,17,10,0.3794489092996556,0.009314659450308186
cd8_BL,2.0,SDAN_27,Spectra_6,1649,2966,881,17,10,0.4450057405281286,0.012630179553755842
cd8_BL,2.0,SDAN_27,Spectra_7,1649,2966,881,17,10,0.412743972445465,0.009996358999422496
cd8_BL,2.0,SDAN_27,Spectra_8,1649,2966,881,17,10,0.4428243398392652,0.011333857513221163
cd8_BL,2.0,SDAN_27,Spectra_9,1649,2966,881,17,10,0.3991963260619977,0.01145666247485553
cd8_BL,2.0,SDAN_27,Spectra_10,1649,2966,881,17,10,0.4332950631458094,0.01074709758289772
cd8_BL,2.0,SDAN_27,Spectra_11,1649,2966,881,17,10,0.3880597014925373,0.010974394404471895
cd8_BL,2.0,SDAN_27,Spectra_12,1649,2966,881,17,10,0.3412169919632606,0.009402797858003418
cd8_BL,2.0,SDAN_27,Spectra_13,1649,2966,881,17,10,0.4409873708381171,0.01618189040884981
cd8_BL,2.0,SDAN_27,Spectra_14,1649,2966,881,17,10,0.49816303099885195,0.012182413947524267
cd8_BL,2.0,SDAN_27,Spectra_15,1649,2966,881,17,10,0.2742824339839265,0.009199397154299823
cd8_BL,2.0,SDAN_27,Spectra_16,1649,2966,881,17,10,0.38174512055109067,0.00955792254949095
cd8_BL,2.0,SDAN_27,Spectra_17,1649,2966,881,17,10,0.41297359357060853,0.012762996423761719
cd8_BL,2.0,SDAN_27,Spectra_18,1649,2966,881,17,10,0.412743972445465,0.012173217441546655
cd8_BL,2.0,SDAN_27,Spectra_19,1649,2966,881,17,10,0.5810562571756601,0.038167186698616316
cd8_BL,2.0,SDAN_27,Spectra_20,1649,2966,881,17,10,0.4633754305396097,0.020019866095674035
cd8_BL,2.0,SDAN_27,Spectra_21,1649,2966,881,17,10,0.3576349024110218,0.009188982195213042
cd8_BL,2.0,SDAN_27,Spectra_22,1649,2966,881,17,10,0.37175660160734786,0.00934076367461414
cd8_BL,2.0,SDAN_27,Spectra_23,1649,2966,881,17,10,0.3988518943742824,0.058733752211366404
cd8_BL,2.0,SDAN_27,Spectra_24,1649,2966,881,17,10,0.5331802525832376,0.023196448019717028
cd8_BL,2.0,SDAN_27,Spectra_25,1649,2966,881,17,10,0.48851894374282434,0.01266381446771762
cd8_BL,2.0,SDAN_27,Spectra_26,1649,2966,881,17,10,0.4316877152698049,0.031702422851695736
cd8_BL,2.0,SDAN_27,Spectra_27,1649,2966,881,17,10,0.5621125143513204,0.01573665854071733
cd8_BL,2.0,SDAN_27,Spectra_28,1649,2966,881,17,10,0.6071182548794489,0.12062717617016404
cd8_BL,2.0,SDAN_27,Spectra_29,1649,2966,881,17,10,0.5932261768082664,0.07865341231327751
cd8_BL,2.0,SDAN_27,Spectra_30,1649,2966,881,17,10,0.3502870264064294,0.008917674987038203
cd8_BL,2.0,SDAN_27,Spectra_31,1649,2966,881,17,10,0.39127439724454655,0.059234752792724076
cd8_BL,2.0,SDAN_27,Spectra_32,1649,2966,881,17,10,0.24959816303099883,0.007754067811394642
cd8_BL,2.0,SDAN_27,Spectra_33,1649,2966,881,17,10,0.6236509758897819,0.12154886824232344
cd8_BL,2.0,SDAN_27,Spectra_34,1649,2966,881,17,10,0.36716417910447763,0.0091228716966617
cd8_BL,2.0,SDAN_27,Spectra_35,1649,2966,881,17,10,0.23398392652123995,0.007565340073513595
cd8_BL,2.0,SDAN_27,Spectra_36,1649,2966,881,17,10,0.20769230769230768,0.007452017350297079
cd8_BL,2.0,SDAN_27,Spectra_37,1649,2966,881,17,10,0.45935706084959815,0.0169822571358887
cd8_BL,2.0,SDAN_27,Spectra_38,1649,2966,881,17,10,0.27313432835820894,0.008019412159005174
cd8_BL,2.0,SDAN_27,Spectra_39,1649,2966,881,17,10,0.45074626865671646,0.059743211535624015
cd8_BL,2.0,SDAN_28,Spectra_0,1649,2966,881,18,8,0.39160939289805263,0.008287968373675361
cd8_BL,2.0,SDAN_28,Spectra_1,1649,2966,881,18,8,0.5262027491408935,0.011207034005564533
cd8_BL,2.0,SDAN_28,Spectra_2,1649,2966,881,18,8,0.5645761741122566,0.01177522653060353
cd8_BL,2.0,SDAN_28,Spectra_3,1649,2966,881,18,8,0.32774914089347074,0.007205926915267133
cd8_BL,2.0,SDAN_28,Spectra_4,1649,2966,881,18,8,0.5465349369988546,0.011868413105670633
cd8_BL,2.0,SDAN_28,Spectra_5,1649,2966,881,18,8,0.28078465063001146,0.0068428064133401875
cd8_BL,2.0,SDAN_28,Spectra_6,1649,2966,881,18,8,0.35738831615120276,0.007587927227409365
cd8_BL,2.0,SDAN_28,Spectra_7,1649,2966,881,18,8,0.427405498281787,0.008614230373425588
cd8_BL,2.0,SDAN_28,Spectra_8,1649,2966,881,18,8,0.4481672394043528,0.009212554504958373
cd8_BL,2.0,SDAN_28,Spectra_9,1649,2966,881,18,8,0.32717640320733105,0.0073447807892821956
cd8_BL,2.0,SDAN_28,Spectra_10,1649,2966,881,18,8,0.48525200458190154,0.010081993114805716
cd8_BL,2.0,SDAN_28,Spectra_11,1649,2966,881,18,8,0.365836197021764,0.008379402433935437
cd8_BL,2.0,SDAN_28,Spectra_12,1649,2966,881,18,8,0.3586769759450172,0.009353627999708812
cd8_BL,2.0,SDAN_28,Spectra_13,1649,2966,881,18,8,0.5063001145475372,0.011550773189692162
cd8_BL,2.0,SDAN_28,Spectra_14,1649,2966,881,18,8,0.4831042382588774,0.009695659540900525
cd8_BL,2.0,SDAN_28,Spectra_15,1649,2966,881,18,8,0.7142038946162658,0.02721503155946628
cd8_BL,2.0,SDAN_28,Spectra_16,1649,2966,881,18,8,0.4520332187857961,0.0089161335327815
cd8_BL,2.0,SDAN_28,Spectra_17,1649,2966,881,18,8,0.6275773195876289,0.028249780569544664
cd8_BL,2.0,SDAN_28,Spectra_18,1649,2966,881,18,8,0.4083619702176403,0.011614543699613261
cd8_BL,2.0,SDAN_28,Spectra_19,1649,2966,881,18,8,0.3709908361970218,0.007775553508036417
cd8_BL,2.0,SDAN_28,Spectra_20,1649,2966,881,18,8,0.49742268041237114,0.02155845704481027
cd8_BL,2.0,SDAN_28,Spectra_21,1649,2966,881,18,8,0.26489117983963345,0.006500159692907102
cd8_BL,2.0,SDAN_28,Spectra_22,1649,2966,881,18,8,0.39003436426116833,0.007977158391773749
cd8_BL,2.0,SDAN_28,Spectra_23,1649,2966,881,18,8,0.6208476517754868,0.01842670567420484
cd8_BL,2.0,SDAN_28,Spectra_24,1649,2966,881,18,8,0.38917525773195877,0.008062584908606032
cd8_BL,2.0,SDAN_28,Spectra_25,1649,2966,881,18,8,0.324885452462772,0.007124188641299001
cd8_BL,2.0,SDAN_28,Spectra_26,1649,2966,881,18,8,0.42855097365406647,0.009288778288702303
cd8_BL,2.0,SDAN_28,Spectra_27,1649,2966,881,18,8,0.4507445589919817,0.01161976972828292
cd8_BL,2.0,SDAN_28,Spectra_28,1649,2966,881,18,8,0.43513745704467355,0.01097131588115749
cd8_BL,2.0,SDAN_28,Spectra_29,1649,2966,881,18,8,0.4384306987399771,0.009788079097245939
cd8_BL,2.0,SDAN_28,Spectra_30,1649,2966,881,18,8,0.4988545246277205,0.009576324930696557
cd8_BL,2.0,SDAN_28,Spectra_31,1649,2966,881,18,8,0.47737686139748,0.0091794792738085
cd8_BL,2.0,SDAN_28,Spectra_32,1649,2966,881,18,8,0.5141752577319587,0.012432092663291715
cd8_BL,2.0,SDAN_28,Spectra_33,1649,2966,881,18,8,0.7677548682703321,0.026747849869350464
cd8_BL,2.0,SDAN_28,Spectra_34,1649,2966,881,18,8,0.45260595647193586,0.008640645158376363
cd8_BL,2.0,SDAN_28,Spectra_35,1649,2966,881,18,8,0.38144329896907214,0.007903215589476717
cd8_BL,2.0,SDAN_28,Spectra_36,1649,2966,881,18,8,0.6397479954180985,0.01524094219271775
cd8_BL,2.0,SDAN_28,Spectra_37,1649,2966,881,18,8,0.561282932416953,0.012618548732584778
cd8_BL,2.0,SDAN_28,Spectra_38,1649,2966,881,18,8,0.7411225658648339,0.019969590678464495
cd8_BL,2.0,SDAN_28,Spectra_39,1649,2966,881,18,8,0.6330183276059564,0.02533141462507022
cd8_BL,2.0,SDAN_29,Spectra_0,1649,2966,881,19,9,0.37729357798165136,0.008807555916003138
cd8_BL,2.0,SDAN_29,Spectra_1,1649,2966,881,19,9,0.5131243628950051,0.010771798402239767
cd8_BL,2.0,SDAN_29,Spectra_2,1649,2966,881,19,9,0.5619266055045872,0.01262592427671613
cd8_BL,2.0,SDAN_29,Spectra_3,1649,2966,881,19,9,0.6608053007135576,0.01607900956444424
cd8_BL,2.0,SDAN_29,Spectra_4,1649,2966,881,19,9,0.5304536187563711,0.011807443862944512
cd8_BL,2.0,SDAN_29,Spectra_5,1649,2966,881,19,9,0.19559123343527013,0.006848388100394679
cd8_BL,2.0,SDAN_29,Spectra_6,1649,2966,881,19,9,0.30912334352701326,0.007689301654612255
cd8_BL,2.0,SDAN_29,Spectra_7,1649,2966,881,19,9,0.5437054026503567,0.011876313876104563
cd8_BL,2.0,SDAN_29,Spectra_8,1649,2966,881,19,9,0.4712028542303771,0.01017216994061783
cd8_BL,2.0,SDAN_29,Spectra_9,1649,2966,881,19,9,0.2747196738022426,0.007457570992732578
cd8_BL,2.0,SDAN_29,Spectra_10,1649,2966,881,19,9,0.3676095820591233,0.008472028575581518
cd8_BL,2.0,SDAN_29,Spectra_11,1649,2966,881,19,9,0.3051732925586137,0.007589435900614779
cd8_BL,2.0,SDAN_29,Spectra_12,1649,2966,881,19,9,0.2641437308868501,0.0073237979192832675
cd8_BL,2.0,SDAN_29,Spectra_13,1649,2966,881,19,9,0.3976809378185525,0.008863475225885393
cd8_BL,2.0,SDAN_29,Spectra_14,1649,2966,881,19,9,0.6314984709480123,0.014993542560686472
cd8_BL,2.0,SDAN_29,Spectra_15,1649,2966,881,19,9,0.42979102956167176,0.009747425920987169
cd8_BL,2.0,SDAN_29,Spectra_16,1649,2966,881,19,9,0.5452344546381244,0.0123342896797284
cd8_BL,2.0,SDAN_29,Spectra_17,1649,2966,881,19,9,0.4645769622833843,0.015452440374015226
cd8_BL,2.0,SDAN_29,Spectra_18,1649,2966,881,19,9,0.5314729867482161,0.012059372506412558
cd8_BL,2.0,SDAN_29,Spectra_19,1649,2966,881,19,9,0.247579001019368,0.007379706897642689
cd8_BL,2.0,SDAN_29,Spectra_20,1649,2966,881,19,9,0.18425076452599387,0.006504551880347792
cd8_BL,2.0,SDAN_29,Spectra_21,1649,2966,881,19,9,0.2844036697247706,0.00741251618654074
cd8_BL,2.0,SDAN_29,Spectra_22,1649,2966,881,19,9,0.15978593272171254,0.006365281254061254
cd8_BL,2.0,SDAN_29,Spectra_23,1649,2966,881,19,9,0.5412844036697247,0.011646150804135908
cd8_BL,2.0,SDAN_29,Spectra_24,1649,2966,881,19,9,0.22935779816513763,0.0068941103619546305
cd8_BL,2.0,SDAN_29,Spectra_25,1649,2966,881,19,9,0.12270642201834864,0.00616226057379104
cd8_BL,2.0,SDAN_29,Spectra_26,1649,2966,881,19,9,0.23305300713557592,0.006903744054477637
cd8_BL,2.0,SDAN_29,Spectra_27,1649,2966,881,19,9,0.14169215086646278,0.006262518139813914
cd8_BL,2.0,SDAN_29,Spectra_28,1649,2966,881,19,9,0.2833843017329256,0.007377140754184925
cd8_BL,2.0,SDAN_29,Spectra_29,1649,2966,881,19,9,0.2719164118246687,0.0072408438122161245
cd8_BL,2.0,SDAN_29,Spectra_30,1649,2966,881,19,9,0.191131498470948,0.006657498794540274
cd8_BL,2.0,SDAN_29,Spectra_31,1649,2966,881,19,9,0.2930682976554536,0.007570994276234603
cd8_BL,2.0,SDAN_29,Spectra_32,1649,2966,881,19,9,0.14844546381243628,0.006330094308559504
cd8_BL,2.0,SDAN_29,Spectra_33,1649,2966,881,19,9,0.3109072375127421,0.007681344878515532
cd8_BL,2.0,SDAN_29,Spectra_34,1649,2966,881,19,9,0.1716360856269113,0.006566531251956578
cd8_BL,2.0,SDAN_29,Spectra_35,1649,2966,881,19,9,0.16462793068297654,0.006467714517332274
cd8_BL,2.0,SDAN_29,Spectra_36,1649,2966,881,19,9,0.31587665647298674,0.00773259026864809
cd8_BL,2.0,SDAN_29,Spectra_37,1649,2966,881,19,9,0.3072120285423038,0.0076685960995757155
cd8_BL,2.0,SDAN_29,Spectra_38,1649,2966,881,19,9,0.5978593272171253,0.013111151774908323
cd8_BL,2.0,SDAN_29,Spectra_39,1649,2966,881,19,9,0.4426605504587156,0.010194116183277247
cd8_BL,2.0,SDAN_30,Spectra_0,1649,2966,881,18,18,0.39204325994592504,0.016373283746838392
cd8_BL,2.0,SDAN_30,Spectra_1,1649,2966,881,18,18,0.45731942835071454,0.022797532049346137
cd8_BL,2.0,SDAN_30,Spectra_2,1649,2966,881,18,18,0.5370799536500579,0.022456494900523732
cd8_BL,2.0,SDAN_30,Spectra_3,1649,2966,881,18,18,0.6760010299987125,0.08992402694865291
cd8_BL,2.0,SDAN_30,Spectra_4,1649,2966,881,18,18,0.19421913222608467,0.012621323617032736
cd8_BL,2.0,SDAN_30,Spectra_5,1649,2966,881,18,18,0.2743015321230849,0.013679017340761952
cd8_BL,2.0,SDAN_30,Spectra_6,1649,2966,881,18,18,0.21765160293549632,0.012819078877987928
cd8_BL,2.0,SDAN_30,Spectra_7,1649,2966,881,18,18,0.49092313634607954,0.019482350810226482
cd8_BL,2.0,SDAN_30,Spectra_8,1649,2966,881,18,18,0.44019569975537526,0.021165017854551813
cd8_BL,2.0,SDAN_30,Spectra_9,1649,2966,881,18,18,0.40330887086391143,0.03705676782261613
cd8_BL,2.0,SDAN_30,Spectra_10,1649,2966,881,18,18,0.3494914381357023,0.015145724061235193
cd8_BL,2.0,SDAN_30,Spectra_11,1649,2966,881,18,18,0.5263293420883224,0.025281624881471624
cd8_BL,2.0,SDAN_30,Spectra_12,1649,2966,881,18,18,0.25543968070039913,0.013347221235899655
cd8_BL,2.0,SDAN_30,Spectra_13,1649,2966,881,18,18,0.349813312733359,0.01517315518205519
cd8_BL,2.0,SDAN_30,Spectra_14,1649,2966,881,18,18,0.6679541650572938,0.10885013142047481
cd8_BL,2.0,SDAN_30,Spectra_15,1649,2966,881,18,18,0.340607699240376,0.015674463104559947
cd8_BL,2.0,SDAN_30,Spectra_16,1649,2966,881,18,18,0.29541650572936784,0.014132184554611491
cd8_BL,2.0,SDAN_30,Spectra_17,1649,2966,881,18,18,0.5793742757821553,0.033362056083099556
cd8_BL,2.0,SDAN_30,Spectra_18,1649,2966,881,18,18,0.5919917600103,0.10109938574036748
cd8_BL,2.0,SDAN_30,Spectra_19,1649,2966,881,18,18,0.33545770567786787,0.015815945837913147
cd8_BL,2.0,SDAN_30,Spectra_20,1649,2966,881,18,18,0.31221835972705037,0.01447252099573673
cd8_BL,2.0,SDAN_30,Spectra_21,1649,2966,881,18,18,0.19441225698467873,0.012526212435292557
cd8_BL,2.0,SDAN_30,Spectra_22,1649,2966,881,18,18,0.2546028067464916,0.013310851374025878
cd8_BL,2.0,SDAN_30,Spectra_23,1649,2966,881,18,18,0.4460538174327282,0.044380359715346235
cd8_BL,2.0,SDAN_30,Spectra_24,1649,2966,881,18,18,0.23142783571520534,0.012893245083461194
cd8_BL,2.0,SDAN_30,Spectra_25,1649,2966,881,18,18,0.26676966653791684,0.013473156414331862
cd8_BL,2.0,SDAN_30,Spectra_26,1649,2966,881,18,18,0.18681601647997942,0.012424138878671604
cd8_BL,2.0,SDAN_30,Spectra_27,1649,2966,881,18,18,0.24082657396678253,0.01308906088975896
cd8_BL,2.0,SDAN_30,Spectra_28,1649,2966,881,18,18,0.47180378524526845,0.051764932149916974
cd8_BL,2.0,SDAN_30,Spectra_29,1649,2966,881,18,18,0.20838161452298187,0.01260451891521917
cd8_BL,2.0,SDAN_30,Spectra_30,1649,2966,881,18,18,0.14651731685335392,0.011963152674601246
cd8_BL,2.0,SDAN_30,Spectra_31,1649,2966,881,18,18,0.24539719325350842,0.013197243862174477
cd8_BL,2.0,SDAN_30,Spectra_32,1649,2966,881,18,18,0.2925196343504571,0.015126669131329037
cd8_BL,2.0,SDAN_30,Spectra_33,1649,2966,881,18,18,0.44373632032959953,0.053335423812534345
cd8_BL,2.0,SDAN_30,Spectra_34,1649,2966,881,18,18,0.26348654564181795,0.013395225238593402
cd8_BL,2.0,SDAN_30,Spectra_35,1649,2966,881,18,18,0.21127848590189263,0.012727856019762271
cd8_BL,2.0,SDAN_30,Spectra_36,1649,2966,881,18,18,0.22138534826831466,0.012778005410920296
cd8_BL,2.0,SDAN_30,Spectra_37,1649,2966,881,18,18,0.36062829921462597,0.03560107394841121
cd8_BL,2.0,SDAN_30,Spectra_38,1649,2966,881,18,18,0.6418179477275653,0.10312379394824978
cd8_BL,2.0,SDAN_30,Spectra_39,1649,2966,881,18,18,0.2542165572293035,0.01341747566120399
cd8_BL,2.0,SDAN_31,Spectra_0,1649,2966,881,18,4,0.7773660205245154,0.015643890643890646
cd8_BL,2.0,SDAN_31,Spectra_1,1649,2966,881,18,4,0.7220638540478905,0.012004759298026534
cd8_BL,2.0,SDAN_31,Spectra_2,1649,2966,881,18,4,0.46892816419612315,0.005051768685954052
cd8_BL,2.0,SDAN_31,Spectra_3,1649,2966,881,18,4,0.3976624857468643,0.004589618506296499
cd8_BL,2.0,SDAN_31,Spectra_4,1649,2966,881,18,4,0.7223489167616876,0.013495075449534651
cd8_BL,2.0,SDAN_31,Spectra_5,1649,2966,881,18,4,0.37571265678449256,0.004355294615126819
cd8_BL,2.0,SDAN_31,Spectra_6,1649,2966,881,18,4,0.5781071835803877,0.008721103178650349
cd8_BL,2.0,SDAN_31,Spectra_7,1649,2966,881,18,4,0.5655644241733181,0.006170705313851371
cd8_BL,2.0,SDAN_31,Spectra_8,1649,2966,881,18,4,0.5533067274800456,0.006065774915547886
cd8_BL,2.0,SDAN_31,Spectra_9,1649,2966,881,18,4,0.4962941847206386,0.00542367483025448
cd8_BL,2.0,SDAN_31,Spectra_10,1649,2966,881,18,4,0.6619156214367161,0.00885515320715114
cd8_BL,2.0,SDAN_31,Spectra_11,1649,2966,881,18,4,0.6964082098061574,0.009010349745962036
cd8_BL,2.0,SDAN_31,Spectra_12,1649,2966,881,18,4,0.38625997719498295,0.004439925728728106
cd8_BL,2.0,SDAN_31,Spectra_13,1649,2966,881,18,4,0.6123147092360319,0.007002668882760398
cd8_BL,2.0,SDAN_31,Spectra_14,1649,2966,881,18,4,0.6257126567844926,0.01143980432583145
cd8_BL,2.0,SDAN_31,Spectra_15,1649,2966,881,18,4,0.8443557582668187,0.017347386912604304
cd8_BL,2.0,SDAN_31,Spectra_16,1649,2966,881,18,4,0.5176738882554162,0.006030625531434582
cd8_BL,2.0,SDAN_31,Spectra_17,1649,2966,881,18,4,0.6670467502850628,0.009381083217406631
cd8_BL,2.0,SDAN_31,Spectra_18,1649,2966,881,18,4,0.6633409350057012,0.00868822037627752
cd8_BL,2.0,SDAN_31,Spectra_19,1649,2966,881,18,4,0.3272519954389966,0.004305584352754164
cd8_BL,2.0,SDAN_31,Spectra_20,1649,2966,881,18,4,0.3677309007981756,0.00912811435558749
cd8_BL,2.0,SDAN_31,Spectra_21,1649,2966,881,18,4,0.3015963511972634,0.003866345557260415
cd8_BL,2.0,SDAN_31,Spectra_22,1649,2966,881,18,4,0.22890535917901939,0.003530705934262669
cd8_BL,2.0,SDAN_31,Spectra_23,1649,2966,881,18,4,0.6416761687571266,0.0075725744867243296
cd8_BL,2.0,SDAN_31,Spectra_24,1649,2966,881,18,4,0.5376282782212087,0.007849456596141193
cd8_BL,2.0,SDAN_31,Spectra_25,1649,2966,881,18,4,0.18814139110604333,0.003348320845613234
cd8_BL,2.0,SDAN_31,Spectra_26,1649,2966,881,18,4,0.47548460661345493,0.008127829267974864
cd8_BL,2.0,SDAN_31,Spectra_27,1649,2966,881,18,4,0.4541049030786773,0.00532366682310257
cd8_BL,2.0,SDAN_31,Spectra_28,1649,2966,881,18,4,0.3523375142531357,0.004870724305024385
cd8_BL,2.0,SDAN_31,Spectra_29,1649,2966,881,18,4,0.2733751425313569,0.0037976472759636073
cd8_BL,2.0,SDAN_31,Spectra_30,1649,2966,881,18,4,0.36231470923603193,0.004275374500129832
cd8_BL,2.0,SDAN_31,Spectra_31,1649,2966,881,18,4,0.6465222348916762,0.010235081260979056
cd8_BL,2.0,SDAN_31,Spectra_32,1649,2966,881,18,4,0.23033067274800456,0.0034946450993617252
cd8_BL,2.0,SDAN_31,Spectra_33,1649,2966,881,18,4,0.5193842645381984,0.005631905207523052
cd8_BL,2.0,SDAN_31,Spectra_34,1649,2966,881,18,4,0.41932725199543897,0.004797854240430369
cd8_BL,2.0,SDAN_31,Spectra_35,1649,2966,881,18,4,0.24857468643101482,0.0036035191708223757
cd8_BL,2.0,SDAN_31,Spectra_36,1649,2966,881,18,4,0.4481185860889396,0.005040027760949066
cd8_BL,2.0,SDAN_31,Spectra_37,1649,2966,881,18,4,0.7309007981755986,0.01652944206362492
cd8_BL,2.0,SDAN_31,Spectra_38,1649,2966,881,18,4,0.5356328392246295,0.00818215159244827
cd8_BL,2.0,SDAN_31,Spectra_39,1649,2966,881,18,4,0.6108893956670467,0.011210120928990128
cd8_BL,2.0,SDAN_32,Spectra_0,1649,2966,881,16,13,0.3566997518610421,0.012086590538776441
cd8_BL,2.0,SDAN_32,Spectra_1,1649,2966,881,16,13,0.4910492733073379,0.024000633804912297
cd8_BL,2.0,SDAN_32,Spectra_2,1649,2966,881,16,13,0.4805919886565048,0.01585783597690647
cd8_BL,2.0,SDAN_32,Spectra_3,1649,2966,881,16,13,0.31655441332860684,0.012282349820822477
cd8_BL,2.0,SDAN_32,Spectra_4,1649,2966,881,16,13,0.23723856788372918,0.009582892610118928
cd8_BL,2.0,SDAN_32,Spectra_5,1649,2966,881,16,13,0.23794753633463311,0.009606405521051405
cd8_BL,2.0,SDAN_32,Spectra_6,1649,2966,881,16,13,0.4100496277915633,0.01258851214928392
cd8_BL,2.0,SDAN_32,Spectra_7,1649,2966,881,16,13,0.35829493087557607,0.011500635381716253
cd8_BL,2.0,SDAN_32,Spectra_8,1649,2966,881,16,13,0.3676887628500532,0.014821465902622698
cd8_BL,2.0,SDAN_32,Spectra_9,1649,2966,881,16,13,0.24326479971641263,0.00967364372835148
cd8_BL,2.0,SDAN_32,Spectra_10,1649,2966,881,16,13,0.5507798652959943,0.01806067463534513
cd8_BL,2.0,SDAN_32,Spectra_11,1649,2966,881,16,13,0.3840836582772067,0.012929614845166613
cd8_BL,2.0,SDAN_32,Spectra_12,1649,2966,881,16,13,0.35909252038284295,0.012592734848558903
cd8_BL,2.0,SDAN_32,Spectra_13,1649,2966,881,16,13,0.35359801488833753,0.011513418492950938
cd8_BL,2.0,SDAN_32,Spectra_14,1649,2966,881,16,13,0.35909252038284295,0.012478500311141862
cd8_BL,2.0,SDAN_32,Spectra_15,1649,2966,881,16,13,0.5716058135412974,0.026803008566529646
cd8_BL,2.0,SDAN_32,Spectra_16,1649,2966,881,16,13,0.49858206309819214,0.023855680316783992
cd8_BL,2.0,SDAN_32,Spectra_17,1649,2966,881,16,13,0.36751152073732724,0.018650747370338137
cd8_BL,2.0,SDAN_32,Spectra_18,1649,2966,881,16,13,0.30485643388869194,0.010713960976914802
cd8_BL,2.0,SDAN_32,Spectra_19,1649,2966,881,16,13,0.3346331088266572,0.01262088038283778
cd8_BL,2.0,SDAN_32,Spectra_20,1649,2966,881,16,13,0.5732896136121943,0.020902347379493716
cd8_BL,2.0,SDAN_32,Spectra_21,1649,2966,881,16,13,0.4765154200638072,0.015424183784237213
cd8_BL,2.0,SDAN_32,Spectra_22,1649,2966,881,16,13,0.2635590216235377,0.00996173087462694
cd8_BL,2.0,SDAN_32,Spectra_23,1649,2966,881,16,13,0.4290145338532435,0.01367893959181878
cd8_BL,2.0,SDAN_32,Spectra_24,1649,2966,881,16,13,0.37841191066997515,0.012534500157249029
cd8_BL,2.0,SDAN_32,Spectra_25,1649,2966,881,16,13,0.27348457993619285,0.010321318607226309
cd8_BL,2.0,SDAN_32,Spectra_26,1649,2966,881,16,13,0.41829138603332155,0.012759948282678782
cd8_BL,2.0,SDAN_32,Spectra_27,1649,2966,881,16,13,0.4863523573200993,0.015230347056362841
cd8_BL,2.0,SDAN_32,Spectra_28,1649,2966,881,16,13,0.5773661822048919,0.058028467658030936
cd8_BL,2.0,SDAN_32,Spectra_29,1649,2966,881,16,13,0.5085076214108473,0.016776624315106757
cd8_BL,2.0,SDAN_32,Spectra_30,1649,2966,881,16,13,0.2547855370436016,0.009796603166362605
cd8_BL,2.0,SDAN_32,Spectra_31,1649,2966,881,16,13,0.304590570719603,0.01051819481797137
cd8_BL,2.0,SDAN_32,Spectra_32,1649,2966,881,16,13,0.45444877702942216,0.025144681272247303
cd8_BL,2.0,SDAN_32,Spectra_33,1649,2966,881,16,13,0.40482098546614675,0.013864654227895262
cd8_BL,2.0,SDAN_32,Spectra_34,1649,2966,881,16,13,0.35687699397376815,0.011593541352420588
cd8_BL,2.0,SDAN_32,Spectra_35,1649,2966,881,16,13,0.47394540942928043,0.014057109617249404
cd8_BL,2.0,SDAN_32,Spectra_36,1649,2966,881,16,13,0.6337291740517547,0.02650270444305999
cd8_BL,2.0,SDAN_32,Spectra_37,1649,2966,881,16,13,0.30786954980503367,0.010616373297040278
cd8_BL,2.0,SDAN_32,Spectra_38,1649,2966,881,16,13,0.5284473590925204,0.17266515967552315
cd8_BL,2.0,SDAN_32,Spectra_39,1649,2966,881,16,13,0.4576391350584899,0.015396146714961645
cd8_BL,2.0,SDAN_33,Spectra_0,1649,2966,881,18,7,0.34537430532853874,0.006553060889959748
cd8_BL,2.0,SDAN_33,Spectra_1,1649,2966,881,18,7,0.36793069630598235,0.006985467180404588
cd8_BL,2.0,SDAN_33,Spectra_2,1649,2966,881,18,7,0.40552468126838837,0.0074882856074998585
cd8_BL,2.0,SDAN_33,Spectra_3,1649,2966,881,18,7,0.4897025171624714,0.028027492413051962
cd8_BL,2.0,SDAN_33,Spectra_4,1649,2966,881,18,7,0.2667538411245505,0.006129394426636353
cd8_BL,2.0,SDAN_33,Spectra_5,1649,2966,881,18,7,0.5181431840470742,0.009945246507732961
cd8_BL,2.0,SDAN_33,Spectra_6,1649,2966,881,18,7,0.5542661000326904,0.010523169764202867
cd8_BL,2.0,SDAN_33,Spectra_7,1649,2966,881,18,7,0.2540045766590389,0.0056588884205346565
cd8_BL,2.0,SDAN_33,Spectra_8,1649,2966,881,18,7,0.48381824125531214,0.0119395207573543
cd8_BL,2.0,SDAN_33,Spectra_9,1649,2966,881,18,7,0.40143837855508335,0.007327193721942195
cd8_BL,2.0,SDAN_33,Spectra_10,1649,2966,881,18,7,0.6158875449493298,0.018917320702598772
cd8_BL,2.0,SDAN_33,Spectra_11,1649,2966,881,18,7,0.2477933965348153,0.005633222779774504
cd8_BL,2.0,SDAN_33,Spectra_12,1649,2966,881,18,7,0.5274599542334096,0.01029235254361325
cd8_BL,2.0,SDAN_33,Spectra_13,1649,2966,881,18,7,0.3555083360575352,0.00701109010875142
cd8_BL,2.0,SDAN_33,Spectra_14,1649,2966,881,18,7,0.4105916966328865,0.012869505532013298
cd8_BL,2.0,SDAN_33,Spectra_15,1649,2966,881,18,7,0.6363190585158548,0.018377551069893777
cd8_BL,2.0,SDAN_33,Spectra_16,1649,2966,881,18,7,0.38411245505067015,0.007884118016083703
cd8_BL,2.0,SDAN_33,Spectra_17,1649,2966,881,18,7,0.3421052631578947,0.006559763102831738
cd8_BL,2.0,SDAN_33,Spectra_18,1649,2966,881,18,7,0.2502451781627983,0.00575819018577496
cd8_BL,2.0,SDAN_33,Spectra_19,1649,2966,881,18,7,0.3141549525988885,0.006177101061983875
cd8_BL,2.0,SDAN_33,Spectra_20,1649,2966,881,18,7,0.3254331480876103,0.006320475030866243
cd8_BL,2.0,SDAN_33,Spectra_21,1649,2966,881,18,7,0.5156914024190912,0.012960359148738767
cd8_BL,2.0,SDAN_33,Spectra_22,1649,2966,881,18,7,0.41435109512912716,0.007554557458018052
cd8_BL,2.0,SDAN_33,Spectra_23,1649,2966,881,18,7,0.5021248774109186,0.010419824390633797
cd8_BL,2.0,SDAN_33,Spectra_24,1649,2966,881,18,7,0.36711343576332134,0.00698912726392901
cd8_BL,2.0,SDAN_33,Spectra_25,1649,2966,881,18,7,0.3077803203661327,0.006118914849679883
cd8_BL,2.0,SDAN_33,Spectra_26,1649,2966,881,18,7,0.5939849624060152,0.016227921774167764
cd8_BL,2.0,SDAN_33,Spectra_27,1649,2966,881,18,7,0.3808434128800262,0.006982791160935658
cd8_BL,2.0,SDAN_33,Spectra_28,1649,2966,881,18,7,0.3514220333442301,0.007121047099971007
cd8_BL,2.0,SDAN_33,Spectra_29,1649,2966,881,18,7,0.402745995423341,0.007323095508279898
cd8_BL,2.0,SDAN_33,Spectra_30,1649,2966,881,18,7,0.4244851258581236,0.016880369520716976
cd8_BL,2.0,SDAN_33,Spectra_31,1649,2966,881,18,7,0.4995096436744034,0.008588232338657164
cd8_BL,2.0,SDAN_33,Spectra_32,1649,2966,881,18,7,0.6260215756783262,0.02319756819263233
cd8_BL,2.0,SDAN_33,Spectra_33,1649,2966,881,18,7,0.2576005230467473,0.00579550497253265
cd8_BL,2.0,SDAN_33,Spectra_34,1649,2966,881,18,7,0.4584831644328211,0.008025398168190784
cd8_BL,2.0,SDAN_33,Spectra_35,1649,2966,881,18,7,0.45733899967309577,0.007788188283113463
cd8_BL,2.0,SDAN_33,Spectra_36,1649,2966,881,18,7,0.5967636482510624,0.012013347314309444
cd8_BL,2.0,SDAN_33,Spectra_37,1649,2966,881,18,7,0.29355998692383134,0.006016026261943993
cd8_BL,2.0,SDAN_33,Spectra_38,1649,2966,881,18,7,0.5898986596927099,0.01384286851040731
cd8_BL,2.0,SDAN_33,Spectra_39,1649,2966,881,18,7,0.6363190585158549,0.01285589081138459
cd8_BL,2.0,SDAN_34,Spectra_0,1649,2966,881,18,14,0.5565991102323282,0.019462099451095994
cd8_BL,2.0,SDAN_34,Spectra_1,1649,2966,881,18,14,0.600510792552315,0.027914752377871024
cd8_BL,2.0,SDAN_34,Spectra_2,1649,2966,881,18,14,0.6905585763717252,0.03742531084067092
cd8_BL,2.0,SDAN_34,Spectra_3,1649,2966,881,18,14,0.41110561871807544,0.014801013352819005
cd8_BL,2.0,SDAN_34,Spectra_4,1649,2966,881,18,14,0.2569616081726809,0.013086971952593379
cd8_BL,2.0,SDAN_34,Spectra_5,1649,2966,881,18,14,0.40706870983687593,0.013323905934204787
cd8_BL,2.0,SDAN_34,Spectra_6,1649,2966,881,18,14,0.35771955841159997,0.012786686755518913
cd8_BL,2.0,SDAN_34,Spectra_7,1649,2966,881,18,14,0.5639314549349151,0.020808339524167337
cd8_BL,2.0,SDAN_34,Spectra_8,1649,2966,881,18,14,0.5525622013511287,0.04247214203024251
cd8_BL,2.0,SDAN_34,Spectra_9,1649,2966,881,18,14,0.5215027187345526,0.018155581468528796
cd8_BL,2.0,SDAN_34,Spectra_10,1649,2966,881,18,14,0.751688910858461,0.058435391053292346
cd8_BL,2.0,SDAN_34,Spectra_11,1649,2966,881,18,14,0.45427582797825006,0.017213011494343074
cd8_BL,2.0,SDAN_34,Spectra_12,1649,2966,881,18,14,0.3891085846103147,0.012971184771470485
cd8_BL,2.0,SDAN_34,Spectra_13,1649,2966,881,18,14,0.3554951392321634,0.012165542967007408
cd8_BL,2.0,SDAN_34,Spectra_14,1649,2966,881,18,14,0.7633877080243862,0.07888820115265471
cd8_BL,2.0,SDAN_34,Spectra_15,1649,2966,881,18,14,0.39858296259680337,0.013687674252168162
cd8_BL,2.0,SDAN_34,Spectra_16,1649,2966,881,18,14,0.46869335969681997,0.015085942409377018
cd8_BL,2.0,SDAN_34,Spectra_17,1649,2966,881,18,14,0.5360026363486571,0.02142048427855947
cd8_BL,2.0,SDAN_34,Spectra_18,1649,2966,881,18,14,0.4156368429724831,0.013549385516617274
cd8_BL,2.0,SDAN_34,Spectra_19,1649,2966,881,18,14,0.628192453451969,0.04905348575920254
cd8_BL,2.0,SDAN_34,Spectra_20,1649,2966,881,18,14,0.5878233646399738,0.01976643457700278
cd8_BL,2.0,SDAN_34,Spectra_21,1649,2966,881,18,14,0.4085516559565002,0.016003606805727058
cd8_BL,2.0,SDAN_34,Spectra_22,1649,2966,881,18,14,0.5935903773274016,0.020175941748698623
cd8_BL,2.0,SDAN_34,Spectra_23,1649,2966,881,18,14,0.5664030318009557,0.023181431482296427
cd8_BL,2.0,SDAN_34,Spectra_24,1649,2966,881,18,14,0.501565332015159,0.01704664940117323
cd8_BL,2.0,SDAN_34,Spectra_25,1649,2966,881,18,14,0.42066238260009886,0.013786586372637577
cd8_BL,2.0,SDAN_34,Spectra_26,1649,2966,881,18,14,0.40813972647882674,0.01666390785233826
cd8_BL,2.0,SDAN_34,Spectra_27,1649,2966,881,18,14,0.43722194760257044,0.01404657890193782
cd8_BL,2.0,SDAN_34,Spectra_28,1649,2966,881,18,14,0.6907233481627946,0.03975961803327308
cd8_BL,2.0,SDAN_34,Spectra_29,1649,2966,881,18,14,0.5405338606030647,0.08881437030891154
cd8_BL,2.0,SDAN_34,Spectra_30,1649,2966,881,18,14,0.40986983028505525,0.014475962217647045
cd8_BL,2.0,SDAN_34,Spectra_31,1649,2966,881,18,14,0.399983522820893,0.015184809828700819
cd8_BL,2.0,SDAN_34,Spectra_32,1649,2966,881,18,14,0.5042840665678036,0.017816434178807076
cd8_BL,2.0,SDAN_34,Spectra_33,1649,2966,881,18,14,0.6424452133794694,0.054599799057354355
cd8_BL,2.0,SDAN_34,Spectra_34,1649,2966,881,18,14,0.5193606854506508,0.017208467533934565
cd8_BL,2.0,SDAN_34,Spectra_35,1649,2966,881,18,14,0.36604053386060303,0.012455738962033459
cd8_BL,2.0,SDAN_34,Spectra_36,1649,2966,881,18,14,0.39965397923875434,0.01375141415080844
cd8_BL,2.0,SDAN_34,Spectra_37,1649,2966,881,18,14,0.5452298566485418,0.018773203770110283
cd8_BL,2.0,SDAN_34,Spectra_38,1649,2966,881,18,14,0.7424616905585764,0.04289036943385096
cd8_BL,2.0,SDAN_34,Spectra_39,1649,2966,881,18,14,0.4865710990278464,0.02312538384668724
cd8_BL,2.0,SDAN_35,Spectra_0,1649,2966,881,18,18,0.2844083944895069,0.013851028053768399
cd8_BL,2.0,SDAN_35,Spectra_1,1649,2966,881,18,18,0.41154886056392426,0.016694519698494704
cd8_BL,2.0,SDAN_35,Spectra_2,1649,2966,881,18,18,0.4525556843053946,0.018227319063245144
cd8_BL,2.0,SDAN_35,Spectra_3,1649,2966,881,18,18,0.87034891206386,0.1245492321151353
cd8_BL,2.0,SDAN_35,Spectra_4,1649,2966,881,18,18,0.2410196987253766,0.013493363210275604
cd8_BL,2.0,SDAN_35,Spectra_5,1649,2966,881,18,18,0.2094759881550148,0.012856163935246454
cd8_BL,2.0,SDAN_35,Spectra_6,1649,2966,881,18,18,0.2656109179863525,0.013680055733730075
cd8_BL,2.0,SDAN_35,Spectra_7,1649,2966,881,18,18,0.4965881292648384,0.019809749781627792
cd8_BL,2.0,SDAN_35,Spectra_8,1649,2966,881,18,18,0.36951203810995237,0.01562653468850172
cd8_BL,2.0,SDAN_35,Spectra_9,1649,2966,881,18,18,0.23297283378395778,0.013128396488139241
cd8_BL,2.0,SDAN_35,Spectra_10,1649,2966,881,18,18,0.2709540363074546,0.013912120716190007
cd8_BL,2.0,SDAN_35,Spectra_11,1649,2966,881,18,18,0.36326767091541134,0.01549395295394948
cd8_BL,2.0,SDAN_35,Spectra_12,1649,2966,881,18,18,0.2354190807261491,0.013196907665730829
cd8_BL,2.0,SDAN_35,Spectra_13,1649,2966,881,18,18,0.25537530578086776,0.013422982593853047
cd8_BL,2.0,SDAN_35,Spectra_14,1649,2966,881,18,18,0.32586584266769664,0.041845183527905845
cd8_BL,2.0,SDAN_35,Spectra_15,1649,2966,881,18,18,0.1962147547315566,0.012504833997127745
cd8_BL,2.0,SDAN_35,Spectra_16,1649,2966,881,18,18,0.32226084717394105,0.014774570660175571
cd8_BL,2.0,SDAN_35,Spectra_17,1649,2966,881,18,18,0.47000128749839065,0.03973066499009525
cd8_BL,2.0,SDAN_35,Spectra_18,1649,2966,881,18,18,0.48416376979528775,0.03494765315505939
cd8_BL,2.0,SDAN_35,Spectra_19,1649,2966,881,18,18,0.15939230075962407,0.012073987562566654
cd8_BL,2.0,SDAN_35,Spectra_20,1649,2966,881,18,18,0.1694991631260461,0.012095460700228333
cd8_BL,2.0,SDAN_35,Spectra_21,1649,2966,881,18,18,0.267349040813699,0.013707720772183546
cd8_BL,2.0,SDAN_35,Spectra_22,1649,2966,881,18,18,0.08259302175872281,0.011466047404556689
cd8_BL,2.0,SDAN_35,Spectra_23,1649,2966,881,18,18,0.5144843568945539,0.02056550312127317
cd8_BL,2.0,SDAN_35,Spectra_24,1649,2966,881,18,18,0.10087549890562635,0.011502952214150906
cd8_BL,2.0,SDAN_35,Spectra_25,1649,2966,881,18,18,0.1022917471353161,0.011547958934043213
cd8_BL,2.0,SDAN_35,Spectra_26,1649,2966,881,18,18,0.17889790137762326,0.01240188999907887
cd8_BL,2.0,SDAN_35,Spectra_27,1649,2966,881,18,18,0.23001158748551567,0.013167079715656314
cd8_BL,2.0,SDAN_35,Spectra_28,1649,2966,881,18,18,0.2132741084073645,0.012609732158662533
cd8_BL,2.0,SDAN_35,Spectra_29,1649,2966,881,18,18,0.16525041843697696,0.012105538929406487
cd8_BL,2.0,SDAN_35,Spectra_30,1649,2966,881,18,18,0.12134672331659585,0.011916677417197201
cd8_BL,2.0,SDAN_35,Spectra_31,1649,2966,881,18,18,0.07512553109308615,0.01139934983240003
cd8_BL,2.0,SDAN_35,Spectra_32,1649,2966,881,18,18,0.08510364362044547,0.011530647273780815
cd8_BL,2.0,SDAN_35,Spectra_33,1649,2966,881,18,18,0.2585296768379039,0.013575892879605584
cd8_BL,2.0,SDAN_35,Spectra_34,1649,2966,881,18,18,0.11336423329470836,0.011718800907912427
cd8_BL,2.0,SDAN_35,Spectra_35,1649,2966,881,18,18,0.07699240375949529,0.0114448202980225
cd8_BL,2.0,SDAN_35,Spectra_36,1649,2966,881,18,18,0.2081241148448564,0.01282523157598798
cd8_BL,2.0,SDAN_35,Spectra_37,1649,2966,881,18,18,0.2585940517574353,0.013516319893361575
cd8_BL,2.0,SDAN_35,Spectra_38,1649,2966,881,18,18,0.5307068366164542,0.021521100438615805
cd8_BL,2.0,SDAN_35,Spectra_39,1649,2966,881,18,18,0.23850907686365394,0.013206510300520308
cd8_BL,2.0,SDAN_36,Spectra_0,1649,2966,881,17,13,0.4983161999291032,0.01866440660573857
cd8_BL,2.0,SDAN_36,Spectra_1,1649,2966,881,17,13,0.6393123006026232,0.026033116474193384
cd8_BL,2.0,SDAN_36,Spectra_2,1649,2966,881,17,13,0.5697447713576747,0.018870651631720914
cd8_BL,2.0,SDAN_36,Spectra_3,1649,2966,881,17,13,0.5263204537398085,0.015454418692169958
cd8_BL,2.0,SDAN_36,Spectra_4,1649,2966,881,17,13,0.6029776674937964,0.026328904449506696
cd8_BL,2.0,SDAN_36,Spectra_5,1649,2966,881,17,13,0.23980857851825593,0.009802623962600277
cd8_BL,2.0,SDAN_36,Spectra_6,1649,2966,881,17,13,0.37220843672456577,0.012653104176977358
cd8_BL,2.0,SDAN_36,Spectra_7,1649,2966,881,17,13,0.3667139312300603,0.011624605613563092
cd8_BL,2.0,SDAN_36,Spectra_8,1649,2966,881,17,13,0.6121942573555477,0.025941696554492428
cd8_BL,2.0,SDAN_36,Spectra_9,1649,2966,881,17,13,0.33002481389578164,0.010979323130113985
cd8_BL,2.0,SDAN_36,Spectra_10,1649,2966,881,17,13,0.5399680964197094,0.018073543933660372
cd8_BL,2.0,SDAN_36,Spectra_11,1649,2966,881,17,13,0.3357851825593761,0.01125257897801185
cd8_BL,2.0,SDAN_36,Spectra_12,1649,2966,881,17,13,0.3610421836228288,0.012235377023492191
cd8_BL,2.0,SDAN_36,Spectra_13,1649,2966,881,17,13,0.4500177242112726,0.014800424409761637
cd8_BL,2.0,SDAN_36,Spectra_14,1649,2966,881,17,13,0.7068415455512229,0.03327293834964601
cd8_BL,2.0,SDAN_36,Spectra_15,1649,2966,881,17,13,0.5078872740163063,0.01566421040907188
cd8_BL,2.0,SDAN_36,Spectra_16,1649,2966,881,17,13,0.6331088266572138,0.03784366860935052
cd8_BL,2.0,SDAN_36,Spectra_17,1649,2966,881,17,13,0.4654377880184332,0.018871881606347448
cd8_BL,2.0,SDAN_36,Spectra_18,1649,2966,881,17,13,0.4058844381425027,0.012320674606085096
cd8_BL,2.0,SDAN_36,Spectra_19,1649,2966,881,17,13,0.46703296703296704,0.016426982577813557
cd8_BL,2.0,SDAN_36,Spectra_20,1649,2966,881,17,13,0.5235732009925559,0.017851233878002932
cd8_BL,2.0,SDAN_36,Spectra_21,1649,2966,881,17,13,0.370081531371854,0.011779630246914535
cd8_BL,2.0,SDAN_36,Spectra_22,1649,2966,881,17,13,0.3227578872740163,0.010818153763372002
cd8_BL,2.0,SDAN_36,Spectra_23,1649,2966,881,17,13,0.5507798652959943,0.016501241181596994
cd8_BL,2.0,SDAN_36,Spectra_24,1649,2966,881,17,13,0.43991492378589153,0.014064030622796844
cd8_BL,2.0,SDAN_36,Spectra_25,1649,2966,881,17,13,0.41784828075150654,0.01295549805512887
cd8_BL,2.0,SDAN_36,Spectra_26,1649,2966,881,17,13,0.618663594470046,0.029355690539051307
cd8_BL,2.0,SDAN_36,Spectra_27,1649,2966,881,17,13,0.5506026231832684,0.016799232345715925
cd8_BL,2.0,SDAN_36,Spectra_28,1649,2966,881,17,13,0.5343849698688408,0.03152776063499495
cd8_BL,2.0,SDAN_36,Spectra_29,1649,2966,881,17,13,0.5755051400212691,0.021257917750304493
cd8_BL,2.0,SDAN_36,Spectra_30,1649,2966,881,17,13,0.6256646579227225,0.022858693606670984
cd8_BL,2.0,SDAN_36,Spectra_31,1649,2966,881,17,13,0.46614675646933706,0.016967478070894427
cd8_BL,2.0,SDAN_36,Spectra_32,1649,2966,881,17,13,0.32435306628855015,0.01084422795201503
cd8_BL,2.0,SDAN_36,Spectra_33,1649,2966,881,17,13,0.5576923076923077,0.023406196486912754
cd8_BL,2.0,SDAN_36,Spectra_34,1649,2966,881,17,13,0.36467564693371146,0.01151718408113139
cd8_BL,2.0,SDAN_36,Spectra_35,1649,2966,881,17,13,0.27880184331797236,0.010190988925117045
cd8_BL,2.0,SDAN_36,Spectra_36,1649,2966,881,17,13,0.38594470046082946,0.011919909462086913
cd8_BL,2.0,SDAN_36,Spectra_37,1649,2966,881,17,13,0.5568060971286777,0.019933948612883258
cd8_BL,2.0,SDAN_36,Spectra_38,1649,2966,881,17,13,0.4867954626019142,0.01439553940432531
cd8_BL,2.0,SDAN_36,Spectra_39,1649,2966,881,17,13,0.7084367245657568,0.02887130290893621
cd8_BL,2.0,SDAN_37,Spectra_0,1649,2966,881,17,13,0.17422899680964196,0.008983076896751898
cd8_BL,2.0,SDAN_37,Spectra_1,1649,2966,881,17,13,0.22394540942928043,0.00946839114598206
cd8_BL,2.0,SDAN_37,Spectra_2,1649,2966,881,17,13,0.238922367954626,0.009801320268173088
cd8_BL,2.0,SDAN_37,Spectra_3,1649,2966,881,17,13,0.3575859624246721,0.011967130915376628
cd8_BL,2.0,SDAN_37,Spectra_4,1649,2966,881,17,13,0.24707550514002127,0.009855832739878646
cd8_BL,2.0,SDAN_37,Spectra_5,1649,2966,881,17,13,0.12079049982275789,0.008629867755668605
cd8_BL,2.0,SDAN_37,Spectra_6,1649,2966,881,17,13,0.17112725983693727,0.008986837532531464
cd8_BL,2.0,SDAN_37,Spectra_7,1649,2966,881,17,13,0.4750088621056363,0.014243375559039845
cd8_BL,2.0,SDAN_37,Spectra_8,1649,2966,881,17,13,0.1937256292095002,0.009141141177964171
cd8_BL,2.0,SDAN_37,Spectra_9,1649,2966,881,17,13,0.1883197447713577,0.0091040653580913
cd8_BL,2.0,SDAN_37,Spectra_10,1649,2966,881,17,13,0.228287841191067,0.010161105934126736
cd8_BL,2.0,SDAN_37,Spectra_11,1649,2966,881,17,13,0.2952853598014889,0.010840091662013681
cd8_BL,2.0,SDAN_37,Spectra_12,1649,2966,881,17,13,0.15260545905707198,0.008788738426078005
cd8_BL,2.0,SDAN_37,Spectra_13,1649,2966,881,17,13,0.2166784828075151,0.009538863061210469
cd8_BL,2.0,SDAN_37,Spectra_14,1649,2966,881,17,13,0.630007089684509,0.03181801004806235
cd8_BL,2.0,SDAN_37,Spectra_15,1649,2966,881,17,13,0.28447359092520386,0.010214500542338103
cd8_BL,2.0,SDAN_37,Spectra_16,1649,2966,881,17,13,0.228465083303793,0.00946966471427074
cd8_BL,2.0,SDAN_37,Spectra_17,1649,2966,881,17,13,0.34712867777383904,0.043280411137081705
cd8_BL,2.0,SDAN_37,Spectra_18,1649,2966,881,17,13,0.5402339595887983,0.03997787392841671
cd8_BL,2.0,SDAN_37,Spectra_19,1649,2966,881,17,13,0.1554413328606877,0.008829004222264935
cd8_BL,2.0,SDAN_37,Spectra_20,1649,2966,881,17,13,0.23395958879829848,0.009712280339729462
cd8_BL,2.0,SDAN_37,Spectra_21,1649,2966,881,17,13,0.33631690889755406,0.011062246737159087
cd8_BL,2.0,SDAN_37,Spectra_22,1649,2966,881,17,13,0.22483161999291032,0.00959114610255087
cd8_BL,2.0,SDAN_37,Spectra_23,1649,2966,881,17,13,0.6114852889046438,0.057544789782301674
cd8_BL,2.0,SDAN_37,Spectra_24,1649,2966,881,17,13,0.2079936192839419,0.009335263483716242
cd8_BL,2.0,SDAN_37,Spectra_25,1649,2966,881,17,13,0.1861928394186459,0.009179565778821954
cd8_BL,2.0,SDAN_37,Spectra_26,1649,2966,881,17,13,0.26905352711804326,0.010247456415602579
cd8_BL,2.0,SDAN_37,Spectra_27,1649,2966,881,17,13,0.3627259836937256,0.011630011834223315
cd8_BL,2.0,SDAN_37,Spectra_28,1649,2966,881,17,13,0.3888691953208082,0.050606449023053335
cd8_BL,2.0,SDAN_37,Spectra_29,1649,2966,881,17,13,0.20755051400212693,0.009319558716465458
cd8_BL,2.0,SDAN_37,Spectra_30,1649,2966,881,17,13,0.15552995391705068,0.008989379298325391
cd8_BL,2.0,SDAN_37,Spectra_31,1649,2966,881,17,13,0.17183622828784118,0.009201205419730598
cd8_BL,2.0,SDAN_37,Spectra_32,1649,2966,881,17,13,0.2677242112725984,0.028931903618743454
cd8_BL,2.0,SDAN_37,Spectra_33,1649,2966,881,17,13,0.4163417227933357,0.014746643453514419
cd8_BL,2.0,SDAN_37,Spectra_34,1649,2966,881,17,13,0.14090747961715705,0.008808489278059327
cd8_BL,2.0,SDAN_37,Spectra_35,1649,2966,881,17,13,0.15801134349521448,0.009035490861529376
cd8_BL,2.0,SDAN_37,Spectra_36,1649,2966,881,17,13,0.3115916341722793,0.010847010749569235
cd8_BL,2.0,SDAN_37,Spectra_37,1649,2966,881,17,13,0.532701169797944,0.02108354878196831
cd8_BL,2.0,SDAN_37,Spectra_38,1649,2966,881,17,13,0.521269053527118,0.01892148305343596
cd8_BL,2.0,SDAN_37,Spectra_39,1649,2966,881,17,13,0.5009748316199929,0.01563362322960718
cd8_BL,2.0,SDAN_38,Spectra_0,1649,2966,881,17,12,0.47209436133486765,0.017189679642396177
cd8_BL,2.0,SDAN_38,Spectra_1,1649,2966,881,17,12,0.46192942079018023,0.020783024580741553
cd8_BL,2.0,SDAN_38,Spectra_2,1649,2966,881,17,12,0.4278864595320291,0.014084703436949692
cd8_BL,2.0,SDAN_38,Spectra_3,1649,2966,881,17,12,0.7624664365170695,0.03501822877724494
cd8_BL,2.0,SDAN_38,Spectra_4,1649,2966,881,17,12,0.3517453011123897,0.010475224362510908
cd8_BL,2.0,SDAN_38,Spectra_5,1649,2966,881,17,12,0.37897967011891065,0.011013188937539472
cd8_BL,2.0,SDAN_38,Spectra_6,1649,2966,881,17,12,0.3978711162255466,0.011289633261578636
cd8_BL,2.0,SDAN_38,Spectra_7,1649,2966,881,17,12,0.4585730724971231,0.013479108019409068
cd8_BL,2.0,SDAN_38,Spectra_8,1649,2966,881,17,12,0.4758342922899885,0.01334724536137397
cd8_BL,2.0,SDAN_38,Spectra_9,1649,2966,881,17,12,0.40228231683927884,0.011316390360500483
cd8_BL,2.0,SDAN_38,Spectra_10,1649,2966,881,17,12,0.43517453011123897,0.012714359919724878
cd8_BL,2.0,SDAN_38,Spectra_11,1649,2966,881,17,12,0.41513233601841193,0.011960562446735379
cd8_BL,2.0,SDAN_38,Spectra_12,1649,2966,881,17,12,0.36430763329497506,0.01071678499852761
cd8_BL,2.0,SDAN_38,Spectra_13,1649,2966,881,17,12,0.35941695435366317,0.010830430462785468
cd8_BL,2.0,SDAN_38,Spectra_14,1649,2966,881,17,12,0.5140966628308401,0.03299767956080971
cd8_BL,2.0,SDAN_38,Spectra_15,1649,2966,881,17,12,0.18517453011123897,0.008481604616125179
cd8_BL,2.0,SDAN_38,Spectra_16,1649,2966,881,17,12,0.4216532412734944,0.013472500042117839
cd8_BL,2.0,SDAN_38,Spectra_17,1649,2966,881,17,12,0.5693325661680092,0.02675446030100896
cd8_BL,2.0,SDAN_38,Spectra_18,1649,2966,881,17,12,0.3481971614883007,0.010449319043911763
cd8_BL,2.0,SDAN_38,Spectra_19,1649,2966,881,17,12,0.7414652857690832,0.13745958289618723
cd8_BL,2.0,SDAN_38,Spectra_20,1649,2966,881,17,12,0.4918488684311469,0.0185753931663951
cd8_BL,2.0,SDAN_38,Spectra_21,1649,2966,881,17,12,0.38991177598772536,0.011646157128729783
cd8_BL,2.0,SDAN_38,Spectra_22,1649,2966,881,17,12,0.39345991561181437,0.01189139435875793
cd8_BL,2.0,SDAN_38,Spectra_23,1649,2966,881,17,12,0.45473724587648645,0.022176095930622766
cd8_BL,2.0,SDAN_38,Spectra_24,1649,2966,881,17,12,0.4739163789796701,0.013305090708777166
cd8_BL,2.0,SDAN_38,Spectra_25,1649,2966,881,17,12,0.4011315688530878,0.011396280909370664
cd8_BL,2.0,SDAN_38,Spectra_26,1649,2966,881,17,12,0.44121595703874184,0.016981320890046447
cd8_BL,2.0,SDAN_38,Spectra_27,1649,2966,881,17,12,0.4665324127349444,0.012794550089536935
cd8_BL,2.0,SDAN_38,Spectra_28,1649,2966,881,17,12,0.48916378979670117,0.036567078311655926
cd8_BL,2.0,SDAN_38,Spectra_29,1649,2966,881,17,12,0.47775220560030685,0.01328876156578633
cd8_BL,2.0,SDAN_38,Spectra_30,1649,2966,881,17,12,0.37897967011891065,0.011022238803233277
cd8_BL,2.0,SDAN_38,Spectra_31,1649,2966,881,17,12,0.3319907940161104,0.011179295277068057
cd8_BL,2.0,SDAN_38,Spectra_32,1649,2966,881,17,12,0.2357115458381281,0.00909814384200942
cd8_BL,2.0,SDAN_38,Spectra_33,1649,2966,881,17,12,0.48216340621403914,0.014554039192096949
cd8_BL,2.0,SDAN_38,Spectra_34,1649,2966,881,17,12,0.32441503644035286,0.010086587887980204
cd8_BL,2.0,SDAN_38,Spectra_35,1649,2966,881,17,12,0.3162639048714998,0.009945462901032954
cd8_BL,2.0,SDAN_38,Spectra_36,1649,2966,881,17,12,0.21739547372458762,0.008696671387094082
cd8_BL,2.0,SDAN_38,Spectra_37,1649,2966,881,17,12,0.4422708093594169,0.012508858103291897
cd8_BL,2.0,SDAN_38,Spectra_38,1649,2966,881,17,12,0.3913502109704641,0.014687224864316558
cd8_BL,2.0,SDAN_38,Spectra_39,1649,2966,881,17,12,0.44150364403528963,0.012565464023271305
cd8_BL,2.0,SDAN_39,Spectra_0,1649,2966,881,17,4,0.11944127708095781,0.0031419269397696776
cd8_BL,2.0,SDAN_39,Spectra_1,1649,2966,881,17,4,0.5464652223489167,0.007006911729179378
cd8_BL,2.0,SDAN_39,Spectra_2,1649,2966,881,17,4,0.3925313568985177,0.004923633145509756
cd8_BL,2.0,SDAN_39,Spectra_3,1649,2966,881,17,4,0.44612314709236034,0.005686764950724342
cd8_BL,2.0,SDAN_39,Spectra_4,1649,2966,881,17,4,0.2953249714937286,0.0038167023241433306
cd8_BL,2.0,SDAN_39,Spectra_5,1649,2966,881,17,4,0.07525655644241733,0.0030254401022137938
cd8_BL,2.0,SDAN_39,Spectra_6,1649,2966,881,17,4,0.3563283922462942,0.004412796483031937
cd8_BL,2.0,SDAN_39,Spectra_7,1649,2966,881,17,4,0.4649372862029647,0.005072432597880211
cd8_BL,2.0,SDAN_39,Spectra_8,1649,2966,881,17,4,0.25484606613454963,0.0040660977775506535
cd8_BL,2.0,SDAN_39,Spectra_9,1649,2966,881,17,4,0.11915621436716078,0.0031350069724534677
cd8_BL,2.0,SDAN_39,Spectra_10,1649,2966,881,17,4,0.2588369441277081,0.0037218772140888367
cd8_BL,2.0,SDAN_39,Spectra_11,1649,2966,881,17,4,0.3129988597491448,0.006982205767970543
cd8_BL,2.0,SDAN_39,Spectra_12,1649,2966,881,17,4,0.09635119726339794,0.0030724220572107943
cd8_BL,2.0,SDAN_39,Spectra_13,1649,2966,881,17,4,0.29475484606613456,0.0038713325079441675
cd8_BL,2.0,SDAN_39,Spectra_14,1649,2966,881,17,4,0.5732611174458381,0.040150100683546186
cd8_BL,2.0,SDAN_39,Spectra_15,1649,2966,881,17,4,0.2283352337514253,0.003489884209553996
cd8_BL,2.0,SDAN_39,Spectra_16,1649,2966,881,17,4,0.46037628278221204,0.005492664399694382
cd8_BL,2.0,SDAN_39,Spectra_17,1649,2966,881,17,4,0.21465222348916763,0.003422289877472444
cd8_BL,2.0,SDAN_39,Spectra_18,1649,2966,881,17,4,0.3611744583808438,0.004484178243030256
cd8_BL,2.0,SDAN_39,Spectra_19,1649,2966,881,17,4,0.04389965792474343,0.0029282798024926155
cd8_BL,2.0,SDAN_39,Spectra_20,1649,2966,881,17,4,0.38027366020524517,0.0044229274839312875
cd8_BL,2.0,SDAN_39,Spectra_21,1649,2966,881,17,4,0.40108323831242876,0.004497468389716486
cd8_BL,2.0,SDAN_39,Spectra_22,1649,2966,881,17,4,0.2266248574686431,0.003482569723170007
cd8_BL,2.0,SDAN_39,Spectra_23,1649,2966,881,17,4,0.5664196123147092,0.03213117724991671
cd8_BL,2.0,SDAN_39,Spectra_24,1649,2966,881,17,4,0.2622576966932725,0.003718368443825012
cd8_BL,2.0,SDAN_39,Spectra_25,1649,2966,881,17,4,0.15108323831242873,0.0032170289815643513
cd8_BL,2.0,SDAN_39,Spectra_26,1649,2966,881,17,4,0.3261117445838084,0.004093196600584473
cd8_BL,2.0,SDAN_39,Spectra_27,1649,2966,881,17,4,0.2508551881413911,0.003586723518805256
cd8_BL,2.0,SDAN_39,Spectra_28,1649,2966,881,17,4,0.36915621436716073,0.0043534864593612705
cd8_BL,2.0,SDAN_39,Spectra_29,1649,2966,881,17,4,0.2309007981755986,0.0034986499067178587
cd8_BL,2.0,SDAN_39,Spectra_30,1649,2966,881,17,4,0.1556442417331813,0.003240119855857748
cd8_BL,2.0,SDAN_39,Spectra_31,1649,2966,881,17,4,0.2226339794754846,0.003591489416425982
cd8_BL,2.0,SDAN_39,Spectra_32,1649,2966,881,17,4,0.21180159635119727,0.0034946580664256943
cd8_BL,2.0,SDAN_39,Spectra_33,1649,2966,881,17,4,0.3235461801596351,0.004356423162496063
cd8_BL,2.0,SDAN_39,Spectra_34,1649,2966,881,17,4,0.2251995438996579,0.0037981070660754995
cd8_BL,2.0,SDAN_39,Spectra_35,1649,2966,881,17,4,0.2277651083238312,0.0035441562834238856
cd8_BL,2.0,SDAN_39,Spectra_36,1649,2966,881,17,4,0.30587229190421894,0.003924441539430867
cd8_BL,2.0,SDAN_39,Spectra_37,1649,2966,881,17,4,0.2685290763968073,0.0042668976551655385
cd8_BL,2.0,SDAN_39,Spectra_38,1649,2966,881,17,4,0.4974344355758267,0.01347630669176722
cd8_BL,2.0,SDAN_39,Spectra_39,1649,2966,881,17,4,0.3201254275940707,0.004113493732927887
