cell_type,sdan_weight,program,factor,n_genes_overlap,n_program_genes_total,n_program_genes_overlap,auroc,average_precision
Astro,2.0,SDAN_0,sciRED_0,1200,43,29,0.4052828410730587,0.02130917506095639
Astro,2.0,SDAN_0,sciRED_1,1200,43,29,0.28125092022733295,0.016059215570244364
Astro,2.0,SDAN_0,sciRED_2,1200,43,29,0.3058393945640331,0.016469754385988085
Astro,2.0,SDAN_0,sciRED_3,1200,43,29,0.3122883477134191,0.01657807817936631
Astro,2.0,SDAN_0,sciRED_4,1200,43,29,0.503342265673312,0.02665785502910254
Astro,2.0,SDAN_0,sciRED_5,1200,43,29,0.47398333284254546,0.027119654163454576
Astro,2.0,SDAN_0,sciRED_6,1200,43,29,0.4461262110191702,0.020622889331214346
Astro,2.0,SDAN_0,sciRED_7,1200,43,29,0.4003062516564092,0.020211101549017674
Astro,2.0,SDAN_0,sciRED_8,1200,43,29,0.40007067345917136,0.0201802943943755
Astro,2.0,SDAN_0,sciRED_9,1200,43,29,0.47890102770988546,0.02237487237300255
Astro,2.0,SDAN_0,sciRED_10,1200,43,29,0.3207986100886363,0.01675494142494139
Astro,2.0,SDAN_0,sciRED_11,1200,43,29,0.4099944050178156,0.020732877603025255
Astro,2.0,SDAN_0,sciRED_12,1200,43,29,0.33655290202891724,0.017122488500147432
Astro,2.0,SDAN_0,sciRED_13,1200,43,29,0.3794281339262051,0.0193242670713194
Astro,2.0,SDAN_0,sciRED_14,1200,43,29,0.5421243263935923,0.026053005070251753
Astro,2.0,SDAN_0,sciRED_15,1200,43,29,0.3691215877970494,0.018762059416760624
Astro,2.0,SDAN_0,sciRED_16,1200,43,29,0.4174445655054625,0.020811578528968498
Astro,2.0,SDAN_0,sciRED_17,1200,43,29,0.41791572189993814,0.019601796466692196
Astro,2.0,SDAN_0,sciRED_18,1200,43,29,0.3825200977649518,0.018468102937426914
Astro,2.0,SDAN_0,sciRED_19,1200,43,29,0.34329632792485054,0.017327532386362945
Astro,2.0,SDAN_0,sciRED_20,1200,43,29,0.4277805589092729,0.019830429457815376
Astro,2.0,SDAN_0,sciRED_21,1200,43,29,0.3303689743514238,0.016992177499956844
Astro,2.0,SDAN_0,sciRED_22,1200,43,29,0.32076916281398155,0.016753315190632882
Astro,2.0,SDAN_0,sciRED_23,1200,43,29,0.38846844724520746,0.018694590148486467
Astro,2.0,SDAN_0,sciRED_24,1200,43,29,0.34229512058658973,0.01728205871191555
Astro,2.0,SDAN_0,sciRED_25,1200,43,29,0.31222945316410966,0.01651008324024558
Astro,2.0,SDAN_0,sciRED_26,1200,43,29,0.4061957065873553,0.019221465973455497
Astro,2.0,SDAN_0,sciRED_27,1200,43,29,0.42006537294973345,0.02201395365356661
Astro,2.0,SDAN_0,sciRED_28,1200,43,29,0.4188874819635443,0.019914387255694478
Astro,2.0,SDAN_0,sciRED_29,1200,43,29,0.45575546983126713,0.021339644910159473
Astro,2.0,SDAN_0,sciRED_30,1200,43,29,0.47904826408315915,0.0238607146540679
Astro,2.0,SDAN_0,sciRED_31,1200,43,29,0.4362613740098354,0.022352073475277512
Astro,2.0,SDAN_0,sciRED_32,1200,43,29,0.4114962160252069,0.02193486286898342
Astro,2.0,SDAN_0,sciRED_33,1200,43,29,0.4503666185694514,0.022152993383057283
Astro,2.0,SDAN_0,sciRED_34,1200,43,29,0.4853499808592715,0.025373636671840748
Astro,2.0,SDAN_0,sciRED_35,1200,43,29,0.4496598839777379,0.021166343050849246
Astro,2.0,SDAN_0,sciRED_36,1200,43,29,0.47825318766748137,0.024036951618716138
Astro,2.0,SDAN_0,sciRED_37,1200,43,29,0.5241909361288613,0.025714361621287752
Astro,2.0,SDAN_0,sciRED_38,1200,43,29,0.5603816366795253,0.038828511800501585
Astro,2.0,SDAN_0,sciRED_39,1200,43,29,0.4869695809652816,0.02277635575840342
Astro,2.0,SDAN_1,sciRED_0,1200,45,22,0.3870196017903997,0.01444177635426295
Astro,2.0,SDAN_1,sciRED_1,1200,45,22,0.38231208519833304,0.014432080324081668
Astro,2.0,SDAN_1,sciRED_2,1200,45,22,0.3975536348201883,0.01503610343605408
Astro,2.0,SDAN_1,sciRED_3,1200,45,22,0.5233832381540362,0.0191300013629582
Astro,2.0,SDAN_1,sciRED_4,1200,45,22,0.6321577403920359,0.04457477209102767
Astro,2.0,SDAN_1,sciRED_5,1200,45,22,0.44123321500231516,0.06885091453156991
Astro,2.0,SDAN_1,sciRED_6,1200,45,22,0.4406158357771261,0.01708836041184367
Astro,2.0,SDAN_1,sciRED_7,1200,45,22,0.5384318567680197,0.055555171122930104
Astro,2.0,SDAN_1,sciRED_8,1200,45,22,0.4702500385862016,0.016957207762880462
Astro,2.0,SDAN_1,sciRED_9,1200,45,22,0.4408087667849977,0.018933575196570154
Astro,2.0,SDAN_1,sciRED_10,1200,45,22,0.37089056953233523,0.013967461245246374
Astro,2.0,SDAN_1,sciRED_11,1200,45,22,0.578021299583269,0.02998063532977307
Astro,2.0,SDAN_1,sciRED_12,1200,45,22,0.4445902145392807,0.01746159552910038
Astro,2.0,SDAN_1,sciRED_13,1200,45,22,0.5109584812471061,0.0202597372410515
Astro,2.0,SDAN_1,sciRED_14,1200,45,22,0.48981324278438026,0.01915891529685544
Astro,2.0,SDAN_1,sciRED_15,1200,45,22,0.6190770180583423,0.028436516612030473
Astro,2.0,SDAN_1,sciRED_16,1200,45,22,0.5533647167772805,0.022695637832252626
Astro,2.0,SDAN_1,sciRED_17,1200,45,22,0.3823506713999074,0.014392587183818112
Astro,2.0,SDAN_1,sciRED_18,1200,45,22,0.5243478931933941,0.02032112626593528
Astro,2.0,SDAN_1,sciRED_19,1200,45,22,0.46183824664300044,0.02150927084153816
Astro,2.0,SDAN_1,sciRED_20,1200,45,22,0.38860163605494674,0.014347478958164725
Astro,2.0,SDAN_1,sciRED_21,1200,45,22,0.48356227812934094,0.018249558840034836
Astro,2.0,SDAN_1,sciRED_22,1200,45,22,0.4871893810773267,0.018874695225669487
Astro,2.0,SDAN_1,sciRED_23,1200,45,22,0.42016514894273804,0.015855151927735133
Astro,2.0,SDAN_1,sciRED_24,1200,45,22,0.48842413952770486,0.01708059223983799
Astro,2.0,SDAN_1,sciRED_25,1200,45,22,0.4342876987189381,0.016341731253772147
Astro,2.0,SDAN_1,sciRED_26,1200,45,22,0.4154962185522457,0.015082297492357639
Astro,2.0,SDAN_1,sciRED_27,1200,45,22,0.42788238925760147,0.016944390894316458
Astro,2.0,SDAN_1,sciRED_28,1200,45,22,0.5241935483870968,0.03232217178576945
Astro,2.0,SDAN_1,sciRED_29,1200,45,22,0.4050779441271801,0.014800455597019577
Astro,2.0,SDAN_1,sciRED_30,1200,45,22,0.4960256212378453,0.01835095644692748
Astro,2.0,SDAN_1,sciRED_31,1200,45,22,0.437683284457478,0.016574506617119497
Astro,2.0,SDAN_1,sciRED_32,1200,45,22,0.5657508874826362,0.026018772543146114
Astro,2.0,SDAN_1,sciRED_33,1200,45,22,0.4295030097237228,0.015486254474548652
Astro,2.0,SDAN_1,sciRED_34,1200,45,22,0.4170396666152184,0.0159638846006014
Astro,2.0,SDAN_1,sciRED_35,1200,45,22,0.5721561969439728,0.07821303200548259
Astro,2.0,SDAN_1,sciRED_36,1200,45,22,0.6053017440963112,0.027353160506037835
Astro,2.0,SDAN_1,sciRED_37,1200,45,22,0.4615681432319802,0.016892229050194375
Astro,2.0,SDAN_1,sciRED_38,1200,45,22,0.5396280290168236,0.020372583690440385
Astro,2.0,SDAN_1,sciRED_39,1200,45,22,0.5360395122704121,0.025394325658873167
Astro,2.0,SDAN_2,sciRED_0,1200,45,21,0.505715093501353,0.02455173261936038
Astro,2.0,SDAN_2,sciRED_1,1200,45,21,0.3606365362090553,0.013303750567117089
Astro,2.0,SDAN_2,sciRED_2,1200,45,21,0.29056100811826,0.011769507668388458
Astro,2.0,SDAN_2,sciRED_3,1200,45,21,0.4610848580314229,0.01582341592839496
Astro,2.0,SDAN_2,sciRED_4,1200,45,21,0.4244517145280504,0.014695561501160945
Astro,2.0,SDAN_2,sciRED_5,1200,45,21,0.36673532856738966,0.013642326493503169
Astro,2.0,SDAN_2,sciRED_6,1200,45,21,0.5423886263580919,0.025056300602563933
Astro,2.0,SDAN_2,sciRED_7,1200,45,21,0.48568197423159254,0.018201426004125568
Astro,2.0,SDAN_2,sciRED_8,1200,45,21,0.3091805000201947,0.012124484096600118
Astro,2.0,SDAN_2,sciRED_9,1200,45,21,0.43180257684074475,0.014643582718707106
Astro,2.0,SDAN_2,sciRED_10,1200,45,21,0.3314350337251101,0.012524607933313175
Astro,2.0,SDAN_2,sciRED_11,1200,45,21,0.468678056464316,0.01682894923982221
Astro,2.0,SDAN_2,sciRED_12,1200,45,21,0.43899188173997333,0.014999037969318205
Astro,2.0,SDAN_2,sciRED_13,1200,45,21,0.48713599095278487,0.01671566456174152
Astro,2.0,SDAN_2,sciRED_14,1200,45,21,0.49666787834726767,0.017317444600011764
Astro,2.0,SDAN_2,sciRED_15,1200,45,21,0.4457772931055373,0.01513304264290114
Astro,2.0,SDAN_2,sciRED_16,1200,45,21,0.5950159537945797,0.02477566418407692
Astro,2.0,SDAN_2,sciRED_17,1200,45,21,0.3561533179853791,0.013063258220747885
Astro,2.0,SDAN_2,sciRED_18,1200,45,21,0.4577729310553738,0.016205015492785003
Astro,2.0,SDAN_2,sciRED_19,1200,45,21,0.4617310876852862,0.0162752750755153
Astro,2.0,SDAN_2,sciRED_20,1200,45,21,0.4736055575750232,0.018529169766200553
Astro,2.0,SDAN_2,sciRED_21,1200,45,21,0.49363867684478374,0.018020551450519222
Astro,2.0,SDAN_2,sciRED_22,1200,45,21,0.40958843248919585,0.014496150038761159
Astro,2.0,SDAN_2,sciRED_23,1200,45,21,0.4282887030978634,0.01541502951923331
Astro,2.0,SDAN_2,sciRED_24,1200,45,21,0.4162526757946605,0.015387889535813782
Astro,2.0,SDAN_2,sciRED_25,1200,45,21,0.43741669695868163,0.016359398237495913
Astro,2.0,SDAN_2,sciRED_26,1200,45,21,0.32840583222262615,0.012524445348548397
Astro,2.0,SDAN_2,sciRED_27,1200,45,21,0.3658063734399612,0.013244195988552964
Astro,2.0,SDAN_2,sciRED_28,1200,45,21,0.3661698776202593,0.013381845729343289
Astro,2.0,SDAN_2,sciRED_29,1200,45,21,0.48976129892160425,0.017480500871769444
Astro,2.0,SDAN_2,sciRED_30,1200,45,21,0.49226543883032425,0.01727639968187553
Astro,2.0,SDAN_2,sciRED_31,1200,45,21,0.47493840623611616,0.016267467710192312
Astro,2.0,SDAN_2,sciRED_32,1200,45,21,0.503291732299366,0.01993398056445158
Astro,2.0,SDAN_2,sciRED_33,1200,45,21,0.5277676804394362,0.02102263776900025
Astro,2.0,SDAN_2,sciRED_34,1200,45,21,0.5866957470010905,0.04058809036594946
Astro,2.0,SDAN_2,sciRED_35,1200,45,21,0.42659235025647235,0.014877729382316286
Astro,2.0,SDAN_2,sciRED_36,1200,45,21,0.4570055333414112,0.01624409838344272
Astro,2.0,SDAN_2,sciRED_37,1200,45,21,0.4983238418352922,0.021474805232084213
Astro,2.0,SDAN_2,sciRED_38,1200,45,21,0.547558463588998,0.02979307634897167
Astro,2.0,SDAN_2,sciRED_39,1200,45,21,0.508744295003837,0.020387561176119888
Astro,2.0,SDAN_3,sciRED_0,1200,43,23,0.48908425990912785,0.01812391284596306
Astro,2.0,SDAN_3,sciRED_1,1200,43,23,0.3694728676443427,0.014897805890417087
Astro,2.0,SDAN_3,sciRED_2,1200,43,23,0.5164936648073585,0.07085984067280847
Astro,2.0,SDAN_3,sciRED_3,1200,43,23,0.48723726496989395,0.028051766202707162
Astro,2.0,SDAN_3,sciRED_4,1200,43,23,0.5509955302722471,0.05164423112976527
Astro,2.0,SDAN_3,sciRED_5,1200,43,23,0.47356950241956336,0.019654235626631638
Astro,2.0,SDAN_3,sciRED_6,1200,43,23,0.5415389161833696,0.028107042260465523
Astro,2.0,SDAN_3,sciRED_7,1200,43,23,0.5115806582689963,0.01947925002158916
Astro,2.0,SDAN_3,sciRED_8,1200,43,23,0.7126445273539951,0.06182926257814263
Astro,2.0,SDAN_3,sciRED_9,1200,43,23,0.4001329836356249,0.015518192112409498
Astro,2.0,SDAN_3,sciRED_10,1200,43,23,0.46252447268294483,0.017758774480464933
Astro,2.0,SDAN_3,sciRED_11,1200,43,23,0.6918473643382218,0.15926151109800046
Astro,2.0,SDAN_3,sciRED_12,1200,43,23,0.6323002474973218,0.05496242645573274
Astro,2.0,SDAN_3,sciRED_13,1200,43,23,0.45835026412027635,0.01818417596704819
Astro,2.0,SDAN_3,sciRED_14,1200,43,23,0.4980975952125891,0.018675443680654144
Astro,2.0,SDAN_3,sciRED_15,1200,43,23,0.43264009456614094,0.01963940843806261
Astro,2.0,SDAN_3,sciRED_16,1200,43,23,0.4067452255180821,0.015838529433315533
Astro,2.0,SDAN_3,sciRED_17,1200,43,23,0.6224003546230283,0.041929592920945925
Astro,2.0,SDAN_3,sciRED_18,1200,43,23,0.4567249085737505,0.018309404806429272
Astro,2.0,SDAN_3,sciRED_19,1200,43,23,0.4666248014480441,0.023044277469909204
Astro,2.0,SDAN_3,sciRED_20,1200,43,23,0.37187396106534665,0.014979886724355625
Astro,2.0,SDAN_3,sciRED_21,1200,43,23,0.48720032507110933,0.01969866538456595
Astro,2.0,SDAN_3,sciRED_22,1200,43,23,0.5140556314875697,0.06321869396579222
Astro,2.0,SDAN_3,sciRED_23,1200,43,23,0.43648184403974727,0.016864158717105462
Astro,2.0,SDAN_3,sciRED_24,1200,43,23,0.5159395663255884,0.02089725050704372
Astro,2.0,SDAN_3,sciRED_25,1200,43,23,0.46507332569908755,0.01795437584220274
Astro,2.0,SDAN_3,sciRED_26,1200,43,23,0.559011488308522,0.03178151226822083
Astro,2.0,SDAN_3,sciRED_27,1200,43,23,0.4866092866905545,0.018292977812374652
Astro,2.0,SDAN_3,sciRED_28,1200,43,23,0.49263049019245686,0.019103503237950258
Astro,2.0,SDAN_3,sciRED_29,1200,43,23,0.5231797864873851,0.02094619769828644
Astro,2.0,SDAN_3,sciRED_30,1200,43,23,0.43792250009234973,0.028470667794160666
Astro,2.0,SDAN_3,sciRED_31,1200,43,23,0.5033061209412286,0.020538012669310737
Astro,2.0,SDAN_3,sciRED_32,1200,43,23,0.39799046950611355,0.01590183605392611
Astro,2.0,SDAN_3,sciRED_33,1200,43,23,0.5516604484503712,0.02315281995501496
Astro,2.0,SDAN_3,sciRED_34,1200,43,23,0.4555058919138562,0.01832758323014403
Astro,2.0,SDAN_3,sciRED_35,1200,43,23,0.5176388016696833,0.01968631498667346
Astro,2.0,SDAN_3,sciRED_36,1200,43,23,0.5900040633888662,0.02479282407459595
Astro,2.0,SDAN_3,sciRED_37,1200,43,23,0.3200103431716597,0.013637871690104636
Astro,2.0,SDAN_3,sciRED_38,1200,43,23,0.4869048058808319,0.018099080817938547
Astro,2.0,SDAN_3,sciRED_39,1200,43,23,0.3797052196076982,0.017706526819276737
Astro,2.0,SDAN_4,sciRED_0,1200,44,20,0.43631355932203386,0.014989555631445845
Astro,2.0,SDAN_4,sciRED_1,1200,44,20,0.5383474576271187,0.019256919662136617
Astro,2.0,SDAN_4,sciRED_2,1200,44,20,0.4842796610169492,0.016121184612061926
Astro,2.0,SDAN_4,sciRED_3,1200,44,20,0.6453389830508475,0.02648633035321231
Astro,2.0,SDAN_4,sciRED_4,1200,44,20,0.4019915254237288,0.01366220711840296
Astro,2.0,SDAN_4,sciRED_5,1200,44,20,0.544364406779661,0.023556578680858996
Astro,2.0,SDAN_4,sciRED_6,1200,44,20,0.5438983050847458,0.02420149937751813
Astro,2.0,SDAN_4,sciRED_7,1200,44,20,0.6555508474576272,0.03525581723131421
Astro,2.0,SDAN_4,sciRED_8,1200,44,20,0.5477966101694914,0.01886811208950763
Astro,2.0,SDAN_4,sciRED_9,1200,44,20,0.5713559322033899,0.021479019679717257
Astro,2.0,SDAN_4,sciRED_10,1200,44,20,0.4289406779661017,0.014213067916749915
Astro,2.0,SDAN_4,sciRED_11,1200,44,20,0.5690677966101695,0.023611317757999288
Astro,2.0,SDAN_4,sciRED_12,1200,44,20,0.5411864406779661,0.021656089438564664
Astro,2.0,SDAN_4,sciRED_13,1200,44,20,0.7579237288135593,0.058957470811397225
Astro,2.0,SDAN_4,sciRED_14,1200,44,20,0.571864406779661,0.028912141433568083
Astro,2.0,SDAN_4,sciRED_15,1200,44,20,0.5827118644067797,0.02320828467221108
Astro,2.0,SDAN_4,sciRED_16,1200,44,20,0.5317796610169492,0.02084317592332978
Astro,2.0,SDAN_4,sciRED_17,1200,44,20,0.465635593220339,0.015382935385311373
Astro,2.0,SDAN_4,sciRED_18,1200,44,20,0.6077966101694915,0.03391005249026918
Astro,2.0,SDAN_4,sciRED_19,1200,44,20,0.5934745762711865,0.04695906601425611
Astro,2.0,SDAN_4,sciRED_20,1200,44,20,0.5813135593220339,0.023872871469119303
Astro,2.0,SDAN_4,sciRED_21,1200,44,20,0.6168644067796609,0.027878793646568988
Astro,2.0,SDAN_4,sciRED_22,1200,44,20,0.5863983050847458,0.035277281519411355
Astro,2.0,SDAN_4,sciRED_23,1200,44,20,0.6801271186440677,0.03371795381274577
Astro,2.0,SDAN_4,sciRED_24,1200,44,20,0.5086016949152543,0.02228154905191132
Astro,2.0,SDAN_4,sciRED_25,1200,44,20,0.6249576271186441,0.023860348162825732
Astro,2.0,SDAN_4,sciRED_26,1200,44,20,0.5235169491525424,0.017447185582119627
Astro,2.0,SDAN_4,sciRED_27,1200,44,20,0.4035593220338983,0.018768884337778787
Astro,2.0,SDAN_4,sciRED_28,1200,44,20,0.6325847457627118,0.025331467655295113
Astro,2.0,SDAN_4,sciRED_29,1200,44,20,0.7473728813559323,0.06622755156970174
Astro,2.0,SDAN_4,sciRED_30,1200,44,20,0.3893220338983051,0.014835921794276315
Astro,2.0,SDAN_4,sciRED_31,1200,44,20,0.4908474576271186,0.02038394576628449
Astro,2.0,SDAN_4,sciRED_32,1200,44,20,0.5496186440677966,0.09967019597170047
Astro,2.0,SDAN_4,sciRED_33,1200,44,20,0.6513983050847457,0.1397003317155119
Astro,2.0,SDAN_4,sciRED_34,1200,44,20,0.5804661016949153,0.021074060978098073
Astro,2.0,SDAN_4,sciRED_35,1200,44,20,0.6021186440677966,0.09008140934438172
Astro,2.0,SDAN_4,sciRED_36,1200,44,20,0.5179237288135593,0.01810809060935354
Astro,2.0,SDAN_4,sciRED_37,1200,44,20,0.6522457627118643,0.03725876091522199
Astro,2.0,SDAN_4,sciRED_38,1200,44,20,0.4596186440677966,0.02277542922842255
Astro,2.0,SDAN_4,sciRED_39,1200,44,20,0.49203389830508476,0.016973259961782998
Astro,2.0,SDAN_5,sciRED_0,1200,43,17,0.5210581273929691,0.014450055180514034
Astro,2.0,SDAN_5,sciRED_1,1200,43,17,0.40057679876684404,0.0120586814128998
Astro,2.0,SDAN_5,sciRED_2,1200,43,17,0.4111182934712347,0.011808636871692691
Astro,2.0,SDAN_5,sciRED_3,1200,43,17,0.4257868828004574,0.012990232223683956
Astro,2.0,SDAN_5,sciRED_4,1200,43,17,0.5032072000397791,0.0166567873692072
Astro,2.0,SDAN_5,sciRED_5,1200,43,17,0.47292526478046837,0.014982037782520215
Astro,2.0,SDAN_5,sciRED_6,1200,43,17,0.45930088011535974,0.013211015469909541
Astro,2.0,SDAN_5,sciRED_7,1200,43,17,0.4301625975834121,0.012325558809538792
Astro,2.0,SDAN_5,sciRED_8,1200,43,17,0.4800855253343941,0.028443697945542207
Astro,2.0,SDAN_5,sciRED_9,1200,43,17,0.4623837700760777,0.012862554287142194
Astro,2.0,SDAN_5,sciRED_10,1200,43,17,0.37884739694694447,0.011117407291821068
Astro,2.0,SDAN_5,sciRED_11,1200,43,17,0.423897369598727,0.013036496547643918
Astro,2.0,SDAN_5,sciRED_12,1200,43,17,0.4987817612252001,0.01569562526083085
Astro,2.0,SDAN_5,sciRED_13,1200,43,17,0.3602506091193874,0.012192413704361643
Astro,2.0,SDAN_5,sciRED_14,1200,43,17,0.4779473919745413,0.013475768611515851
Astro,2.0,SDAN_5,sciRED_15,1200,43,17,0.4782457361642882,0.014256447364809702
Astro,2.0,SDAN_5,sciRED_16,1200,43,17,0.3753667147332306,0.013813584679761631
Astro,2.0,SDAN_5,sciRED_17,1200,43,17,0.3772065039033365,0.011571161660493878
Astro,2.0,SDAN_5,sciRED_18,1200,43,17,0.4686987220923872,0.013394145764047101
Astro,2.0,SDAN_5,sciRED_19,1200,43,17,0.5438317338769827,0.019104574775576522
Astro,2.0,SDAN_5,sciRED_20,1200,43,17,0.5203122669186018,0.015607582036628688
Astro,2.0,SDAN_5,sciRED_21,1200,43,17,0.4228034409029884,0.012216375197128326
Astro,2.0,SDAN_5,sciRED_22,1200,43,17,0.4024165879369499,0.011668586111318806
Astro,2.0,SDAN_5,sciRED_23,1200,43,17,0.42310178509273527,0.013256664573966463
Astro,2.0,SDAN_5,sciRED_24,1200,43,17,0.508129879170603,0.01571952934352111
Astro,2.0,SDAN_5,sciRED_25,1200,43,17,0.41793048580378894,0.012347052459050916
Astro,2.0,SDAN_5,sciRED_26,1200,43,17,0.4667097608274079,0.017847128046111136
Astro,2.0,SDAN_5,sciRED_27,1200,43,17,0.36323405101685646,0.010862648574581702
Astro,2.0,SDAN_5,sciRED_28,1200,43,17,0.3893888916513351,0.011763037449834925
Astro,2.0,SDAN_5,sciRED_29,1200,43,17,0.48470986027547114,0.015253375924956106
Astro,2.0,SDAN_5,sciRED_30,1200,43,17,0.4668092088906568,0.020945848371543663
Astro,2.0,SDAN_5,sciRED_31,1200,43,17,0.5112127691313212,0.014821136209102814
Astro,2.0,SDAN_5,sciRED_32,1200,43,17,0.4529362040674258,0.013160562170578005
Astro,2.0,SDAN_5,sciRED_33,1200,43,17,0.5891303266868878,0.021270423797891857
Astro,2.0,SDAN_5,sciRED_34,1200,43,17,0.384963452836756,0.011686084679240961
Astro,2.0,SDAN_5,sciRED_35,1200,43,17,0.5165829645467654,0.020655761273795092
Astro,2.0,SDAN_5,sciRED_36,1200,43,17,0.62940679230272,0.029433489238198683
Astro,2.0,SDAN_5,sciRED_37,1200,43,17,0.5101685644672069,0.015723871412158415
Astro,2.0,SDAN_5,sciRED_38,1200,43,17,0.4709860275471135,0.013951262702550319
Astro,2.0,SDAN_5,sciRED_39,1200,43,17,0.5124061458903088,0.08341212849832871
Astro,2.0,SDAN_6,sciRED_0,1200,42,29,0.5125887099148974,0.02419156942674778
Astro,2.0,SDAN_6,sciRED_1,1200,42,29,0.33749521481786865,0.017330632215507742
Astro,2.0,SDAN_6,sciRED_2,1200,42,29,0.5534909744103184,0.03182847182659106
Astro,2.0,SDAN_6,sciRED_3,1200,42,29,0.45808180452899083,0.02170314442711207
Astro,2.0,SDAN_6,sciRED_4,1200,42,29,0.4401778615389146,0.02154450927220114
Astro,2.0,SDAN_6,sciRED_5,1200,42,29,0.5608233457993463,0.030658510080099642
Astro,2.0,SDAN_6,sciRED_6,1200,42,29,0.4259548278806796,0.021669867617590714
Astro,2.0,SDAN_6,sciRED_7,1200,42,29,0.4187696928649253,0.01962321575866791
Astro,2.0,SDAN_6,sciRED_8,1200,42,29,0.6585294031037427,0.05927816838470041
Astro,2.0,SDAN_6,sciRED_9,1200,42,29,0.5271356635943344,0.026239891019294113
Astro,2.0,SDAN_6,sciRED_10,1200,42,29,0.35304337583556633,0.017648263407900308
Astro,2.0,SDAN_6,sciRED_11,1200,42,29,0.39892222974763686,0.01891867802936407
Astro,2.0,SDAN_6,sciRED_12,1200,42,29,0.5272240054182985,0.031379990218976354
Astro,2.0,SDAN_6,sciRED_13,1200,42,29,0.3702700315085839,0.018134977665053776
Astro,2.0,SDAN_6,sciRED_14,1200,42,29,0.4684177979328013,0.022094054188117385
Astro,2.0,SDAN_6,sciRED_15,1200,42,29,0.6438352130510322,0.1520671670992609
Astro,2.0,SDAN_6,sciRED_16,1200,42,29,0.37380370446715155,0.01818772457014297
Astro,2.0,SDAN_6,sciRED_17,1200,42,29,0.5378544715686564,0.04328205318177589
Astro,2.0,SDAN_6,sciRED_18,1200,42,29,0.44483053093436203,0.026402613426690223
Astro,2.0,SDAN_6,sciRED_19,1200,42,29,0.5775199505285785,0.03330117315215548
Astro,2.0,SDAN_6,sciRED_20,1200,42,29,0.5512824288112135,0.0669852973206443
Astro,2.0,SDAN_6,sciRED_21,1200,42,29,0.4503666185694514,0.02354767353537952
Astro,2.0,SDAN_6,sciRED_22,1200,42,29,0.5176241938808562,0.02503280031766894
Astro,2.0,SDAN_6,sciRED_23,1200,42,29,0.5054330221737979,0.02429699769611807
Astro,2.0,SDAN_6,sciRED_24,1200,42,29,0.5125887099148974,0.025457190109503793
Astro,2.0,SDAN_6,sciRED_25,1200,42,29,0.4943019523543096,0.02554472873910857
Astro,2.0,SDAN_6,sciRED_26,1200,42,29,0.5476898613033364,0.034349639822486754
Astro,2.0,SDAN_6,sciRED_27,1200,42,29,0.45557878618333875,0.03943345958998819
Astro,2.0,SDAN_6,sciRED_28,1200,42,29,0.48711681733855533,0.02418902611675839
Astro,2.0,SDAN_6,sciRED_29,1200,42,29,0.4628817102977119,0.021355867685777907
Astro,2.0,SDAN_6,sciRED_30,1200,42,29,0.6381813363173239,0.06278548569921762
Astro,2.0,SDAN_6,sciRED_31,1200,42,29,0.5445390029152802,0.029332638864435753
Astro,2.0,SDAN_6,sciRED_32,1200,42,29,0.36982832238876295,0.018163157173372177
Astro,2.0,SDAN_6,sciRED_33,1200,42,29,0.5234253069878383,0.02824120198370541
Astro,2.0,SDAN_6,sciRED_34,1200,42,29,0.47336494007479607,0.022539374340516387
Astro,2.0,SDAN_6,sciRED_35,1200,42,29,0.4465679201389911,0.0232409098809861
Astro,2.0,SDAN_6,sciRED_36,1200,42,29,0.4413263052504491,0.022913391827728075
Astro,2.0,SDAN_6,sciRED_37,1200,42,29,0.4666215141788627,0.02293543757954527
Astro,2.0,SDAN_6,sciRED_38,1200,42,29,0.5722488883653818,0.03350660016886887
Astro,2.0,SDAN_6,sciRED_39,1200,42,29,0.4588768809446686,0.031070052403794797
Astro,2.0,SDAN_7,sciRED_0,1200,43,31,0.5970639366428434,0.0384548495129249
Astro,2.0,SDAN_7,sciRED_1,1200,43,31,0.5181710312094705,0.026886086037747888
Astro,2.0,SDAN_7,sciRED_2,1200,43,31,0.6620491735423163,0.0742203273601561
Astro,2.0,SDAN_7,sciRED_3,1200,43,31,0.57542978559011,0.03061157618085373
Astro,2.0,SDAN_7,sciRED_4,1200,43,31,0.5140870333066585,0.02661366236655413
Astro,2.0,SDAN_7,sciRED_5,1200,43,31,0.532189078065068,0.02759640921567265
Astro,2.0,SDAN_7,sciRED_6,1200,43,31,0.650845773890008,0.05482671200528546
Astro,2.0,SDAN_7,sciRED_7,1200,43,31,0.5519192030685174,0.02854860596397112
Astro,2.0,SDAN_7,sciRED_8,1200,43,31,0.6440575071056045,0.046223900600300884
Astro,2.0,SDAN_7,sciRED_9,1200,43,31,0.35580451999227347,0.01901540653224231
Astro,2.0,SDAN_7,sciRED_10,1200,43,31,0.4699632992080356,0.024601863684795465
Astro,2.0,SDAN_7,sciRED_11,1200,43,31,0.4563315764783797,0.02234554892470387
Astro,2.0,SDAN_7,sciRED_12,1200,43,31,0.5701040315682001,0.05043770101581979
Astro,2.0,SDAN_7,sciRED_13,1200,43,31,0.565330169154778,0.03311023794511863
Astro,2.0,SDAN_7,sciRED_14,1200,43,31,0.5152460056844835,0.026801723951612184
Astro,2.0,SDAN_7,sciRED_15,1200,43,31,0.5671238168823644,0.03152777939987565
Astro,2.0,SDAN_7,sciRED_16,1200,43,31,0.4963989072546152,0.02528143507286522
Astro,2.0,SDAN_7,sciRED_17,1200,43,31,0.6457683710919176,0.06708722651586276
Astro,2.0,SDAN_7,sciRED_18,1200,43,31,0.5754573801705344,0.036936664579428125
Astro,2.0,SDAN_7,sciRED_19,1200,43,31,0.593697397831066,0.04462783340076882
Astro,2.0,SDAN_7,sciRED_20,1200,43,31,0.49358426005132594,0.03390943128476112
Astro,2.0,SDAN_7,sciRED_21,1200,43,31,0.6657468473191864,0.07913577038017919
Astro,2.0,SDAN_7,sciRED_22,1200,43,31,0.5281050801622561,0.029244295281381734
Astro,2.0,SDAN_7,sciRED_23,1200,43,31,0.4431413670355142,0.02523117864641604
Astro,2.0,SDAN_7,sciRED_24,1200,43,31,0.5427026132067662,0.030004238565281383
Astro,2.0,SDAN_7,sciRED_25,1200,43,31,0.7200529815944148,0.0824503780568029
Astro,2.0,SDAN_7,sciRED_26,1200,43,31,0.6361930516846491,0.04254822472443327
Astro,2.0,SDAN_7,sciRED_27,1200,43,31,0.6048180137421011,0.03671576104897327
Astro,2.0,SDAN_7,sciRED_28,1200,43,31,0.5131764121526532,0.025819503702842903
Astro,2.0,SDAN_7,sciRED_29,1200,43,31,0.5351968873313282,0.030517093126871633
Astro,2.0,SDAN_7,sciRED_30,1200,43,31,0.6501559093793979,0.0775943816955605
Astro,2.0,SDAN_7,sciRED_31,1200,43,31,0.48089075305609974,0.02772060611737908
Astro,2.0,SDAN_7,sciRED_32,1200,43,31,0.5221722453710091,0.030490276595773726
Astro,2.0,SDAN_7,sciRED_33,1200,43,31,0.49372223295344786,0.02573525121076708
Astro,2.0,SDAN_7,sciRED_34,1200,43,31,0.4261707000745054,0.023751785883955236
Astro,2.0,SDAN_7,sciRED_35,1200,43,31,0.4603879798007671,0.023839128606879544
Astro,2.0,SDAN_7,sciRED_36,1200,43,31,0.5114655481663402,0.02665416407937327
Astro,2.0,SDAN_7,sciRED_37,1200,43,31,0.5047048759623609,0.027314773700662258
Astro,2.0,SDAN_7,sciRED_38,1200,43,31,0.5292916471205055,0.03295276224034835
Astro,2.0,SDAN_7,sciRED_39,1200,43,31,0.4876238306796545,0.025201175965228535
Astro,2.0,SDAN_8,sciRED_0,1200,43,17,0.4605439809059718,0.01607530204221027
Astro,2.0,SDAN_8,sciRED_1,1200,43,17,0.3592561284868977,0.010796481151410409
Astro,2.0,SDAN_8,sciRED_2,1200,43,17,0.48749440604644223,0.022092686514783036
Astro,2.0,SDAN_8,sciRED_3,1200,43,17,0.510367460593705,0.015583962671563185
Astro,2.0,SDAN_8,sciRED_4,1200,43,17,0.39277012580180004,0.01183148571173269
Astro,2.0,SDAN_8,sciRED_5,1200,43,17,0.4616876336333349,0.012848315142416368
Astro,2.0,SDAN_8,sciRED_6,1200,43,17,0.5048480930833872,0.029510126268439935
Astro,2.0,SDAN_8,sciRED_7,1200,43,17,0.44473173884938594,0.02226696897456045
Astro,2.0,SDAN_8,sciRED_8,1200,43,17,0.500621550395306,0.01591159659373305
Astro,2.0,SDAN_8,sciRED_9,1200,43,17,0.5330913430460942,0.01672686718041024
Astro,2.0,SDAN_8,sciRED_10,1200,43,17,0.5950972104818258,0.04990168686458907
Astro,2.0,SDAN_8,sciRED_11,1200,43,17,0.3860573815324947,0.01114410739491034
Astro,2.0,SDAN_8,sciRED_12,1200,43,17,0.505245885336383,0.08548820412907478
Astro,2.0,SDAN_8,sciRED_13,1200,43,17,0.49251653324051514,0.014886209163891013
Astro,2.0,SDAN_8,sciRED_14,1200,43,17,0.31868131868131866,0.010652054201937062
Astro,2.0,SDAN_8,sciRED_15,1200,43,17,0.4198697230371438,0.011880443939500503
Astro,2.0,SDAN_8,sciRED_16,1200,43,17,0.44433394659639003,0.012486246788401831
Astro,2.0,SDAN_8,sciRED_17,1200,43,17,0.5298592809905027,0.020245149751006792
Astro,2.0,SDAN_8,sciRED_18,1200,43,17,0.4701407190094973,0.013143225654398308
Astro,2.0,SDAN_8,sciRED_19,1200,43,17,0.5520361990950227,0.020185523236716962
Astro,2.0,SDAN_8,sciRED_20,1200,43,17,0.38441648848888665,0.013368643965651895
Astro,2.0,SDAN_8,sciRED_21,1200,43,17,0.44448311869126356,0.014521703799455932
Astro,2.0,SDAN_8,sciRED_22,1200,43,17,0.6237382526975287,0.030042830457810213
Astro,2.0,SDAN_8,sciRED_23,1200,43,17,0.45681467853413554,0.01426707792763335
Astro,2.0,SDAN_8,sciRED_24,1200,43,17,0.542936701307742,0.016556920462719397
Astro,2.0,SDAN_8,sciRED_25,1200,43,17,0.572820844314057,0.020468814570843312
Astro,2.0,SDAN_8,sciRED_26,1200,43,17,0.4744667097608274,0.013633737135537404
Astro,2.0,SDAN_8,sciRED_27,1200,43,17,0.5100193923723335,0.016087831941672973
Astro,2.0,SDAN_8,sciRED_28,1200,43,17,0.4781960121326637,0.017491592320079886
Astro,2.0,SDAN_8,sciRED_29,1200,43,17,0.39794142509074637,0.012386063954353183
Astro,2.0,SDAN_8,sciRED_30,1200,43,17,0.4214111680175029,0.013757715401177303
Astro,2.0,SDAN_8,sciRED_31,1200,43,17,0.35428372532444935,0.011136880872872358
Astro,2.0,SDAN_8,sciRED_32,1200,43,17,0.39838894137536673,0.011426002686045987
Astro,2.0,SDAN_8,sciRED_33,1200,43,17,0.5170304808313858,0.018755775294262516
Astro,2.0,SDAN_8,sciRED_34,1200,43,17,0.42603550295857995,0.01255398090316356
Astro,2.0,SDAN_8,sciRED_35,1200,43,17,0.334941077022525,0.010867061660227252
Astro,2.0,SDAN_8,sciRED_36,1200,43,17,0.5800308288996072,0.03455158952816402
Astro,2.0,SDAN_8,sciRED_37,1200,43,17,0.3493610461936254,0.010921297397712276
Astro,2.0,SDAN_8,sciRED_38,1200,43,17,0.5670031326139924,0.01651124616124606
Astro,2.0,SDAN_8,sciRED_39,1200,43,17,0.5769976629705136,0.018783421555357387
Astro,2.0,SDAN_9,sciRED_0,1200,43,24,0.5239512471655329,0.02272445023039829
Astro,2.0,SDAN_9,sciRED_1,1200,43,24,0.6274092970521541,0.02737937005275469
Astro,2.0,SDAN_9,sciRED_2,1200,43,24,0.6305272108843538,0.04291752110023641
Astro,2.0,SDAN_9,sciRED_3,1200,43,24,0.6841340702947846,0.04359182147233357
Astro,2.0,SDAN_9,sciRED_4,1200,43,24,0.610579648526077,0.028164127727809095
Astro,2.0,SDAN_9,sciRED_5,1200,43,24,0.4681476757369615,0.019350401210721083
Astro,2.0,SDAN_9,sciRED_6,1200,43,24,0.6601828231292517,0.031164033732688896
Astro,2.0,SDAN_9,sciRED_7,1200,43,24,0.5153769841269842,0.020787524210719385
Astro,2.0,SDAN_9,sciRED_8,1200,43,24,0.5521896258503401,0.029404056841870578
Astro,2.0,SDAN_9,sciRED_9,1200,43,24,0.4658801020408163,0.020269574167783723
Astro,2.0,SDAN_9,sciRED_10,1200,43,24,0.7244543650793651,0.07390476121747007
Astro,2.0,SDAN_9,sciRED_11,1200,43,24,0.5142786281179138,0.022226828384822386
Astro,2.0,SDAN_9,sciRED_12,1200,43,24,0.5697278911564626,0.03166517526841495
Astro,2.0,SDAN_9,sciRED_13,1200,43,24,0.5606221655328799,0.02794207545950384
Astro,2.0,SDAN_9,sciRED_14,1200,43,24,0.5358560090702947,0.02708163144449908
Astro,2.0,SDAN_9,sciRED_15,1200,43,24,0.6208545918367347,0.036995903262362226
Astro,2.0,SDAN_9,sciRED_16,1200,43,24,0.531781462585034,0.021338509124485608
Astro,2.0,SDAN_9,sciRED_17,1200,43,24,0.550843253968254,0.02636662688688248
Astro,2.0,SDAN_9,sciRED_18,1200,43,24,0.4705569727891156,0.02052377461857496
Astro,2.0,SDAN_9,sciRED_19,1200,43,24,0.6870393990929705,0.04831271100148367
Astro,2.0,SDAN_9,sciRED_20,1200,43,24,0.5226757369614512,0.020447742433308994
Astro,2.0,SDAN_9,sciRED_21,1200,43,24,0.565688775510204,0.0259986043147373
Astro,2.0,SDAN_9,sciRED_22,1200,43,24,0.5829435941043084,0.02412556260376221
Astro,2.0,SDAN_9,sciRED_23,1200,43,24,0.5955569727891157,0.0274739718034307
Astro,2.0,SDAN_9,sciRED_24,1200,43,24,0.5445365646258504,0.024139706024738347
Astro,2.0,SDAN_9,sciRED_25,1200,43,24,0.5200184240362812,0.022002898255147077
Astro,2.0,SDAN_9,sciRED_26,1200,43,24,0.5570436507936509,0.028900626682647885
Astro,2.0,SDAN_9,sciRED_27,1200,43,24,0.6663832199546486,0.041730988398567224
Astro,2.0,SDAN_9,sciRED_28,1200,43,24,0.48076105442176875,0.01882386678813766
Astro,2.0,SDAN_9,sciRED_29,1200,43,24,0.5824829931972789,0.027619190893551457
Astro,2.0,SDAN_9,sciRED_30,1200,43,24,0.5436153628117913,0.025827057079327243
Astro,2.0,SDAN_9,sciRED_31,1200,43,24,0.5814554988662132,0.02566619751908153
Astro,2.0,SDAN_9,sciRED_32,1200,43,24,0.4986890589569161,0.022444753464154518
Astro,2.0,SDAN_9,sciRED_33,1200,43,24,0.5151998299319729,0.03439856143615429
Astro,2.0,SDAN_9,sciRED_34,1200,43,24,0.6103670634920635,0.03643951659779597
Astro,2.0,SDAN_9,sciRED_35,1200,43,24,0.6047689909297052,0.03416897262824582
Astro,2.0,SDAN_9,sciRED_36,1200,43,24,0.48317035147392295,0.021203304316908252
Astro,2.0,SDAN_9,sciRED_37,1200,43,24,0.5954506802721089,0.031857781352674586
Astro,2.0,SDAN_9,sciRED_38,1200,43,24,0.4507157029478458,0.018571646745552412
Astro,2.0,SDAN_9,sciRED_39,1200,43,24,0.4399092970521542,0.02686917471620257
Astro,2.0,SDAN_10,sciRED_0,1200,41,28,0.3671989273525109,0.018097893707607858
Astro,2.0,SDAN_10,sciRED_1,1200,41,28,0.48668332520721597,0.021970874701843487
Astro,2.0,SDAN_10,sciRED_2,1200,41,28,0.4371952705997075,0.032021514478724186
Astro,2.0,SDAN_10,sciRED_3,1200,41,28,0.42610312042905896,0.02157781227894514
Astro,2.0,SDAN_10,sciRED_4,1200,41,28,0.4577949780594832,0.020723547407737977
Astro,2.0,SDAN_10,sciRED_5,1200,41,28,0.4903705509507557,0.021890432507265606
Astro,2.0,SDAN_10,sciRED_6,1200,41,28,0.4209836665041443,0.021472818469945455
Astro,2.0,SDAN_10,sciRED_7,1200,41,28,0.4045892247684057,0.01928876296874611
Astro,2.0,SDAN_10,sciRED_8,1200,41,28,0.4483178937103852,0.022906629337065693
Astro,2.0,SDAN_10,sciRED_9,1200,41,28,0.39815943442223306,0.018916954574350376
Astro,2.0,SDAN_10,sciRED_10,1200,41,28,0.6255789858605558,0.06847245908320991
Astro,2.0,SDAN_10,sciRED_11,1200,41,28,0.4859215017064846,0.022883983750362626
Astro,2.0,SDAN_10,sciRED_12,1200,41,28,0.46288395904436863,0.023564279646523585
Astro,2.0,SDAN_10,sciRED_13,1200,41,28,0.40397976596782054,0.02138856479937181
Astro,2.0,SDAN_10,sciRED_14,1200,41,28,0.4559056557776694,0.021176665687619597
Astro,2.0,SDAN_10,sciRED_15,1200,41,28,0.5352267186738177,0.02740452302477772
Astro,2.0,SDAN_10,sciRED_16,1200,41,28,0.39270477815699656,0.01804953028470697
Astro,2.0,SDAN_10,sciRED_17,1200,41,28,0.5519258898098489,0.04568871942965432
Astro,2.0,SDAN_10,sciRED_18,1200,41,28,0.4632191613846904,0.02080574392045843
Astro,2.0,SDAN_10,sciRED_19,1200,41,28,0.4651389566065334,0.025133282796043814
Astro,2.0,SDAN_10,sciRED_20,1200,41,28,0.4156204290589956,0.018917918256795025
Astro,2.0,SDAN_10,sciRED_21,1200,41,28,0.3587579229644076,0.017168597445856436
Astro,2.0,SDAN_10,sciRED_22,1200,41,28,0.3786567528035105,0.019244660213990312
Astro,2.0,SDAN_10,sciRED_23,1200,41,28,0.6135117016089712,0.23880227001401902
Astro,2.0,SDAN_10,sciRED_24,1200,41,28,0.5072220867869331,0.0615994271739733
Astro,2.0,SDAN_10,sciRED_25,1200,41,28,0.4940882496343247,0.024079050505076076
Astro,2.0,SDAN_10,sciRED_26,1200,41,28,0.552535348610434,0.02992067059968226
Astro,2.0,SDAN_10,sciRED_27,1200,41,28,0.48857264748902973,0.022592191462853788
Astro,2.0,SDAN_10,sciRED_28,1200,41,28,0.48202096538274014,0.021575344588105217
Astro,2.0,SDAN_10,sciRED_29,1200,41,28,0.4441735738664066,0.021885797831242997
Astro,2.0,SDAN_10,sciRED_30,1200,41,28,0.6159800097513408,0.04094398981527403
Astro,2.0,SDAN_10,sciRED_31,1200,41,28,0.40020112140419306,0.018658893484632982
Astro,2.0,SDAN_10,sciRED_32,1200,41,28,0.4879936616284739,0.022265890598956933
Astro,2.0,SDAN_10,sciRED_33,1200,41,28,0.5705448561677231,0.052041215299669596
Astro,2.0,SDAN_10,sciRED_34,1200,41,28,0.46675402242808395,0.02160486797791954
Astro,2.0,SDAN_10,sciRED_35,1200,41,28,0.47802901023890787,0.02236993600704655
Astro,2.0,SDAN_10,sciRED_36,1200,41,28,0.4499634324719649,0.022939341031594777
Astro,2.0,SDAN_10,sciRED_37,1200,41,28,0.47126401755241343,0.022417481845652468
Astro,2.0,SDAN_10,sciRED_38,1200,41,28,0.5397367137981472,0.028397897575745058
Astro,2.0,SDAN_10,sciRED_39,1200,41,28,0.5252315943442223,0.025343238556315442
Astro,2.0,SDAN_11,sciRED_0,1200,45,32,0.7816780821917808,0.16986708573040182
Astro,2.0,SDAN_11,sciRED_1,1200,45,32,0.3524186643835616,0.019301490762358844
Astro,2.0,SDAN_11,sciRED_2,1200,45,32,0.4288848458904109,0.022684566435202804
Astro,2.0,SDAN_11,sciRED_3,1200,45,32,0.4476937071917808,0.022804347471554097
Astro,2.0,SDAN_11,sciRED_4,1200,45,32,0.4176476883561644,0.022246348947823052
Astro,2.0,SDAN_11,sciRED_5,1200,45,32,0.3735284674657534,0.019932622394816496
Astro,2.0,SDAN_11,sciRED_6,1200,45,32,0.6766374143835616,0.1268132655939278
Astro,2.0,SDAN_11,sciRED_7,1200,45,32,0.4777664811643836,0.024942945200856777
Astro,2.0,SDAN_11,sciRED_8,1200,45,32,0.5726937071917808,0.03537188415755896
Astro,2.0,SDAN_11,sciRED_9,1200,45,32,0.5135648544520548,0.027844983180621737
Astro,2.0,SDAN_11,sciRED_10,1200,45,32,0.36111408390410965,0.019641557608358402
Astro,2.0,SDAN_11,sciRED_11,1200,45,32,0.4689907962328767,0.02589790328746438
Astro,2.0,SDAN_11,sciRED_12,1200,45,32,0.51953125,0.02976214293619441
Astro,2.0,SDAN_11,sciRED_13,1200,45,32,0.5592358732876712,0.031076898984370365
Astro,2.0,SDAN_11,sciRED_14,1200,45,32,0.3801102311643836,0.020609981739592317
Astro,2.0,SDAN_11,sciRED_15,1200,45,32,0.4483893407534246,0.023967770038323663
Astro,2.0,SDAN_11,sciRED_16,1200,45,32,0.41550727739726023,0.023932065066747638
Astro,2.0,SDAN_11,sciRED_17,1200,45,32,0.5006956335616439,0.02675681757669514
Astro,2.0,SDAN_11,sciRED_18,1200,45,32,0.4965485873287671,0.02741628567264999
Astro,2.0,SDAN_11,sciRED_19,1200,45,32,0.4392390839041096,0.02281519943227438
Astro,2.0,SDAN_11,sciRED_20,1200,45,32,0.55078125,0.03658751166622004
Astro,2.0,SDAN_11,sciRED_21,1200,45,32,0.556292808219178,0.03916424987406366
Astro,2.0,SDAN_11,sciRED_22,1200,45,32,0.464041095890411,0.023469566425681314
Astro,2.0,SDAN_11,sciRED_23,1200,45,32,0.5898705051369862,0.03482456751868994
Astro,2.0,SDAN_11,sciRED_24,1200,45,32,0.5104077482876712,0.027170869176617138
Astro,2.0,SDAN_11,sciRED_25,1200,45,32,0.6979880136986302,0.08809039939450487
Astro,2.0,SDAN_11,sciRED_26,1200,45,32,0.5351027397260274,0.03441505225899658
Astro,2.0,SDAN_11,sciRED_27,1200,45,32,0.549978595890411,0.03106723562614072
Astro,2.0,SDAN_11,sciRED_28,1200,45,32,0.4853649400684931,0.024726365231367016
Astro,2.0,SDAN_11,sciRED_29,1200,45,32,0.550593964041096,0.03024760254754008
Astro,2.0,SDAN_11,sciRED_30,1200,45,32,0.6039169520547945,0.04110209971654711
Astro,2.0,SDAN_11,sciRED_31,1200,45,32,0.548908390410959,0.029306485295323467
Astro,2.0,SDAN_11,sciRED_32,1200,45,32,0.500535102739726,0.02666823544030794
Astro,2.0,SDAN_11,sciRED_33,1200,45,32,0.4573255565068493,0.023914733245629073
Astro,2.0,SDAN_11,sciRED_34,1200,45,32,0.5429152397260274,0.033962585463836376
Astro,2.0,SDAN_11,sciRED_35,1200,45,32,0.4984214469178082,0.027513652994425153
Astro,2.0,SDAN_11,sciRED_36,1200,45,32,0.4814051797945206,0.026347402745292358
Astro,2.0,SDAN_11,sciRED_37,1200,45,32,0.508160316780822,0.034298562080560153
Astro,2.0,SDAN_11,sciRED_38,1200,45,32,0.4393461044520548,0.024423875099832695
Astro,2.0,SDAN_11,sciRED_39,1200,45,32,0.5944991438356164,0.05357493060158927
Astro,2.0,SDAN_12,sciRED_0,1200,42,23,0.5809168482878356,0.026577208595379948
Astro,2.0,SDAN_12,sciRED_1,1200,42,23,0.5092903845443464,0.019140621205700353
Astro,2.0,SDAN_12,sciRED_2,1200,42,23,0.5072956300099738,0.021244872041366224
Astro,2.0,SDAN_12,sciRED_3,1200,42,23,0.43164271729895465,0.016702128055591813
Astro,2.0,SDAN_12,sciRED_4,1200,42,23,0.7517638801669683,0.13214270730149338
Astro,2.0,SDAN_12,sciRED_5,1200,42,23,0.4945144250304754,0.01920362750151134
Astro,2.0,SDAN_12,sciRED_6,1200,42,23,0.5559824166081785,0.026378278515819635
Astro,2.0,SDAN_12,sciRED_7,1200,42,23,0.4821395589376085,0.020504819091526613
Astro,2.0,SDAN_12,sciRED_8,1200,42,23,0.6479258246832404,0.046945825987364354
Astro,2.0,SDAN_12,sciRED_9,1200,42,23,0.5029736618521665,0.023888737474025864
Astro,2.0,SDAN_12,sciRED_10,1200,42,23,0.4868678659820472,0.022563871511396882
Astro,2.0,SDAN_12,sciRED_11,1200,42,23,0.5049684163865391,0.019587144352684653
Astro,2.0,SDAN_12,sciRED_12,1200,42,23,0.5157548668316649,0.02712402110439202
Astro,2.0,SDAN_12,sciRED_13,1200,42,23,0.5170847031879132,0.030736151102669612
Astro,2.0,SDAN_12,sciRED_14,1200,42,23,0.5414280964870156,0.025752781904998415
Astro,2.0,SDAN_12,sciRED_15,1200,42,23,0.4074101436962063,0.016776784465261825
Astro,2.0,SDAN_12,sciRED_16,1200,42,23,0.3951460972996934,0.015132355010591805
Astro,2.0,SDAN_12,sciRED_17,1200,42,23,0.45532119241993274,0.06193600415312657
Astro,2.0,SDAN_12,sciRED_18,1200,42,23,0.6011229729230543,0.03158769888908732
Astro,2.0,SDAN_12,sciRED_19,1200,42,23,0.505781094159802,0.028869912941623388
Astro,2.0,SDAN_12,sciRED_20,1200,42,23,0.4690628347678327,0.018709185647658784
Astro,2.0,SDAN_12,sciRED_21,1200,42,23,0.5917402386317462,0.029301751050315274
Astro,2.0,SDAN_12,sciRED_22,1200,42,23,0.576077721547043,0.041228416344234936
Astro,2.0,SDAN_12,sciRED_23,1200,42,23,0.4208932067526135,0.015855034188189163
Astro,2.0,SDAN_12,sciRED_24,1200,42,23,0.5126888552325367,0.021868687855249216
Astro,2.0,SDAN_12,sciRED_25,1200,42,23,0.6789183997635846,0.05786952457287424
Astro,2.0,SDAN_12,sciRED_26,1200,42,23,0.5523253666284955,0.04140569190550995
Astro,2.0,SDAN_12,sciRED_27,1200,42,23,0.612131062760888,0.029357973260932882
Astro,2.0,SDAN_12,sciRED_28,1200,42,23,0.5261719182889438,0.019996601583219146
Astro,2.0,SDAN_12,sciRED_29,1200,42,23,0.41236009013335306,0.02154911099805607
Astro,2.0,SDAN_12,sciRED_30,1200,42,23,0.5086624062650068,0.02404050946358304
Astro,2.0,SDAN_12,sciRED_31,1200,42,23,0.5801041705145729,0.02843899726501218
Astro,2.0,SDAN_12,sciRED_32,1200,42,23,0.4936278674596431,0.019143965858661523
Astro,2.0,SDAN_12,sciRED_33,1200,42,23,0.602859148165934,0.02849589635676416
Astro,2.0,SDAN_12,sciRED_34,1200,42,23,0.5115806582689963,0.01977061633829516
Astro,2.0,SDAN_12,sciRED_35,1200,42,23,0.4727568246463005,0.03747419834296257
Astro,2.0,SDAN_12,sciRED_36,1200,42,23,0.4188984522182409,0.01594952683064878
Astro,2.0,SDAN_12,sciRED_37,1200,42,23,0.5650326918104244,0.055410982672806794
Astro,2.0,SDAN_12,sciRED_38,1200,42,23,0.36999002622732813,0.014970386301265412
Astro,2.0,SDAN_12,sciRED_39,1200,42,23,0.4265819511654538,0.017451922694712015
Astro,2.0,SDAN_13,sciRED_0,1200,44,26,0.5632289346088324,0.02912084763303937
Astro,2.0,SDAN_13,sciRED_1,1200,44,26,0.49407023981129605,0.021110471748681282
Astro,2.0,SDAN_13,sciRED_2,1200,44,26,0.4702529157384353,0.02154460262784516
Astro,2.0,SDAN_13,sciRED_3,1200,44,26,0.4991154501375966,0.020855110739954493
Astro,2.0,SDAN_13,sciRED_4,1200,44,26,0.44984274669112834,0.01866640021480316
Astro,2.0,SDAN_13,sciRED_5,1200,44,26,0.5055038658105098,0.027769939396398213
Astro,2.0,SDAN_13,sciRED_6,1200,44,26,0.4792949809985585,0.024004200630407257
Astro,2.0,SDAN_13,sciRED_7,1200,44,26,0.5689293670554317,0.02861918307766657
Astro,2.0,SDAN_13,sciRED_8,1200,44,26,0.49105621805792166,0.020300873676225774
Astro,2.0,SDAN_13,sciRED_9,1200,44,26,0.4319879439129865,0.018816438183169335
Astro,2.0,SDAN_13,sciRED_10,1200,44,26,0.5450137596645264,0.025118943751330856
Astro,2.0,SDAN_13,sciRED_11,1200,44,26,0.5502227755209015,0.07037526789689949
Astro,2.0,SDAN_13,sciRED_12,1200,44,26,0.4758878259730049,0.023628804808649758
Astro,2.0,SDAN_13,sciRED_13,1200,44,26,0.5963504127899358,0.034662673132927015
Astro,2.0,SDAN_13,sciRED_14,1200,44,26,0.6027715895688639,0.039786587678769476
Astro,2.0,SDAN_13,sciRED_15,1200,44,26,0.5789870266020182,0.029217196997739055
Astro,2.0,SDAN_13,sciRED_16,1200,44,26,0.7127506224610143,0.12127687310097571
Astro,2.0,SDAN_13,sciRED_17,1200,44,26,0.5151683920849168,0.023863992794712074
Astro,2.0,SDAN_13,sciRED_18,1200,44,26,0.552155680775783,0.027480311863698953
Astro,2.0,SDAN_13,sciRED_19,1200,44,26,0.6131896212816145,0.032087810238861675
Astro,2.0,SDAN_13,sciRED_20,1200,44,26,0.44571484733324596,0.019414692140984485
Astro,2.0,SDAN_13,sciRED_21,1200,44,26,0.46933560477001707,0.022955282047532548
Astro,2.0,SDAN_13,sciRED_22,1200,44,26,0.6085375442274932,0.04556718473121292
Astro,2.0,SDAN_13,sciRED_23,1200,44,26,0.4528240073384877,0.019327570085621755
Astro,2.0,SDAN_13,sciRED_24,1200,44,26,0.5649325121216092,0.03925784231890264
Astro,2.0,SDAN_13,sciRED_25,1200,44,26,0.4915803957541607,0.023773424007831966
Astro,2.0,SDAN_13,sciRED_26,1200,44,26,0.4254357227099987,0.018565894965837867
Astro,2.0,SDAN_13,sciRED_27,1200,44,26,0.46107980605425236,0.02396200342652044
Astro,2.0,SDAN_13,sciRED_28,1200,44,26,0.6296684576071289,0.03376112541381173
Astro,2.0,SDAN_13,sciRED_29,1200,44,26,0.4914821124361159,0.029210610669287006
Astro,2.0,SDAN_13,sciRED_30,1200,44,26,0.5689948892674617,0.024770404133303264
Astro,2.0,SDAN_13,sciRED_31,1200,44,26,0.5671930284366401,0.03148870468608153
Astro,2.0,SDAN_13,sciRED_32,1200,44,26,0.7394509238631897,0.08640223168005676
Astro,2.0,SDAN_13,sciRED_33,1200,44,26,0.55107456427729,0.03328180826455375
Astro,2.0,SDAN_13,sciRED_34,1200,44,26,0.5178220416721269,0.025476687653422894
Astro,2.0,SDAN_13,sciRED_35,1200,44,26,0.6014939064342812,0.04268324688113953
Astro,2.0,SDAN_13,sciRED_36,1200,44,26,0.44227493120167743,0.018814142408641724
Astro,2.0,SDAN_13,sciRED_37,1200,44,26,0.4452889529550518,0.021796342630215487
Astro,2.0,SDAN_13,sciRED_38,1200,44,26,0.5291901454593106,0.027275658561422493
Astro,2.0,SDAN_13,sciRED_39,1200,44,26,0.6197418424846023,0.03621935510046344
Astro,2.0,SDAN_14,sciRED_0,1200,41,18,0.5188475277307765,0.01583646010161875
Astro,2.0,SDAN_14,sciRED_1,1200,41,18,0.46131791690167323,0.013879059455066307
Astro,2.0,SDAN_14,sciRED_2,1200,41,18,0.5898665162624553,0.02669599417262441
Astro,2.0,SDAN_14,sciRED_3,1200,41,18,0.5625117503290092,0.018440072077608054
Astro,2.0,SDAN_14,sciRED_4,1200,41,18,0.4964749012972363,0.015355059154878895
Astro,2.0,SDAN_14,sciRED_5,1200,41,18,0.39777213761985336,0.012923622214424559
Astro,2.0,SDAN_14,sciRED_6,1200,41,18,0.37098138747884946,0.013325100093487415
Astro,2.0,SDAN_14,sciRED_7,1200,41,18,0.6116281255875164,0.023656470561343197
Astro,2.0,SDAN_14,sciRED_8,1200,41,18,0.6168922729836436,0.0266139727531928
Astro,2.0,SDAN_14,sciRED_9,1200,41,18,0.5773171648806167,0.020881517515935914
Astro,2.0,SDAN_14,sciRED_10,1200,41,18,0.5275427711975935,0.02117675953418656
Astro,2.0,SDAN_14,sciRED_11,1200,41,18,0.5410791502162061,0.018184950053376142
Astro,2.0,SDAN_14,sciRED_12,1200,41,18,0.5627467569091935,0.016774283729448662
Astro,2.0,SDAN_14,sciRED_13,1200,41,18,0.5373190449332581,0.017001243408595396
Astro,2.0,SDAN_14,sciRED_14,1200,41,18,0.5130663658582441,0.015239921487275685
Astro,2.0,SDAN_14,sciRED_15,1200,41,18,0.4758413235570596,0.013983751515013305
Astro,2.0,SDAN_14,sciRED_16,1200,41,18,0.4304380522654634,0.014309879377093217
Astro,2.0,SDAN_14,sciRED_17,1200,41,18,0.5776461740928747,0.01931195485874216
Astro,2.0,SDAN_14,sciRED_18,1200,41,18,0.6252585072382026,0.026567632639508516
Astro,2.0,SDAN_14,sciRED_19,1200,41,18,0.5235476593344615,0.018579157699785687
Astro,2.0,SDAN_14,sciRED_20,1200,41,18,0.46061289716112047,0.015094639363606294
Astro,2.0,SDAN_14,sciRED_21,1200,41,18,0.5707839819514946,0.0936888959521342
Astro,2.0,SDAN_14,sciRED_22,1200,41,18,0.36703327693175414,0.012218181962476213
Astro,2.0,SDAN_14,sciRED_23,1200,41,18,0.5685279187817258,0.018062517909524248
Astro,2.0,SDAN_14,sciRED_24,1200,41,18,0.5825813122767437,0.02058983544122843
Astro,2.0,SDAN_14,sciRED_25,1200,41,18,0.4885316788870089,0.014479067457542088
Astro,2.0,SDAN_14,sciRED_26,1200,41,18,0.479460424891897,0.02711834499765879
Astro,2.0,SDAN_14,sciRED_27,1200,41,18,0.45896785109983074,0.01568805846303856
Astro,2.0,SDAN_14,sciRED_28,1200,41,18,0.4398383154728333,0.015014042369377263
Astro,2.0,SDAN_14,sciRED_29,1200,41,18,0.5863414175596916,0.02658419898888287
Astro,2.0,SDAN_14,sciRED_30,1200,41,18,0.6172212821959014,0.02672802643280836
Astro,2.0,SDAN_14,sciRED_31,1200,41,18,0.4945478473397255,0.017166407742508143
Astro,2.0,SDAN_14,sciRED_32,1200,41,18,0.49393683023124646,0.014645234203367108
Astro,2.0,SDAN_14,sciRED_33,1200,41,18,0.4061853731904493,0.012565243678146251
Astro,2.0,SDAN_14,sciRED_34,1200,41,18,0.5936736228614401,0.027820929713162013
Astro,2.0,SDAN_14,sciRED_35,1200,41,18,0.5539105094942659,0.020873011863437527
Astro,2.0,SDAN_14,sciRED_36,1200,41,18,0.4895657078398195,0.015863523969437836
Astro,2.0,SDAN_14,sciRED_37,1200,41,18,0.48528858808046627,0.015232126024819357
Astro,2.0,SDAN_14,sciRED_38,1200,41,18,0.4375822523030645,0.01331391785878578
Astro,2.0,SDAN_14,sciRED_39,1200,41,18,0.48044745252867077,0.01908455831697166
Astro,2.0,SDAN_15,sciRED_0,1200,42,19,0.4981505414679798,0.01610273947026044
Astro,2.0,SDAN_15,sciRED_1,1200,42,19,0.47551138642542,0.014612849342089805
Astro,2.0,SDAN_15,sciRED_2,1200,42,19,0.5180266500289674,0.022634348075557427
Astro,2.0,SDAN_15,sciRED_3,1200,42,19,0.636302865546593,0.028818076007821304
Astro,2.0,SDAN_15,sciRED_4,1200,42,19,0.5021168501270109,0.018706854692599133
Astro,2.0,SDAN_15,sciRED_5,1200,42,19,0.4914657515932082,0.018536027316429178
Astro,2.0,SDAN_15,sciRED_6,1200,42,19,0.5472614644146352,0.018392180013900875
Astro,2.0,SDAN_15,sciRED_7,1200,42,19,0.6659833325905788,0.030225435051091105
Astro,2.0,SDAN_15,sciRED_8,1200,42,19,0.6110789250857881,0.02363387502096592
Astro,2.0,SDAN_15,sciRED_9,1200,42,19,0.5199429564597353,0.01910609861183278
Astro,2.0,SDAN_15,sciRED_10,1200,42,19,0.8279780738892106,0.10238010226905667
Astro,2.0,SDAN_15,sciRED_11,1200,42,19,0.5700343152546905,0.01912721219899055
Astro,2.0,SDAN_15,sciRED_12,1200,42,19,0.49774945407549354,0.019988289099226435
Astro,2.0,SDAN_15,sciRED_13,1200,42,19,0.5908462943981461,0.02155601900438587
Astro,2.0,SDAN_15,sciRED_14,1200,42,19,0.4959222781763893,0.017231957420654857
Astro,2.0,SDAN_15,sciRED_15,1200,42,19,0.5927180355630821,0.019083208732889458
Astro,2.0,SDAN_15,sciRED_16,1200,42,19,0.4219439368955835,0.013434520382287957
Astro,2.0,SDAN_15,sciRED_17,1200,42,19,0.5321538392976514,0.018552207745336315
Astro,2.0,SDAN_15,sciRED_18,1200,42,19,0.5240429609162618,0.020288477036994962
Astro,2.0,SDAN_15,sciRED_19,1200,42,19,0.43584829983510853,0.017763691019586893
Astro,2.0,SDAN_15,sciRED_20,1200,42,19,0.5458799411738491,0.018443648723608708
Astro,2.0,SDAN_15,sciRED_21,1200,42,19,0.48148313204688264,0.016576218229587318
Astro,2.0,SDAN_15,sciRED_22,1200,42,19,0.552252774187798,0.017240411046217943
Astro,2.0,SDAN_15,sciRED_23,1200,42,19,0.4520254913320558,0.014368699732870176
Astro,2.0,SDAN_15,sciRED_24,1200,42,19,0.5906680333348189,0.026345872946503247
Astro,2.0,SDAN_15,sciRED_25,1200,42,19,0.47965595614777845,0.015453482359252688
Astro,2.0,SDAN_15,sciRED_26,1200,42,19,0.5241766567137573,0.03705155924725357
Astro,2.0,SDAN_15,sciRED_27,1200,42,19,0.5152190382815633,0.029978642042989
Astro,2.0,SDAN_15,sciRED_28,1200,42,19,0.6316235126342529,0.02702185436709525
Astro,2.0,SDAN_15,sciRED_29,1200,42,19,0.5842506350550382,0.03579869223375135
Astro,2.0,SDAN_15,sciRED_30,1200,42,19,0.6072463122242524,0.03287298607586768
Astro,2.0,SDAN_15,sciRED_31,1200,42,19,0.5194081732697535,0.016799101925983908
Astro,2.0,SDAN_15,sciRED_32,1200,42,19,0.47729399705869247,0.014918449469594829
Astro,2.0,SDAN_15,sciRED_33,1200,42,19,0.5220375239538304,0.017956227099737116
Astro,2.0,SDAN_15,sciRED_34,1200,42,19,0.38557867997682604,0.016737436210738692
Astro,2.0,SDAN_15,sciRED_35,1200,42,19,0.5076875083559873,0.019902119764826337
Astro,2.0,SDAN_15,sciRED_36,1200,42,19,0.5736441017870672,0.023403331856824257
Astro,2.0,SDAN_15,sciRED_37,1200,42,19,0.5321092740318196,0.0190537129998197
Astro,2.0,SDAN_15,sciRED_38,1200,42,19,0.5181603458264629,0.01901729275064
Astro,2.0,SDAN_15,sciRED_39,1200,42,19,0.5094701189892596,0.016788481798914016
Astro,2.0,SDAN_16,sciRED_0,1200,45,19,0.4215428495030973,0.01318543815107891
Astro,2.0,SDAN_16,sciRED_1,1200,45,19,0.46989616293061187,0.014621355230882831
Astro,2.0,SDAN_16,sciRED_2,1200,45,19,0.40032978296715543,0.013224110931118256
Astro,2.0,SDAN_16,sciRED_3,1200,45,19,0.5643299612282187,0.019692114200547645
Astro,2.0,SDAN_16,sciRED_4,1200,45,19,0.5024288069878335,0.01642117088959788
Astro,2.0,SDAN_16,sciRED_5,1200,45,19,0.3969873880297695,0.013695187104080752
Astro,2.0,SDAN_16,sciRED_6,1200,45,19,0.4813494362493872,0.015607345489356557
Astro,2.0,SDAN_16,sciRED_7,1200,45,19,0.5297027496769018,0.0482671203112119
Astro,2.0,SDAN_16,sciRED_8,1200,45,19,0.483978786933464,0.01624104653302051
Astro,2.0,SDAN_16,sciRED_9,1200,45,19,0.41338740585587586,0.013978252937414911
Astro,2.0,SDAN_16,sciRED_10,1200,45,19,0.5019385890636837,0.015733869820669082
Astro,2.0,SDAN_16,sciRED_11,1200,45,19,0.5961495610321316,0.020683555850154987
Astro,2.0,SDAN_16,sciRED_12,1200,45,19,0.5794821516110344,0.022910351271485864
Astro,2.0,SDAN_16,sciRED_13,1200,45,19,0.5512723383394982,0.017293957106355458
Astro,2.0,SDAN_16,sciRED_14,1200,45,19,0.4105797941084718,0.015769528767432647
Astro,2.0,SDAN_16,sciRED_15,1200,45,19,0.38749498640759394,0.013769554607411033
Astro,2.0,SDAN_16,sciRED_16,1200,45,19,0.6305539462542894,0.027745434768489063
Astro,2.0,SDAN_16,sciRED_17,1200,45,19,0.4235037211996969,0.013560015063968325
Astro,2.0,SDAN_16,sciRED_18,1200,45,19,0.4930255358973216,0.015604704313592847
Astro,2.0,SDAN_16,sciRED_19,1200,45,19,0.4435580908240117,0.01522967491133238
Astro,2.0,SDAN_16,sciRED_20,1200,45,19,0.3803199786086724,0.012384269639222482
Astro,2.0,SDAN_16,sciRED_21,1200,45,19,0.37590801729132317,0.012506415531121872
Astro,2.0,SDAN_16,sciRED_22,1200,45,19,0.42818307411203704,0.03113289659552034
Astro,2.0,SDAN_16,sciRED_23,1200,45,19,0.463033111992513,0.014541902430981286
Astro,2.0,SDAN_16,sciRED_24,1200,45,19,0.46557333214492624,0.016128577597777197
Astro,2.0,SDAN_16,sciRED_25,1200,45,19,0.44444939614064793,0.013786785870298152
Astro,2.0,SDAN_16,sciRED_26,1200,45,19,0.4055439190694773,0.012939658868416937
Astro,2.0,SDAN_16,sciRED_27,1200,45,19,0.3735906234680689,0.012363345568715186
Astro,2.0,SDAN_16,sciRED_28,1200,45,19,0.49935380364543874,0.018691553935928966
Astro,2.0,SDAN_16,sciRED_29,1200,45,19,0.5133472971166273,0.017587080142448044
Astro,2.0,SDAN_16,sciRED_30,1200,45,19,0.5048353313427514,0.01658117544321063
Astro,2.0,SDAN_16,sciRED_31,1200,45,19,0.3975221712197513,0.013124966852797773
Astro,2.0,SDAN_16,sciRED_32,1200,45,19,0.4441374392798253,0.014316339902676577
Astro,2.0,SDAN_16,sciRED_33,1200,45,19,0.5726636659387674,0.028711537130999016
Astro,2.0,SDAN_16,sciRED_34,1200,45,19,0.5432060252239405,0.059352345294078804
Astro,2.0,SDAN_16,sciRED_35,1200,45,19,0.5002896742279068,0.01868403384805718
Astro,2.0,SDAN_16,sciRED_36,1200,45,19,0.5010472837470475,0.01656164438470404
Astro,2.0,SDAN_16,sciRED_37,1200,45,19,0.5137038192432818,0.017100881076538642
Astro,2.0,SDAN_16,sciRED_38,1200,45,19,0.4149026248941575,0.013306711174785761
Astro,2.0,SDAN_16,sciRED_39,1200,45,19,0.47225812201969786,0.014643889751359357
Astro,2.0,SDAN_17,sciRED_0,1200,44,19,0.39422434154819735,0.012654116517155969
Astro,2.0,SDAN_17,sciRED_1,1200,44,19,0.40073087035964167,0.012690554508714928
Astro,2.0,SDAN_17,sciRED_2,1200,44,19,0.4587548464726592,0.014471427028562439
Astro,2.0,SDAN_17,sciRED_3,1200,44,19,0.5422255893756406,0.01915444833847848
Astro,2.0,SDAN_17,sciRED_4,1200,44,19,0.5208788270422033,0.0165948034825803
Astro,2.0,SDAN_17,sciRED_5,1200,44,19,0.48593965863006366,0.019125955369003533
Astro,2.0,SDAN_17,sciRED_6,1200,44,19,0.40465261375284106,0.012991747390097298
Astro,2.0,SDAN_17,sciRED_7,1200,44,19,0.5848299835108516,0.02047056393831891
Astro,2.0,SDAN_17,sciRED_8,1200,44,19,0.41690806185658896,0.01314732981329264
Astro,2.0,SDAN_17,sciRED_9,1200,44,19,0.4387450421141762,0.015403127459762338
Astro,2.0,SDAN_17,sciRED_10,1200,44,19,0.49552119078390294,0.01607271144947626
Astro,2.0,SDAN_17,sciRED_11,1200,44,19,0.5534114710994251,0.021425683533857362
Astro,2.0,SDAN_17,sciRED_12,1200,44,19,0.45086679442042865,0.014161274766039806
Astro,2.0,SDAN_17,sciRED_13,1200,44,19,0.5206560007130443,0.016927895322410395
Astro,2.0,SDAN_17,sciRED_14,1200,44,19,0.6206604572396275,0.02613177202602923
Astro,2.0,SDAN_17,sciRED_15,1200,44,19,0.5151744730157316,0.017296151693515102
Astro,2.0,SDAN_17,sciRED_16,1200,44,19,0.7248540487544008,0.07250643750226157
Astro,2.0,SDAN_17,sciRED_17,1200,44,19,0.5300147065377245,0.019102111428088
Astro,2.0,SDAN_17,sciRED_18,1200,44,19,0.5455679843130264,0.018896532652985035
Astro,2.0,SDAN_17,sciRED_19,1200,44,19,0.4304113374036276,0.014226755424053446
Astro,2.0,SDAN_17,sciRED_20,1200,44,19,0.37131779491064665,0.012306402698995751
Astro,2.0,SDAN_17,sciRED_21,1200,44,19,0.4760461696154017,0.02078629032586796
Astro,2.0,SDAN_17,sciRED_22,1200,44,19,0.41258523107090334,0.01355448873897413
Astro,2.0,SDAN_17,sciRED_23,1200,44,19,0.41401131957752124,0.013388531411144829
Astro,2.0,SDAN_17,sciRED_24,1200,44,19,0.3738580150630599,0.01227093754138488
Astro,2.0,SDAN_17,sciRED_25,1200,44,19,0.4448504835331343,0.014468650176002719
Astro,2.0,SDAN_17,sciRED_26,1200,44,19,0.41592762600828914,0.013327968860136739
Astro,2.0,SDAN_17,sciRED_27,1200,44,19,0.4734168189313249,0.014942704704054207
Astro,2.0,SDAN_17,sciRED_28,1200,44,19,0.6201702393154774,0.02901435824809983
Astro,2.0,SDAN_17,sciRED_29,1200,44,19,0.4660189848032444,0.014864833533742806
Astro,2.0,SDAN_17,sciRED_30,1200,44,19,0.48420161326262307,0.018189000335570006
Astro,2.0,SDAN_17,sciRED_31,1200,44,19,0.42435046125050135,0.013444955498938467
Astro,2.0,SDAN_17,sciRED_32,1200,44,19,0.4771157359953652,0.014979279334271093
Astro,2.0,SDAN_17,sciRED_33,1200,44,19,0.4420428717857302,0.014037357309758879
Astro,2.0,SDAN_17,sciRED_34,1200,44,19,0.5949017335888409,0.021788033309124783
Astro,2.0,SDAN_17,sciRED_35,1200,44,19,0.45648201791523685,0.01866472335140853
Astro,2.0,SDAN_17,sciRED_36,1200,44,19,0.45318418824368284,0.014094249440923103
Astro,2.0,SDAN_17,sciRED_37,1200,44,19,0.47782878024867415,0.017591797090523463
Astro,2.0,SDAN_17,sciRED_38,1200,44,19,0.4547439725477962,0.015787778873407998
Astro,2.0,SDAN_17,sciRED_39,1200,44,19,0.491287490529881,0.016099694775189556
Astro,2.0,SDAN_18,sciRED_0,1200,45,32,0.48236836472602734,0.027431362551115973
Astro,2.0,SDAN_18,sciRED_1,1200,45,32,0.371976669520548,0.019870519471730047
Astro,2.0,SDAN_18,sciRED_2,1200,45,32,0.4297410102739726,0.022339826314450542
Astro,2.0,SDAN_18,sciRED_3,1200,45,32,0.5636772260273972,0.04160480988399447
Astro,2.0,SDAN_18,sciRED_4,1200,45,32,0.427466823630137,0.022064720000384803
Astro,2.0,SDAN_18,sciRED_5,1200,45,32,0.5023544520547946,0.028249471610413853
Astro,2.0,SDAN_18,sciRED_6,1200,45,32,0.5779912243150684,0.034306227867065386
Astro,2.0,SDAN_18,sciRED_7,1200,45,32,0.5050299657534246,0.028221873765391058
Astro,2.0,SDAN_18,sciRED_8,1200,45,32,0.3811536815068493,0.02021581848925795
Astro,2.0,SDAN_18,sciRED_9,1200,45,32,0.45315175513698636,0.023601601515542678
Astro,2.0,SDAN_18,sciRED_10,1200,45,32,0.6839683219178082,0.0934227579904387
Astro,2.0,SDAN_18,sciRED_11,1200,45,32,0.4484696061643835,0.027352328796621375
Astro,2.0,SDAN_18,sciRED_12,1200,45,32,0.4360284674657534,0.022160198193948665
Astro,2.0,SDAN_18,sciRED_13,1200,45,32,0.5008294092465754,0.029642272376457484
Astro,2.0,SDAN_18,sciRED_14,1200,45,32,0.4404965753424658,0.03871526222839983
Astro,2.0,SDAN_18,sciRED_15,1200,45,32,0.417433647260274,0.02194053897621514
Astro,2.0,SDAN_18,sciRED_16,1200,45,32,0.405099529109589,0.02188654637501322
Astro,2.0,SDAN_18,sciRED_17,1200,45,32,0.43134631849315064,0.022429358785448474
Astro,2.0,SDAN_18,sciRED_18,1200,45,32,0.5479987157534247,0.03340613795154754
Astro,2.0,SDAN_18,sciRED_19,1200,45,32,0.5002407962328768,0.027447039892000303
Astro,2.0,SDAN_18,sciRED_20,1200,45,32,0.4232395119863014,0.021961574909981428
Astro,2.0,SDAN_18,sciRED_21,1200,45,32,0.4515732020547945,0.02427051872329447
Astro,2.0,SDAN_18,sciRED_22,1200,45,32,0.4326305650684932,0.02621367477382916
Astro,2.0,SDAN_18,sciRED_23,1200,45,32,0.5054312928082192,0.026834020457741258
Astro,2.0,SDAN_18,sciRED_24,1200,45,32,0.5849743150684932,0.0423341698021083
Astro,2.0,SDAN_18,sciRED_25,1200,45,32,0.5259524828767124,0.02913807955212365
Astro,2.0,SDAN_18,sciRED_26,1200,45,32,0.45250963184931503,0.02468267486422409
Astro,2.0,SDAN_18,sciRED_27,1200,45,32,0.6716342037671234,0.07210420141243175
Astro,2.0,SDAN_18,sciRED_28,1200,45,32,0.47632170376712335,0.03596693609492052
Astro,2.0,SDAN_18,sciRED_29,1200,45,32,0.544921875,0.03445424629677647
Astro,2.0,SDAN_18,sciRED_30,1200,45,32,0.43308540239726023,0.029861396491298098
Astro,2.0,SDAN_18,sciRED_31,1200,45,32,0.5782320205479452,0.03286870193347984
Astro,2.0,SDAN_18,sciRED_32,1200,45,32,0.4063837756849315,0.023681568622335055
Astro,2.0,SDAN_18,sciRED_33,1200,45,32,0.4648169948630137,0.024293353258338018
Astro,2.0,SDAN_18,sciRED_34,1200,45,32,0.6390999571917808,0.12815895680188805
Astro,2.0,SDAN_18,sciRED_35,1200,45,32,0.543049015410959,0.036097186065317324
Astro,2.0,SDAN_18,sciRED_36,1200,45,32,0.5322131849315068,0.035912556462739866
Astro,2.0,SDAN_18,sciRED_37,1200,45,32,0.5874892979452054,0.044198097122891855
Astro,2.0,SDAN_18,sciRED_38,1200,45,32,0.5297784674657535,0.07345252939759368
Astro,2.0,SDAN_18,sciRED_39,1200,45,32,0.4950502996575343,0.029078088770857803
Astro,2.0,SDAN_19,sciRED_0,1200,44,36,0.46747327224131346,0.02853705970001286
Astro,2.0,SDAN_19,sciRED_1,1200,44,36,0.38098988163421155,0.02333455136678826
Astro,2.0,SDAN_19,sciRED_2,1200,44,36,0.5357722413134784,0.033151237722028826
Astro,2.0,SDAN_19,sciRED_3,1200,44,36,0.5488258877434136,0.03725056442150035
Astro,2.0,SDAN_19,sciRED_4,1200,44,36,0.42308610156548304,0.024412058146530927
Astro,2.0,SDAN_19,sciRED_5,1200,44,36,0.5434564719358533,0.04898955705165205
Astro,2.0,SDAN_19,sciRED_6,1200,44,36,0.4376670484917908,0.028016717919561084
Astro,2.0,SDAN_19,sciRED_7,1200,44,36,0.5453178694158076,0.03515410487761136
Astro,2.0,SDAN_19,sciRED_8,1200,44,36,0.43704658266513935,0.026041755652833
Astro,2.0,SDAN_19,sciRED_9,1200,44,36,0.5242458953799161,0.03492479878425464
Astro,2.0,SDAN_19,sciRED_10,1200,44,36,0.5319301260022911,0.032855448449508357
Astro,2.0,SDAN_19,sciRED_11,1200,44,36,0.5584431080565102,0.045404628854301646
Astro,2.0,SDAN_19,sciRED_12,1200,44,36,0.5166809851088202,0.039447000262914186
Astro,2.0,SDAN_19,sciRED_13,1200,44,36,0.6633018327605957,0.07174005283026481
Astro,2.0,SDAN_19,sciRED_14,1200,44,36,0.604930316914853,0.10403683567558607
Astro,2.0,SDAN_19,sciRED_15,1200,44,36,0.39910271095838107,0.023749429843834137
Astro,2.0,SDAN_19,sciRED_16,1200,44,36,0.4756586483390608,0.02759324136057153
Astro,2.0,SDAN_19,sciRED_17,1200,44,36,0.5734774723176785,0.03458598841401078
Astro,2.0,SDAN_19,sciRED_18,1200,44,36,0.5173014509354715,0.03351852386340232
Astro,2.0,SDAN_19,sciRED_19,1200,44,36,0.611397479954181,0.05605196288546313
Astro,2.0,SDAN_19,sciRED_20,1200,44,36,0.4332999236349752,0.02591711207990941
Astro,2.0,SDAN_19,sciRED_21,1200,44,36,0.6662371134020618,0.07164623247858766
Astro,2.0,SDAN_19,sciRED_22,1200,44,36,0.6248090874379535,0.050866308438499055
Astro,2.0,SDAN_19,sciRED_23,1200,44,36,0.46577892325315007,0.028615421706002807
Astro,2.0,SDAN_19,sciRED_24,1200,44,36,0.5850515463917526,0.039233217092550135
Astro,2.0,SDAN_19,sciRED_25,1200,44,36,0.48210194730813294,0.029311802897748398
Astro,2.0,SDAN_19,sciRED_26,1200,44,36,0.47797346315387557,0.027606051338182946
Astro,2.0,SDAN_19,sciRED_27,1200,44,36,0.5777491408934707,0.040444810270045366
Astro,2.0,SDAN_19,sciRED_28,1200,44,36,0.6505345551737305,0.04922311832446814
Astro,2.0,SDAN_19,sciRED_29,1200,44,36,0.6125190912562047,0.057185461925473094
Astro,2.0,SDAN_19,sciRED_30,1200,44,36,0.4725801832760596,0.028250623894684388
Astro,2.0,SDAN_19,sciRED_31,1200,44,36,0.4887122947689958,0.030934801261478843
Astro,2.0,SDAN_19,sciRED_32,1200,44,36,0.6165759831996945,0.04725013074869651
Astro,2.0,SDAN_19,sciRED_33,1200,44,36,0.5143423062237495,0.03876215660288938
Astro,2.0,SDAN_19,sciRED_34,1200,44,36,0.4944158075601374,0.02952560961070685
Astro,2.0,SDAN_19,sciRED_35,1200,44,36,0.614905498281787,0.052873855759184435
Astro,2.0,SDAN_19,sciRED_36,1200,44,36,0.538516609392898,0.048260034363110306
Astro,2.0,SDAN_19,sciRED_37,1200,44,36,0.49453512791141657,0.029586842852859306
Astro,2.0,SDAN_19,sciRED_38,1200,44,36,0.5197117220313097,0.0339331965364177
Astro,2.0,SDAN_19,sciRED_39,1200,44,36,0.4547775868652157,0.02864100582105905
Astro,2.0,SDAN_20,sciRED_0,1200,42,28,0.46782057532910776,0.024157616846223032
Astro,2.0,SDAN_20,sciRED_1,1200,42,28,0.5045404680643588,0.02245527878689447
Astro,2.0,SDAN_20,sciRED_2,1200,42,28,0.567649926864944,0.027271807231204714
Astro,2.0,SDAN_20,sciRED_3,1200,42,28,0.5859032179424671,0.0367447623706564
Astro,2.0,SDAN_20,sciRED_4,1200,42,28,0.5216053144807411,0.02674114747408169
Astro,2.0,SDAN_20,sciRED_5,1200,42,28,0.5492747440273038,0.029997840240877073
Astro,2.0,SDAN_20,sciRED_6,1200,42,28,0.5564663578742077,0.030486333131024525
Astro,2.0,SDAN_20,sciRED_7,1200,42,28,0.6123232569478303,0.03403951450427703
Astro,2.0,SDAN_20,sciRED_8,1200,42,28,0.5177047781569966,0.023113073355757296
Astro,2.0,SDAN_20,sciRED_9,1200,42,28,0.3978242320819112,0.019276342253989682
Astro,2.0,SDAN_20,sciRED_10,1200,42,28,0.6212213554363725,0.034875510996383946
Astro,2.0,SDAN_20,sciRED_11,1200,42,28,0.5783764017552414,0.05065178385242406
Astro,2.0,SDAN_20,sciRED_12,1200,42,28,0.4408824963432472,0.023343750893008233
Astro,2.0,SDAN_20,sciRED_13,1200,42,28,0.4486226231106777,0.02759528294406008
Astro,2.0,SDAN_20,sciRED_14,1200,42,28,0.5408337396392003,0.033894322917537675
Astro,2.0,SDAN_20,sciRED_15,1200,42,28,0.46663213066796677,0.0217775062883052
Astro,2.0,SDAN_20,sciRED_16,1200,42,28,0.4710202340321794,0.02264431149826466
Astro,2.0,SDAN_20,sciRED_17,1200,42,28,0.4818076548025353,0.024404950120549943
Astro,2.0,SDAN_20,sciRED_18,1200,42,28,0.4443259385665529,0.024554576090155364
Astro,2.0,SDAN_20,sciRED_19,1200,42,28,0.5640845928815212,0.08041347291972845
Astro,2.0,SDAN_20,sciRED_20,1200,42,28,0.43335568015602144,0.019973120737572563
Astro,2.0,SDAN_20,sciRED_21,1200,42,28,0.5798086299366163,0.03126094351957374
Astro,2.0,SDAN_20,sciRED_22,1200,42,28,0.5665224280838616,0.028094735725431655
Astro,2.0,SDAN_20,sciRED_23,1200,42,28,0.4826913700633837,0.02241728028406195
Astro,2.0,SDAN_20,sciRED_24,1200,42,28,0.5363237445148707,0.02732812353514346
Astro,2.0,SDAN_20,sciRED_25,1200,42,28,0.5383654314968308,0.028637361276849207
Astro,2.0,SDAN_20,sciRED_26,1200,42,28,0.4886945392491468,0.024780990609395415
Astro,2.0,SDAN_20,sciRED_27,1200,42,28,0.5600926377376889,0.029299638194016778
Astro,2.0,SDAN_20,sciRED_28,1200,42,28,0.5096903949293028,0.0268318571687652
Astro,2.0,SDAN_20,sciRED_29,1200,42,28,0.5745063383715261,0.032799059457342766
Astro,2.0,SDAN_20,sciRED_30,1200,42,28,0.5244088249634326,0.025863434763713656
Astro,2.0,SDAN_20,sciRED_31,1200,42,28,0.44386884446611413,0.021916793174887796
Astro,2.0,SDAN_20,sciRED_32,1200,42,28,0.5525658215504632,0.031636231750134844
Astro,2.0,SDAN_20,sciRED_33,1200,42,28,0.41918576304241834,0.019738781553618225
Astro,2.0,SDAN_20,sciRED_34,1200,42,28,0.5089285714285714,0.030184783374985695
Astro,2.0,SDAN_20,sciRED_35,1200,42,28,0.6160714285714286,0.03168321165454399
Astro,2.0,SDAN_20,sciRED_36,1200,42,28,0.45742930277913213,0.03689050291197953
Astro,2.0,SDAN_20,sciRED_37,1200,42,28,0.5432715748415408,0.036778448617319784
Astro,2.0,SDAN_20,sciRED_38,1200,42,28,0.554942710872745,0.04177307898215086
Astro,2.0,SDAN_20,sciRED_39,1200,42,28,0.45020721599219893,0.032555187305861946
Astro,2.0,SDAN_21,sciRED_0,1200,41,25,0.5433531914893617,0.02720945142339635
Astro,2.0,SDAN_21,sciRED_1,1200,41,25,0.5435234042553192,0.02196866801678816
Astro,2.0,SDAN_21,sciRED_2,1200,41,25,0.6233872340425531,0.029731078505189225
Astro,2.0,SDAN_21,sciRED_3,1200,41,25,0.6102468085106383,0.04096722239481871
Astro,2.0,SDAN_21,sciRED_4,1200,41,25,0.5228255319148937,0.025063926252252296
Astro,2.0,SDAN_21,sciRED_5,1200,41,25,0.48769361702127656,0.022256620886412837
Astro,2.0,SDAN_21,sciRED_6,1200,41,25,0.5425702127659575,0.02340701937965759
Astro,2.0,SDAN_21,sciRED_7,1200,41,25,0.6410553191489361,0.03235082522210811
Astro,2.0,SDAN_21,sciRED_8,1200,41,25,0.5401872340425532,0.02639793343567475
Astro,2.0,SDAN_21,sciRED_9,1200,41,25,0.5985021276595744,0.03442181914391577
Astro,2.0,SDAN_21,sciRED_10,1200,41,25,0.6063999999999999,0.03382478583917789
Astro,2.0,SDAN_21,sciRED_11,1200,41,25,0.5278978723404255,0.03351965856000125
Astro,2.0,SDAN_21,sciRED_12,1200,41,25,0.5584,0.029127182381957408
Astro,2.0,SDAN_21,sciRED_13,1200,41,25,0.6764255319148936,0.05164082882544502
Astro,2.0,SDAN_21,sciRED_14,1200,41,25,0.6871489361702128,0.059237098051525855
Astro,2.0,SDAN_21,sciRED_15,1200,41,25,0.5711659574468085,0.029424399503904502
Astro,2.0,SDAN_21,sciRED_16,1200,41,25,0.5046127659574469,0.02469554590647376
Astro,2.0,SDAN_21,sciRED_17,1200,41,25,0.470263829787234,0.01913168657059483
Astro,2.0,SDAN_21,sciRED_18,1200,41,25,0.4993021276595745,0.023130760494047352
Astro,2.0,SDAN_21,sciRED_19,1200,41,25,0.5466553191489362,0.03197279667659865
Astro,2.0,SDAN_21,sciRED_20,1200,41,25,0.49143829787234045,0.024375958307279916
Astro,2.0,SDAN_21,sciRED_21,1200,41,25,0.5956085106382979,0.04804569711035285
Astro,2.0,SDAN_21,sciRED_22,1200,41,25,0.6278808510638298,0.046519937453528226
Astro,2.0,SDAN_21,sciRED_23,1200,41,25,0.5749446808510639,0.0303403863780826
Astro,2.0,SDAN_21,sciRED_24,1200,41,25,0.4097702127659574,0.01922968282852863
Astro,2.0,SDAN_21,sciRED_25,1200,41,25,0.4324085106382979,0.017906790387747826
Astro,2.0,SDAN_21,sciRED_26,1200,41,25,0.5359659574468085,0.02433579810062239
Astro,2.0,SDAN_21,sciRED_27,1200,41,25,0.6196425531914894,0.03133651513648985
Astro,2.0,SDAN_21,sciRED_28,1200,41,25,0.5174808510638298,0.022367472918497826
Astro,2.0,SDAN_21,sciRED_29,1200,41,25,0.6551829787234043,0.08788356195652264
Astro,2.0,SDAN_21,sciRED_30,1200,41,25,0.528,0.025037903210943048
Astro,2.0,SDAN_21,sciRED_31,1200,41,25,0.5464510638297873,0.024054410557312958
Astro,2.0,SDAN_21,sciRED_32,1200,41,25,0.560068085106383,0.02609518162440722
Astro,2.0,SDAN_21,sciRED_33,1200,41,25,0.5357276595744681,0.02539332547973847
Astro,2.0,SDAN_21,sciRED_34,1200,41,25,0.5809021276595745,0.024681872657524542
Astro,2.0,SDAN_21,sciRED_35,1200,41,25,0.6257021276595744,0.030761823591268316
Astro,2.0,SDAN_21,sciRED_36,1200,41,25,0.5939063829787233,0.029492996907467723
Astro,2.0,SDAN_21,sciRED_37,1200,41,25,0.459540425531915,0.021040087149710025
Astro,2.0,SDAN_21,sciRED_38,1200,41,25,0.5558127659574468,0.039741584792956225
Astro,2.0,SDAN_21,sciRED_39,1200,41,25,0.4297191489361702,0.02256880014902369
Astro,2.0,SDAN_22,sciRED_0,1200,45,38,0.3172388803333635,0.02167152099528955
Astro,2.0,SDAN_22,sciRED_1,1200,45,38,0.2855331098831415,0.020775095610168597
Astro,2.0,SDAN_22,sciRED_2,1200,45,38,0.32127004257632036,0.021998859610374722
Astro,2.0,SDAN_22,sciRED_3,1200,45,38,0.3258447323127095,0.02222592496471151
Astro,2.0,SDAN_22,sciRED_4,1200,45,38,0.6211160431198477,0.0834931913323484
Astro,2.0,SDAN_22,sciRED_5,1200,45,38,0.6031343418787934,0.10507717878489924
Astro,2.0,SDAN_22,sciRED_6,1200,45,38,0.3693495787661925,0.02368455670868779
Astro,2.0,SDAN_22,sciRED_7,1200,45,38,0.39201920463810125,0.02432575387802345
Astro,2.0,SDAN_22,sciRED_8,1200,45,38,0.37227103904339165,0.02350470957846184
Astro,2.0,SDAN_22,sciRED_9,1200,45,38,0.5437992571790923,0.03634106537250027
Astro,2.0,SDAN_22,sciRED_10,1200,45,38,0.3558293323670622,0.023150147268886055
Astro,2.0,SDAN_22,sciRED_11,1200,45,38,0.42121116043119844,0.026542995723559164
Astro,2.0,SDAN_22,sciRED_12,1200,45,38,0.38065042123380743,0.023780261149196555
Astro,2.0,SDAN_22,sciRED_13,1200,45,38,0.3697798713651599,0.023510885102675468
Astro,2.0,SDAN_22,sciRED_14,1200,45,38,0.44904429749071473,0.028519142850660775
Astro,2.0,SDAN_22,sciRED_15,1200,45,38,0.34638554216867473,0.022800132746630435
Astro,2.0,SDAN_22,sciRED_16,1200,45,38,0.38549687471691274,0.02606502796440111
Astro,2.0,SDAN_22,sciRED_17,1200,45,38,0.37014222302744815,0.023374978068158674
Astro,2.0,SDAN_22,sciRED_18,1200,45,38,0.33023824621795456,0.022050818412764003
Astro,2.0,SDAN_22,sciRED_19,1200,45,38,0.3839342331732946,0.02398378458208515
Astro,2.0,SDAN_22,sciRED_20,1200,45,38,0.2984871818099465,0.021053256800082742
Astro,2.0,SDAN_22,sciRED_21,1200,45,38,0.3507111151372407,0.022676573756852142
Astro,2.0,SDAN_22,sciRED_22,1200,45,38,0.2983060059788024,0.02114010523530141
Astro,2.0,SDAN_22,sciRED_23,1200,45,38,0.4008741733852704,0.02564719276027652
Astro,2.0,SDAN_22,sciRED_24,1200,45,38,0.3299438354923453,0.022259268975645966
Astro,2.0,SDAN_22,sciRED_25,1200,45,38,0.30772714919829697,0.021309144939223666
Astro,2.0,SDAN_22,sciRED_26,1200,45,38,0.3671301748346771,0.02341852056894249
Astro,2.0,SDAN_22,sciRED_27,1200,45,38,0.47590361445783125,0.0301871982228142
Astro,2.0,SDAN_22,sciRED_28,1200,45,38,0.40395416251472055,0.026247206226170498
Astro,2.0,SDAN_22,sciRED_29,1200,45,38,0.4123561916840293,0.025076780840077945
Astro,2.0,SDAN_22,sciRED_30,1200,45,38,0.4742050910408552,0.030496142866724307
Astro,2.0,SDAN_22,sciRED_31,1200,45,38,0.7388576863846363,0.38162110680302264
Astro,2.0,SDAN_22,sciRED_32,1200,45,38,0.46086602047286895,0.0280427301919487
Astro,2.0,SDAN_22,sciRED_33,1200,45,38,0.36669988223570976,0.02342334878834751
Astro,2.0,SDAN_22,sciRED_34,1200,45,38,0.4160702962224839,0.026108354104607122
Astro,2.0,SDAN_22,sciRED_35,1200,45,38,0.40266328471781865,0.025618034905932213
Astro,2.0,SDAN_22,sciRED_36,1200,45,38,0.4252876166319413,0.027591229811362295
Astro,2.0,SDAN_22,sciRED_37,1200,45,38,0.4455340157622973,0.033110147327748696
Astro,2.0,SDAN_22,sciRED_38,1200,45,38,0.5089229096838481,0.03343947529442897
Astro,2.0,SDAN_22,sciRED_39,1200,45,38,0.5275613733128001,0.0350055218256888
Astro,2.0,SDAN_23,sciRED_0,1200,44,27,0.4803447949228,0.022561696869635568
Astro,2.0,SDAN_23,sciRED_1,1200,44,27,0.5864671150263647,0.02793930629354259
Astro,2.0,SDAN_23,sciRED_2,1200,44,27,0.4349720564554324,0.023212046758916947
Astro,2.0,SDAN_23,sciRED_3,1200,44,27,0.6069590477092608,0.04154347664328443
Astro,2.0,SDAN_23,sciRED_4,1200,44,27,0.5016892425247071,0.022333439277853355
Astro,2.0,SDAN_23,sciRED_5,1200,44,27,0.45524296675191817,0.022140396830318897
Astro,2.0,SDAN_23,sciRED_6,1200,44,27,0.43389851915001104,0.021682712008753546
Astro,2.0,SDAN_23,sciRED_7,1200,44,27,0.5473461526317451,0.026152520932835988
Astro,2.0,SDAN_23,sciRED_8,1200,44,27,0.49054339932430296,0.02096848943098434
Astro,2.0,SDAN_23,sciRED_9,1200,44,27,0.600801995516403,0.04595264139212784
Astro,2.0,SDAN_23,sciRED_10,1200,44,27,0.561396861482113,0.03159676473094941
Astro,2.0,SDAN_23,sciRED_11,1200,44,27,0.4673044741245934,0.026405075911557052
Astro,2.0,SDAN_23,sciRED_12,1200,44,27,0.479460705377159,0.02435417895279462
Astro,2.0,SDAN_23,sciRED_13,1200,44,27,0.5710586972309052,0.03234581439881683
Astro,2.0,SDAN_23,sciRED_14,1200,44,27,0.5718164882700262,0.04120468210010957
Astro,2.0,SDAN_23,sciRED_15,1200,44,27,0.47431404123646237,0.020482846733013718
Astro,2.0,SDAN_23,sciRED_16,1200,44,27,0.7058507783145465,0.05014425083042892
Astro,2.0,SDAN_23,sciRED_17,1200,44,27,0.5911717343942409,0.030155916561751067
Astro,2.0,SDAN_23,sciRED_18,1200,44,27,0.5096460484354772,0.026580739486112906
Astro,2.0,SDAN_23,sciRED_19,1200,44,27,0.5491143317230274,0.027027434021483828
Astro,2.0,SDAN_23,sciRED_20,1200,44,27,0.5956237567490764,0.033960608502743905
Astro,2.0,SDAN_23,sciRED_21,1200,44,27,0.5183606453853683,0.027146326758138575
Astro,2.0,SDAN_23,sciRED_22,1200,44,27,0.5640175554924063,0.0337975360304585
Astro,2.0,SDAN_23,sciRED_23,1200,44,27,0.49831075747529285,0.03185940271678726
Astro,2.0,SDAN_23,sciRED_24,1200,44,27,0.4796817277635692,0.02205817853664643
Astro,2.0,SDAN_23,sciRED_25,1200,44,27,0.49316409333459627,0.02189572107331608
Astro,2.0,SDAN_23,sciRED_26,1200,44,27,0.554292570490354,0.02900629811519559
Astro,2.0,SDAN_23,sciRED_27,1200,44,27,0.5376211676296927,0.02989378418247917
Astro,2.0,SDAN_23,sciRED_28,1200,44,27,0.5016892425247071,0.025171301265480447
Astro,2.0,SDAN_23,sciRED_29,1200,44,27,0.4798711755233494,0.020843158222266952
Astro,2.0,SDAN_23,sciRED_30,1200,44,27,0.3632029301253512,0.017534255208083566
Astro,2.0,SDAN_23,sciRED_31,1200,44,27,0.44959110858514095,0.019693805889330854
Astro,2.0,SDAN_23,sciRED_32,1200,44,27,0.531527264690095,0.024780280088896853
Astro,2.0,SDAN_23,sciRED_33,1200,44,27,0.4763663919674149,0.023792921755661833
Astro,2.0,SDAN_23,sciRED_34,1200,44,27,0.5822676896845695,0.027341434959150146
Astro,2.0,SDAN_23,sciRED_35,1200,44,27,0.44791765337374884,0.020300919505236346
Astro,2.0,SDAN_23,sciRED_36,1200,44,27,0.5648700704114173,0.027605050237626466
Astro,2.0,SDAN_23,sciRED_37,1200,44,27,0.5254017871238672,0.031014309305409358
Astro,2.0,SDAN_23,sciRED_38,1200,44,27,0.4185216759811815,0.021374547457648815
Astro,2.0,SDAN_23,sciRED_39,1200,44,27,0.5610495405891825,0.02800682335558853
Astro,2.0,SDAN_24,sciRED_0,1200,42,21,0.3726321741588917,0.013641547774962914
Astro,2.0,SDAN_24,sciRED_1,1200,42,21,0.46944545417827854,0.015854221847937895
Astro,2.0,SDAN_24,sciRED_2,1200,42,21,0.3452885819298033,0.013064017874308425
Astro,2.0,SDAN_24,sciRED_3,1200,42,21,0.3717032190314633,0.013854379208590015
Astro,2.0,SDAN_24,sciRED_4,1200,42,21,0.8593238822246455,0.39700669307749875
Astro,2.0,SDAN_24,sciRED_5,1200,42,21,0.5410961670503655,0.02417378714574105
Astro,2.0,SDAN_24,sciRED_6,1200,42,21,0.3418150975402884,0.01287247650585036
Astro,2.0,SDAN_24,sciRED_7,1200,42,21,0.44303081707661857,0.016586971757314523
Astro,2.0,SDAN_24,sciRED_8,1200,42,21,0.40736701805404096,0.01412658034148494
Astro,2.0,SDAN_24,sciRED_9,1200,42,21,0.39819863483985624,0.014437394152554375
Astro,2.0,SDAN_24,sciRED_10,1200,42,21,0.3120481441092128,0.01217058717613844
Astro,2.0,SDAN_24,sciRED_11,1200,42,21,0.46677975685609274,0.015847617975857785
Astro,2.0,SDAN_24,sciRED_12,1200,42,21,0.42170523849913166,0.015013085263594874
Astro,2.0,SDAN_24,sciRED_13,1200,42,21,0.3946847610969748,0.013847751799392884
Astro,2.0,SDAN_24,sciRED_14,1200,42,21,0.33951290439840054,0.012948416888473653
Astro,2.0,SDAN_24,sciRED_15,1200,42,21,0.4914172624096288,0.016611638365540103
Astro,2.0,SDAN_24,sciRED_16,1200,42,21,0.3713397148511653,0.013788259848097376
Astro,2.0,SDAN_24,sciRED_17,1200,42,21,0.3820025041399087,0.013951481413493503
Astro,2.0,SDAN_24,sciRED_18,1200,42,21,0.39242295730845345,0.013927208354715098
Astro,2.0,SDAN_24,sciRED_19,1200,42,21,0.43887071367987396,0.020229680492808773
Astro,2.0,SDAN_24,sciRED_20,1200,42,21,0.40227795952986795,0.01399733521033517
Astro,2.0,SDAN_24,sciRED_21,1200,42,21,0.2760612302597035,0.011717269862620087
Astro,2.0,SDAN_24,sciRED_22,1200,42,21,0.47332283210145804,0.020892680594374866
Astro,2.0,SDAN_24,sciRED_23,1200,42,21,0.36100004038935335,0.0134861700099039
Astro,2.0,SDAN_24,sciRED_24,1200,42,21,0.4071650712872087,0.025530052826658094
Astro,2.0,SDAN_24,sciRED_25,1200,42,21,0.32784038127549575,0.012485434428840187
Astro,2.0,SDAN_24,sciRED_26,1200,42,21,0.2839371541661618,0.011681463763662664
Astro,2.0,SDAN_24,sciRED_27,1200,42,21,0.40215679146976857,0.018123942723702734
Astro,2.0,SDAN_24,sciRED_28,1200,42,21,0.39177672765459026,0.01469751312195305
Astro,2.0,SDAN_24,sciRED_29,1200,42,21,0.3843854759885294,0.015136083714651884
Astro,2.0,SDAN_24,sciRED_30,1200,42,21,0.33305060785976814,0.01258918244646333
Astro,2.0,SDAN_24,sciRED_31,1200,42,21,0.5601599418393312,0.023340637613322862
Astro,2.0,SDAN_24,sciRED_32,1200,42,21,0.40974998990266165,0.017958253475505174
Astro,2.0,SDAN_24,sciRED_33,1200,42,21,0.401833676642837,0.015450303189096038
Astro,2.0,SDAN_24,sciRED_34,1200,42,21,0.4339432125691668,0.014899606475626909
Astro,2.0,SDAN_24,sciRED_35,1200,42,21,0.46076174320449126,0.016603524196497688
Astro,2.0,SDAN_24,sciRED_36,1200,42,21,0.4457369037521709,0.015746953929849962
Astro,2.0,SDAN_24,sciRED_37,1200,42,21,0.44153641100205987,0.018044324956373065
Astro,2.0,SDAN_24,sciRED_38,1200,42,21,0.45369360636536205,0.015732022827256192
Astro,2.0,SDAN_24,sciRED_39,1200,42,21,0.5999838442586535,0.02393980632741249
Astro,2.0,SDAN_25,sciRED_0,1200,45,21,0.7606526919504019,0.12123867092451204
Astro,2.0,SDAN_25,sciRED_1,1200,45,21,0.3281231067490609,0.01244915817749212
Astro,2.0,SDAN_25,sciRED_2,1200,45,21,0.51132921361929,0.018460414267399604
Astro,2.0,SDAN_25,sciRED_3,1200,45,21,0.5448119875600791,0.030486479898173505
Astro,2.0,SDAN_25,sciRED_4,1200,45,21,0.49953552243628574,0.016876991803130337
Astro,2.0,SDAN_25,sciRED_5,1200,45,21,0.4238458742275536,0.015440614426382743
Astro,2.0,SDAN_25,sciRED_6,1200,45,21,0.6825396825396824,0.07012055367585239
Astro,2.0,SDAN_25,sciRED_7,1200,45,21,0.48867078638071004,0.01728944050104569
Astro,2.0,SDAN_25,sciRED_8,1200,45,21,0.3857183246496223,0.013671627545392707
Astro,2.0,SDAN_25,sciRED_9,1200,45,21,0.4355991760571913,0.01584815291247156
Astro,2.0,SDAN_25,sciRED_10,1200,45,21,0.48786299931338095,0.016893635307612016
Astro,2.0,SDAN_25,sciRED_11,1200,45,21,0.39872369643362005,0.014939911050809572
Astro,2.0,SDAN_25,sciRED_12,1200,45,21,0.4601962922573609,0.022815149272014165
Astro,2.0,SDAN_25,sciRED_13,1200,45,21,0.5779312573205704,0.04479984989887395
Astro,2.0,SDAN_25,sciRED_14,1200,45,21,0.5468718445817683,0.02143476198183798
Astro,2.0,SDAN_25,sciRED_15,1200,45,21,0.47804838644533304,0.017659527130226258
Astro,2.0,SDAN_25,sciRED_16,1200,45,21,0.36722000080778705,0.013425118143956156
Astro,2.0,SDAN_25,sciRED_17,1200,45,21,0.4477563714204935,0.016328410867751848
Astro,2.0,SDAN_25,sciRED_18,1200,45,21,0.453774385072095,0.017398107538846005
Astro,2.0,SDAN_25,sciRED_19,1200,45,21,0.5059978189749182,0.019568060937611296
Astro,2.0,SDAN_25,sciRED_20,1200,45,21,0.4532493234783311,0.019305125269896285
Astro,2.0,SDAN_25,sciRED_21,1200,45,21,0.684639928914738,0.04176296077913124
Astro,2.0,SDAN_25,sciRED_22,1200,45,21,0.5946524496142817,0.022500234560835504
Astro,2.0,SDAN_25,sciRED_23,1200,45,21,0.4942849064986469,0.017558265226142594
Astro,2.0,SDAN_25,sciRED_24,1200,45,21,0.5300294842279575,0.02569796837034546
Astro,2.0,SDAN_25,sciRED_25,1200,45,21,0.4915384304697281,0.020201478569095304
Astro,2.0,SDAN_25,sciRED_26,1200,45,21,0.5931176541863565,0.02326066597886514
Astro,2.0,SDAN_25,sciRED_27,1200,45,21,0.5635526475221132,0.022507696003230594
Astro,2.0,SDAN_25,sciRED_28,1200,45,21,0.46544690819499973,0.016746572946378043
Astro,2.0,SDAN_25,sciRED_29,1200,45,21,0.6583464598731774,0.034063610299064
Astro,2.0,SDAN_25,sciRED_30,1200,45,21,0.44638313340603414,0.018780866910368222
Astro,2.0,SDAN_25,sciRED_31,1200,45,21,0.44872571590128846,0.016491215029360608
Astro,2.0,SDAN_25,sciRED_32,1200,45,21,0.5109657094389919,0.02004132830876342
Astro,2.0,SDAN_25,sciRED_33,1200,45,21,0.5498202673775192,0.02323606366198285
Astro,2.0,SDAN_25,sciRED_34,1200,45,21,0.7520497596833474,0.0957384860088719
Astro,2.0,SDAN_25,sciRED_35,1200,45,21,0.4321660810210428,0.014825289355097873
Astro,2.0,SDAN_25,sciRED_36,1200,45,21,0.48758027383981584,0.018828730538455695
Astro,2.0,SDAN_25,sciRED_37,1200,45,21,0.3601114746152914,0.013569739461793278
Astro,2.0,SDAN_25,sciRED_38,1200,45,21,0.7189708792762228,0.0762075784579204
Astro,2.0,SDAN_25,sciRED_39,1200,45,21,0.5045034129003595,0.019764493632022113
Astro,2.0,SDAN_26,sciRED_0,1200,45,23,0.5470429611022867,0.023235618900518364
Astro,2.0,SDAN_26,sciRED_1,1200,45,23,0.5342617561227883,0.020668149185540996
Astro,2.0,SDAN_26,sciRED_2,1200,45,23,0.3496361419969709,0.014054563836441245
Astro,2.0,SDAN_26,sciRED_3,1200,45,23,0.5001292896457463,0.019731949760699044
Astro,2.0,SDAN_26,sciRED_4,1200,45,23,0.5171585829854826,0.018971048043809065
Astro,2.0,SDAN_26,sciRED_5,1200,45,23,0.3580584389198774,0.014225544238679345
Astro,2.0,SDAN_26,sciRED_6,1200,45,23,0.38945735288685307,0.014955128098752369
Astro,2.0,SDAN_26,sciRED_7,1200,45,23,0.5515865686528019,0.024453067505140903
Astro,2.0,SDAN_26,sciRED_8,1200,45,23,0.43699900262273284,0.016801462122312403
Astro,2.0,SDAN_26,sciRED_9,1200,45,23,0.3896051124819918,0.015391366794615141
Astro,2.0,SDAN_26,sciRED_10,1200,45,23,0.46533190499058036,0.017186393422952126
Astro,2.0,SDAN_26,sciRED_11,1200,45,23,0.5087732259613609,0.01982709411136586
Astro,2.0,SDAN_26,sciRED_12,1200,45,23,0.4026079568541982,0.016662064912844332
Astro,2.0,SDAN_26,sciRED_13,1200,45,23,0.4332680728454804,0.016546898230741798
Astro,2.0,SDAN_26,sciRED_14,1200,45,23,0.5357024121753906,0.023314196116505335
Astro,2.0,SDAN_26,sciRED_15,1200,45,23,0.3528499131912379,0.014245606301595454
Astro,2.0,SDAN_26,sciRED_16,1200,45,23,0.8305566842746851,0.09051267427536584
Astro,2.0,SDAN_26,sciRED_17,1200,45,23,0.3998374644453474,0.015253069175353047
Astro,2.0,SDAN_26,sciRED_18,1200,45,23,0.5218130102323519,0.019352905244731218
Astro,2.0,SDAN_26,sciRED_19,1200,45,23,0.5484466772561043,0.02020818755437922
Astro,2.0,SDAN_26,sciRED_20,1200,45,23,0.504414317904769,0.01885741797465756
Astro,2.0,SDAN_26,sciRED_21,1200,45,23,0.34634849100513465,0.013982304249946443
Astro,2.0,SDAN_26,sciRED_22,1200,45,23,0.3641904621181338,0.014961099538573008
Astro,2.0,SDAN_26,sciRED_23,1200,45,23,0.4770049130065384,0.017860958538024132
Astro,2.0,SDAN_26,sciRED_24,1200,45,23,0.4535850171770529,0.01703682291681798
Astro,2.0,SDAN_26,sciRED_25,1200,45,23,0.4094787780281482,0.015541775201272038
Astro,2.0,SDAN_26,sciRED_26,1200,45,23,0.3907871892431014,0.015358616432982636
Astro,2.0,SDAN_26,sciRED_27,1200,45,23,0.5096228436334085,0.02048714704238767
Astro,2.0,SDAN_26,sciRED_28,1200,45,23,0.5893760851095268,0.030561319731189703
Astro,2.0,SDAN_26,sciRED_29,1200,45,23,0.34845406523586125,0.014049345611317486
Astro,2.0,SDAN_26,sciRED_30,1200,45,23,0.33689187691625727,0.014036054562478532
Astro,2.0,SDAN_26,sciRED_31,1200,45,23,0.4598647999704481,0.01747506366795471
Astro,2.0,SDAN_26,sciRED_32,1200,45,23,0.4465294965091796,0.024173905852463096
Astro,2.0,SDAN_26,sciRED_33,1200,45,23,0.5275017546451923,0.020045279502907104
Astro,2.0,SDAN_26,sciRED_34,1200,45,23,0.5480403383694729,0.024629948323231628
Astro,2.0,SDAN_26,sciRED_35,1200,45,23,0.45764840604336743,0.0169073387795826
Astro,2.0,SDAN_26,sciRED_36,1200,45,23,0.49983377045546895,0.027261639356619717
Astro,2.0,SDAN_26,sciRED_37,1200,45,23,0.5175649218721141,0.02130593284479053
Astro,2.0,SDAN_26,sciRED_38,1200,45,23,0.5351113737948359,0.026100756536268734
Astro,2.0,SDAN_26,sciRED_39,1200,45,23,0.4835802149902109,0.018293428637970774
Astro,2.0,SDAN_27,sciRED_0,1200,45,29,0.42339291498571807,0.020034817098502675
Astro,2.0,SDAN_27,sciRED_1,1200,45,29,0.34111722960040053,0.017367330075295475
Astro,2.0,SDAN_27,sciRED_2,1200,45,29,0.3467711063341088,0.01740718779034649
Astro,2.0,SDAN_27,sciRED_3,1200,45,29,0.5418593009216996,0.04618609069473471
Astro,2.0,SDAN_27,sciRED_4,1200,45,29,0.5632969168703437,0.03946599726092507
Astro,2.0,SDAN_27,sciRED_5,1200,45,29,0.4703613180600135,0.03200134234105247
Astro,2.0,SDAN_27,sciRED_6,1200,45,29,0.4913866721634913,0.0241367591862156
Astro,2.0,SDAN_27,sciRED_7,1200,45,29,0.4736299655466886,0.02437867821398662
Astro,2.0,SDAN_27,sciRED_8,1200,45,29,0.43443564298124204,0.021166027566210825
Astro,2.0,SDAN_27,sciRED_9,1200,45,29,0.4764863511881975,0.02355889044069066
Astro,2.0,SDAN_27,sciRED_10,1200,45,29,0.42465914779587155,0.021283834244173638
Astro,2.0,SDAN_27,sciRED_11,1200,45,29,0.43767484319326244,0.02299194410251518
Astro,2.0,SDAN_27,sciRED_12,1200,45,29,0.4331105156217792,0.020802969919326817
Astro,2.0,SDAN_27,sciRED_13,1200,45,29,0.3524838776171265,0.019069512927796083
Astro,2.0,SDAN_27,sciRED_14,1200,45,29,0.43172649371300686,0.020378420029036802
Astro,2.0,SDAN_27,sciRED_15,1200,45,29,0.40007067345917136,0.018975396736514303
Astro,2.0,SDAN_27,sciRED_16,1200,45,29,0.47619187844165023,0.022117630547421097
Astro,2.0,SDAN_27,sciRED_17,1200,45,29,0.35448629229364825,0.0176186051203519
Astro,2.0,SDAN_27,sciRED_18,1200,45,29,0.42212668217556465,0.019978283847943798
Astro,2.0,SDAN_27,sciRED_19,1200,45,29,0.39114814923878793,0.018850257766261827
Astro,2.0,SDAN_27,sciRED_20,1200,45,29,0.414323154392061,0.01992195481173474
Astro,2.0,SDAN_27,sciRED_21,1200,45,29,0.4480991784210372,0.020837892553069667
Astro,2.0,SDAN_27,sciRED_22,1200,45,29,0.47312936187755816,0.021959915283368516
Astro,2.0,SDAN_27,sciRED_23,1200,45,29,0.4812273624076092,0.02308509851253561
Astro,2.0,SDAN_27,sciRED_24,1200,45,29,0.37294973350216437,0.018342091438085507
Astro,2.0,SDAN_27,sciRED_25,1200,45,29,0.4216260785064342,0.019907701672076537
Astro,2.0,SDAN_27,sciRED_26,1200,45,29,0.4315498100650785,0.02038657853088153
Astro,2.0,SDAN_27,sciRED_27,1200,45,29,0.45752230631055096,0.02233535746214871
Astro,2.0,SDAN_27,sciRED_28,1200,45,29,0.3782502429400159,0.018780382489020704
Astro,2.0,SDAN_27,sciRED_29,1200,45,29,0.3007450160487647,0.01625912917897166
Astro,2.0,SDAN_27,sciRED_30,1200,45,29,0.49006154480402836,0.022933981106939325
Astro,2.0,SDAN_27,sciRED_31,1200,45,29,0.5436261374009836,0.050574357357128195
Astro,2.0,SDAN_27,sciRED_32,1200,45,29,0.49704054889719956,0.024473183421468446
Astro,2.0,SDAN_27,sciRED_33,1200,45,29,0.46276392119909304,0.02223021119157361
Astro,2.0,SDAN_27,sciRED_34,1200,45,29,0.5751936158308548,0.039782944011851555
Astro,2.0,SDAN_27,sciRED_35,1200,45,29,0.42180276215436263,0.020329422766930665
Astro,2.0,SDAN_27,sciRED_36,1200,45,29,0.4277216643599635,0.025923236500948632
Astro,2.0,SDAN_27,sciRED_37,1200,45,29,0.4547248152183515,0.03858282430746932
Astro,2.0,SDAN_27,sciRED_38,1200,45,29,0.4753673547513178,0.022323023423852468
Astro,2.0,SDAN_27,sciRED_39,1200,45,29,0.506286993138785,0.02778979104148692
Astro,2.0,SDAN_28,sciRED_0,1200,43,32,0.5248822773972603,0.029550694534044564
Astro,2.0,SDAN_28,sciRED_1,1200,43,32,0.5390892551369864,0.028506360234238252
Astro,2.0,SDAN_28,sciRED_2,1200,43,32,0.5893621575342466,0.040361674312681624
Astro,2.0,SDAN_28,sciRED_3,1200,43,32,0.6042647688356164,0.04974293138828315
Astro,2.0,SDAN_28,sciRED_4,1200,43,32,0.5271297089041096,0.028765803643499736
Astro,2.0,SDAN_28,sciRED_5,1200,43,32,0.5759578339041096,0.04302926324821092
Astro,2.0,SDAN_28,sciRED_6,1200,43,32,0.7350973886986301,0.057429111087582835
Astro,2.0,SDAN_28,sciRED_7,1200,43,32,0.546875,0.03075858416640117
Astro,2.0,SDAN_28,sciRED_8,1200,43,32,0.4697666952054795,0.025358108504325315
Astro,2.0,SDAN_28,sciRED_9,1200,43,32,0.6129869434931507,0.04116597183531334
Astro,2.0,SDAN_28,sciRED_10,1200,43,32,0.6642497859589042,0.05468655223871169
Astro,2.0,SDAN_28,sciRED_11,1200,43,32,0.5882919520547945,0.036298294056586605
Astro,2.0,SDAN_28,sciRED_12,1200,43,32,0.5099261558219178,0.026974060616548556
Astro,2.0,SDAN_28,sciRED_13,1200,43,32,0.5925460188356164,0.04462361510795641
Astro,2.0,SDAN_28,sciRED_14,1200,43,32,0.458449272260274,0.03056422985881747
Astro,2.0,SDAN_28,sciRED_15,1200,43,32,0.5304741010273972,0.030645181799157005
Astro,2.0,SDAN_28,sciRED_16,1200,43,32,0.5891213613013697,0.035594750972764246
Astro,2.0,SDAN_28,sciRED_17,1200,43,32,0.47027504280821913,0.028009279572353947
Astro,2.0,SDAN_28,sciRED_18,1200,43,32,0.5941780821917808,0.04549678085371656
Astro,2.0,SDAN_28,sciRED_19,1200,43,32,0.6036494006849316,0.03582939847049672
Astro,2.0,SDAN_28,sciRED_20,1200,43,32,0.4520012842465753,0.02315589039515193
Astro,2.0,SDAN_28,sciRED_21,1200,43,32,0.5541256421232876,0.0339048411519356
Astro,2.0,SDAN_28,sciRED_22,1200,43,32,0.6169734589041096,0.050092491751562634
Astro,2.0,SDAN_28,sciRED_23,1200,43,32,0.5272367294520548,0.03185163594076167
Astro,2.0,SDAN_28,sciRED_24,1200,43,32,0.6534407106164384,0.049745883230534096
Astro,2.0,SDAN_28,sciRED_25,1200,43,32,0.5367615582191781,0.030437418026381745
Astro,2.0,SDAN_28,sciRED_26,1200,43,32,0.508695419520548,0.029410716729442468
Astro,2.0,SDAN_28,sciRED_27,1200,43,32,0.6597816780821917,0.050207472653262857
Astro,2.0,SDAN_28,sciRED_28,1200,43,32,0.5378317636986302,0.03615293518899512
Astro,2.0,SDAN_28,sciRED_29,1200,43,32,0.4866224315068493,0.02618336943984053
Astro,2.0,SDAN_28,sciRED_30,1200,43,32,0.4835188356164383,0.03251293602528884
Astro,2.0,SDAN_28,sciRED_31,1200,43,32,0.48640839041095896,0.02720573593877903
Astro,2.0,SDAN_28,sciRED_32,1200,43,32,0.628023330479452,0.04264657820497156
Astro,2.0,SDAN_28,sciRED_33,1200,43,32,0.6340164811643836,0.04151714876941712
Astro,2.0,SDAN_28,sciRED_34,1200,43,32,0.5573362585616438,0.03523166596350377
Astro,2.0,SDAN_28,sciRED_35,1200,43,32,0.494675727739726,0.03185726819724862
Astro,2.0,SDAN_28,sciRED_36,1200,43,32,0.43589469178082196,0.02409687954874305
Astro,2.0,SDAN_28,sciRED_37,1200,43,32,0.5007491438356164,0.029094794253200718
Astro,2.0,SDAN_28,sciRED_38,1200,43,32,0.5347816780821918,0.04112086154335712
Astro,2.0,SDAN_28,sciRED_39,1200,43,32,0.5512628424657534,0.0357688359691376
Astro,2.0,SDAN_29,sciRED_0,1200,43,29,0.4127330015607056,0.020389470710628986
Astro,2.0,SDAN_29,sciRED_1,1200,43,29,0.42404075502812216,0.019881989352890192
Astro,2.0,SDAN_29,sciRED_2,1200,43,29,0.5040195529903707,0.026452558596252514
Astro,2.0,SDAN_29,sciRED_3,1200,43,29,0.4316675991636974,0.02019237132648609
Astro,2.0,SDAN_29,sciRED_4,1200,43,29,0.34385582614329047,0.017306530744709576
Astro,2.0,SDAN_29,sciRED_5,1200,43,29,0.43493624665037256,0.02033255649138934
Astro,2.0,SDAN_29,sciRED_6,1200,43,29,0.4418563561942342,0.020684031333550942
Astro,2.0,SDAN_29,sciRED_7,1200,43,29,0.5601166112076328,0.03241710003941585
Astro,2.0,SDAN_29,sciRED_8,1200,43,29,0.4587296445713949,0.022087752862806266
Astro,2.0,SDAN_29,sciRED_9,1200,43,29,0.44362319267351813,0.02275126094292613
Astro,2.0,SDAN_29,sciRED_10,1200,43,29,0.5082010659913425,0.02422633098631171
Astro,2.0,SDAN_29,sciRED_11,1200,43,29,0.6146529638681939,0.04107434734230825
Astro,2.0,SDAN_29,sciRED_12,1200,43,29,0.4480697311463824,0.021848626503785055
Astro,2.0,SDAN_29,sciRED_13,1200,43,29,0.413675314349657,0.021535944910807042
Astro,2.0,SDAN_29,sciRED_14,1200,43,29,0.5281663182072499,0.027080590173460123
Astro,2.0,SDAN_29,sciRED_15,1200,43,29,0.4401484142642598,0.021083470587487333
Astro,2.0,SDAN_29,sciRED_16,1200,43,29,0.7863600223799287,0.13551070104406104
Astro,2.0,SDAN_29,sciRED_17,1200,43,29,0.43381725021349277,0.02108740007694941
Astro,2.0,SDAN_29,sciRED_18,1200,43,29,0.4736888600959981,0.02788985917013037
Astro,2.0,SDAN_29,sciRED_19,1200,43,29,0.3961836332047469,0.02147087179508107
Astro,2.0,SDAN_29,sciRED_20,1200,43,29,0.4137636561736211,0.019502013543080763
Astro,2.0,SDAN_29,sciRED_21,1200,43,29,0.41184958332106364,0.019502423227751094
Astro,2.0,SDAN_29,sciRED_22,1200,43,29,0.49963190906681587,0.03311160221370106
Astro,2.0,SDAN_29,sciRED_23,1200,43,29,0.4357313230660503,0.022399667441640674
Astro,2.0,SDAN_29,sciRED_24,1200,43,29,0.5042551311876087,0.023959370453780483
Astro,2.0,SDAN_29,sciRED_25,1200,43,29,0.42571924968344177,0.01980202269683882
Astro,2.0,SDAN_29,sciRED_26,1200,43,29,0.514267204570217,0.02498317769240628
Astro,2.0,SDAN_29,sciRED_27,1200,43,29,0.413233605229836,0.01997312439973827
Astro,2.0,SDAN_29,sciRED_28,1200,43,29,0.46844724520745606,0.02537085749825714
Astro,2.0,SDAN_29,sciRED_29,1200,43,29,0.456432757148326,0.021903317682978655
Astro,2.0,SDAN_29,sciRED_30,1200,43,29,0.4541358697252569,0.021151713403290466
Astro,2.0,SDAN_29,sciRED_31,1200,43,29,0.49471421419947587,0.02397428067308627
Astro,2.0,SDAN_29,sciRED_32,1200,43,29,0.4570217026414205,0.03355654756255333
Astro,2.0,SDAN_29,sciRED_33,1200,43,29,0.428752318972879,0.022445011387008468
Astro,2.0,SDAN_29,sciRED_34,1200,43,29,0.44232751258870995,0.020477343230292627
Astro,2.0,SDAN_29,sciRED_35,1200,43,29,0.3956830295356165,0.020162307442212892
Astro,2.0,SDAN_29,sciRED_36,1200,43,29,0.43679142495362056,0.022461762034914
Astro,2.0,SDAN_29,sciRED_37,1200,43,29,0.49171059218469326,0.024831379603791386
Astro,2.0,SDAN_29,sciRED_38,1200,43,29,0.567419535322006,0.03403029984373074
Astro,2.0,SDAN_29,sciRED_39,1200,43,29,0.5201861067758179,0.02713331923932558
Astro,2.0,SDAN_30,sciRED_0,1200,42,20,0.6196186440677965,0.04980115135665679
Astro,2.0,SDAN_30,sciRED_1,1200,42,20,0.3836864406779661,0.012995405806751105
Astro,2.0,SDAN_30,sciRED_2,1200,42,20,0.5539830508474576,0.019254096370355984
Astro,2.0,SDAN_30,sciRED_3,1200,42,20,0.3429237288135593,0.012161646387630082
Astro,2.0,SDAN_30,sciRED_4,1200,42,20,0.4706779661016949,0.01669443456620464
Astro,2.0,SDAN_30,sciRED_5,1200,42,20,0.44949152542372883,0.014950799318851977
Astro,2.0,SDAN_30,sciRED_6,1200,42,20,0.616822033898305,0.045495555113798616
Astro,2.0,SDAN_30,sciRED_7,1200,42,20,0.38690677966101694,0.01332609490068011
Astro,2.0,SDAN_30,sciRED_8,1200,42,20,0.5901694915254239,0.06167969540360386
Astro,2.0,SDAN_30,sciRED_9,1200,42,20,0.45220338983050845,0.015704060902164665
Astro,2.0,SDAN_30,sciRED_10,1200,42,20,0.4175,0.013894596813516132
Astro,2.0,SDAN_30,sciRED_11,1200,42,20,0.495635593220339,0.016757232510501707
Astro,2.0,SDAN_30,sciRED_12,1200,42,20,0.522584745762712,0.018120562641026083
Astro,2.0,SDAN_30,sciRED_13,1200,42,20,0.41779661016949154,0.014216881194601275
Astro,2.0,SDAN_30,sciRED_14,1200,42,20,0.4001271186440678,0.01352443597395924
Astro,2.0,SDAN_30,sciRED_15,1200,42,20,0.5675847457627118,0.02624942315157069
Astro,2.0,SDAN_30,sciRED_16,1200,42,20,0.4504237288135593,0.015781809120060806
Astro,2.0,SDAN_30,sciRED_17,1200,42,20,0.441228813559322,0.021581954832491125
Astro,2.0,SDAN_30,sciRED_18,1200,42,20,0.4974576271186441,0.0215985594492236
Astro,2.0,SDAN_30,sciRED_19,1200,42,20,0.47512711864406776,0.01592554889402379
Astro,2.0,SDAN_30,sciRED_20,1200,42,20,0.5396186440677966,0.024427900825406357
Astro,2.0,SDAN_30,sciRED_21,1200,42,20,0.495,0.017818882314058492
Astro,2.0,SDAN_30,sciRED_22,1200,42,20,0.4632627118644068,0.015220731346278814
Astro,2.0,SDAN_30,sciRED_23,1200,42,20,0.5152118644067796,0.02413317339318506
Astro,2.0,SDAN_30,sciRED_24,1200,42,20,0.5310593220338983,0.028966191427791645
Astro,2.0,SDAN_30,sciRED_25,1200,42,20,0.6386864406779661,0.029028181706884933
Astro,2.0,SDAN_30,sciRED_26,1200,42,20,0.6128389830508474,0.024903277738246056
Astro,2.0,SDAN_30,sciRED_27,1200,42,20,0.4711016949152542,0.015858179675037862
Astro,2.0,SDAN_30,sciRED_28,1200,42,20,0.4294491525423729,0.014524437377936126
Astro,2.0,SDAN_30,sciRED_29,1200,42,20,0.47406779661016946,0.0171438237607315
Astro,2.0,SDAN_30,sciRED_30,1200,42,20,0.42661016949152547,0.016594077669705627
Astro,2.0,SDAN_30,sciRED_31,1200,42,20,0.565,0.021635377198771715
Astro,2.0,SDAN_30,sciRED_32,1200,42,20,0.44220338983050844,0.014805730473180859
Astro,2.0,SDAN_30,sciRED_33,1200,42,20,0.46080508474576276,0.016382658651722413
Astro,2.0,SDAN_30,sciRED_34,1200,42,20,0.42898305084745764,0.01673367457523074
Astro,2.0,SDAN_30,sciRED_35,1200,42,20,0.5142372881355932,0.026224771763427236
Astro,2.0,SDAN_30,sciRED_36,1200,42,20,0.4440677966101695,0.015474590105909168
Astro,2.0,SDAN_30,sciRED_37,1200,42,20,0.5582203389830508,0.024299478839617052
Astro,2.0,SDAN_30,sciRED_38,1200,42,20,0.40851694915254233,0.013901159293923127
Astro,2.0,SDAN_30,sciRED_39,1200,42,20,0.4477118644067796,0.018455849635036155
Astro,2.0,SDAN_31,sciRED_0,1200,43,31,0.533348050442893,0.03032460276961667
Astro,2.0,SDAN_31,sciRED_1,1200,43,31,0.6910510775683656,0.08013091985624687
Astro,2.0,SDAN_31,sciRED_2,1200,43,31,0.4853610750848534,0.024043429469770804
Astro,2.0,SDAN_31,sciRED_3,1200,43,31,0.4430861778746654,0.023521468930880116
Astro,2.0,SDAN_31,sciRED_4,1200,43,31,0.49154226109991994,0.026877916740159574
Astro,2.0,SDAN_31,sciRED_5,1200,43,31,0.5196335439719639,0.027518382484728005
Astro,2.0,SDAN_31,sciRED_6,1200,43,31,0.46298187036066113,0.023754387732680914
Astro,2.0,SDAN_31,sciRED_7,1200,43,31,0.4766963768315903,0.0250001721333502
Astro,2.0,SDAN_31,sciRED_8,1200,43,31,0.4410993680841083,0.022258603713078955
Astro,2.0,SDAN_31,sciRED_9,1200,43,31,0.5355556168768454,0.08280628597133144
Astro,2.0,SDAN_31,sciRED_10,1200,43,31,0.5327409696735561,0.028028195352651213
Astro,2.0,SDAN_31,sciRED_11,1200,43,31,0.5930351279008802,0.04339890367253866
Astro,2.0,SDAN_31,sciRED_12,1200,43,31,0.5853638345428958,0.03511919418818409
Astro,2.0,SDAN_31,sciRED_13,1200,43,31,0.5292916471205055,0.029566332081934932
Astro,2.0,SDAN_31,sciRED_14,1200,43,31,0.4937774221142967,0.035038733939429495
Astro,2.0,SDAN_31,sciRED_15,1200,43,31,0.5401915063881453,0.03065246187406291
Astro,2.0,SDAN_31,sciRED_16,1200,43,31,0.4529926322470267,0.02675433528873534
Astro,2.0,SDAN_31,sciRED_17,1200,43,31,0.5200750572587545,0.028698406991409915
Astro,2.0,SDAN_31,sciRED_18,1200,43,31,0.4543171721073981,0.024092972748343794
Astro,2.0,SDAN_31,sciRED_19,1200,43,31,0.4827119953641105,0.025350945004034394
Astro,2.0,SDAN_31,sciRED_20,1200,43,31,0.6235547338502719,0.05340179813553711
Astro,2.0,SDAN_31,sciRED_21,1200,43,31,0.5345346174011424,0.026912496181016682
Astro,2.0,SDAN_31,sciRED_22,1200,43,31,0.5004553105770027,0.027899468871507793
Astro,2.0,SDAN_31,sciRED_23,1200,43,31,0.6002649079720743,0.0564551840751273
Astro,2.0,SDAN_31,sciRED_24,1200,43,31,0.5052843621512735,0.02503519813884251
Astro,2.0,SDAN_31,sciRED_25,1200,43,31,0.46576892298352607,0.024566282346520942
Astro,2.0,SDAN_31,sciRED_26,1200,43,31,0.4856922100499463,0.03188156372103022
Astro,2.0,SDAN_31,sciRED_27,1200,43,31,0.4378432075940285,0.022094790968837395
Astro,2.0,SDAN_31,sciRED_28,1200,43,31,0.547531664781037,0.06927233159353
Astro,2.0,SDAN_31,sciRED_29,1200,43,31,0.47995253732167,0.03210325349959356
Astro,2.0,SDAN_31,sciRED_30,1200,43,31,0.44642512210601837,0.023303488447616122
Astro,2.0,SDAN_31,sciRED_31,1200,43,31,0.4862716962388587,0.025993015890997263
Astro,2.0,SDAN_31,sciRED_32,1200,43,31,0.540301884709843,0.0349824108797218
Astro,2.0,SDAN_31,sciRED_33,1200,43,31,0.48196694169265153,0.025255843641497227
Astro,2.0,SDAN_31,sciRED_34,1200,43,31,0.5273600264907972,0.028471428724306195
Astro,2.0,SDAN_31,sciRED_35,1200,43,31,0.6137862523800326,0.05048248285756409
Astro,2.0,SDAN_31,sciRED_36,1200,43,31,0.5133971687960485,0.027417536969668303
Astro,2.0,SDAN_31,sciRED_37,1200,43,31,0.5103341703689395,0.029670412432779895
Astro,2.0,SDAN_31,sciRED_38,1200,43,31,0.4771378901183807,0.02481331599558436
Astro,2.0,SDAN_31,sciRED_39,1200,43,31,0.47592372857970694,0.026470053081232833
Astro,2.0,SDAN_32,sciRED_0,1200,45,41,0.3089921925966455,0.023078765461006533
Astro,2.0,SDAN_32,sciRED_1,1200,45,41,0.973884130558303,0.5831974794336338
Astro,2.0,SDAN_32,sciRED_2,1200,45,41,0.3544056061785812,0.02458643195300835
Astro,2.0,SDAN_32,sciRED_3,1200,45,41,0.3220816936383341,0.023454996333577293
Astro,2.0,SDAN_32,sciRED_4,1200,45,41,0.34371514552073906,0.024708132438942966
Astro,2.0,SDAN_32,sciRED_5,1200,45,41,0.45438666638607716,0.03010511082074731
Astro,2.0,SDAN_32,sciRED_6,1200,45,41,0.27803615395946885,0.022046234319522406
Astro,2.0,SDAN_32,sciRED_7,1200,45,41,0.22010143311096614,0.020808616724474104
Astro,2.0,SDAN_32,sciRED_8,1200,45,41,0.34988110019150237,0.02440655377208683
Astro,2.0,SDAN_32,sciRED_9,1200,45,41,0.5025358277741534,0.04775436415046007
Astro,2.0,SDAN_32,sciRED_10,1200,45,41,0.4203581725204655,0.02776541177676365
Astro,2.0,SDAN_32,sciRED_11,1200,45,41,0.43971884930238425,0.029269822782424598
Astro,2.0,SDAN_32,sciRED_12,1200,45,41,0.4595004103621709,0.029878540218507207
Astro,2.0,SDAN_32,sciRED_13,1200,45,41,0.3742923883078348,0.02548393192360575
Astro,2.0,SDAN_32,sciRED_14,1200,45,41,0.4018182200803889,0.02651836263102901
Astro,2.0,SDAN_32,sciRED_15,1200,45,41,0.4238515120267682,0.028131896435251786
Astro,2.0,SDAN_32,sciRED_16,1200,45,41,0.48031313790273367,0.03245052268960495
Astro,2.0,SDAN_32,sciRED_17,1200,45,41,0.5140049243460509,0.0338575681086747
Astro,2.0,SDAN_32,sciRED_18,1200,45,41,0.3516909025863339,0.024738172037533198
Astro,2.0,SDAN_32,sciRED_19,1200,45,41,0.3193038574044067,0.023372447645992854
Astro,2.0,SDAN_32,sciRED_20,1200,45,41,0.6873040257581179,0.07589712489894182
Astro,2.0,SDAN_32,sciRED_21,1200,45,41,0.3475872808771228,0.024302658045726646
Astro,2.0,SDAN_32,sciRED_22,1200,45,41,0.34453586986258133,0.0242021241311181
Astro,2.0,SDAN_32,sciRED_23,1200,45,41,0.4173909383614975,0.02843246217221361
Astro,2.0,SDAN_32,sciRED_24,1200,45,41,0.33350870178244496,0.023943003989976525
Astro,2.0,SDAN_32,sciRED_25,1200,45,41,0.302110734653507,0.022862688055404114
Astro,2.0,SDAN_32,sciRED_26,1200,45,41,0.3945158778593826,0.026206091898509108
Astro,2.0,SDAN_32,sciRED_27,1200,45,41,0.29236726362086746,0.022847423674876466
Astro,2.0,SDAN_32,sciRED_28,1200,45,41,0.33161472253203983,0.023841208529545133
Astro,2.0,SDAN_32,sciRED_29,1200,45,41,0.39855636692691343,0.02631324317154251
Astro,2.0,SDAN_32,sciRED_30,1200,45,41,0.35322713020055135,0.024706041399984
Astro,2.0,SDAN_32,sciRED_31,1200,45,41,0.30120583345609125,0.022768182867938594
Astro,2.0,SDAN_32,sciRED_32,1200,45,41,0.44756834108461885,0.03164873911446092
Astro,2.0,SDAN_32,sciRED_33,1200,45,41,0.3510385319556388,0.024701588157403448
Astro,2.0,SDAN_32,sciRED_34,1200,45,41,0.30735074391296113,0.02320011382068247
Astro,2.0,SDAN_32,sciRED_35,1200,45,41,0.35661524863738714,0.02490664294374492
Astro,2.0,SDAN_32,sciRED_36,1200,45,41,0.3953366022012248,0.034029331696101284
Astro,2.0,SDAN_32,sciRED_37,1200,45,41,0.466466045160883,0.033237432509689954
Astro,2.0,SDAN_32,sciRED_38,1200,45,41,0.31408489235884596,0.023304703468640487
Astro,2.0,SDAN_32,sciRED_39,1200,45,41,0.3895494433805426,0.0358489976499314
Astro,2.0,SDAN_33,sciRED_0,1200,42,25,0.5304851063829787,0.027543377480232542
Astro,2.0,SDAN_33,sciRED_1,1200,42,25,0.5973106382978723,0.02605818368443047
Astro,2.0,SDAN_33,sciRED_2,1200,42,25,0.7070297872340425,0.047061307527157335
Astro,2.0,SDAN_33,sciRED_3,1200,42,25,0.6665872340425532,0.10525308367364283
Astro,2.0,SDAN_33,sciRED_4,1200,42,25,0.6197446808510637,0.029405847436317138
Astro,2.0,SDAN_33,sciRED_5,1200,42,25,0.5742978723404255,0.027828136395645044
Astro,2.0,SDAN_33,sciRED_6,1200,42,25,0.6139914893617021,0.03767225438930132
Astro,2.0,SDAN_33,sciRED_7,1200,42,25,0.6586553191489362,0.042322077777010414
Astro,2.0,SDAN_33,sciRED_8,1200,42,25,0.6746553191489362,0.0502448654890597
Astro,2.0,SDAN_33,sciRED_9,1200,42,25,0.6118468085106383,0.0408291344205236
Astro,2.0,SDAN_33,sciRED_10,1200,42,25,0.7331063829787234,0.06515063496282722
Astro,2.0,SDAN_33,sciRED_11,1200,42,25,0.45341276595744684,0.01890334893750977
Astro,2.0,SDAN_33,sciRED_12,1200,42,25,0.5310978723404255,0.022951431621116306
Astro,2.0,SDAN_33,sciRED_13,1200,42,25,0.6337702127659575,0.037855350718481076
Astro,2.0,SDAN_33,sciRED_14,1200,42,25,0.6023148936170213,0.0328266454284049
Astro,2.0,SDAN_33,sciRED_15,1200,42,25,0.6415319148936169,0.03932845708768978
Astro,2.0,SDAN_33,sciRED_16,1200,42,25,0.5620765957446808,0.026139040040842717
Astro,2.0,SDAN_33,sciRED_17,1200,42,25,0.6014978723404256,0.032031700512244424
Astro,2.0,SDAN_33,sciRED_18,1200,42,25,0.5736851063829788,0.027100786611774588
Astro,2.0,SDAN_33,sciRED_19,1200,42,25,0.6467404255319149,0.037802883322472544
Astro,2.0,SDAN_33,sciRED_20,1200,42,25,0.5752510638297873,0.025306870577044473
Astro,2.0,SDAN_33,sciRED_21,1200,42,25,0.6029276595744681,0.041570137878370834
Astro,2.0,SDAN_33,sciRED_22,1200,42,25,0.6236595744680852,0.03714393696166353
Astro,2.0,SDAN_33,sciRED_23,1200,42,25,0.5205787234042554,0.027822073551898398
Astro,2.0,SDAN_33,sciRED_24,1200,42,25,0.6304340425531915,0.04644447475107142
Astro,2.0,SDAN_33,sciRED_25,1200,42,25,0.6496340425531916,0.04166120762033858
Astro,2.0,SDAN_33,sciRED_26,1200,42,25,0.5861106382978724,0.03539486473185597
Astro,2.0,SDAN_33,sciRED_27,1200,42,25,0.5574808510638298,0.041876875693936985
Astro,2.0,SDAN_33,sciRED_28,1200,42,25,0.5003234042553191,0.03076224682076713
Astro,2.0,SDAN_33,sciRED_29,1200,42,25,0.5486978723404256,0.03474695605473467
Astro,2.0,SDAN_33,sciRED_30,1200,42,25,0.5483574468085106,0.02638163817851849
Astro,2.0,SDAN_33,sciRED_31,1200,42,25,0.583727659574468,0.027252384531737363
Astro,2.0,SDAN_33,sciRED_32,1200,42,25,0.5216000000000001,0.022677396635929464
Astro,2.0,SDAN_33,sciRED_33,1200,42,25,0.5926468085106382,0.031352632149995216
Astro,2.0,SDAN_33,sciRED_34,1200,42,25,0.6192340425531915,0.0324958624127572
Astro,2.0,SDAN_33,sciRED_35,1200,42,25,0.48493617021276597,0.019932819715038224
Astro,2.0,SDAN_33,sciRED_36,1200,42,25,0.45198297872340426,0.01834780104183042
Astro,2.0,SDAN_33,sciRED_37,1200,42,25,0.5315404255319149,0.02663414949347016
Astro,2.0,SDAN_33,sciRED_38,1200,42,25,0.4792170212765957,0.026182638673060886
Astro,2.0,SDAN_33,sciRED_39,1200,42,25,0.4123234042553191,0.019238372270594512
Astro,2.0,SDAN_34,sciRED_0,1200,45,23,0.5334490783495254,0.02113242676605703
Astro,2.0,SDAN_34,sciRED_1,1200,45,23,0.3027594104392154,0.013103728227629738
Astro,2.0,SDAN_34,sciRED_2,1200,45,23,0.6260204647039267,0.03002257740829977
Astro,2.0,SDAN_34,sciRED_3,1200,45,23,0.4823611983303166,0.018372097667212213
Astro,2.0,SDAN_34,sciRED_4,1200,45,23,0.39152598721879506,0.014956280764541563
Astro,2.0,SDAN_34,sciRED_5,1200,45,23,0.47139004839126736,0.01744699322374888
Astro,2.0,SDAN_34,sciRED_6,1200,45,23,0.5587529090170293,0.023431433146350673
Astro,2.0,SDAN_34,sciRED_7,1200,45,23,0.4522182409220199,0.017488491677362782
Astro,2.0,SDAN_34,sciRED_8,1200,45,23,0.557755531749843,0.027019906722511346
Astro,2.0,SDAN_34,sciRED_9,1200,45,23,0.4680654575006465,0.018347768213339173
Astro,2.0,SDAN_34,sciRED_10,1200,45,23,0.2867644342654501,0.012842131035934432
Astro,2.0,SDAN_34,sciRED_11,1200,45,23,0.5823205644416535,0.02491375241961158
Astro,2.0,SDAN_34,sciRED_12,1200,45,23,0.4085552805585313,0.01582319903761789
Astro,2.0,SDAN_34,sciRED_13,1200,45,23,0.4273207491411473,0.016101225064463574
Astro,2.0,SDAN_34,sciRED_14,1200,45,23,0.4286505854973957,0.016423833350584005
Astro,2.0,SDAN_34,sciRED_15,1200,45,23,0.5225518082080456,0.022352949968670315
Astro,2.0,SDAN_34,sciRED_16,1200,45,23,0.501089727014148,0.019810640655955766
Astro,2.0,SDAN_34,sciRED_17,1200,45,23,0.6729341361604669,0.035098776504933364
Astro,2.0,SDAN_34,sciRED_18,1200,45,23,0.5279819733293931,0.037951873463602195
Astro,2.0,SDAN_34,sciRED_19,1200,45,23,0.4328247940600643,0.01643914799551003
Astro,2.0,SDAN_34,sciRED_20,1200,45,23,0.534741974806989,0.030284191090061162
Astro,2.0,SDAN_34,sciRED_21,1200,45,23,0.492039451811902,0.01877513407039655
Astro,2.0,SDAN_34,sciRED_22,1200,45,23,0.40257101695541353,0.015355054772254628
Astro,2.0,SDAN_34,sciRED_23,1200,45,23,0.48287835691330205,0.018843380874144645
Astro,2.0,SDAN_34,sciRED_24,1200,45,23,0.4488936500313989,0.030690816612767458
Astro,2.0,SDAN_34,sciRED_25,1200,45,23,0.6156034132466477,0.04347598383425334
Astro,2.0,SDAN_34,sciRED_26,1200,45,23,0.4610838166303424,0.024493047975970274
Astro,2.0,SDAN_34,sciRED_27,1200,45,23,0.5943260315466735,0.026046841724647718
Astro,2.0,SDAN_34,sciRED_28,1200,45,23,0.453806656569761,0.01825610088031693
Astro,2.0,SDAN_34,sciRED_29,1200,45,23,0.45602305049684166,0.017441058757073455
Astro,2.0,SDAN_34,sciRED_30,1200,45,23,0.5709430756159728,0.026879809779307883
Astro,2.0,SDAN_34,sciRED_31,1200,45,23,0.54035683942226,0.02284057019271591
Astro,2.0,SDAN_34,sciRED_32,1200,45,23,0.40120424070038047,0.015804358117584797
Astro,2.0,SDAN_34,sciRED_33,1200,45,23,0.4833585755975029,0.021192497850753136
Astro,2.0,SDAN_34,sciRED_34,1200,45,23,0.5013852462044255,0.019943937598549986
Astro,2.0,SDAN_34,sciRED_35,1200,45,23,0.5218130102323519,0.020361281904835223
Astro,2.0,SDAN_34,sciRED_36,1200,45,23,0.4690628347678327,0.023531636147624213
Astro,2.0,SDAN_34,sciRED_37,1200,45,23,0.37675002770492405,0.05949724276779011
Astro,2.0,SDAN_34,sciRED_38,1200,45,23,0.5513649292600938,0.025200466173156716
Astro,2.0,SDAN_34,sciRED_39,1200,45,23,0.5607107236526172,0.026010801630096038
Astro,2.0,SDAN_35,sciRED_0,1200,44,29,0.48773521010630466,0.022927234286372847
Astro,2.0,SDAN_35,sciRED_1,1200,44,29,0.5003975382078388,0.024438297278503267
Astro,2.0,SDAN_35,sciRED_2,1200,44,29,0.557024647368886,0.027649283300697547
Astro,2.0,SDAN_35,sciRED_3,1200,44,29,0.46644483053093444,0.022618142532022607
Astro,2.0,SDAN_35,sciRED_4,1200,44,29,0.4624694484525458,0.022546173912841236
Astro,2.0,SDAN_35,sciRED_5,1200,44,29,0.5991048028504962,0.034167193187904926
Astro,2.0,SDAN_35,sciRED_6,1200,44,29,0.4896492829588621,0.02509576599901737
Astro,2.0,SDAN_35,sciRED_7,1200,44,29,0.628434288406608,0.035739531094718675
Astro,2.0,SDAN_35,sciRED_8,1200,44,29,0.40107188079743217,0.019389221772631127
Astro,2.0,SDAN_35,sciRED_9,1200,44,29,0.4997791454400895,0.026412574689586958
Astro,2.0,SDAN_35,sciRED_10,1200,44,29,0.5464236284931829,0.0365050848384523
Astro,2.0,SDAN_35,sciRED_11,1200,44,29,0.5369121587797049,0.03796469565032966
Astro,2.0,SDAN_35,sciRED_12,1200,44,29,0.5538148944315203,0.04195983426228113
Astro,2.0,SDAN_35,sciRED_13,1200,44,29,0.4244530168732884,0.02057232082641247
Astro,2.0,SDAN_35,sciRED_14,1200,44,29,0.5882387585029005,0.03614341815171276
Astro,2.0,SDAN_35,sciRED_15,1200,44,29,0.5556995200094231,0.03072562503847015
Astro,2.0,SDAN_35,sciRED_16,1200,44,29,0.47545569657528197,0.04218683038635117
Astro,2.0,SDAN_35,sciRED_17,1200,44,29,0.4271032715922141,0.02061929196123263
Astro,2.0,SDAN_35,sciRED_18,1200,44,29,0.5589681674960982,0.04785145639199487
Astro,2.0,SDAN_35,sciRED_19,1200,44,29,0.5717188374215967,0.030380696290422185
Astro,2.0,SDAN_35,sciRED_20,1200,44,29,0.4605259283253335,0.021277287407329197
Astro,2.0,SDAN_35,sciRED_21,1200,44,29,0.5060219676668924,0.026012036883659183
Astro,2.0,SDAN_35,sciRED_22,1200,44,29,0.6225153862010071,0.03709836192293768
Astro,2.0,SDAN_35,sciRED_23,1200,44,29,0.401749168114491,0.019242300102473416
Astro,2.0,SDAN_35,sciRED_24,1200,44,29,0.5819959362760976,0.03129811455938499
Astro,2.0,SDAN_35,sciRED_25,1200,44,29,0.5092022733296033,0.02508643537772525
Astro,2.0,SDAN_35,sciRED_26,1200,44,29,0.46682764510144587,0.023787465490122624
Astro,2.0,SDAN_35,sciRED_27,1200,44,29,0.565446567920139,0.034724543778328294
Astro,2.0,SDAN_35,sciRED_28,1200,44,29,0.567861244441827,0.10298979887872309
Astro,2.0,SDAN_35,sciRED_29,1200,44,29,0.5611472658205483,0.036720029856876245
Astro,2.0,SDAN_35,sciRED_30,1200,44,29,0.5082599605406519,0.02675354935433879
Astro,2.0,SDAN_35,sciRED_31,1200,44,29,0.4571394917400394,0.031022120245287596
Astro,2.0,SDAN_35,sciRED_32,1200,44,29,0.6372390235283725,0.06420845428801762
Astro,2.0,SDAN_35,sciRED_33,1200,44,29,0.576489295915663,0.04587452679771288
Astro,2.0,SDAN_35,sciRED_34,1200,44,29,0.47725198032922056,0.022494448800200947
Astro,2.0,SDAN_35,sciRED_35,1200,44,29,0.6156247239318,0.03178766650290817
Astro,2.0,SDAN_35,sciRED_36,1200,44,29,0.5291086309962013,0.04252722558030421
Astro,2.0,SDAN_35,sciRED_37,1200,44,29,0.6381813363173238,0.05903933364389804
Astro,2.0,SDAN_35,sciRED_38,1200,44,29,0.5431549810065079,0.02874961086816174
Astro,2.0,SDAN_35,sciRED_39,1200,44,29,0.5304043110810095,0.03669964654214823
Astro,2.0,SDAN_36,sciRED_0,1200,43,28,0.659556313993174,0.06678077749571723
Astro,2.0,SDAN_36,sciRED_1,1200,43,28,0.5617381764992687,0.026670582740981295
Astro,2.0,SDAN_36,sciRED_2,1200,43,28,0.6364882983910287,0.04306218096996174
Astro,2.0,SDAN_36,sciRED_3,1200,43,28,0.7044734275962945,0.06716537067232461
Astro,2.0,SDAN_36,sciRED_4,1200,43,28,0.515358361774744,0.026286162970606746
Astro,2.0,SDAN_36,sciRED_5,1200,43,28,0.6060153583617748,0.041079403978838795
Astro,2.0,SDAN_36,sciRED_6,1200,43,28,0.5481777181862506,0.030050325461567724
Astro,2.0,SDAN_36,sciRED_7,1200,43,28,0.6328620185275475,0.04341144224185307
Astro,2.0,SDAN_36,sciRED_8,1200,43,28,0.5209653827401268,0.02434261613644021
Astro,2.0,SDAN_36,sciRED_9,1200,43,28,0.5500365675280351,0.033047203149377716
Astro,2.0,SDAN_36,sciRED_10,1200,43,28,0.5562530472940029,0.027485558330108902
Astro,2.0,SDAN_36,sciRED_11,1200,43,28,0.49549000487567046,0.030014000025449093
Astro,2.0,SDAN_36,sciRED_12,1200,43,28,0.5111835689907362,0.034260998423051775
Astro,2.0,SDAN_36,sciRED_13,1200,43,28,0.5498232569478304,0.030456672644215227
Astro,2.0,SDAN_36,sciRED_14,1200,43,28,0.48960872745002443,0.02479392481867182
Astro,2.0,SDAN_36,sciRED_15,1200,43,28,0.5846538274012677,0.029892566948021882
Astro,2.0,SDAN_36,sciRED_16,1200,43,28,0.582063627498781,0.05241322420831805
Astro,2.0,SDAN_36,sciRED_17,1200,43,28,0.5408337396392005,0.030513014529712956
Astro,2.0,SDAN_36,sciRED_18,1200,43,28,0.6699780594831789,0.06982106623472435
Astro,2.0,SDAN_36,sciRED_19,1200,43,28,0.5255363237445149,0.029316562390015115
Astro,2.0,SDAN_36,sciRED_20,1200,43,28,0.5045099951243296,0.026600985327154526
Astro,2.0,SDAN_36,sciRED_21,1200,43,28,0.6444722086786933,0.04884796773990592
Astro,2.0,SDAN_36,sciRED_22,1200,43,28,0.651023890784983,0.04407650831766558
Astro,2.0,SDAN_36,sciRED_23,1200,43,28,0.5944965870307167,0.032931715179617405
Astro,2.0,SDAN_36,sciRED_24,1200,43,28,0.567649926864944,0.03575893422643038
Astro,2.0,SDAN_36,sciRED_25,1200,43,28,0.4974402730375427,0.024270039550066298
Astro,2.0,SDAN_36,sciRED_26,1200,43,28,0.5819722086786934,0.036057772691640726
Astro,2.0,SDAN_36,sciRED_27,1200,43,28,0.5993113115553389,0.1001480735229321
Astro,2.0,SDAN_36,sciRED_28,1200,43,28,0.6340199902486592,0.06066783987816267
Astro,2.0,SDAN_36,sciRED_29,1200,43,28,0.6567223305704534,0.0855557997985201
Astro,2.0,SDAN_36,sciRED_30,1200,43,28,0.5578681131155534,0.031590330867557595
Astro,2.0,SDAN_36,sciRED_31,1200,43,28,0.5862993661628474,0.03142875723967149
Astro,2.0,SDAN_36,sciRED_32,1200,43,28,0.49585568015602144,0.02680408296576911
Astro,2.0,SDAN_36,sciRED_33,1200,43,28,0.5274256460263287,0.02619113946657551
Astro,2.0,SDAN_36,sciRED_34,1200,43,28,0.6353912725499756,0.03995308780796704
Astro,2.0,SDAN_36,sciRED_35,1200,43,28,0.5613420282788883,0.029445312643229714
Astro,2.0,SDAN_36,sciRED_36,1200,43,28,0.4987810823988299,0.026257890670204193
Astro,2.0,SDAN_36,sciRED_37,1200,43,28,0.45017674305216965,0.023340951848660356
Astro,2.0,SDAN_36,sciRED_38,1200,43,28,0.6003473915163335,0.044750113301564344
Astro,2.0,SDAN_36,sciRED_39,1200,43,28,0.5191370063383715,0.034895998392751204
Astro,2.0,SDAN_37,sciRED_0,1200,42,23,0.5123933360422592,0.022155825185385565
Astro,2.0,SDAN_37,sciRED_1,1200,42,23,0.5516604484503712,0.02245292196746298
Astro,2.0,SDAN_37,sciRED_2,1200,42,23,0.5594178271951534,0.05226604759975084
Astro,2.0,SDAN_37,sciRED_3,1200,42,23,0.6979793875364781,0.0756808270696106
Astro,2.0,SDAN_37,sciRED_4,1200,42,23,0.6290864763030549,0.02979120723913912
Astro,2.0,SDAN_37,sciRED_5,1200,42,23,0.6634405821728049,0.048674756994286486
Astro,2.0,SDAN_37,sciRED_6,1200,42,23,0.5451959661630528,0.022374425460163484
Astro,2.0,SDAN_37,sciRED_7,1200,42,23,0.5465996823168704,0.02299430299698347
Astro,2.0,SDAN_37,sciRED_8,1200,42,23,0.5702042776402793,0.029608067655028977
Astro,2.0,SDAN_37,sciRED_9,1200,42,23,0.5611170625392486,0.03332649654640095
Astro,2.0,SDAN_37,sciRED_10,1200,42,23,0.5706475564256954,0.07228294558472091
Astro,2.0,SDAN_37,sciRED_11,1200,42,23,0.39588489527538695,0.015151865837045454
Astro,2.0,SDAN_37,sciRED_12,1200,42,23,0.5726053710612833,0.0318058356429186
Astro,2.0,SDAN_37,sciRED_13,1200,42,23,0.5355546525802519,0.06695709101806993
Astro,2.0,SDAN_37,sciRED_14,1200,42,23,0.4982822947065125,0.020644783253100443
Astro,2.0,SDAN_37,sciRED_15,1200,42,23,0.5155332274389568,0.031025801931097892
Astro,2.0,SDAN_37,sciRED_16,1200,42,23,0.5604521443611244,0.023324728744546823
Astro,2.0,SDAN_37,sciRED_17,1200,42,23,0.45077758486941744,0.02475294262913905
Astro,2.0,SDAN_37,sciRED_18,1200,42,23,0.545269845960622,0.02693322340295181
Astro,2.0,SDAN_37,sciRED_19,1200,42,23,0.5092534446455617,0.019063712819886437
Astro,2.0,SDAN_37,sciRED_20,1200,42,23,0.43134719810867717,0.019783202865928752
Astro,2.0,SDAN_37,sciRED_21,1200,42,23,0.5099922426212552,0.04489354334415279
Astro,2.0,SDAN_37,sciRED_22,1200,42,23,0.49791289571866576,0.02371045904700906
Astro,2.0,SDAN_37,sciRED_23,1200,42,23,0.5365520298474382,0.024271867365111992
Astro,2.0,SDAN_37,sciRED_24,1200,42,23,0.4621550736950981,0.019870032030997603
Astro,2.0,SDAN_37,sciRED_25,1200,42,23,0.5779247164862769,0.029019123050926597
Astro,2.0,SDAN_37,sciRED_26,1200,42,23,0.5736027483284696,0.025897910092816407
Astro,2.0,SDAN_37,sciRED_27,1200,42,23,0.541391156588231,0.024691767120574665
Astro,2.0,SDAN_37,sciRED_28,1200,42,23,0.5097706032285472,0.019695792190954277
Astro,2.0,SDAN_37,sciRED_29,1200,42,23,0.5369583687340695,0.030372953471105295
Astro,2.0,SDAN_37,sciRED_30,1200,42,23,0.7276051863617894,0.04749680060075147
Astro,2.0,SDAN_37,sciRED_31,1200,42,23,0.6013815522145469,0.04047445553357511
Astro,2.0,SDAN_37,sciRED_32,1200,42,23,0.5951017694211518,0.035957620964814876
Astro,2.0,SDAN_37,sciRED_33,1200,42,23,0.46880425547634,0.020676083967193552
Astro,2.0,SDAN_37,sciRED_34,1200,42,23,0.5345942152118504,0.02372262160129057
Astro,2.0,SDAN_37,sciRED_35,1200,42,23,0.5522514868309261,0.025669441532303442
Astro,2.0,SDAN_37,sciRED_36,1200,42,23,0.5619666802112961,0.02937069304909002
Astro,2.0,SDAN_37,sciRED_37,1200,42,23,0.5129843744228141,0.019104053644355613
Astro,2.0,SDAN_37,sciRED_38,1200,42,23,0.45809168482878354,0.02329174318441503
Astro,2.0,SDAN_37,sciRED_39,1200,42,23,0.5027889623582431,0.021865054313506254
Astro,2.0,SDAN_38,sciRED_0,1200,45,31,0.25378735616324954,0.01636773064625155
Astro,2.0,SDAN_38,sciRED_1,1200,45,31,0.9189271227130992,0.2373997263507208
Astro,2.0,SDAN_38,sciRED_2,1200,45,31,0.3603576257623003,0.019353015871882987
Astro,2.0,SDAN_38,sciRED_3,1200,45,31,0.2785948839647893,0.016891517809441012
Astro,2.0,SDAN_38,sciRED_4,1200,45,31,0.23251193465603356,0.015933614766029048
Astro,2.0,SDAN_38,sciRED_5,1200,45,31,0.4480532023510583,0.0222521966181423
Astro,2.0,SDAN_38,sciRED_6,1200,45,31,0.2943237948066999,0.01725050902590229
Astro,2.0,SDAN_38,sciRED_7,1200,45,31,0.2537045724219763,0.016330436958712904
Astro,2.0,SDAN_38,sciRED_8,1200,45,31,0.43155164325726425,0.021592077713959105
Astro,2.0,SDAN_38,sciRED_9,1200,45,31,0.5597836584894726,0.031327385069910015
Astro,2.0,SDAN_38,sciRED_10,1200,45,31,0.3232705096719004,0.017924340192035152
Astro,2.0,SDAN_38,sciRED_11,1200,45,31,0.3963685532161484,0.0217965644385139
Astro,2.0,SDAN_38,sciRED_12,1200,45,31,0.39719639062888046,0.030617572625071112
Astro,2.0,SDAN_38,sciRED_13,1200,45,31,0.27779464113248165,0.016834405278727458
Astro,2.0,SDAN_38,sciRED_14,1200,45,31,0.4255360247247441,0.02125735006131344
Astro,2.0,SDAN_38,sciRED_15,1200,45,31,0.4080962498965203,0.021270618004403215
Astro,2.0,SDAN_38,sciRED_16,1200,45,31,0.4173680289191203,0.021173664848730567
Astro,2.0,SDAN_38,sciRED_17,1200,45,31,0.6106956593724993,0.043089840522519365
Astro,2.0,SDAN_38,sciRED_18,1200,45,31,0.39457490548856206,0.020356405386699316
Astro,2.0,SDAN_38,sciRED_19,1200,45,31,0.3220011589723778,0.018098786520718252
Astro,2.0,SDAN_38,sciRED_20,1200,45,31,0.7344849471563785,0.061208570015193815
Astro,2.0,SDAN_38,sciRED_21,1200,45,31,0.37169899831673053,0.019282148404095423
Astro,2.0,SDAN_38,sciRED_22,1200,45,31,0.2722757250476006,0.016834072275134906
Astro,2.0,SDAN_38,sciRED_23,1200,45,31,0.5583487403074036,0.030521744263275162
Astro,2.0,SDAN_38,sciRED_24,1200,45,31,0.3667871630011865,0.019460212626313034
Astro,2.0,SDAN_38,sciRED_25,1200,45,31,0.3721129170230966,0.019321699117868286
Astro,2.0,SDAN_38,sciRED_26,1200,45,31,0.3884213140539198,0.020679393103146777
Astro,2.0,SDAN_38,sciRED_27,1200,45,31,0.2422804161262728,0.016168567285999382
Astro,2.0,SDAN_38,sciRED_28,1200,45,31,0.37895637296834905,0.01950701852357188
Astro,2.0,SDAN_38,sciRED_29,1200,45,31,0.38982863765556447,0.020089924007976136
Astro,2.0,SDAN_38,sciRED_30,1200,45,31,0.47051519081652365,0.023392364569275688
Astro,2.0,SDAN_38,sciRED_31,1200,45,31,0.36582135268633237,0.01946663025436477
Astro,2.0,SDAN_38,sciRED_32,1200,45,31,0.5029940119760479,0.026848181052260923
Astro,2.0,SDAN_38,sciRED_33,1200,45,31,0.4891691271834212,0.025682695233572327
Astro,2.0,SDAN_38,sciRED_34,1200,45,31,0.36325505670686276,0.019568169971596605
Astro,2.0,SDAN_38,sciRED_35,1200,45,31,0.33381163939402303,0.018184660936146863
Astro,2.0,SDAN_38,sciRED_36,1200,45,31,0.5041253897734486,0.02640270093265466
Astro,2.0,SDAN_38,sciRED_37,1200,45,31,0.472860730152598,0.023632059476211734
Astro,2.0,SDAN_38,sciRED_38,1200,45,31,0.4309445624879274,0.021571335527285365
Astro,2.0,SDAN_38,sciRED_39,1200,45,31,0.4574077651149314,0.023361445092724517
Astro,2.0,SDAN_39,sciRED_0,1200,43,35,0.4988105456774985,0.028360640531887284
Astro,2.0,SDAN_39,sciRED_1,1200,43,35,0.7954874310239117,0.10375976281731993
Astro,2.0,SDAN_39,sciRED_2,1200,43,35,0.5357204169221337,0.04437091478126467
Astro,2.0,SDAN_39,sciRED_3,1200,43,35,0.38194972409564687,0.02232158355551071
Astro,2.0,SDAN_39,sciRED_4,1200,43,35,0.36735744941753523,0.021538935883726774
Astro,2.0,SDAN_39,sciRED_5,1200,43,35,0.5548252605763335,0.03787899955408186
Astro,2.0,SDAN_39,sciRED_6,1200,43,35,0.4501042305334151,0.024887388330689063
Astro,2.0,SDAN_39,sciRED_7,1200,43,35,0.31955855303494785,0.020461779422230673
Astro,2.0,SDAN_39,sciRED_8,1200,43,35,0.4422317596566524,0.024796631727696077
Astro,2.0,SDAN_39,sciRED_9,1200,43,35,0.6342121397915389,0.04778873155088137
Astro,2.0,SDAN_39,sciRED_10,1200,43,35,0.3991906805640711,0.02354746068305959
Astro,2.0,SDAN_39,sciRED_11,1200,43,35,0.5118332311465359,0.031711603631002463
Astro,2.0,SDAN_39,sciRED_12,1200,43,35,0.4832372777437155,0.035079994033535566
Astro,2.0,SDAN_39,sciRED_13,1200,43,35,0.48220723482526057,0.02963550872789681
Astro,2.0,SDAN_39,sciRED_14,1200,43,35,0.45199264255058247,0.027354792334267405
Astro,2.0,SDAN_39,sciRED_15,1200,43,35,0.5224770079705703,0.049722627431129304
Astro,2.0,SDAN_39,sciRED_16,1200,43,35,0.4501778050275904,0.03142983926230101
Astro,2.0,SDAN_39,sciRED_17,1200,43,35,0.5975475168608216,0.04179963001335606
Astro,2.0,SDAN_39,sciRED_18,1200,43,35,0.5788350705088903,0.04102805864814279
Astro,2.0,SDAN_39,sciRED_19,1200,43,35,0.43737584304107907,0.02464610300860269
Astro,2.0,SDAN_39,sciRED_20,1200,43,35,0.7799386879215205,0.29232804423885145
Astro,2.0,SDAN_39,sciRED_21,1200,43,35,0.5716492949110974,0.03721967891453992
Astro,2.0,SDAN_39,sciRED_22,1200,43,35,0.5667688534641325,0.0348167635762681
Astro,2.0,SDAN_39,sciRED_23,1200,43,35,0.6482648681790314,0.06284360216268413
Astro,2.0,SDAN_39,sciRED_24,1200,43,35,0.5535009196811772,0.03711141202028981
Astro,2.0,SDAN_39,sciRED_25,1200,43,35,0.5190925812385041,0.032676720454297634
Astro,2.0,SDAN_39,sciRED_26,1200,43,35,0.5680441446965051,0.03907942860789741
Astro,2.0,SDAN_39,sciRED_27,1200,43,35,0.39855303494788474,0.022724399374008535
Astro,2.0,SDAN_39,sciRED_28,1200,43,35,0.4580748007357449,0.02598283395881281
Astro,2.0,SDAN_39,sciRED_29,1200,43,35,0.4835561005518087,0.028462436792497457
Astro,2.0,SDAN_39,sciRED_30,1200,43,35,0.43413856529736355,0.029090838727292637
Astro,2.0,SDAN_39,sciRED_31,1200,43,35,0.5398160637645616,0.031361265229649826
Astro,2.0,SDAN_39,sciRED_32,1200,43,35,0.46305334150827704,0.033442186734274515
Astro,2.0,SDAN_39,sciRED_33,1200,43,35,0.5113182096873083,0.03252769866363088
Astro,2.0,SDAN_39,sciRED_34,1200,43,35,0.5127406499080318,0.02935128289239576
Astro,2.0,SDAN_39,sciRED_35,1200,43,35,0.5268424279583078,0.03548586273307343
Astro,2.0,SDAN_39,sciRED_36,1200,43,35,0.5771919068056408,0.04114110594175516
Astro,2.0,SDAN_39,sciRED_37,1200,43,35,0.5939914163090129,0.040142174218329454
Astro,2.0,SDAN_39,sciRED_38,1200,43,35,0.5003801348865726,0.028224989588916286
Astro,2.0,SDAN_39,sciRED_39,1200,43,35,0.5429061925199263,0.031950765695271735
