cell_type,sdan_weight,program,factor,n_genes_overlap,n_program_genes_total,n_program_genes_overlap,auroc,average_precision
Micro-PVM,2.0,SDAN_0,sciRED_0,1154,39,24,0.4105825958702065,0.016746121879512934
Micro-PVM,2.0,SDAN_0,sciRED_1,1154,39,24,0.40999262536873154,0.016752882617179176
Micro-PVM,2.0,SDAN_0,sciRED_2,1154,39,24,0.8859513274336283,0.3526239477166338
Micro-PVM,2.0,SDAN_0,sciRED_3,1154,39,24,0.4526917404129793,0.02174811073364629
Micro-PVM,2.0,SDAN_0,sciRED_4,1154,39,24,0.4596607669616519,0.01912120680447396
Micro-PVM,2.0,SDAN_0,sciRED_5,1154,39,24,0.2463495575221239,0.013221523464243323
Micro-PVM,2.0,SDAN_0,sciRED_6,1154,39,24,0.42525811209439524,0.017129424100673293
Micro-PVM,2.0,SDAN_0,sciRED_7,1154,39,24,0.3951327433628319,0.01714153689699679
Micro-PVM,2.0,SDAN_0,sciRED_8,1154,39,24,0.34505899705014753,0.015039166453187099
Micro-PVM,2.0,SDAN_0,sciRED_9,1154,39,24,0.5147492625368731,0.02174068650545096
Micro-PVM,2.0,SDAN_0,sciRED_10,1154,39,24,0.35092182890855456,0.016881505737591604
Micro-PVM,2.0,SDAN_0,sciRED_11,1154,39,24,0.536688790560472,0.03343952587738688
Micro-PVM,2.0,SDAN_0,sciRED_12,1154,39,24,0.42901917404129797,0.01734919970210134
Micro-PVM,2.0,SDAN_0,sciRED_13,1154,39,24,0.42695427728613566,0.018141890963294105
Micro-PVM,2.0,SDAN_0,sciRED_14,1154,39,24,0.3525811209439528,0.016104089374239298
Micro-PVM,2.0,SDAN_0,sciRED_15,1154,39,24,0.5017699115044247,0.020774550557060532
Micro-PVM,2.0,SDAN_0,sciRED_16,1154,39,24,0.4470132743362832,0.018175091081031627
Micro-PVM,2.0,SDAN_0,sciRED_17,1154,39,24,0.5768436578171091,0.024467085188464032
Micro-PVM,2.0,SDAN_0,sciRED_18,1154,39,24,0.5338864306784661,0.030782351954896772
Micro-PVM,2.0,SDAN_0,sciRED_19,1154,39,24,0.4777286135693215,0.025685190743058042
Micro-PVM,2.0,SDAN_0,sciRED_20,1154,39,24,0.5252581120943953,0.022915636655942137
Micro-PVM,2.0,SDAN_0,sciRED_21,1154,39,24,0.49262536873156343,0.020302925548078728
Micro-PVM,2.0,SDAN_0,sciRED_22,1154,39,24,0.4313053097345133,0.018242876382324632
Micro-PVM,2.0,SDAN_0,sciRED_23,1154,39,24,0.4576327433628319,0.0188088108123049
Micro-PVM,2.0,SDAN_0,sciRED_24,1154,39,24,0.5084439528023599,0.020212612858684482
Micro-PVM,2.0,SDAN_0,sciRED_25,1154,39,24,0.38698377581120946,0.01631206417101909
Micro-PVM,2.0,SDAN_0,sciRED_26,1154,39,24,0.47090707964601763,0.01973736999850943
Micro-PVM,2.0,SDAN_0,sciRED_27,1154,39,24,0.4002212389380531,0.01666531396235707
Micro-PVM,2.0,SDAN_0,sciRED_28,1154,39,24,0.4631637168141593,0.018738086334009703
Micro-PVM,2.0,SDAN_0,sciRED_29,1154,39,24,0.5349188790560472,0.02341501250245485
Micro-PVM,2.0,SDAN_0,sciRED_30,1154,39,24,0.41297935103244837,0.01891998188923535
Micro-PVM,2.0,SDAN_0,sciRED_31,1154,39,24,0.5820796460176991,0.029294412956885618
Micro-PVM,2.0,SDAN_0,sciRED_32,1154,39,24,0.5683628318584071,0.032448510857677165
Micro-PVM,2.0,SDAN_0,sciRED_33,1154,39,24,0.402617994100295,0.017868711513680934
Micro-PVM,2.0,SDAN_0,sciRED_34,1154,39,24,0.5146386430678467,0.021079413013009085
Micro-PVM,2.0,SDAN_0,sciRED_35,1154,39,24,0.5038348082595869,0.02213611875631057
Micro-PVM,2.0,SDAN_0,sciRED_36,1154,39,24,0.5555309734513275,0.024506158037118447
Micro-PVM,2.0,SDAN_0,sciRED_37,1154,39,24,0.41976401179941003,0.01813615272660134
Micro-PVM,2.0,SDAN_0,sciRED_38,1154,39,24,0.42603244837758114,0.01783228215180874
Micro-PVM,2.0,SDAN_0,sciRED_39,1154,39,24,0.3944321533923304,0.01915766572945226
Micro-PVM,2.0,SDAN_1,sciRED_0,1154,37,17,0.5352579026333488,0.016049771271378105
Micro-PVM,2.0,SDAN_1,sciRED_1,1154,37,17,0.592529360028972,0.031167348057876666
Micro-PVM,2.0,SDAN_1,sciRED_2,1154,37,17,0.5913911738838016,0.020195499253990584
Micro-PVM,2.0,SDAN_1,sciRED_3,1154,37,17,0.4719333643747737,0.013834792962121634
Micro-PVM,2.0,SDAN_1,sciRED_4,1154,37,17,0.6311759532308966,0.022313316462002075
Micro-PVM,2.0,SDAN_1,sciRED_5,1154,37,17,0.6345387759325365,0.02067572187594871
Micro-PVM,2.0,SDAN_1,sciRED_6,1154,37,17,0.5590563402141859,0.018280427356418195
Micro-PVM,2.0,SDAN_1,sciRED_7,1154,37,17,0.7179885146670806,0.041101202638009454
Micro-PVM,2.0,SDAN_1,sciRED_8,1154,37,17,0.496300895028196,0.016830286339377516
Micro-PVM,2.0,SDAN_1,sciRED_9,1154,37,17,0.47638263748771276,0.01618916763022453
Micro-PVM,2.0,SDAN_1,sciRED_10,1154,37,17,0.6272957731905426,0.02244319922839211
Micro-PVM,2.0,SDAN_1,sciRED_11,1154,37,17,0.5080966423508717,0.015156318683936897
Micro-PVM,2.0,SDAN_1,sciRED_12,1154,37,17,0.5379998965285322,0.01646785111702233
Micro-PVM,2.0,SDAN_1,sciRED_13,1154,37,17,0.4607067101246831,0.01433729334984175
Micro-PVM,2.0,SDAN_1,sciRED_14,1154,37,17,0.5624708986496973,0.024084710377150733
Micro-PVM,2.0,SDAN_1,sciRED_15,1154,37,17,0.472243778778002,0.015147563391714065
Micro-PVM,2.0,SDAN_1,sciRED_16,1154,37,17,0.586217600496663,0.020214240201250153
Micro-PVM,2.0,SDAN_1,sciRED_17,1154,37,17,0.5396554400124166,0.028812491013951138
Micro-PVM,2.0,SDAN_1,sciRED_18,1154,37,17,0.5457085208753686,0.017247378289940943
Micro-PVM,2.0,SDAN_1,sciRED_19,1154,37,17,0.6529566971907497,0.029866942216064687
Micro-PVM,2.0,SDAN_1,sciRED_20,1154,37,17,0.6364012623519065,0.04382728430673401
Micro-PVM,2.0,SDAN_1,sciRED_21,1154,37,17,0.5355683170365771,0.01823386509166873
Micro-PVM,2.0,SDAN_1,sciRED_22,1154,37,17,0.5774225257385276,0.022098529973395727
Micro-PVM,2.0,SDAN_1,sciRED_23,1154,37,17,0.4216462310517875,0.012343659464125491
Micro-PVM,2.0,SDAN_1,sciRED_24,1154,37,17,0.581095762843396,0.022227390304201473
Micro-PVM,2.0,SDAN_1,sciRED_25,1154,37,17,0.5028713332298618,0.019276985589564578
Micro-PVM,2.0,SDAN_1,sciRED_26,1154,37,17,0.5623156914480832,0.021195931655138868
Micro-PVM,2.0,SDAN_1,sciRED_27,1154,37,17,0.5370169175849759,0.018562494228216198
Micro-PVM,2.0,SDAN_1,sciRED_28,1154,37,17,0.5356717885043198,0.019412191862799567
Micro-PVM,2.0,SDAN_1,sciRED_29,1154,37,17,0.4302860986083088,0.012797203278866978
Micro-PVM,2.0,SDAN_1,sciRED_30,1154,37,17,0.47721040922965496,0.016129356776789783
Micro-PVM,2.0,SDAN_1,sciRED_31,1154,37,17,0.6265714729163433,0.04300944196445973
Micro-PVM,2.0,SDAN_1,sciRED_32,1154,37,17,0.575456567851415,0.019498512941871788
Micro-PVM,2.0,SDAN_1,sciRED_33,1154,37,17,0.6274509803921569,0.08810219265450818
Micro-PVM,2.0,SDAN_1,sciRED_34,1154,37,17,0.6142583682549536,0.025098618976588175
Micro-PVM,2.0,SDAN_1,sciRED_35,1154,37,17,0.5657302498835945,0.018791966613585766
Micro-PVM,2.0,SDAN_1,sciRED_36,1154,37,17,0.5401727973511303,0.026738280121392805
Micro-PVM,2.0,SDAN_1,sciRED_37,1154,37,17,0.4943349371410834,0.01684828021459995
Micro-PVM,2.0,SDAN_1,sciRED_38,1154,37,17,0.5810440271095245,0.01981382800965482
Micro-PVM,2.0,SDAN_1,sciRED_39,1154,37,17,0.5975994619483678,0.02705965355180332
Micro-PVM,2.0,SDAN_2,sciRED_0,1154,41,34,0.5458245798319328,0.03299380163946071
Micro-PVM,2.0,SDAN_2,sciRED_1,1154,41,34,0.5429884453781513,0.033239733884910166
Micro-PVM,2.0,SDAN_2,sciRED_2,1154,41,34,0.4862394957983193,0.027205931782617498
Micro-PVM,2.0,SDAN_2,sciRED_3,1154,41,34,0.4123161764705882,0.024537892542304075
Micro-PVM,2.0,SDAN_2,sciRED_4,1154,41,34,0.5484243697478992,0.04068954837622529
Micro-PVM,2.0,SDAN_2,sciRED_5,1154,41,34,0.38747373949579833,0.022540231055856078
Micro-PVM,2.0,SDAN_2,sciRED_6,1154,41,34,0.4722426470588236,0.029382697397478563
Micro-PVM,2.0,SDAN_2,sciRED_7,1154,41,34,0.704858193277311,0.06638144125705477
Micro-PVM,2.0,SDAN_2,sciRED_8,1154,41,34,0.4808560924369748,0.02683291153399006
Micro-PVM,2.0,SDAN_2,sciRED_9,1154,41,34,0.672767857142857,0.05098823197409018
Micro-PVM,2.0,SDAN_2,sciRED_10,1154,41,34,0.4894957983193277,0.02969016650662642
Micro-PVM,2.0,SDAN_2,sciRED_11,1154,41,34,0.4841911764705883,0.033466308163935934
Micro-PVM,2.0,SDAN_2,sciRED_12,1154,41,34,0.5809348739495799,0.04246980336444449
Micro-PVM,2.0,SDAN_2,sciRED_13,1154,41,34,0.3991596638655462,0.02305366908108368
Micro-PVM,2.0,SDAN_2,sciRED_14,1154,41,34,0.5439600840336134,0.030684350654571844
Micro-PVM,2.0,SDAN_2,sciRED_15,1154,41,34,0.6689600840336135,0.0622782447708832
Micro-PVM,2.0,SDAN_2,sciRED_16,1154,41,34,0.5227415966386555,0.03323330251516235
Micro-PVM,2.0,SDAN_2,sciRED_17,1154,41,34,0.3777048319327731,0.022509412301386953
Micro-PVM,2.0,SDAN_2,sciRED_18,1154,41,34,0.6076943277310924,0.0834661122433245
Micro-PVM,2.0,SDAN_2,sciRED_19,1154,41,34,0.529359243697479,0.03250834293815092
Micro-PVM,2.0,SDAN_2,sciRED_20,1154,41,34,0.6295168067226891,0.183666104271523
Micro-PVM,2.0,SDAN_2,sciRED_21,1154,41,34,0.5127626050420169,0.032425512993913386
Micro-PVM,2.0,SDAN_2,sciRED_22,1154,41,34,0.4678046218487395,0.03421352555347608
Micro-PVM,2.0,SDAN_2,sciRED_23,1154,41,34,0.5672268907563025,0.03599117660616752
Micro-PVM,2.0,SDAN_2,sciRED_24,1154,41,34,0.4699317226890757,0.027743054202969502
Micro-PVM,2.0,SDAN_2,sciRED_25,1154,41,34,0.6382615546218487,0.06431900634012173
Micro-PVM,2.0,SDAN_2,sciRED_26,1154,41,34,0.4784138655462185,0.03223513728751182
Micro-PVM,2.0,SDAN_2,sciRED_27,1154,41,34,0.4785451680672269,0.029936200938955954
Micro-PVM,2.0,SDAN_2,sciRED_28,1154,41,34,0.5491334033613445,0.04196698911419863
Micro-PVM,2.0,SDAN_2,sciRED_29,1154,41,34,0.5534138655462185,0.038881861488369376
Micro-PVM,2.0,SDAN_2,sciRED_30,1154,41,34,0.3964810924369748,0.023664862406701653
Micro-PVM,2.0,SDAN_2,sciRED_31,1154,41,34,0.6076418067226891,0.04852595335218887
Micro-PVM,2.0,SDAN_2,sciRED_32,1154,41,34,0.7557247899159663,0.16507997282425202
Micro-PVM,2.0,SDAN_2,sciRED_33,1154,41,34,0.5874737394957983,0.03750233386685581
Micro-PVM,2.0,SDAN_2,sciRED_34,1154,41,34,0.6368697478991596,0.05951316043808211
Micro-PVM,2.0,SDAN_2,sciRED_35,1154,41,34,0.571454831932773,0.04233756307989697
Micro-PVM,2.0,SDAN_2,sciRED_36,1154,41,34,0.5754726890756303,0.03826086246814531
Micro-PVM,2.0,SDAN_2,sciRED_37,1154,41,34,0.39963235294117644,0.023520065427611057
Micro-PVM,2.0,SDAN_2,sciRED_38,1154,41,34,0.48022584033613447,0.046347318524265144
Micro-PVM,2.0,SDAN_2,sciRED_39,1154,41,34,0.5611607142857142,0.033890080744166245
Micro-PVM,2.0,SDAN_3,sciRED_0,1154,41,30,0.9029359430604984,0.23494940878702358
Micro-PVM,2.0,SDAN_3,sciRED_1,1154,41,30,0.32820284697508895,0.018194153630044566
Micro-PVM,2.0,SDAN_3,sciRED_2,1154,41,30,0.36720047449584814,0.019238428396048415
Micro-PVM,2.0,SDAN_3,sciRED_3,1154,41,30,0.3701364175563464,0.019358861807025063
Micro-PVM,2.0,SDAN_3,sciRED_4,1154,41,30,0.29602609727164886,0.01757412092536317
Micro-PVM,2.0,SDAN_3,sciRED_5,1154,41,30,0.23890865954922896,0.01619543388031656
Micro-PVM,2.0,SDAN_3,sciRED_6,1154,41,30,0.4212930011862396,0.0214512014791493
Micro-PVM,2.0,SDAN_3,sciRED_7,1154,41,30,0.39273428232502966,0.02007536583692773
Micro-PVM,2.0,SDAN_3,sciRED_8,1154,41,30,0.48276986951364176,0.025835632696791407
Micro-PVM,2.0,SDAN_3,sciRED_9,1154,41,30,0.33712930011862396,0.018400427511556676
Micro-PVM,2.0,SDAN_3,sciRED_10,1154,41,30,0.35388493475682087,0.018945799662757598
Micro-PVM,2.0,SDAN_3,sciRED_11,1154,41,30,0.4809311981020166,0.023648402355729875
Micro-PVM,2.0,SDAN_3,sciRED_12,1154,41,30,0.38795966785290636,0.020360440204361688
Micro-PVM,2.0,SDAN_3,sciRED_13,1154,41,30,0.3038256227758007,0.017564329099696935
Micro-PVM,2.0,SDAN_3,sciRED_14,1154,41,30,0.3395907473309609,0.018758802202716383
Micro-PVM,2.0,SDAN_3,sciRED_15,1154,41,30,0.3509193357058126,0.018796959393493795
Micro-PVM,2.0,SDAN_3,sciRED_16,1154,41,30,0.32428825622775803,0.018169304273282148
Micro-PVM,2.0,SDAN_3,sciRED_17,1154,41,30,0.43766310794780544,0.022148106106396694
Micro-PVM,2.0,SDAN_3,sciRED_18,1154,41,30,0.45014827995255036,0.022258139418166425
Micro-PVM,2.0,SDAN_3,sciRED_19,1154,41,30,0.48615065243179123,0.023969273831854723
Micro-PVM,2.0,SDAN_3,sciRED_20,1154,41,30,0.32253855278766314,0.017986714958212975
Micro-PVM,2.0,SDAN_3,sciRED_21,1154,41,30,0.37078884934756823,0.019556312086694467
Micro-PVM,2.0,SDAN_3,sciRED_22,1154,41,30,0.4106168446026097,0.021125071446065305
Micro-PVM,2.0,SDAN_3,sciRED_23,1154,41,30,0.30652431791221824,0.01761724398622645
Micro-PVM,2.0,SDAN_3,sciRED_24,1154,41,30,0.422864768683274,0.021123432395422307
Micro-PVM,2.0,SDAN_3,sciRED_25,1154,41,30,0.3510083036773428,0.018961867687267733
Micro-PVM,2.0,SDAN_3,sciRED_26,1154,41,30,0.39116251482799524,0.03670529540999878
Micro-PVM,2.0,SDAN_3,sciRED_27,1154,41,30,0.5681198102016607,0.03543674907985716
Micro-PVM,2.0,SDAN_3,sciRED_28,1154,41,30,0.5405693950177936,0.031638991213707654
Micro-PVM,2.0,SDAN_3,sciRED_29,1154,41,30,0.5652431791221827,0.0362843195710887
Micro-PVM,2.0,SDAN_3,sciRED_30,1154,41,30,0.5215302491103203,0.02961304948396596
Micro-PVM,2.0,SDAN_3,sciRED_31,1154,41,30,0.4022835112692764,0.020398952160827374
Micro-PVM,2.0,SDAN_3,sciRED_32,1154,41,30,0.36622182680901544,0.019275916517874647
Micro-PVM,2.0,SDAN_3,sciRED_33,1154,41,30,0.40934163701067616,0.021158598617811334
Micro-PVM,2.0,SDAN_3,sciRED_34,1154,41,30,0.4443950177935943,0.023026447684752704
Micro-PVM,2.0,SDAN_3,sciRED_35,1154,41,30,0.379270462633452,0.020785403390345864
Micro-PVM,2.0,SDAN_3,sciRED_36,1154,41,30,0.4429122182680902,0.024150656844075497
Micro-PVM,2.0,SDAN_3,sciRED_37,1154,41,30,0.5014234875444841,0.027281989010400035
Micro-PVM,2.0,SDAN_3,sciRED_38,1154,41,30,0.4626334519572954,0.024423837781307252
Micro-PVM,2.0,SDAN_3,sciRED_39,1154,41,30,0.5546856465005932,0.03157772729678892
Micro-PVM,2.0,SDAN_4,sciRED_0,1154,41,20,0.3911816578483245,0.013793067217544318
Micro-PVM,2.0,SDAN_4,sciRED_1,1154,41,20,0.4204585537918871,0.014587811602763182
Micro-PVM,2.0,SDAN_4,sciRED_2,1154,41,20,0.2919753086419753,0.011713823877338991
Micro-PVM,2.0,SDAN_4,sciRED_3,1154,41,20,0.4117724867724868,0.014907509529476656
Micro-PVM,2.0,SDAN_4,sciRED_4,1154,41,20,0.5329365079365079,0.01823988158582131
Micro-PVM,2.0,SDAN_4,sciRED_5,1154,41,20,0.4443562610229277,0.015552691904426291
Micro-PVM,2.0,SDAN_4,sciRED_6,1154,41,20,0.40476190476190477,0.014214517096553893
Micro-PVM,2.0,SDAN_4,sciRED_7,1154,41,20,0.28694885361552025,0.011626840518516438
Micro-PVM,2.0,SDAN_4,sciRED_8,1154,41,20,0.44810405643738976,0.015212104946267825
Micro-PVM,2.0,SDAN_4,sciRED_9,1154,41,20,0.4332010582010582,0.015519211698438971
Micro-PVM,2.0,SDAN_4,sciRED_10,1154,41,20,0.4425044091710758,0.01549285868482633
Micro-PVM,2.0,SDAN_4,sciRED_11,1154,41,20,0.2582010582010582,0.011420332683652928
Micro-PVM,2.0,SDAN_4,sciRED_12,1154,41,20,0.42707231040564375,0.014503841013130288
Micro-PVM,2.0,SDAN_4,sciRED_13,1154,41,20,0.33183421516754846,0.012815523780880916
Micro-PVM,2.0,SDAN_4,sciRED_14,1154,41,20,0.3701058201058201,0.01531313653947422
Micro-PVM,2.0,SDAN_4,sciRED_15,1154,41,20,0.4851410934744268,0.018645865204856667
Micro-PVM,2.0,SDAN_4,sciRED_16,1154,41,20,0.4388007054673721,0.015009144945527148
Micro-PVM,2.0,SDAN_4,sciRED_17,1154,41,20,0.4511904761904762,0.01606431576051541
Micro-PVM,2.0,SDAN_4,sciRED_18,1154,41,20,0.41829805996472663,0.014792234907658401
Micro-PVM,2.0,SDAN_4,sciRED_19,1154,41,20,0.6914462081128747,0.05363090247005393
Micro-PVM,2.0,SDAN_4,sciRED_20,1154,41,20,0.3745149911816579,0.013334116901234063
Micro-PVM,2.0,SDAN_4,sciRED_21,1154,41,20,0.47275132275132276,0.016633382068755392
Micro-PVM,2.0,SDAN_4,sciRED_22,1154,41,20,0.3941358024691358,0.014915745738944866
Micro-PVM,2.0,SDAN_4,sciRED_23,1154,41,20,0.5011022927689595,0.01812983353339775
Micro-PVM,2.0,SDAN_4,sciRED_24,1154,41,20,0.34550264550264553,0.014167439746424804
Micro-PVM,2.0,SDAN_4,sciRED_25,1154,41,20,0.6006613756613757,0.02166090369532718
Micro-PVM,2.0,SDAN_4,sciRED_26,1154,41,20,0.439021164021164,0.01565969380937484
Micro-PVM,2.0,SDAN_4,sciRED_27,1154,41,20,0.5306437389770723,0.02054681719700227
Micro-PVM,2.0,SDAN_4,sciRED_28,1154,41,20,0.5116402116402117,0.0211705996840475
Micro-PVM,2.0,SDAN_4,sciRED_29,1154,41,20,0.35295414462081126,0.018788464015970997
Micro-PVM,2.0,SDAN_4,sciRED_30,1154,41,20,0.47513227513227513,0.01772740070037833
Micro-PVM,2.0,SDAN_4,sciRED_31,1154,41,20,0.5176807760141093,0.01806797161290439
Micro-PVM,2.0,SDAN_4,sciRED_32,1154,41,20,0.34770723104056434,0.013005211227619964
Micro-PVM,2.0,SDAN_4,sciRED_33,1154,41,20,0.36600529100529106,0.013154755487979173
Micro-PVM,2.0,SDAN_4,sciRED_34,1154,41,20,0.46970899470899474,0.025281857312150477
Micro-PVM,2.0,SDAN_4,sciRED_35,1154,41,20,0.513668430335097,0.020132682579947703
Micro-PVM,2.0,SDAN_4,sciRED_36,1154,41,20,0.5745149911816578,0.08324023636486405
Micro-PVM,2.0,SDAN_4,sciRED_37,1154,41,20,0.514241622574956,0.021162444644470955
Micro-PVM,2.0,SDAN_4,sciRED_38,1154,41,20,0.44400352733686066,0.015590942188706639
Micro-PVM,2.0,SDAN_4,sciRED_39,1154,41,20,0.4567019400352734,0.024378654163558375
Micro-PVM,2.0,SDAN_5,sciRED_0,1154,42,33,0.44346227664693316,0.025990763727643033
Micro-PVM,2.0,SDAN_5,sciRED_1,1154,42,33,0.36166301732760253,0.021548885304638048
Micro-PVM,2.0,SDAN_5,sciRED_2,1154,42,33,0.3552023355770011,0.020757219399020706
Micro-PVM,2.0,SDAN_5,sciRED_3,1154,42,33,0.5225042575622415,0.03158078731724494
Micro-PVM,2.0,SDAN_5,sciRED_4,1154,42,33,0.3286838050441976,0.019922002452290793
Micro-PVM,2.0,SDAN_5,sciRED_5,1154,42,33,0.35436433919930804,0.03217637382109498
Micro-PVM,2.0,SDAN_5,sciRED_6,1154,42,33,0.4304598167220826,0.024586581297694633
Micro-PVM,2.0,SDAN_5,sciRED_7,1154,42,33,0.44478685156651254,0.02547141411916127
Micro-PVM,2.0,SDAN_5,sciRED_8,1154,42,33,0.6705322628605411,0.14004266833811305
Micro-PVM,2.0,SDAN_5,sciRED_9,1154,42,33,0.3426864541940367,0.020418597352952414
Micro-PVM,2.0,SDAN_5,sciRED_10,1154,42,33,0.3597167031600573,0.020882024720462123
Micro-PVM,2.0,SDAN_5,sciRED_11,1154,42,33,0.43129781309977566,0.023728943117674116
Micro-PVM,2.0,SDAN_5,sciRED_12,1154,42,33,0.3447679290676614,0.020793866600635782
Micro-PVM,2.0,SDAN_5,sciRED_13,1154,42,33,0.3492282323682859,0.020531103678197913
Micro-PVM,2.0,SDAN_5,sciRED_14,1154,42,33,0.36033844240802315,0.021140456751702792
Micro-PVM,2.0,SDAN_5,sciRED_15,1154,42,33,0.34609250398724084,0.020424169472732078
Micro-PVM,2.0,SDAN_5,sciRED_16,1154,42,33,0.37831481631660047,0.021706637513431434
Micro-PVM,2.0,SDAN_5,sciRED_17,1154,42,33,0.41297002135539157,0.023987709756342256
Micro-PVM,2.0,SDAN_5,sciRED_18,1154,42,33,0.32392614819019816,0.01981962363630412
Micro-PVM,2.0,SDAN_5,sciRED_19,1154,42,33,0.34722785391830885,0.02051810422905479
Micro-PVM,2.0,SDAN_5,sciRED_20,1154,42,33,0.3617981780336821,0.020948182964793473
Micro-PVM,2.0,SDAN_5,sciRED_21,1154,42,33,0.4296758846268213,0.02388707219793945
Micro-PVM,2.0,SDAN_5,sciRED_22,1154,42,33,0.4399210661476496,0.024517582500823833
Micro-PVM,2.0,SDAN_5,sciRED_23,1154,42,33,0.4235125564295948,0.023868783154196535
Micro-PVM,2.0,SDAN_5,sciRED_24,1154,42,33,0.41364582488578916,0.023448046014243294
Micro-PVM,2.0,SDAN_5,sciRED_25,1154,42,33,0.48449706701267803,0.031723958578187494
Micro-PVM,2.0,SDAN_5,sciRED_26,1154,42,33,0.426594220528208,0.04164320544832712
Micro-PVM,2.0,SDAN_5,sciRED_27,1154,42,33,0.7790933419836186,0.4370527117300137
Micro-PVM,2.0,SDAN_5,sciRED_28,1154,42,33,0.6224961479198767,0.06697087171120791
Micro-PVM,2.0,SDAN_5,sciRED_29,1154,42,33,0.4252155813261969,0.02910311639435537
Micro-PVM,2.0,SDAN_5,sciRED_30,1154,42,33,0.4576000865028519,0.02546454846608561
Micro-PVM,2.0,SDAN_5,sciRED_31,1154,42,33,0.3869921336469062,0.021938413908585704
Micro-PVM,2.0,SDAN_5,sciRED_32,1154,42,33,0.4063741788987106,0.022789712690171656
Micro-PVM,2.0,SDAN_5,sciRED_33,1154,42,33,0.49552618062876763,0.03354864819206959
Micro-PVM,2.0,SDAN_5,sciRED_34,1154,42,33,0.43097342740518474,0.023614412298433606
Micro-PVM,2.0,SDAN_5,sciRED_35,1154,42,33,0.47211634633579325,0.029390311949831143
Micro-PVM,2.0,SDAN_5,sciRED_36,1154,42,33,0.5242072824588435,0.03386803767568055
Micro-PVM,2.0,SDAN_5,sciRED_37,1154,42,33,0.508015029870516,0.04238221359422332
Micro-PVM,2.0,SDAN_5,sciRED_38,1154,42,33,0.5130159759954587,0.036584823284201366
Micro-PVM,2.0,SDAN_5,sciRED_39,1154,42,33,0.4668180466574757,0.0281085817244748
Micro-PVM,2.0,SDAN_6,sciRED_0,1154,39,23,0.4854111405835544,0.019511004849810543
Micro-PVM,2.0,SDAN_6,sciRED_1,1154,39,23,0.5426133087302503,0.027809842320776317
Micro-PVM,2.0,SDAN_6,sciRED_2,1154,39,23,0.5552992734402029,0.023928152463576276
Micro-PVM,2.0,SDAN_6,sciRED_3,1154,39,23,0.5142044362434168,0.02136138590370577
Micro-PVM,2.0,SDAN_6,sciRED_4,1154,39,23,0.5789412985814785,0.027490124889794396
Micro-PVM,2.0,SDAN_6,sciRED_5,1154,39,23,0.625379617883366,0.03343038095661925
Micro-PVM,2.0,SDAN_6,sciRED_6,1154,39,23,0.4930996040441318,0.02606906044753999
Micro-PVM,2.0,SDAN_6,sciRED_7,1154,39,23,0.5923192250028831,0.037440004631018986
Micro-PVM,2.0,SDAN_6,sciRED_8,1154,39,23,0.48760235266981894,0.0226066605658794
Micro-PVM,2.0,SDAN_6,sciRED_9,1154,39,23,0.6820051512705185,0.03848362012888311
Micro-PVM,2.0,SDAN_6,sciRED_10,1154,39,23,0.6540960289086226,0.03867960671629889
Micro-PVM,2.0,SDAN_6,sciRED_11,1154,39,23,0.49367623880367506,0.023821571018216553
Micro-PVM,2.0,SDAN_6,sciRED_12,1154,39,23,0.5955868219736286,0.0347400794338004
Micro-PVM,2.0,SDAN_6,sciRED_13,1154,39,23,0.591704147926037,0.031714834944876466
Micro-PVM,2.0,SDAN_6,sciRED_14,1154,39,23,0.5152039364932918,0.02327600749374597
Micro-PVM,2.0,SDAN_6,sciRED_15,1154,39,23,0.5045169722830892,0.032163141516914004
Micro-PVM,2.0,SDAN_6,sciRED_16,1154,39,23,0.5593357167570061,0.02877042366617237
Micro-PVM,2.0,SDAN_6,sciRED_17,1154,39,23,0.5569138507669242,0.022318330257701323
Micro-PVM,2.0,SDAN_6,sciRED_18,1154,39,23,0.5258140160688887,0.04408173684706188
Micro-PVM,2.0,SDAN_6,sciRED_19,1154,39,23,0.3884596163456733,0.015754567753253877
Micro-PVM,2.0,SDAN_6,sciRED_20,1154,39,23,0.6113866143851151,0.0440398162999271
Micro-PVM,2.0,SDAN_6,sciRED_21,1154,39,23,0.720716564794526,0.06805245272885611
Micro-PVM,2.0,SDAN_6,sciRED_22,1154,39,23,0.5295813631645715,0.026526669231337
Micro-PVM,2.0,SDAN_6,sciRED_23,1154,39,23,0.5754430477069158,0.027822314891358974
Micro-PVM,2.0,SDAN_6,sciRED_24,1154,39,23,0.5905893207242532,0.029870322022511976
Micro-PVM,2.0,SDAN_6,sciRED_25,1154,39,23,0.4786837350555492,0.022680125326352756
Micro-PVM,2.0,SDAN_6,sciRED_26,1154,39,23,0.671971706454465,0.03516911639859475
Micro-PVM,2.0,SDAN_6,sciRED_27,1154,39,23,0.5128205128205128,0.023238500012467855
Micro-PVM,2.0,SDAN_6,sciRED_28,1154,39,23,0.5340791142890093,0.02692569681386858
Micro-PVM,2.0,SDAN_6,sciRED_29,1154,39,23,0.6326836581709145,0.08350293659660693
Micro-PVM,2.0,SDAN_6,sciRED_30,1154,39,23,0.6031215161649944,0.028276132742749788
Micro-PVM,2.0,SDAN_6,sciRED_31,1154,39,23,0.5069388382731711,0.023298201238561862
Micro-PVM,2.0,SDAN_6,sciRED_32,1154,39,23,0.5574136008918618,0.026218590694606383
Micro-PVM,2.0,SDAN_6,sciRED_33,1154,39,23,0.5580286779687079,0.042696136806751835
Micro-PVM,2.0,SDAN_6,sciRED_34,1154,39,23,0.5205474185983932,0.022011274573956637
Micro-PVM,2.0,SDAN_6,sciRED_35,1154,39,23,0.4837196786222274,0.02745904544229654
Micro-PVM,2.0,SDAN_6,sciRED_36,1154,39,23,0.5286203052319994,0.03675012142749555
Micro-PVM,2.0,SDAN_6,sciRED_37,1154,39,23,0.5206627455503018,0.02837649000204617
Micro-PVM,2.0,SDAN_6,sciRED_38,1154,39,23,0.4753008111328951,0.021623270251752747
Micro-PVM,2.0,SDAN_6,sciRED_39,1154,39,23,0.5921270134163688,0.04121751884015229
Micro-PVM,2.0,SDAN_7,sciRED_0,1154,38,28,0.2942463841664552,0.016231177052629144
Micro-PVM,2.0,SDAN_7,sciRED_1,1154,38,28,0.535143364628267,0.02658339527931002
Micro-PVM,2.0,SDAN_7,sciRED_2,1154,38,28,0.5770109109363106,0.03151374968362268
Micro-PVM,2.0,SDAN_7,sciRED_3,1154,38,28,0.5284191829484902,0.02781596977388562
Micro-PVM,2.0,SDAN_7,sciRED_4,1154,38,28,0.5691766049226085,0.031094953133855387
Micro-PVM,2.0,SDAN_7,sciRED_5,1154,38,28,0.3548274549606699,0.017675119206537377
Micro-PVM,2.0,SDAN_7,sciRED_6,1154,38,28,0.4232428317685866,0.02412065123683487
Micro-PVM,2.0,SDAN_7,sciRED_7,1154,38,28,0.48122303983760467,0.02330482523536986
Micro-PVM,2.0,SDAN_7,sciRED_8,1154,38,28,0.4998414108094392,0.023999119522110313
Micro-PVM,2.0,SDAN_7,sciRED_9,1154,38,28,0.567622430855113,0.0517361561708001
Micro-PVM,2.0,SDAN_7,sciRED_10,1154,38,28,0.516239533113423,0.11087228713407221
Micro-PVM,2.0,SDAN_7,sciRED_11,1154,38,28,0.7324283176858666,0.19376192826274313
Micro-PVM,2.0,SDAN_7,sciRED_12,1154,38,28,0.5438023344328851,0.02682475017209523
Micro-PVM,2.0,SDAN_7,sciRED_13,1154,38,28,0.4506153260593758,0.022638624982792722
Micro-PVM,2.0,SDAN_7,sciRED_14,1154,38,28,0.5042819081451408,0.026191462249203275
Micro-PVM,2.0,SDAN_7,sciRED_15,1154,38,28,0.4391334686627759,0.022573904149205095
Micro-PVM,2.0,SDAN_7,sciRED_16,1154,38,28,0.5181426034001523,0.026749862609128306
Micro-PVM,2.0,SDAN_7,sciRED_17,1154,38,28,0.34934026896726716,0.020224787242108973
Micro-PVM,2.0,SDAN_7,sciRED_18,1154,38,28,0.5345724435422481,0.036227150304009054
Micro-PVM,2.0,SDAN_7,sciRED_19,1154,38,28,0.6896726719106826,0.057981057271454084
Micro-PVM,2.0,SDAN_7,sciRED_20,1154,38,28,0.5198236488200965,0.02634823096393802
Micro-PVM,2.0,SDAN_7,sciRED_21,1154,38,28,0.521187515858919,0.04275473494161755
Micro-PVM,2.0,SDAN_7,sciRED_22,1154,38,28,0.49387845724435425,0.02517423723558562
Micro-PVM,2.0,SDAN_7,sciRED_23,1154,38,28,0.5004440497335702,0.026647093527633975
Micro-PVM,2.0,SDAN_7,sciRED_24,1154,38,28,0.5454199441766049,0.029373355147788993
Micro-PVM,2.0,SDAN_7,sciRED_25,1154,38,28,0.4874397361075869,0.024737027967804352
Micro-PVM,2.0,SDAN_7,sciRED_26,1154,38,28,0.43478812484141083,0.020475081988497675
Micro-PVM,2.0,SDAN_7,sciRED_27,1154,38,28,0.4522646536412078,0.022046167265504447
Micro-PVM,2.0,SDAN_7,sciRED_28,1154,38,28,0.4943542248160365,0.023717114084624645
Micro-PVM,2.0,SDAN_7,sciRED_29,1154,38,28,0.5400596295356508,0.03935684347496031
Micro-PVM,2.0,SDAN_7,sciRED_30,1154,38,28,0.4528355747272266,0.02127804724552894
Micro-PVM,2.0,SDAN_7,sciRED_31,1154,38,28,0.46793326566861204,0.028558147235901787
Micro-PVM,2.0,SDAN_7,sciRED_32,1154,38,28,0.5068510530322253,0.02421071669151299
Micro-PVM,2.0,SDAN_7,sciRED_33,1154,38,28,0.5683202232935803,0.03028485094538503
Micro-PVM,2.0,SDAN_7,sciRED_34,1154,38,28,0.5295293072824157,0.03173135875756096
Micro-PVM,2.0,SDAN_7,sciRED_35,1154,38,28,0.5884293326566861,0.10672168922847862
Micro-PVM,2.0,SDAN_7,sciRED_36,1154,38,28,0.4851877696016239,0.02568955594000345
Micro-PVM,2.0,SDAN_7,sciRED_37,1154,38,28,0.5418041106318193,0.03011588011760661
Micro-PVM,2.0,SDAN_7,sciRED_38,1154,38,28,0.5287046434914996,0.025295961514198193
Micro-PVM,2.0,SDAN_7,sciRED_39,1154,38,28,0.5091664552144126,0.024884371894533602
Micro-PVM,2.0,SDAN_8,sciRED_0,1154,41,32,0.4794173351158646,0.025178203684426956
Micro-PVM,2.0,SDAN_8,sciRED_1,1154,41,32,0.45045120320855614,0.024641845573486247
Micro-PVM,2.0,SDAN_8,sciRED_2,1154,41,32,0.44903074866310155,0.024112215532434242
Micro-PVM,2.0,SDAN_8,sciRED_3,1154,41,32,0.4200089126559715,0.023771547436625875
Micro-PVM,2.0,SDAN_8,sciRED_4,1154,41,32,0.484597816399287,0.04404418359525343
Micro-PVM,2.0,SDAN_8,sciRED_5,1154,41,32,0.4558266488413547,0.024208659422342644
Micro-PVM,2.0,SDAN_8,sciRED_6,1154,41,32,0.5292446524064172,0.029482593981975374
Micro-PVM,2.0,SDAN_8,sciRED_7,1154,41,32,0.5589070855614974,0.045122989229143415
Micro-PVM,2.0,SDAN_8,sciRED_8,1154,41,32,0.41864416221033873,0.023597630573491516
Micro-PVM,2.0,SDAN_8,sciRED_9,1154,41,32,0.4728721033868093,0.025882251292689566
Micro-PVM,2.0,SDAN_8,sciRED_10,1154,41,32,0.5065730837789661,0.03493743635687681
Micro-PVM,2.0,SDAN_8,sciRED_11,1154,41,32,0.4839850713012478,0.026496010645905954
Micro-PVM,2.0,SDAN_8,sciRED_12,1154,41,32,0.4185606060606061,0.022665474576230287
Micro-PVM,2.0,SDAN_8,sciRED_13,1154,41,32,0.4065842245989305,0.022304349487283597
Micro-PVM,2.0,SDAN_8,sciRED_14,1154,41,32,0.45546457219251335,0.026619869471839072
Micro-PVM,2.0,SDAN_8,sciRED_15,1154,41,32,0.5469028520499108,0.04370921280553486
Micro-PVM,2.0,SDAN_8,sciRED_16,1154,41,32,0.4722593582887701,0.026433098324137722
Micro-PVM,2.0,SDAN_8,sciRED_17,1154,41,32,0.4251058377896613,0.023054989796719716
Micro-PVM,2.0,SDAN_8,sciRED_18,1154,41,32,0.3995098039215686,0.025624080704447133
Micro-PVM,2.0,SDAN_8,sciRED_19,1154,41,32,0.4854333778966132,0.026814576782221204
Micro-PVM,2.0,SDAN_8,sciRED_20,1154,41,32,0.45858400178253117,0.02439760351645227
Micro-PVM,2.0,SDAN_8,sciRED_21,1154,41,32,0.4862967914438503,0.0274577042504508
Micro-PVM,2.0,SDAN_8,sciRED_22,1154,41,32,0.5390485739750446,0.03517799832857366
Micro-PVM,2.0,SDAN_8,sciRED_23,1154,41,32,0.5234792780748664,0.029369209689985354
Micro-PVM,2.0,SDAN_8,sciRED_24,1154,41,32,0.3728275401069519,0.021670036297939527
Micro-PVM,2.0,SDAN_8,sciRED_25,1154,41,32,0.5630291889483066,0.04006385551514709
Micro-PVM,2.0,SDAN_8,sciRED_26,1154,41,32,0.48532196969696967,0.030866987466185686
Micro-PVM,2.0,SDAN_8,sciRED_27,1154,41,32,0.44488079322638147,0.02449859499861786
Micro-PVM,2.0,SDAN_8,sciRED_28,1154,41,32,0.407781862745098,0.02218890611345996
Micro-PVM,2.0,SDAN_8,sciRED_29,1154,41,32,0.46387589126559714,0.02505351949855447
Micro-PVM,2.0,SDAN_8,sciRED_30,1154,41,32,0.4118482620320856,0.024356782512315815
Micro-PVM,2.0,SDAN_8,sciRED_31,1154,41,32,0.5557319518716578,0.08108188167404144
Micro-PVM,2.0,SDAN_8,sciRED_32,1154,41,32,0.5420287433155081,0.03267676350192898
Micro-PVM,2.0,SDAN_8,sciRED_33,1154,41,32,0.40023395721925137,0.02812575183175018
Micro-PVM,2.0,SDAN_8,sciRED_34,1154,41,32,0.5412210338680927,0.033340303247554014
Micro-PVM,2.0,SDAN_8,sciRED_35,1154,41,32,0.48042000891265596,0.027676743278554634
Micro-PVM,2.0,SDAN_8,sciRED_36,1154,41,32,0.5282976827094474,0.043633787240565255
Micro-PVM,2.0,SDAN_8,sciRED_37,1154,41,32,0.5642268270944741,0.04088166118933789
Micro-PVM,2.0,SDAN_8,sciRED_38,1154,41,32,0.5190508021390374,0.0325043804802157
Micro-PVM,2.0,SDAN_8,sciRED_39,1154,41,32,0.4714795008912656,0.03463221546950924
Micro-PVM,2.0,SDAN_9,sciRED_0,1154,38,28,0.33341791423496575,0.017155865497685538
Micro-PVM,2.0,SDAN_9,sciRED_1,1154,38,28,0.39939101750824657,0.0190035138922085
Micro-PVM,2.0,SDAN_9,sciRED_2,1154,38,28,0.46875792945952804,0.021940450089812047
Micro-PVM,2.0,SDAN_9,sciRED_3,1154,38,28,0.6470438974879472,0.07978439796095849
Micro-PVM,2.0,SDAN_9,sciRED_4,1154,38,28,0.4707878710987059,0.02394341106905938
Micro-PVM,2.0,SDAN_9,sciRED_5,1154,38,28,0.5051065719360568,0.027209976538730973
Micro-PVM,2.0,SDAN_9,sciRED_6,1154,38,28,0.8084242578025882,0.5427359411973813
Micro-PVM,2.0,SDAN_9,sciRED_7,1154,38,28,0.3566036538949505,0.02085925361816
Micro-PVM,2.0,SDAN_9,sciRED_8,1154,38,28,0.5593440751078407,0.027142081970325194
Micro-PVM,2.0,SDAN_9,sciRED_9,1154,38,28,0.41816797767064195,0.020356096585912947
Micro-PVM,2.0,SDAN_9,sciRED_10,1154,38,28,0.4226084750063436,0.02740467585343063
Micro-PVM,2.0,SDAN_9,sciRED_11,1154,38,28,0.5187135244861709,0.023899525013039918
Micro-PVM,2.0,SDAN_9,sciRED_12,1154,38,28,0.5729510276579548,0.035218390658751174
Micro-PVM,2.0,SDAN_9,sciRED_13,1154,38,28,0.3626300431362598,0.01813292857100715
Micro-PVM,2.0,SDAN_9,sciRED_14,1154,38,28,0.3677048972342045,0.01851891707015641
Micro-PVM,2.0,SDAN_9,sciRED_15,1154,38,28,0.4545800558233951,0.02144834062580966
Micro-PVM,2.0,SDAN_9,sciRED_16,1154,38,28,0.4415440243592997,0.02180365878682189
Micro-PVM,2.0,SDAN_9,sciRED_17,1154,38,28,0.45822760720629285,0.021676737314953592
Micro-PVM,2.0,SDAN_9,sciRED_18,1154,38,28,0.4115706673433138,0.01940226191721784
Micro-PVM,2.0,SDAN_9,sciRED_19,1154,38,28,0.40326059375792944,0.019443180653668686
Micro-PVM,2.0,SDAN_9,sciRED_20,1154,38,28,0.3709401167216443,0.018459720916058353
Micro-PVM,2.0,SDAN_9,sciRED_21,1154,38,28,0.4209274295863994,0.020055049859610874
Micro-PVM,2.0,SDAN_9,sciRED_22,1154,38,28,0.38124841410809446,0.018624251561795424
Micro-PVM,2.0,SDAN_9,sciRED_23,1154,38,28,0.5644823648820096,0.031310391676000776
Micro-PVM,2.0,SDAN_9,sciRED_24,1154,38,28,0.3956483126110124,0.020037870717865766
Micro-PVM,2.0,SDAN_9,sciRED_25,1154,38,28,0.412617356001015,0.021477115916917488
Micro-PVM,2.0,SDAN_9,sciRED_26,1154,38,28,0.4658398883532099,0.02525522414424936
Micro-PVM,2.0,SDAN_9,sciRED_27,1154,38,28,0.44661887845724435,0.0211049888421539
Micro-PVM,2.0,SDAN_9,sciRED_28,1154,38,28,0.46409540725704135,0.05715315356143243
Micro-PVM,2.0,SDAN_9,sciRED_29,1154,38,28,0.4160428825171277,0.02113974683682237
Micro-PVM,2.0,SDAN_9,sciRED_30,1154,38,28,0.3789964476021314,0.0185130144710383
Micro-PVM,2.0,SDAN_9,sciRED_31,1154,38,28,0.44011672164425275,0.028461875238129437
Micro-PVM,2.0,SDAN_9,sciRED_32,1154,38,28,0.4292375031717838,0.020491337404902714
Micro-PVM,2.0,SDAN_9,sciRED_33,1154,38,28,0.4116341030195382,0.019754354625288385
Micro-PVM,2.0,SDAN_9,sciRED_34,1154,38,28,0.44116341030195383,0.020514402015163427
Micro-PVM,2.0,SDAN_9,sciRED_35,1154,38,28,0.3926034001522456,0.020477394240626456
Micro-PVM,2.0,SDAN_9,sciRED_36,1154,38,28,0.4119829992387719,0.01961472688422536
Micro-PVM,2.0,SDAN_9,sciRED_37,1154,38,28,0.42695381882770866,0.020636601093900555
Micro-PVM,2.0,SDAN_9,sciRED_38,1154,38,28,0.3590142095914743,0.017922502289489186
Micro-PVM,2.0,SDAN_9,sciRED_39,1154,38,28,0.422481603653895,0.02172910972836524
Micro-PVM,2.0,SDAN_10,sciRED_0,1154,37,21,0.5682763838103644,0.02069104299780227
Micro-PVM,2.0,SDAN_10,sciRED_1,1154,37,21,0.5354095742445257,0.027551867976507067
Micro-PVM,2.0,SDAN_10,sciRED_2,1154,37,21,0.4976673811625268,0.018263119015884125
Micro-PVM,2.0,SDAN_10,sciRED_3,1154,37,21,0.46988610095406214,0.0507415186346775
Micro-PVM,2.0,SDAN_10,sciRED_4,1154,37,21,0.6374143655697053,0.03257342546327631
Micro-PVM,2.0,SDAN_10,sciRED_5,1154,37,21,0.515361660992729,0.021560336721537406
Micro-PVM,2.0,SDAN_10,sciRED_6,1154,37,21,0.4493338376833522,0.01652968685251912
Micro-PVM,2.0,SDAN_10,sciRED_7,1154,37,21,0.48976589753288785,0.019462900879027117
Micro-PVM,2.0,SDAN_10,sciRED_8,1154,37,21,0.4508889169083344,0.016703406817313245
Micro-PVM,2.0,SDAN_10,sciRED_9,1154,37,21,0.6007229016937754,0.025260997786112814
Micro-PVM,2.0,SDAN_10,sciRED_10,1154,37,21,0.47228176354389945,0.017539455402725983
Micro-PVM,2.0,SDAN_10,sciRED_11,1154,37,21,0.5616357752280083,0.023076782329727187
Micro-PVM,2.0,SDAN_10,sciRED_12,1154,37,21,0.5843315260790989,0.022348112364660534
Micro-PVM,2.0,SDAN_10,sciRED_13,1154,37,21,0.4460555625604169,0.0164118394245146
Micro-PVM,2.0,SDAN_10,sciRED_14,1154,37,21,0.7068045223385029,0.03190750602333258
Micro-PVM,2.0,SDAN_10,sciRED_15,1154,37,21,0.5296095490270247,0.02192455333439073
Micro-PVM,2.0,SDAN_10,sciRED_16,1154,37,21,0.5836590593872147,0.02336695468436112
Micro-PVM,2.0,SDAN_10,sciRED_17,1154,37,21,0.4307569453200521,0.01641147118624517
Micro-PVM,2.0,SDAN_10,sciRED_18,1154,37,21,0.5323414449628041,0.02500619537858171
Micro-PVM,2.0,SDAN_10,sciRED_19,1154,37,21,0.5576009750767033,0.029556340459355353
Micro-PVM,2.0,SDAN_10,sciRED_20,1154,37,21,0.37107552641533226,0.014500268776504089
Micro-PVM,2.0,SDAN_10,sciRED_21,1154,37,21,0.5179674694237801,0.04256942728279181
Micro-PVM,2.0,SDAN_10,sciRED_22,1154,37,21,0.6013113100491742,0.02724493157939774
Micro-PVM,2.0,SDAN_10,sciRED_23,1154,37,21,0.5744546715420501,0.02367476998310721
Micro-PVM,2.0,SDAN_10,sciRED_24,1154,37,21,0.582566301012903,0.02868184425661717
Micro-PVM,2.0,SDAN_10,sciRED_25,1154,37,21,0.5867271886689363,0.03391748958443562
Micro-PVM,2.0,SDAN_10,sciRED_26,1154,37,21,0.5798764342453663,0.021850879616204907
Micro-PVM,2.0,SDAN_10,sciRED_27,1154,37,21,0.41781196150128186,0.014923586842956978
Micro-PVM,2.0,SDAN_10,sciRED_28,1154,37,21,0.44773672929012737,0.01649108700425945
Micro-PVM,2.0,SDAN_10,sciRED_29,1154,37,21,0.43399319127474467,0.016794681861734044
Micro-PVM,2.0,SDAN_10,sciRED_30,1154,37,21,0.47156726768377255,0.01722372646619574
Micro-PVM,2.0,SDAN_10,sciRED_31,1154,37,21,0.6292607069306099,0.03583727302650544
Micro-PVM,2.0,SDAN_10,sciRED_32,1154,37,21,0.4481149918043122,0.017678542853145393
Micro-PVM,2.0,SDAN_10,sciRED_33,1154,37,21,0.490270247551801,0.02510556328553984
Micro-PVM,2.0,SDAN_10,sciRED_34,1154,37,21,0.5809271634514352,0.028308974136187652
Micro-PVM,2.0,SDAN_10,sciRED_35,1154,37,21,0.5120833858697936,0.020127494565443823
Micro-PVM,2.0,SDAN_10,sciRED_36,1154,37,21,0.3435464212163241,0.01534802385885454
Micro-PVM,2.0,SDAN_10,sciRED_37,1154,37,21,0.5344429033749423,0.025879993119148764
Micro-PVM,2.0,SDAN_10,sciRED_38,1154,37,21,0.49556592275038874,0.019830990717001208
Micro-PVM,2.0,SDAN_10,sciRED_39,1154,37,21,0.3495565922750389,0.013350459305321982
Micro-PVM,2.0,SDAN_11,sciRED_0,1154,39,24,0.6042772861356932,0.09107347026617905
Micro-PVM,2.0,SDAN_11,sciRED_1,1154,39,24,0.48451327433628316,0.020157947738630853
Micro-PVM,2.0,SDAN_11,sciRED_2,1154,39,24,0.432448377581121,0.01799887165946926
Micro-PVM,2.0,SDAN_11,sciRED_3,1154,39,24,0.43001474926253686,0.01795816615600172
Micro-PVM,2.0,SDAN_11,sciRED_4,1154,39,24,0.4829646017699115,0.020842522645318315
Micro-PVM,2.0,SDAN_11,sciRED_5,1154,39,24,0.4331858407079646,0.017882756271692175
Micro-PVM,2.0,SDAN_11,sciRED_6,1154,39,24,0.46039823008849556,0.019674385641135363
Micro-PVM,2.0,SDAN_11,sciRED_7,1154,39,24,0.5096238938053097,0.038919745206628546
Micro-PVM,2.0,SDAN_11,sciRED_8,1154,39,24,0.5144174041297935,0.022593383898865546
Micro-PVM,2.0,SDAN_11,sciRED_9,1154,39,24,0.48938053097345136,0.020318257785319337
Micro-PVM,2.0,SDAN_11,sciRED_10,1154,39,24,0.48827433628318584,0.02123664031336326
Micro-PVM,2.0,SDAN_11,sciRED_11,1154,39,24,0.4655973451327433,0.01989662064879332
Micro-PVM,2.0,SDAN_11,sciRED_12,1154,39,24,0.5492625368731563,0.023968340246863888
Micro-PVM,2.0,SDAN_11,sciRED_13,1154,39,24,0.5711283185840708,0.02587212647103794
Micro-PVM,2.0,SDAN_11,sciRED_14,1154,39,24,0.39679203539823005,0.016458884495149963
Micro-PVM,2.0,SDAN_11,sciRED_15,1154,39,24,0.48750000000000004,0.019892499463595184
Micro-PVM,2.0,SDAN_11,sciRED_16,1154,39,24,0.4897492625368731,0.020796530331846124
Micro-PVM,2.0,SDAN_11,sciRED_17,1154,39,24,0.5078908554572272,0.021891242253831558
Micro-PVM,2.0,SDAN_11,sciRED_18,1154,39,24,0.41047197640117994,0.025470055679912923
Micro-PVM,2.0,SDAN_11,sciRED_19,1154,39,24,0.42223451327433625,0.020917283320405405
Micro-PVM,2.0,SDAN_11,sciRED_20,1154,39,24,0.45984513274336286,0.023718513131063178
Micro-PVM,2.0,SDAN_11,sciRED_21,1154,39,24,0.45095870206489674,0.01944392076411551
Micro-PVM,2.0,SDAN_11,sciRED_22,1154,39,24,0.4325221238938053,0.019432909070066243
Micro-PVM,2.0,SDAN_11,sciRED_23,1154,39,24,0.4121312684365782,0.01677905895900073
Micro-PVM,2.0,SDAN_11,sciRED_24,1154,39,24,0.3669247787610619,0.015726119455845018
Micro-PVM,2.0,SDAN_11,sciRED_25,1154,39,24,0.4444321533923304,0.018141574261936827
Micro-PVM,2.0,SDAN_11,sciRED_26,1154,39,24,0.5264749262536873,0.025677937555363947
Micro-PVM,2.0,SDAN_11,sciRED_27,1154,39,24,0.586283185840708,0.03167438171917843
Micro-PVM,2.0,SDAN_11,sciRED_28,1154,39,24,0.5488200589970501,0.026519209111135943
Micro-PVM,2.0,SDAN_11,sciRED_29,1154,39,24,0.4911504424778761,0.026220368193391817
Micro-PVM,2.0,SDAN_11,sciRED_30,1154,39,24,0.5515855457227139,0.023664689702409838
Micro-PVM,2.0,SDAN_11,sciRED_31,1154,39,24,0.5976401179941002,0.03177409479329578
Micro-PVM,2.0,SDAN_11,sciRED_32,1154,39,24,0.5440265486725664,0.04489158221207387
Micro-PVM,2.0,SDAN_11,sciRED_33,1154,39,24,0.5754424778761063,0.029637849529032388
Micro-PVM,2.0,SDAN_11,sciRED_34,1154,39,24,0.5539823008849557,0.026905592749364497
Micro-PVM,2.0,SDAN_11,sciRED_35,1154,39,24,0.4946533923303835,0.02005959148650877
Micro-PVM,2.0,SDAN_11,sciRED_36,1154,39,24,0.5462389380530973,0.024237219140017276
Micro-PVM,2.0,SDAN_11,sciRED_37,1154,39,24,0.4924778761061947,0.022412919332522326
Micro-PVM,2.0,SDAN_11,sciRED_38,1154,39,24,0.4132374631268436,0.01702870321812458
Micro-PVM,2.0,SDAN_11,sciRED_39,1154,39,24,0.5597345132743363,0.025205291225266796
Micro-PVM,2.0,SDAN_12,sciRED_0,1154,39,24,0.6356194690265486,0.03116990057576056
Micro-PVM,2.0,SDAN_12,sciRED_1,1154,39,24,0.6073008849557522,0.04763562846419658
Micro-PVM,2.0,SDAN_12,sciRED_2,1154,39,24,0.5711283185840708,0.029373156332188927
Micro-PVM,2.0,SDAN_12,sciRED_3,1154,39,24,0.6368362831858407,0.05157848496349603
Micro-PVM,2.0,SDAN_12,sciRED_4,1154,39,24,0.5798303834808259,0.04249116963595998
Micro-PVM,2.0,SDAN_12,sciRED_5,1154,39,24,0.7104719764011799,0.10040752073959458
Micro-PVM,2.0,SDAN_12,sciRED_6,1154,39,24,0.6249262536873156,0.0440034221348803
Micro-PVM,2.0,SDAN_12,sciRED_7,1154,39,24,0.5698377581120944,0.03139118088923183
Micro-PVM,2.0,SDAN_12,sciRED_8,1154,39,24,0.5293510324483777,0.02411267545869873
Micro-PVM,2.0,SDAN_12,sciRED_9,1154,39,24,0.5701327433628318,0.028713127578209617
Micro-PVM,2.0,SDAN_12,sciRED_10,1154,39,24,0.5068215339233039,0.02195254467814904
Micro-PVM,2.0,SDAN_12,sciRED_11,1154,39,24,0.37610619469026546,0.01864517945485436
Micro-PVM,2.0,SDAN_12,sciRED_12,1154,39,24,0.5592182890855457,0.02600203705233052
Micro-PVM,2.0,SDAN_12,sciRED_13,1154,39,24,0.5932890855457227,0.026510804672124466
Micro-PVM,2.0,SDAN_12,sciRED_14,1154,39,24,0.6576327433628317,0.03544241529925994
Micro-PVM,2.0,SDAN_12,sciRED_15,1154,39,24,0.5519542772861357,0.024339441610614933
Micro-PVM,2.0,SDAN_12,sciRED_16,1154,39,24,0.475,0.020594129121801193
Micro-PVM,2.0,SDAN_12,sciRED_17,1154,39,24,0.656047197640118,0.042318280813682774
Micro-PVM,2.0,SDAN_12,sciRED_18,1154,39,24,0.4882374631268437,0.03607468725363071
Micro-PVM,2.0,SDAN_12,sciRED_19,1154,39,24,0.5013274336283187,0.023399665270539112
Micro-PVM,2.0,SDAN_12,sciRED_20,1154,39,24,0.5609144542772861,0.03858673981149283
Micro-PVM,2.0,SDAN_12,sciRED_21,1154,39,24,0.4860619469026549,0.031550637999139514
Micro-PVM,2.0,SDAN_12,sciRED_22,1154,39,24,0.568952802359882,0.02914475598263327
Micro-PVM,2.0,SDAN_12,sciRED_23,1154,39,24,0.5931047197640117,0.03828546556210568
Micro-PVM,2.0,SDAN_12,sciRED_24,1154,39,24,0.4906342182890855,0.023124258140196162
Micro-PVM,2.0,SDAN_12,sciRED_25,1154,39,24,0.5238938053097345,0.025754137637715557
Micro-PVM,2.0,SDAN_12,sciRED_26,1154,39,24,0.4815265486725664,0.0218025920695833
Micro-PVM,2.0,SDAN_12,sciRED_27,1154,39,24,0.5018805309734514,0.02265407044498981
Micro-PVM,2.0,SDAN_12,sciRED_28,1154,39,24,0.49262536873156343,0.021738818460150695
Micro-PVM,2.0,SDAN_12,sciRED_29,1154,39,24,0.47252949852507375,0.01987642464474798
Micro-PVM,2.0,SDAN_12,sciRED_30,1154,39,24,0.5828539823008849,0.03542074649231948
Micro-PVM,2.0,SDAN_12,sciRED_31,1154,39,24,0.5018805309734513,0.021598886073490246
Micro-PVM,2.0,SDAN_12,sciRED_32,1154,39,24,0.5081489675516224,0.023607324414379207
Micro-PVM,2.0,SDAN_12,sciRED_33,1154,39,24,0.533075221238938,0.02387286182946452
Micro-PVM,2.0,SDAN_12,sciRED_34,1154,39,24,0.4925147492625368,0.022686217904341152
Micro-PVM,2.0,SDAN_12,sciRED_35,1154,39,24,0.5087758112094396,0.020957024194007776
Micro-PVM,2.0,SDAN_12,sciRED_36,1154,39,24,0.5063790560471977,0.026404675369678946
Micro-PVM,2.0,SDAN_12,sciRED_37,1154,39,24,0.5246312684365781,0.02419679914282174
Micro-PVM,2.0,SDAN_12,sciRED_38,1154,39,24,0.543952802359882,0.026384951817152367
Micro-PVM,2.0,SDAN_12,sciRED_39,1154,39,24,0.4757374631268436,0.021243357183522445
Micro-PVM,2.0,SDAN_13,sciRED_0,1154,39,10,0.6408216783216782,0.01389225385309421
Micro-PVM,2.0,SDAN_13,sciRED_1,1154,39,10,0.6882867132867132,0.016059905614377805
Micro-PVM,2.0,SDAN_13,sciRED_2,1154,39,10,0.3633741258741258,0.007001889692042577
Micro-PVM,2.0,SDAN_13,sciRED_3,1154,39,10,0.4499125874125874,0.008078427614434744
Micro-PVM,2.0,SDAN_13,sciRED_4,1154,39,10,0.6240384615384615,0.05163878107178941
Micro-PVM,2.0,SDAN_13,sciRED_5,1154,39,10,0.6808566433566434,0.035806245987969734
Micro-PVM,2.0,SDAN_13,sciRED_6,1154,39,10,0.3978146853146852,0.008121494766763705
Micro-PVM,2.0,SDAN_13,sciRED_7,1154,39,10,0.5782342657342657,0.010524980524261957
Micro-PVM,2.0,SDAN_13,sciRED_8,1154,39,10,0.44370629370629366,0.009427715651970332
Micro-PVM,2.0,SDAN_13,sciRED_9,1154,39,10,0.41459790209790204,0.008106535414081836
Micro-PVM,2.0,SDAN_13,sciRED_10,1154,39,10,0.5731643356643357,0.014803446193645228
Micro-PVM,2.0,SDAN_13,sciRED_11,1154,39,10,0.4867132867132868,0.009324032011201348
Micro-PVM,2.0,SDAN_13,sciRED_12,1154,39,10,0.5348776223776224,0.014811903503067903
Micro-PVM,2.0,SDAN_13,sciRED_13,1154,39,10,0.5979895104895105,0.018320714550328805
Micro-PVM,2.0,SDAN_13,sciRED_14,1154,39,10,0.5431818181818182,0.01202160640885475
Micro-PVM,2.0,SDAN_13,sciRED_15,1154,39,10,0.5083916083916084,0.009788016653707578
Micro-PVM,2.0,SDAN_13,sciRED_16,1154,39,10,0.47692307692307695,0.011078655488618977
Micro-PVM,2.0,SDAN_13,sciRED_17,1154,39,10,0.5252622377622378,0.01802064731216241
Micro-PVM,2.0,SDAN_13,sciRED_18,1154,39,10,0.4587412587412587,0.008374721027154298
Micro-PVM,2.0,SDAN_13,sciRED_19,1154,39,10,0.5279720279720279,0.00974165679830115
Micro-PVM,2.0,SDAN_13,sciRED_20,1154,39,10,0.6357517482517483,0.018060164956761673
Micro-PVM,2.0,SDAN_13,sciRED_21,1154,39,10,0.5895104895104896,0.012282487414614914
Micro-PVM,2.0,SDAN_13,sciRED_22,1154,39,10,0.5360139860139861,0.011217465594097167
Micro-PVM,2.0,SDAN_13,sciRED_23,1154,39,10,0.3481643356643357,0.02048484672313061
Micro-PVM,2.0,SDAN_13,sciRED_24,1154,39,10,0.5462412587412586,0.010933049711751588
Micro-PVM,2.0,SDAN_13,sciRED_25,1154,39,10,0.5569930069930069,0.015168805147659364
Micro-PVM,2.0,SDAN_13,sciRED_26,1154,39,10,0.5616258741258742,0.015416457599284256
Micro-PVM,2.0,SDAN_13,sciRED_27,1154,39,10,0.44659090909090915,0.008391656491135518
Micro-PVM,2.0,SDAN_13,sciRED_28,1154,39,10,0.4895104895104895,0.010609331080935046
Micro-PVM,2.0,SDAN_13,sciRED_29,1154,39,10,0.28225524475524477,0.006188119505336649
Micro-PVM,2.0,SDAN_13,sciRED_30,1154,39,10,0.563548951048951,0.012779406196314107
Micro-PVM,2.0,SDAN_13,sciRED_31,1154,39,10,0.32220279720279715,0.008115692813097528
Micro-PVM,2.0,SDAN_13,sciRED_32,1154,39,10,0.49230769230769234,0.009727862032972082
Micro-PVM,2.0,SDAN_13,sciRED_33,1154,39,10,0.4679195804195804,0.00852202143273455
Micro-PVM,2.0,SDAN_13,sciRED_34,1154,39,10,0.5031468531468531,0.01010317449601102
Micro-PVM,2.0,SDAN_13,sciRED_35,1154,39,10,0.5701048951048951,0.014290497099704355
Micro-PVM,2.0,SDAN_13,sciRED_36,1154,39,10,0.42631118881118885,0.007912799062115932
Micro-PVM,2.0,SDAN_13,sciRED_37,1154,39,10,0.31284965034965034,0.0068804379906117
Micro-PVM,2.0,SDAN_13,sciRED_38,1154,39,10,0.4726398601398602,0.010400942814341702
Micro-PVM,2.0,SDAN_13,sciRED_39,1154,39,10,0.45472027972027973,0.010103109718980208
Micro-PVM,2.0,SDAN_14,sciRED_0,1154,37,20,0.5758377425044092,0.03203545957335557
Micro-PVM,2.0,SDAN_14,sciRED_1,1154,37,20,0.3648589065255732,0.013175940696246226
Micro-PVM,2.0,SDAN_14,sciRED_2,1154,37,20,0.3472663139329806,0.012899120297786745
Micro-PVM,2.0,SDAN_14,sciRED_3,1154,37,20,0.39880952380952384,0.013980484087219504
Micro-PVM,2.0,SDAN_14,sciRED_4,1154,37,20,0.3680776014109347,0.013598771875185755
Micro-PVM,2.0,SDAN_14,sciRED_5,1154,37,20,0.44634038800705467,0.01654588045339546
Micro-PVM,2.0,SDAN_14,sciRED_6,1154,37,20,0.40648148148148144,0.014018431491091658
Micro-PVM,2.0,SDAN_14,sciRED_7,1154,37,20,0.4786596119929453,0.01704929833397543
Micro-PVM,2.0,SDAN_14,sciRED_8,1154,37,20,0.5244708994708994,0.027396992887148114
Micro-PVM,2.0,SDAN_14,sciRED_9,1154,37,20,0.4021164021164021,0.01541585722429663
Micro-PVM,2.0,SDAN_14,sciRED_10,1154,37,20,0.4123456790123457,0.014421196180803939
Micro-PVM,2.0,SDAN_14,sciRED_11,1154,37,20,0.4827601410934744,0.016375283572016938
Micro-PVM,2.0,SDAN_14,sciRED_12,1154,37,20,0.6105820105820107,0.026988241957250844
Micro-PVM,2.0,SDAN_14,sciRED_13,1154,37,20,0.44519400352733685,0.01879479199617505
Micro-PVM,2.0,SDAN_14,sciRED_14,1154,37,20,0.4835537918871252,0.017161930733093057
Micro-PVM,2.0,SDAN_14,sciRED_15,1154,37,20,0.4149911816578483,0.015944831254454776
Micro-PVM,2.0,SDAN_14,sciRED_16,1154,37,20,0.4347442680776014,0.01572536657950263
Micro-PVM,2.0,SDAN_14,sciRED_17,1154,37,20,0.49797178130511466,0.02190319521955835
Micro-PVM,2.0,SDAN_14,sciRED_18,1154,37,20,0.4548059964726632,0.015506028828435768
Micro-PVM,2.0,SDAN_14,sciRED_19,1154,37,20,0.419973544973545,0.01483350711351012
Micro-PVM,2.0,SDAN_14,sciRED_20,1154,37,20,0.4761463844797178,0.01593559926444739
Micro-PVM,2.0,SDAN_14,sciRED_21,1154,37,20,0.5187389770723104,0.02203366091230285
Micro-PVM,2.0,SDAN_14,sciRED_22,1154,37,20,0.5193121693121694,0.019165992178328095
Micro-PVM,2.0,SDAN_14,sciRED_23,1154,37,20,0.5032186948853615,0.020736905863964553
Micro-PVM,2.0,SDAN_14,sciRED_24,1154,37,20,0.4738095238095238,0.03838890728671582
Micro-PVM,2.0,SDAN_14,sciRED_25,1154,37,20,0.5223985890652557,0.021299360081266507
Micro-PVM,2.0,SDAN_14,sciRED_26,1154,37,20,0.4712962962962963,0.0170560847316569
Micro-PVM,2.0,SDAN_14,sciRED_27,1154,37,20,0.544047619047619,0.019678243215574955
Micro-PVM,2.0,SDAN_14,sciRED_28,1154,37,20,0.5566137566137567,0.02528543638578631
Micro-PVM,2.0,SDAN_14,sciRED_29,1154,37,20,0.5172839506172839,0.020352257775752884
Micro-PVM,2.0,SDAN_14,sciRED_30,1154,37,20,0.624426807760141,0.03586549483571223
Micro-PVM,2.0,SDAN_14,sciRED_31,1154,37,20,0.4124338624338625,0.02699850093612526
Micro-PVM,2.0,SDAN_14,sciRED_32,1154,37,20,0.48690476190476195,0.0175696428752145
Micro-PVM,2.0,SDAN_14,sciRED_33,1154,37,20,0.5620811287477954,0.020571391887878925
Micro-PVM,2.0,SDAN_14,sciRED_34,1154,37,20,0.3807319223985891,0.013767881710790339
Micro-PVM,2.0,SDAN_14,sciRED_35,1154,37,20,0.5400352733686067,0.02255508841058125
Micro-PVM,2.0,SDAN_14,sciRED_36,1154,37,20,0.48752204585537917,0.017396619349827395
Micro-PVM,2.0,SDAN_14,sciRED_37,1154,37,20,0.36291887125220457,0.0133639125256509
Micro-PVM,2.0,SDAN_14,sciRED_38,1154,37,20,0.4371693121693122,0.025271572007045384
Micro-PVM,2.0,SDAN_14,sciRED_39,1154,37,20,0.5638447971781305,0.0258963742762379
Micro-PVM,2.0,SDAN_15,sciRED_0,1154,39,20,0.6283509700176367,0.05024076624428749
Micro-PVM,2.0,SDAN_15,sciRED_1,1154,39,20,0.6273809523809524,0.02730042661319531
Micro-PVM,2.0,SDAN_15,sciRED_2,1154,39,20,0.5682980599647266,0.020906969932355912
Micro-PVM,2.0,SDAN_15,sciRED_3,1154,39,20,0.640652557319224,0.029570911940443943
Micro-PVM,2.0,SDAN_15,sciRED_4,1154,39,20,0.4217372134038801,0.021186788699865886
Micro-PVM,2.0,SDAN_15,sciRED_5,1154,39,20,0.7343915343915344,0.08654945870173393
Micro-PVM,2.0,SDAN_15,sciRED_6,1154,39,20,0.6041005291005291,0.02773808118337036
Micro-PVM,2.0,SDAN_15,sciRED_7,1154,39,20,0.5475749559082892,0.15599499721124288
Micro-PVM,2.0,SDAN_15,sciRED_8,1154,39,20,0.4567460317460318,0.01649042579088331
Micro-PVM,2.0,SDAN_15,sciRED_9,1154,39,20,0.532231040564374,0.03510888315257744
Micro-PVM,2.0,SDAN_15,sciRED_10,1154,39,20,0.5708553791887125,0.02959670413638328
Micro-PVM,2.0,SDAN_15,sciRED_11,1154,39,20,0.6019400352733686,0.026212766329493528
Micro-PVM,2.0,SDAN_15,sciRED_12,1154,39,20,0.5485890652557319,0.04071016897776765
Micro-PVM,2.0,SDAN_15,sciRED_13,1154,39,20,0.6190476190476191,0.02733937194310569
Micro-PVM,2.0,SDAN_15,sciRED_14,1154,39,20,0.6884038800705468,0.031425556287072796
Micro-PVM,2.0,SDAN_15,sciRED_15,1154,39,20,0.5717813051146385,0.0492661771337295
Micro-PVM,2.0,SDAN_15,sciRED_16,1154,39,20,0.5778218694885362,0.03073291587379036
Micro-PVM,2.0,SDAN_15,sciRED_17,1154,39,20,0.5901675485008818,0.030897530203658083
Micro-PVM,2.0,SDAN_15,sciRED_18,1154,39,20,0.5847883597883599,0.02593574744307909
Micro-PVM,2.0,SDAN_15,sciRED_19,1154,39,20,0.5214285714285715,0.021824334634842606
Micro-PVM,2.0,SDAN_15,sciRED_20,1154,39,20,0.6961199294532628,0.03890440987657455
Micro-PVM,2.0,SDAN_15,sciRED_21,1154,39,20,0.6848324514991182,0.03310283323750268
Micro-PVM,2.0,SDAN_15,sciRED_22,1154,39,20,0.6507936507936507,0.03869429751344263
Micro-PVM,2.0,SDAN_15,sciRED_23,1154,39,20,0.5187830687830688,0.018481539390248602
Micro-PVM,2.0,SDAN_15,sciRED_24,1154,39,20,0.5831569664902998,0.025471299768108066
Micro-PVM,2.0,SDAN_15,sciRED_25,1154,39,20,0.5195767195767196,0.02428548530389182
Micro-PVM,2.0,SDAN_15,sciRED_26,1154,39,20,0.5794091710758378,0.030844016499731165
Micro-PVM,2.0,SDAN_15,sciRED_27,1154,39,20,0.4844356261022928,0.01757383328840487
Micro-PVM,2.0,SDAN_15,sciRED_28,1154,39,20,0.5904320987654321,0.038367955319482394
Micro-PVM,2.0,SDAN_15,sciRED_29,1154,39,20,0.537610229276896,0.04306010421528322
Micro-PVM,2.0,SDAN_15,sciRED_30,1154,39,20,0.5285714285714286,0.024840177131803084
Micro-PVM,2.0,SDAN_15,sciRED_31,1154,39,20,0.5549823633156966,0.02227703000624899
Micro-PVM,2.0,SDAN_15,sciRED_32,1154,39,20,0.6679453262786597,0.037361298589574696
Micro-PVM,2.0,SDAN_15,sciRED_33,1154,39,20,0.6869488536155204,0.03738379617397791
Micro-PVM,2.0,SDAN_15,sciRED_34,1154,39,20,0.5977954144620811,0.038299641336112675
Micro-PVM,2.0,SDAN_15,sciRED_35,1154,39,20,0.6208994708994708,0.02845861374607934
Micro-PVM,2.0,SDAN_15,sciRED_36,1154,39,20,0.6329365079365079,0.032336123862983374
Micro-PVM,2.0,SDAN_15,sciRED_37,1154,39,20,0.5353174603174603,0.06796526865145792
Micro-PVM,2.0,SDAN_15,sciRED_38,1154,39,20,0.6302469135802469,0.037376841110495905
Micro-PVM,2.0,SDAN_15,sciRED_39,1154,39,20,0.4478395061728395,0.028679426060438756
Micro-PVM,2.0,SDAN_16,sciRED_0,1154,38,25,0.45445527015057574,0.019436401106066727
Micro-PVM,2.0,SDAN_16,sciRED_1,1154,38,25,0.4471922054915855,0.01882635192521006
Micro-PVM,2.0,SDAN_16,sciRED_2,1154,38,25,0.4504517271922055,0.019646277663248772
Micro-PVM,2.0,SDAN_16,sciRED_3,1154,38,25,0.392028343666962,0.01688629563528342
Micro-PVM,2.0,SDAN_16,sciRED_4,1154,38,25,0.4600531443755536,0.01961009703033189
Micro-PVM,2.0,SDAN_16,sciRED_5,1154,38,25,0.37016829052258643,0.016357447890505094
Micro-PVM,2.0,SDAN_16,sciRED_6,1154,38,25,0.5022852081488043,0.02137412335920128
Micro-PVM,2.0,SDAN_16,sciRED_7,1154,38,25,0.5625509300265722,0.027050121809417214
Micro-PVM,2.0,SDAN_16,sciRED_8,1154,38,25,0.514118689105403,0.022922635055883225
Micro-PVM,2.0,SDAN_16,sciRED_9,1154,38,25,0.5681133746678477,0.029269573074694966
Micro-PVM,2.0,SDAN_16,sciRED_10,1154,38,25,0.5099379982285207,0.02319323778370573
Micro-PVM,2.0,SDAN_16,sciRED_11,1154,38,25,0.36524357838795396,0.018586666043765843
Micro-PVM,2.0,SDAN_16,sciRED_12,1154,38,25,0.3973427812223207,0.021913575554981378
Micro-PVM,2.0,SDAN_16,sciRED_13,1154,38,25,0.3963507528786537,0.017148878921475267
Micro-PVM,2.0,SDAN_16,sciRED_14,1154,38,25,0.3887333923826395,0.01692626517767697
Micro-PVM,2.0,SDAN_16,sciRED_15,1154,38,25,0.6724889282550931,0.17173103471271628
Micro-PVM,2.0,SDAN_16,sciRED_16,1154,38,25,0.4417006200177148,0.01919594626669538
Micro-PVM,2.0,SDAN_16,sciRED_17,1154,38,25,0.46717449069973427,0.07932173968853451
Micro-PVM,2.0,SDAN_16,sciRED_18,1154,38,25,0.5280070859167405,0.024602332599493196
Micro-PVM,2.0,SDAN_16,sciRED_19,1154,38,25,0.5115677590788309,0.02484799252643792
Micro-PVM,2.0,SDAN_16,sciRED_20,1154,38,25,0.5383170947741364,0.022983272428017162
Micro-PVM,2.0,SDAN_16,sciRED_21,1154,38,25,0.44396811337466785,0.018672567902261537
Micro-PVM,2.0,SDAN_16,sciRED_22,1154,38,25,0.5291408325952169,0.023811333535240578
Micro-PVM,2.0,SDAN_16,sciRED_23,1154,38,25,0.45937998228520815,0.019013568500272755
Micro-PVM,2.0,SDAN_16,sciRED_24,1154,38,25,0.42122232063773246,0.01781983888085069
Micro-PVM,2.0,SDAN_16,sciRED_25,1154,38,25,0.5216651904340124,0.022334977611547385
Micro-PVM,2.0,SDAN_16,sciRED_26,1154,38,25,0.42040744021257753,0.018011928785015875
Micro-PVM,2.0,SDAN_16,sciRED_27,1154,38,25,0.5101505757307352,0.022389816982116666
Micro-PVM,2.0,SDAN_16,sciRED_28,1154,38,25,0.4720637732506643,0.02157656029600065
Micro-PVM,2.0,SDAN_16,sciRED_29,1154,38,25,0.45186891054030115,0.01952901164653722
Micro-PVM,2.0,SDAN_16,sciRED_30,1154,38,25,0.3925243578387954,0.02148564025899243
Micro-PVM,2.0,SDAN_16,sciRED_31,1154,38,25,0.520992028343667,0.025997801059690274
Micro-PVM,2.0,SDAN_16,sciRED_32,1154,38,25,0.5605314437555359,0.02717479008062817
Micro-PVM,2.0,SDAN_16,sciRED_33,1154,38,25,0.5501505757307351,0.03616717025444881
Micro-PVM,2.0,SDAN_16,sciRED_34,1154,38,25,0.5438086802480071,0.02646660105889044
Micro-PVM,2.0,SDAN_16,sciRED_35,1154,38,25,0.5815057573073517,0.028585817429376395
Micro-PVM,2.0,SDAN_16,sciRED_36,1154,38,25,0.5115677590788308,0.03872460991456077
Micro-PVM,2.0,SDAN_16,sciRED_37,1154,38,25,0.4801062887511072,0.02053854892120245
Micro-PVM,2.0,SDAN_16,sciRED_38,1154,38,25,0.5674402125775022,0.02546469278243598
Micro-PVM,2.0,SDAN_16,sciRED_39,1154,38,25,0.479185119574845,0.03682229798853931
Micro-PVM,2.0,SDAN_17,sciRED_0,1154,39,16,0.5966608084358523,0.02276885854060133
Micro-PVM,2.0,SDAN_17,sciRED_1,1154,39,16,0.5613466608084359,0.02424703475116862
Micro-PVM,2.0,SDAN_17,sciRED_2,1154,39,16,0.4381590509666081,0.012142802614713791
Micro-PVM,2.0,SDAN_17,sciRED_3,1154,39,16,0.3897188049209139,0.011346748462552077
Micro-PVM,2.0,SDAN_17,sciRED_4,1154,39,16,0.5355887521968365,0.014997383369707419
Micro-PVM,2.0,SDAN_17,sciRED_5,1154,39,16,0.5526691564147628,0.024898759584224748
Micro-PVM,2.0,SDAN_17,sciRED_6,1154,39,16,0.4186072056239016,0.012031090531270723
Micro-PVM,2.0,SDAN_17,sciRED_7,1154,39,16,0.4434863796133568,0.013658967427018434
Micro-PVM,2.0,SDAN_17,sciRED_8,1154,39,16,0.5361379613356766,0.017766266335388914
Micro-PVM,2.0,SDAN_17,sciRED_9,1154,39,16,0.40471221441124783,0.01813993154595377
Micro-PVM,2.0,SDAN_17,sciRED_10,1154,39,16,0.5741981546572934,0.02135541461893129
Micro-PVM,2.0,SDAN_17,sciRED_11,1154,39,16,0.4513400702987698,0.016740870415989522
Micro-PVM,2.0,SDAN_17,sciRED_12,1154,39,16,0.4966498242530756,0.016412791189173506
Micro-PVM,2.0,SDAN_17,sciRED_13,1154,39,16,0.4973088752196837,0.015357604658095865
Micro-PVM,2.0,SDAN_17,sciRED_14,1154,39,16,0.5291080843585237,0.08396577110606711
Micro-PVM,2.0,SDAN_17,sciRED_15,1154,39,16,0.3741761862917399,0.011057231517752442
Micro-PVM,2.0,SDAN_17,sciRED_16,1154,39,16,0.4985171353251318,0.014307930186727515
Micro-PVM,2.0,SDAN_17,sciRED_17,1154,39,16,0.6022627416520211,0.019522821629080273
Micro-PVM,2.0,SDAN_17,sciRED_18,1154,39,16,0.40696397188049205,0.012991056365059789
Micro-PVM,2.0,SDAN_17,sciRED_19,1154,39,16,0.5715070298769771,0.023496103717017658
Micro-PVM,2.0,SDAN_17,sciRED_20,1154,39,16,0.45474516695957823,0.012763444110325439
Micro-PVM,2.0,SDAN_17,sciRED_21,1154,39,16,0.3701669595782074,0.011414818457205888
Micro-PVM,2.0,SDAN_17,sciRED_22,1154,39,16,0.4000988576449912,0.013352895904312
Micro-PVM,2.0,SDAN_17,sciRED_23,1154,39,16,0.4713862038664323,0.013503406423518525
Micro-PVM,2.0,SDAN_17,sciRED_24,1154,39,16,0.6321397188049209,0.027244707272434183
Micro-PVM,2.0,SDAN_17,sciRED_25,1154,39,16,0.4239894551845343,0.012083270106727165
Micro-PVM,2.0,SDAN_17,sciRED_26,1154,39,16,0.4942882249560633,0.01359247555770383
Micro-PVM,2.0,SDAN_17,sciRED_27,1154,39,16,0.5366871704745166,0.016754111051756632
Micro-PVM,2.0,SDAN_17,sciRED_28,1154,39,16,0.4665531634446397,0.015192020578294857
Micro-PVM,2.0,SDAN_17,sciRED_29,1154,39,16,0.5848528119507909,0.018233910456177536
Micro-PVM,2.0,SDAN_17,sciRED_30,1154,39,16,0.476603690685413,0.01586788174812974
Micro-PVM,2.0,SDAN_17,sciRED_31,1154,39,16,0.4304701230228471,0.015456635205301331
Micro-PVM,2.0,SDAN_17,sciRED_32,1154,39,16,0.4867091388400703,0.01463606343195891
Micro-PVM,2.0,SDAN_17,sciRED_33,1154,39,16,0.5483304042179262,0.017678024875714394
Micro-PVM,2.0,SDAN_17,sciRED_34,1154,39,16,0.4553492970123023,0.013433779347347428
Micro-PVM,2.0,SDAN_17,sciRED_35,1154,39,16,0.492256151142355,0.017650740987477834
Micro-PVM,2.0,SDAN_17,sciRED_36,1154,39,16,0.4187170474516696,0.012294254810851007
Micro-PVM,2.0,SDAN_17,sciRED_37,1154,39,16,0.5480008787346221,0.03262412712594374
Micro-PVM,2.0,SDAN_17,sciRED_38,1154,39,16,0.40405316344463976,0.011592937173718027
Micro-PVM,2.0,SDAN_17,sciRED_39,1154,39,16,0.4575461335676626,0.0189136206239894
Micro-PVM,2.0,SDAN_18,sciRED_0,1154,38,21,0.49354852267473626,0.03639105575433849
Micro-PVM,2.0,SDAN_18,sciRED_1,1154,38,21,0.4894296641869457,0.02072655453869001
Micro-PVM,2.0,SDAN_18,sciRED_2,1154,38,21,0.4978354978354978,0.01806335933450208
Micro-PVM,2.0,SDAN_18,sciRED_3,1154,38,21,0.6206026982726012,0.03246422102775982
Micro-PVM,2.0,SDAN_18,sciRED_4,1154,38,21,0.5191442861345774,0.027743009600571758
Micro-PVM,2.0,SDAN_18,sciRED_5,1154,38,21,0.500777539612491,0.026370253508871573
Micro-PVM,2.0,SDAN_18,sciRED_6,1154,38,21,0.48266296809986126,0.020013363300782044
Micro-PVM,2.0,SDAN_18,sciRED_7,1154,38,21,0.5008195687807337,0.019672391027516917
Micro-PVM,2.0,SDAN_18,sciRED_8,1154,38,21,0.45849619636027406,0.02457392246528037
Micro-PVM,2.0,SDAN_18,sciRED_9,1154,38,21,0.5696633463623755,0.03025982214092362
Micro-PVM,2.0,SDAN_18,sciRED_10,1154,38,21,0.4639599882318329,0.02033462498467742
Micro-PVM,2.0,SDAN_18,sciRED_11,1154,38,21,0.4338671037700164,0.019275998070688694
Micro-PVM,2.0,SDAN_18,sciRED_12,1154,38,21,0.4277728743748161,0.021537135992248144
Micro-PVM,2.0,SDAN_18,sciRED_13,1154,38,21,0.5165384777035262,0.021934646631070896
Micro-PVM,2.0,SDAN_18,sciRED_14,1154,38,21,0.49140503509435546,0.020509925592240782
Micro-PVM,2.0,SDAN_18,sciRED_15,1154,38,21,0.5236834363047955,0.020333490289537116
Micro-PVM,2.0,SDAN_18,sciRED_16,1154,38,21,0.5351153700668264,0.02158752202708586
Micro-PVM,2.0,SDAN_18,sciRED_17,1154,38,21,0.5492791997646367,0.028074703291617542
Micro-PVM,2.0,SDAN_18,sciRED_18,1154,38,21,0.5925272138864373,0.025257186727639845
Micro-PVM,2.0,SDAN_18,sciRED_19,1154,38,21,0.6121128062875636,0.029932982854278846
Micro-PVM,2.0,SDAN_18,sciRED_20,1154,38,21,0.5135123775900474,0.025431659072512235
Micro-PVM,2.0,SDAN_18,sciRED_21,1154,38,21,0.5251964863615349,0.019477447719704874
Micro-PVM,2.0,SDAN_18,sciRED_22,1154,38,21,0.5512965998402891,0.04798228015182425
Micro-PVM,2.0,SDAN_18,sciRED_23,1154,38,21,0.525532719707477,0.021381906164040256
Micro-PVM,2.0,SDAN_18,sciRED_24,1154,38,21,0.4381961080990207,0.021483492607666084
Micro-PVM,2.0,SDAN_18,sciRED_25,1154,38,21,0.5959736056823436,0.025314883201550682
Micro-PVM,2.0,SDAN_18,sciRED_26,1154,38,21,0.4857731265498255,0.02641690133884103
Micro-PVM,2.0,SDAN_18,sciRED_27,1154,38,21,0.5002311604253351,0.020690373860221996
Micro-PVM,2.0,SDAN_18,sciRED_28,1154,38,21,0.504307989744883,0.02610996510467198
Micro-PVM,2.0,SDAN_18,sciRED_29,1154,38,21,0.5680662379691506,0.04174654506674208
Micro-PVM,2.0,SDAN_18,sciRED_30,1154,38,21,0.38771907703946534,0.016510180896030943
Micro-PVM,2.0,SDAN_18,sciRED_31,1154,38,21,0.5193544319757912,0.022885149035449616
Micro-PVM,2.0,SDAN_18,sciRED_32,1154,38,21,0.4713991510108015,0.01740175358454899
Micro-PVM,2.0,SDAN_18,sciRED_33,1154,38,21,0.6043794393308957,0.025993668650812495
Micro-PVM,2.0,SDAN_18,sciRED_34,1154,38,21,0.4470222334300004,0.02571552306960976
Micro-PVM,2.0,SDAN_18,sciRED_35,1154,38,21,0.48980792670113055,0.01980893665404404
Micro-PVM,2.0,SDAN_18,sciRED_36,1154,38,21,0.42802504938427266,0.038667086706875714
Micro-PVM,2.0,SDAN_18,sciRED_37,1154,38,21,0.5485647039045096,0.022581701254093256
Micro-PVM,2.0,SDAN_18,sciRED_38,1154,38,21,0.5670995670995671,0.04494275093531357
Micro-PVM,2.0,SDAN_18,sciRED_39,1154,38,21,0.4770730887235742,0.018802688568285424
Micro-PVM,2.0,SDAN_19,sciRED_0,1154,39,25,0.4830115146147033,0.020079927447562186
Micro-PVM,2.0,SDAN_19,sciRED_1,1154,39,25,0.48556244464127546,0.022491680781587697
Micro-PVM,2.0,SDAN_19,sciRED_2,1154,39,25,0.37821080602302926,0.01651528487278245
Micro-PVM,2.0,SDAN_19,sciRED_3,1154,39,25,0.49179805137289634,0.0209226923342099
Micro-PVM,2.0,SDAN_19,sciRED_4,1154,39,25,0.5509300265721877,0.027801608986374696
Micro-PVM,2.0,SDAN_19,sciRED_5,1154,39,25,0.4078299379982285,0.017548022115052624
Micro-PVM,2.0,SDAN_19,sciRED_6,1154,39,25,0.5194331266607617,0.02398699178428599
Micro-PVM,2.0,SDAN_19,sciRED_7,1154,39,25,0.4949512843224092,0.021484867408585014
Micro-PVM,2.0,SDAN_19,sciRED_8,1154,39,25,0.5925243578387954,0.0273878428592011
Micro-PVM,2.0,SDAN_19,sciRED_9,1154,39,25,0.52162976085031,0.021851149396124498
Micro-PVM,2.0,SDAN_19,sciRED_10,1154,39,25,0.45689991142604075,0.019399213984926562
Micro-PVM,2.0,SDAN_19,sciRED_11,1154,39,25,0.5942604074402126,0.026446963605609497
Micro-PVM,2.0,SDAN_19,sciRED_12,1154,39,25,0.46593445527015054,0.020361519043998938
Micro-PVM,2.0,SDAN_19,sciRED_13,1154,39,25,0.4370593445527015,0.018202483215081666
Micro-PVM,2.0,SDAN_19,sciRED_14,1154,39,25,0.49704162976085037,0.022307095317742855
Micro-PVM,2.0,SDAN_19,sciRED_15,1154,39,25,0.4542781222320638,0.020105075866535434
Micro-PVM,2.0,SDAN_19,sciRED_16,1154,39,25,0.36825509300265724,0.018523226427165505
Micro-PVM,2.0,SDAN_19,sciRED_17,1154,39,25,0.4811337466784765,0.02694653555360018
Micro-PVM,2.0,SDAN_19,sciRED_18,1154,39,25,0.47224092116917626,0.020072017810677655
Micro-PVM,2.0,SDAN_19,sciRED_19,1154,39,25,0.4928255093002657,0.02151226412334156
Micro-PVM,2.0,SDAN_19,sciRED_20,1154,39,25,0.4526483613817538,0.019282660332951174
Micro-PVM,2.0,SDAN_19,sciRED_21,1154,39,25,0.5401240035429583,0.02415040820188098
Micro-PVM,2.0,SDAN_19,sciRED_22,1154,39,25,0.5366164747564216,0.04839387291667062
Micro-PVM,2.0,SDAN_19,sciRED_23,1154,39,25,0.476563330380868,0.024363806298325862
Micro-PVM,2.0,SDAN_19,sciRED_24,1154,39,25,0.43387068201948625,0.018729481596541347
Micro-PVM,2.0,SDAN_19,sciRED_25,1154,39,25,0.44393268379096545,0.058689271794901826
Micro-PVM,2.0,SDAN_19,sciRED_26,1154,39,25,0.4254384410983171,0.01906034284764763
Micro-PVM,2.0,SDAN_19,sciRED_27,1154,39,25,0.4769884853852967,0.02045155667281772
Micro-PVM,2.0,SDAN_19,sciRED_28,1154,39,25,0.4969707705934455,0.024054499687488424
Micro-PVM,2.0,SDAN_19,sciRED_29,1154,39,25,0.36286979627989374,0.016687104749225357
Micro-PVM,2.0,SDAN_19,sciRED_30,1154,39,25,0.4503454384410983,0.01874940799993243
Micro-PVM,2.0,SDAN_19,sciRED_31,1154,39,25,0.530770593445527,0.0246689240325838
Micro-PVM,2.0,SDAN_19,sciRED_32,1154,39,25,0.49916740478299376,0.030189149532528613
Micro-PVM,2.0,SDAN_19,sciRED_33,1154,39,25,0.5964216120460585,0.05743498422998459
Micro-PVM,2.0,SDAN_19,sciRED_34,1154,39,25,0.49636846767050485,0.023615449719529877
Micro-PVM,2.0,SDAN_19,sciRED_35,1154,39,25,0.40503100088573957,0.021666693300402332
Micro-PVM,2.0,SDAN_19,sciRED_36,1154,39,25,0.40790079716563327,0.01883563802370563
Micro-PVM,2.0,SDAN_19,sciRED_37,1154,39,25,0.46157661647475645,0.019325740796809956
Micro-PVM,2.0,SDAN_19,sciRED_38,1154,39,25,0.5278653675819309,0.023550624943399733
Micro-PVM,2.0,SDAN_19,sciRED_39,1154,39,25,0.5036315323294951,0.027698413049536838
Micro-PVM,2.0,SDAN_20,sciRED_0,1154,35,13,0.4415829569203802,0.01029905494589855
Micro-PVM,2.0,SDAN_20,sciRED_1,1154,35,13,0.5793838063776714,0.01679965746999434
Micro-PVM,2.0,SDAN_20,sciRED_2,1154,35,13,0.6178116362165442,0.015118139044532656
Micro-PVM,2.0,SDAN_20,sciRED_3,1154,35,13,0.6182835569338637,0.02233201623125189
Micro-PVM,2.0,SDAN_20,sciRED_4,1154,35,13,0.47144879660217087,0.011151478850270069
Micro-PVM,2.0,SDAN_20,sciRED_5,1154,35,13,0.5698105575406189,0.014036604474565673
Micro-PVM,2.0,SDAN_20,sciRED_6,1154,35,13,0.5334726623070182,0.01490988379215637
Micro-PVM,2.0,SDAN_20,sciRED_7,1154,35,13,0.40645857210274394,0.009869655392117451
Micro-PVM,2.0,SDAN_20,sciRED_8,1154,35,13,0.5288208723791545,0.015496362857703023
Micro-PVM,2.0,SDAN_20,sciRED_9,1154,35,13,0.5539000876424189,0.012960583168516157
Micro-PVM,2.0,SDAN_20,sciRED_10,1154,35,13,0.49052787703094447,0.0111004034352706
Micro-PVM,2.0,SDAN_20,sciRED_11,1154,35,13,0.5248432549046046,0.016349413243162213
Micro-PVM,2.0,SDAN_20,sciRED_12,1154,35,13,0.6641272837591856,0.02304612872947061
Micro-PVM,2.0,SDAN_20,sciRED_13,1154,35,13,0.5390008764241894,0.030493257692433093
Micro-PVM,2.0,SDAN_20,sciRED_14,1154,35,13,0.4450212364322794,0.01034306152146559
Micro-PVM,2.0,SDAN_20,sciRED_15,1154,35,13,0.5729791680711926,0.013262594403345512
Micro-PVM,2.0,SDAN_20,sciRED_16,1154,35,13,0.6472055551810153,0.020655064091951406
Micro-PVM,2.0,SDAN_20,sciRED_17,1154,35,13,0.457088923346592,0.03298106433826222
Micro-PVM,2.0,SDAN_20,sciRED_18,1154,35,13,0.4853367491404301,0.02966062587367533
Micro-PVM,2.0,SDAN_20,sciRED_19,1154,35,13,0.6365536304186611,0.028842051254095388
Micro-PVM,2.0,SDAN_20,sciRED_20,1154,35,13,0.43416705993393107,0.01044867670521614
Micro-PVM,2.0,SDAN_20,sciRED_21,1154,35,13,0.43443672891525653,0.009945232710433915
Micro-PVM,2.0,SDAN_20,sciRED_22,1154,35,13,0.6504415829569204,0.023685693130834393
Micro-PVM,2.0,SDAN_20,sciRED_23,1154,35,13,0.500842715566642,0.10253214961662599
Micro-PVM,2.0,SDAN_20,sciRED_24,1154,35,13,0.4318074563473337,0.01039097643024094
Micro-PVM,2.0,SDAN_20,sciRED_25,1154,35,13,0.4196049349423583,0.009616552197201875
Micro-PVM,2.0,SDAN_20,sciRED_26,1154,35,13,0.3887278365805973,0.009789310719443362
Micro-PVM,2.0,SDAN_20,sciRED_27,1154,35,13,0.4361895772938718,0.01130816998570662
Micro-PVM,2.0,SDAN_20,sciRED_28,1154,35,13,0.5563945257196791,0.013021165453503802
Micro-PVM,2.0,SDAN_20,sciRED_29,1154,35,13,0.5735185060338435,0.016180632734525427
Micro-PVM,2.0,SDAN_20,sciRED_30,1154,35,13,0.49214589091889704,0.01373115530753792
Micro-PVM,2.0,SDAN_20,sciRED_31,1154,35,13,0.4427290500910133,0.024889949581609297
Micro-PVM,2.0,SDAN_20,sciRED_32,1154,35,13,0.4552012404773141,0.010399970851071262
Micro-PVM,2.0,SDAN_20,sciRED_33,1154,35,13,0.4350434841232388,0.010100527029840151
Micro-PVM,2.0,SDAN_20,sciRED_34,1154,35,13,0.43200970808332767,0.010259705040444737
Micro-PVM,2.0,SDAN_20,sciRED_35,1154,35,13,0.5055619227398369,0.013500540462046042
Micro-PVM,2.0,SDAN_20,sciRED_36,1154,35,13,0.5193150407874334,0.011727559430485944
Micro-PVM,2.0,SDAN_20,sciRED_37,1154,35,13,0.6819928537719948,0.0221604522717856
Micro-PVM,2.0,SDAN_20,sciRED_38,1154,35,13,0.4938987392975123,0.011488577200984982
Micro-PVM,2.0,SDAN_20,sciRED_39,1154,35,13,0.6076990494168408,0.02199620086684323
Micro-PVM,2.0,SDAN_21,sciRED_0,1154,41,29,0.29400766283524904,0.01672715721302043
Micro-PVM,2.0,SDAN_21,sciRED_1,1154,41,29,0.5840613026819924,0.07936741500438567
Micro-PVM,2.0,SDAN_21,sciRED_2,1154,41,29,0.4179923371647509,0.023257124677668245
Micro-PVM,2.0,SDAN_21,sciRED_3,1154,41,29,0.461639846743295,0.02374142134701709
Micro-PVM,2.0,SDAN_21,sciRED_4,1154,41,29,0.5139310344827586,0.02445681208260459
Micro-PVM,2.0,SDAN_21,sciRED_5,1154,41,29,0.47506513409961687,0.022824415356357368
Micro-PVM,2.0,SDAN_21,sciRED_6,1154,41,29,0.551816091954023,0.028431232172144418
Micro-PVM,2.0,SDAN_21,sciRED_7,1154,41,29,0.5061762452107279,0.02578208070474242
Micro-PVM,2.0,SDAN_21,sciRED_8,1154,41,29,0.4339310344827586,0.023719869647824278
Micro-PVM,2.0,SDAN_21,sciRED_9,1154,41,29,0.42933333333333334,0.021997596739277675
Micro-PVM,2.0,SDAN_21,sciRED_10,1154,41,29,0.5841532567049809,0.07543565677532628
Micro-PVM,2.0,SDAN_21,sciRED_11,1154,41,29,0.5849501915708812,0.039707130748295696
Micro-PVM,2.0,SDAN_21,sciRED_12,1154,41,29,0.488183908045977,0.04554064984495204
Micro-PVM,2.0,SDAN_21,sciRED_13,1154,41,29,0.7403831417624521,0.08548124631594832
Micro-PVM,2.0,SDAN_21,sciRED_14,1154,41,29,0.563647509578544,0.039724014642423755
Micro-PVM,2.0,SDAN_21,sciRED_15,1154,41,29,0.40870498084291185,0.02235485199060447
Micro-PVM,2.0,SDAN_21,sciRED_16,1154,41,29,0.5608275862068965,0.04457576271671359
Micro-PVM,2.0,SDAN_21,sciRED_17,1154,41,29,0.4787739463601533,0.022984163236178343
Micro-PVM,2.0,SDAN_21,sciRED_18,1154,41,29,0.5372567049808429,0.0312853603306888
Micro-PVM,2.0,SDAN_21,sciRED_19,1154,41,29,0.42602298850574716,0.02267802650989237
Micro-PVM,2.0,SDAN_21,sciRED_20,1154,41,29,0.4938850574712643,0.02492699710421274
Micro-PVM,2.0,SDAN_21,sciRED_21,1154,41,29,0.48288122605363987,0.02462271972761544
Micro-PVM,2.0,SDAN_21,sciRED_22,1154,41,29,0.4673409961685823,0.024390513228306793
Micro-PVM,2.0,SDAN_21,sciRED_23,1154,41,29,0.5607356321839081,0.042296753415854635
Micro-PVM,2.0,SDAN_21,sciRED_24,1154,41,29,0.5997547892720306,0.06114068081523748
Micro-PVM,2.0,SDAN_21,sciRED_25,1154,41,29,0.5661915708812261,0.03243371697191956
Micro-PVM,2.0,SDAN_21,sciRED_26,1154,41,29,0.4645210727969349,0.023346364026783792
Micro-PVM,2.0,SDAN_21,sciRED_27,1154,41,29,0.5045210727969348,0.025229393686197116
Micro-PVM,2.0,SDAN_21,sciRED_28,1154,41,29,0.5225747126436782,0.026605920344427304
Micro-PVM,2.0,SDAN_21,sciRED_29,1154,41,29,0.4982988505747127,0.026213635522409535
Micro-PVM,2.0,SDAN_21,sciRED_30,1154,41,29,0.5284291187739464,0.026401827456526326
Micro-PVM,2.0,SDAN_21,sciRED_31,1154,41,29,0.4859463601532567,0.029309932860316235
Micro-PVM,2.0,SDAN_21,sciRED_32,1154,41,29,0.4719080459770115,0.023407196585220308
Micro-PVM,2.0,SDAN_21,sciRED_33,1154,41,29,0.49437547892720307,0.024073763115129578
Micro-PVM,2.0,SDAN_21,sciRED_34,1154,41,29,0.43797701149425283,0.02220351557903638
Micro-PVM,2.0,SDAN_21,sciRED_35,1154,41,29,0.4986053639846743,0.030758681713029527
Micro-PVM,2.0,SDAN_21,sciRED_36,1154,41,29,0.5032337164750957,0.029810571778819708
Micro-PVM,2.0,SDAN_21,sciRED_37,1154,41,29,0.48940996168582374,0.03178622772461467
Micro-PVM,2.0,SDAN_21,sciRED_38,1154,41,29,0.5379923371647509,0.03477909844500092
Micro-PVM,2.0,SDAN_21,sciRED_39,1154,41,29,0.4928122605363985,0.02750850695665939
Micro-PVM,2.0,SDAN_22,sciRED_0,1154,41,17,0.48936830668943043,0.014667951187366239
Micro-PVM,2.0,SDAN_22,sciRED_1,1154,41,17,0.438512080293859,0.015747214587232453
Micro-PVM,2.0,SDAN_22,sciRED_2,1154,41,17,0.33416110507527547,0.010716416914195784
Micro-PVM,2.0,SDAN_22,sciRED_3,1154,41,17,0.39820994360805007,0.01190700701185306
Micro-PVM,2.0,SDAN_22,sciRED_4,1154,41,17,0.4908686429717005,0.014688347090885083
Micro-PVM,2.0,SDAN_22,sciRED_5,1154,41,17,0.7023643230379224,0.11438310855735392
Micro-PVM,2.0,SDAN_22,sciRED_6,1154,41,17,0.5640747063997102,0.018328172414613604
Micro-PVM,2.0,SDAN_22,sciRED_7,1154,41,17,0.4226809457292152,0.012631560617950163
Micro-PVM,2.0,SDAN_22,sciRED_8,1154,41,17,0.5733871384965596,0.020865315685512618
Micro-PVM,2.0,SDAN_22,sciRED_9,1154,41,17,0.423198303067929,0.012970113262466151
Micro-PVM,2.0,SDAN_22,sciRED_10,1154,41,17,0.5488644006415232,0.022754218916820702
Micro-PVM,2.0,SDAN_22,sciRED_11,1154,41,17,0.3797402866159656,0.011510027166437365
Micro-PVM,2.0,SDAN_22,sciRED_12,1154,41,17,0.42071498784210254,0.01276315630128004
Micro-PVM,2.0,SDAN_22,sciRED_13,1154,41,17,0.5364478245123907,0.017206622834466286
Micro-PVM,2.0,SDAN_22,sciRED_14,1154,41,17,0.6128615034404263,0.046429504037832234
Micro-PVM,2.0,SDAN_22,sciRED_15,1154,41,17,0.5784572404159553,0.02362593605098255
Micro-PVM,2.0,SDAN_22,sciRED_16,1154,41,17,0.5507786227947643,0.017244037238853108
Micro-PVM,2.0,SDAN_22,sciRED_17,1154,41,17,0.5591598116819287,0.02689550524722263
Micro-PVM,2.0,SDAN_22,sciRED_18,1154,41,17,0.3983651508096643,0.011897946417653977
Micro-PVM,2.0,SDAN_22,sciRED_19,1154,41,17,0.4594133167778985,0.013636761664476027
Micro-PVM,2.0,SDAN_22,sciRED_20,1154,41,17,0.4513425422939624,0.013933249144741967
Micro-PVM,2.0,SDAN_22,sciRED_21,1154,41,17,0.31946815665580214,0.010479178988864711
Micro-PVM,2.0,SDAN_22,sciRED_22,1154,41,17,0.40157276630969013,0.0120691796422427
Micro-PVM,2.0,SDAN_22,sciRED_23,1154,41,17,0.35164778312380357,0.011132061539735349
Micro-PVM,2.0,SDAN_22,sciRED_24,1154,41,17,0.3824305447772776,0.012419171121268079
Micro-PVM,2.0,SDAN_22,sciRED_25,1154,41,17,0.36949661130943146,0.011370374922759819
Micro-PVM,2.0,SDAN_22,sciRED_26,1154,41,17,0.49935330332660766,0.014521291516709616
Micro-PVM,2.0,SDAN_22,sciRED_27,1154,41,17,0.47250245744735886,0.015740530392064658
Micro-PVM,2.0,SDAN_22,sciRED_28,1154,41,17,0.6024626209322779,0.033951786060869134
Micro-PVM,2.0,SDAN_22,sciRED_29,1154,41,17,0.40136582337420457,0.012731171886376173
Micro-PVM,2.0,SDAN_22,sciRED_30,1154,41,17,0.6668736096021523,0.07583975343764823
Micro-PVM,2.0,SDAN_22,sciRED_31,1154,41,17,0.5513477158673497,0.021003084823819594
Micro-PVM,2.0,SDAN_22,sciRED_32,1154,41,17,0.3347819338817321,0.010860444114565482
Micro-PVM,2.0,SDAN_22,sciRED_33,1154,41,17,0.4380981944228879,0.013180621953473725
Micro-PVM,2.0,SDAN_22,sciRED_34,1154,41,17,0.560815355165813,0.018828976878636904
Micro-PVM,2.0,SDAN_22,sciRED_35,1154,41,17,0.4697087278183041,0.013602854751302301
Micro-PVM,2.0,SDAN_22,sciRED_36,1154,41,17,0.4338041285115629,0.0137794306379835
Micro-PVM,2.0,SDAN_22,sciRED_37,1154,41,17,0.5241864555848725,0.026299693565392267
Micro-PVM,2.0,SDAN_22,sciRED_38,1154,41,17,0.47229551451187335,0.02465858996615134
Micro-PVM,2.0,SDAN_22,sciRED_39,1154,41,17,0.5668684360287651,0.02047012564765164
Micro-PVM,2.0,SDAN_23,sciRED_0,1154,39,23,0.4067197170645447,0.017223814705845254
Micro-PVM,2.0,SDAN_23,sciRED_1,1154,39,23,0.5689847384000307,0.023363637366019593
Micro-PVM,2.0,SDAN_23,sciRED_2,1154,39,23,0.4134471225925499,0.01619931932345703
Micro-PVM,2.0,SDAN_23,sciRED_3,1154,39,23,0.4188674893322569,0.016539123742561314
Micro-PVM,2.0,SDAN_23,sciRED_4,1154,39,23,0.3535539922346519,0.014705334719457723
Micro-PVM,2.0,SDAN_23,sciRED_5,1154,39,23,0.4496213431745666,0.017782722396686712
Micro-PVM,2.0,SDAN_23,sciRED_6,1154,39,23,0.5392688271248991,0.021565325510605783
Micro-PVM,2.0,SDAN_23,sciRED_7,1154,39,23,0.5050936070426326,0.020625985468417207
Micro-PVM,2.0,SDAN_23,sciRED_8,1154,39,23,0.5513012724407027,0.037084285136527353
Micro-PVM,2.0,SDAN_23,sciRED_9,1154,39,23,0.4604620766539807,0.018052908680115828
Micro-PVM,2.0,SDAN_23,sciRED_10,1154,39,23,0.43443662783992615,0.017128987327267985
Micro-PVM,2.0,SDAN_23,sciRED_11,1154,39,23,0.48887094914081414,0.019904901928647932
Micro-PVM,2.0,SDAN_23,sciRED_12,1154,39,23,0.46595932802829354,0.05869904306431362
Micro-PVM,2.0,SDAN_23,sciRED_13,1154,39,23,0.4076423326798139,0.016285094265586164
Micro-PVM,2.0,SDAN_23,sciRED_14,1154,39,23,0.46649752047053394,0.018304978463592414
Micro-PVM,2.0,SDAN_23,sciRED_15,1154,39,23,0.44447007265597965,0.01907428881700256
Micro-PVM,2.0,SDAN_23,sciRED_16,1154,39,23,0.38284703801945186,0.015483512210374152
Micro-PVM,2.0,SDAN_23,sciRED_17,1154,39,23,0.5599507938338524,0.024804200364188365
Micro-PVM,2.0,SDAN_23,sciRED_18,1154,39,23,0.4944835274670357,0.02167506502824573
Micro-PVM,2.0,SDAN_23,sciRED_19,1154,39,23,0.4388190520124553,0.017109721319973712
Micro-PVM,2.0,SDAN_23,sciRED_20,1154,39,23,0.47626186906546725,0.03250581492221172
Micro-PVM,2.0,SDAN_23,sciRED_21,1154,39,23,0.5572598316226502,0.024111232386989912
Micro-PVM,2.0,SDAN_23,sciRED_22,1154,39,23,0.47726136931534235,0.019383714545292495
Micro-PVM,2.0,SDAN_23,sciRED_23,1154,39,23,0.4810671587283281,0.020199417365974713
Micro-PVM,2.0,SDAN_23,sciRED_24,1154,39,23,0.4824126398339292,0.018866149540338453
Micro-PVM,2.0,SDAN_23,sciRED_25,1154,39,23,0.5015953561680698,0.0206896982912538
Micro-PVM,2.0,SDAN_23,sciRED_26,1154,39,23,0.5226617460500519,0.021788849383067667
Micro-PVM,2.0,SDAN_23,sciRED_27,1154,39,23,0.6702033598585323,0.08301549370867065
Micro-PVM,2.0,SDAN_23,sciRED_28,1154,39,23,0.48610310229500636,0.022833252751731713
Micro-PVM,2.0,SDAN_23,sciRED_29,1154,39,23,0.5701764502364203,0.03223649146296082
Micro-PVM,2.0,SDAN_23,sciRED_30,1154,39,23,0.5373082689424519,0.024488001867391043
Micro-PVM,2.0,SDAN_23,sciRED_31,1154,39,23,0.4909468342751701,0.01902131981044887
Micro-PVM,2.0,SDAN_23,sciRED_32,1154,39,23,0.4764156383346788,0.02074823491575133
Micro-PVM,2.0,SDAN_23,sciRED_33,1154,39,23,0.5954330527044169,0.03076338766283434
Micro-PVM,2.0,SDAN_23,sciRED_34,1154,39,23,0.4350132625994695,0.01756319351557327
Micro-PVM,2.0,SDAN_23,sciRED_35,1154,39,23,0.6095798254718794,0.0336098645992377
Micro-PVM,2.0,SDAN_23,sciRED_36,1154,39,23,0.5799407988313536,0.035096814920164296
Micro-PVM,2.0,SDAN_23,sciRED_37,1154,39,23,0.5285818629146966,0.040149616050232616
Micro-PVM,2.0,SDAN_23,sciRED_38,1154,39,23,0.5407680774997117,0.03451328319443467
Micro-PVM,2.0,SDAN_23,sciRED_39,1154,39,23,0.617537385153577,0.03228933929170041
Micro-PVM,2.0,SDAN_24,sciRED_0,1154,39,28,0.9163917787363614,0.24310363569430896
Micro-PVM,2.0,SDAN_24,sciRED_1,1154,39,28,0.323997716315656,0.01708520132964506
Micro-PVM,2.0,SDAN_24,sciRED_2,1154,39,28,0.45616594772900276,0.021098724586165893
Micro-PVM,2.0,SDAN_24,sciRED_3,1154,39,28,0.2832402943415377,0.016908332510081465
Micro-PVM,2.0,SDAN_24,sciRED_4,1154,39,28,0.30978812484141083,0.016865789617620235
Micro-PVM,2.0,SDAN_24,sciRED_5,1154,39,28,0.29253362090839885,0.01632119331044255
Micro-PVM,2.0,SDAN_24,sciRED_6,1154,39,28,0.5366975386957624,0.024735822012825683
Micro-PVM,2.0,SDAN_24,sciRED_7,1154,39,28,0.2872367419436691,0.016109435340481322
Micro-PVM,2.0,SDAN_24,sciRED_8,1154,39,28,0.5024105556965237,0.02425974176339682
Micro-PVM,2.0,SDAN_24,sciRED_9,1154,39,28,0.3095343821365136,0.01674297350085777
Micro-PVM,2.0,SDAN_24,sciRED_10,1154,39,28,0.28174955595026646,0.016022284601423124
Micro-PVM,2.0,SDAN_24,sciRED_11,1154,39,28,0.397202486678508,0.018943991256570772
Micro-PVM,2.0,SDAN_24,sciRED_12,1154,39,28,0.4844582593250444,0.023460693632497583
Micro-PVM,2.0,SDAN_24,sciRED_13,1154,39,28,0.3614882009642223,0.01798208919245549
Micro-PVM,2.0,SDAN_24,sciRED_14,1154,39,28,0.3586970312103527,0.017827963167855693
Micro-PVM,2.0,SDAN_24,sciRED_15,1154,39,28,0.3923496574473484,0.01992503275753367
Micro-PVM,2.0,SDAN_24,sciRED_16,1154,39,28,0.24096041613803604,0.015152873449122355
Micro-PVM,2.0,SDAN_24,sciRED_17,1154,39,28,0.3810581070794215,0.01848032004792878
Micro-PVM,2.0,SDAN_24,sciRED_18,1154,39,28,0.39723420451662006,0.019248436017854944
Micro-PVM,2.0,SDAN_24,sciRED_19,1154,39,28,0.42283049987312865,0.021015590704118202
Micro-PVM,2.0,SDAN_24,sciRED_20,1154,39,28,0.2794658716061913,0.015886219385055998
Micro-PVM,2.0,SDAN_24,sciRED_21,1154,39,28,0.2872684597817813,0.016094241152070216
Micro-PVM,2.0,SDAN_24,sciRED_22,1154,39,28,0.3177493022075616,0.016824752620901055
Micro-PVM,2.0,SDAN_24,sciRED_23,1154,39,28,0.31692463841664553,0.01673886526457804
Micro-PVM,2.0,SDAN_24,sciRED_24,1154,39,28,0.36367673179396093,0.0181910770952973
Micro-PVM,2.0,SDAN_24,sciRED_25,1154,39,28,0.44750697792438465,0.02108038354396044
Micro-PVM,2.0,SDAN_24,sciRED_26,1154,39,28,0.366563055062167,0.018174726815745543
Micro-PVM,2.0,SDAN_24,sciRED_27,1154,39,28,0.437706165947729,0.024406722511054028
Micro-PVM,2.0,SDAN_24,sciRED_28,1154,39,28,0.5660682567876174,0.04237338520084931
Micro-PVM,2.0,SDAN_24,sciRED_29,1154,39,28,0.5156686120274042,0.024542494794048533
Micro-PVM,2.0,SDAN_24,sciRED_30,1154,39,28,0.4869639685359046,0.045714742252424015
Micro-PVM,2.0,SDAN_24,sciRED_31,1154,39,28,0.35400279116975386,0.01773240429178296
Micro-PVM,2.0,SDAN_24,sciRED_32,1154,39,28,0.3964729764019284,0.01904786481728573
Micro-PVM,2.0,SDAN_24,sciRED_33,1154,39,28,0.4057663029687897,0.0206448206936857
Micro-PVM,2.0,SDAN_24,sciRED_34,1154,39,28,0.3339571174828724,0.017216011224947265
Micro-PVM,2.0,SDAN_24,sciRED_35,1154,39,28,0.44519157574219737,0.021211400052936327
Micro-PVM,2.0,SDAN_24,sciRED_36,1154,39,28,0.3697348388733824,0.01828523414893586
Micro-PVM,2.0,SDAN_24,sciRED_37,1154,39,28,0.4621289012940878,0.02233433829352762
Micro-PVM,2.0,SDAN_24,sciRED_38,1154,39,28,0.5094201979193098,0.02559530885965581
Micro-PVM,2.0,SDAN_24,sciRED_39,1154,39,28,0.5311469170261356,0.02790571215859402
Micro-PVM,2.0,SDAN_25,sciRED_0,1154,37,23,0.5617960250643909,0.02898060409895231
Micro-PVM,2.0,SDAN_25,sciRED_1,1154,37,23,0.6361050244108715,0.0473372678231368
Micro-PVM,2.0,SDAN_25,sciRED_2,1154,37,23,0.5717910275631415,0.026426419131811478
Micro-PVM,2.0,SDAN_25,sciRED_3,1154,37,23,0.528389651328182,0.027173015549908437
Micro-PVM,2.0,SDAN_25,sciRED_4,1154,37,23,0.6895014031445815,0.06878986096057196
Micro-PVM,2.0,SDAN_25,sciRED_5,1154,37,23,0.4997885672548341,0.022911179174511832
Micro-PVM,2.0,SDAN_25,sciRED_6,1154,37,23,0.5354630377119133,0.02509357880534705
Micro-PVM,2.0,SDAN_25,sciRED_7,1154,37,23,0.5306193057317495,0.02381451207456667
Micro-PVM,2.0,SDAN_25,sciRED_8,1154,37,23,0.4114481220927998,0.02060354958906456
Micro-PVM,2.0,SDAN_25,sciRED_9,1154,37,23,0.6210356360281397,0.04636686110259156
Micro-PVM,2.0,SDAN_25,sciRED_10,1154,37,23,0.5492638296236497,0.025703252368651914
Micro-PVM,2.0,SDAN_25,sciRED_11,1154,37,23,0.485526467535463,0.027289520790481428
Micro-PVM,2.0,SDAN_25,sciRED_12,1154,37,23,0.6872333064237113,0.039499977777669275
Micro-PVM,2.0,SDAN_25,sciRED_13,1154,37,23,0.6571329719755507,0.048734545584954825
Micro-PVM,2.0,SDAN_25,sciRED_14,1154,37,23,0.6218044823741976,0.05560827310406453
Micro-PVM,2.0,SDAN_25,sciRED_15,1154,37,23,0.531849459885442,0.034144875497323306
Micro-PVM,2.0,SDAN_25,sciRED_16,1154,37,23,0.6193826163841156,0.03866485508980202
Micro-PVM,2.0,SDAN_25,sciRED_17,1154,37,23,0.49225387306346824,0.023175430716236255
Micro-PVM,2.0,SDAN_25,sciRED_18,1154,37,23,0.6204974435858994,0.034257420060077544
Micro-PVM,2.0,SDAN_25,sciRED_19,1154,37,23,0.5424595394610388,0.024250217596142723
Micro-PVM,2.0,SDAN_25,sciRED_20,1154,37,23,0.7065313497097606,0.04634425927108713
Micro-PVM,2.0,SDAN_25,sciRED_21,1154,37,23,0.6455233921500787,0.051773444230630704
Micro-PVM,2.0,SDAN_25,sciRED_22,1154,37,23,0.5468419636335677,0.057919138603348796
Micro-PVM,2.0,SDAN_25,sciRED_23,1154,37,23,0.6148848652596778,0.03588321263218448
Micro-PVM,2.0,SDAN_25,sciRED_24,1154,37,23,0.6870410948371968,0.042580215901385304
Micro-PVM,2.0,SDAN_25,sciRED_25,1154,37,23,0.6162303463652788,0.03246862644182731
Micro-PVM,2.0,SDAN_25,sciRED_26,1154,37,23,0.47741513858455387,0.020356627729910107
Micro-PVM,2.0,SDAN_25,sciRED_27,1154,37,23,0.5099757813400991,0.021750444031600567
Micro-PVM,2.0,SDAN_25,sciRED_28,1154,37,23,0.5383846538269328,0.024686158758721974
Micro-PVM,2.0,SDAN_25,sciRED_29,1154,37,23,0.5553761580748088,0.029068559424348023
Micro-PVM,2.0,SDAN_25,sciRED_30,1154,37,23,0.6239956944604621,0.03440987629816336
Micro-PVM,2.0,SDAN_25,sciRED_31,1154,37,23,0.5292738246261484,0.023239905342272743
Micro-PVM,2.0,SDAN_25,sciRED_32,1154,37,23,0.6221120209126206,0.02936593551273131
Micro-PVM,2.0,SDAN_25,sciRED_33,1154,37,23,0.49871218237035325,0.038054084799386864
Micro-PVM,2.0,SDAN_25,sciRED_34,1154,37,23,0.691731057548149,0.05099264798735356
Micro-PVM,2.0,SDAN_25,sciRED_35,1154,37,23,0.4876792373044247,0.020713343160983038
Micro-PVM,2.0,SDAN_25,sciRED_36,1154,37,23,0.5899358013301043,0.031161990925301166
Micro-PVM,2.0,SDAN_25,sciRED_37,1154,37,23,0.5503786568254334,0.04481721284409024
Micro-PVM,2.0,SDAN_25,sciRED_38,1154,37,23,0.5845923192250029,0.03329873883791066
Micro-PVM,2.0,SDAN_25,sciRED_39,1154,37,23,0.4781455426133087,0.019988255834525827
Micro-PVM,2.0,SDAN_26,sciRED_0,1154,35,18,0.4897789514866979,0.01515666073491113
Micro-PVM,2.0,SDAN_26,sciRED_1,1154,35,18,0.5229362284820032,0.018587567634101087
Micro-PVM,2.0,SDAN_26,sciRED_2,1154,35,18,0.5513008607198747,0.01787113924643809
Micro-PVM,2.0,SDAN_26,sciRED_3,1154,35,18,0.5263595461658842,0.017651232985215013
Micro-PVM,2.0,SDAN_26,sciRED_4,1154,35,18,0.6495500782472613,0.03636903701213609
Micro-PVM,2.0,SDAN_26,sciRED_5,1154,35,18,0.5881259780907668,0.028000646730567763
Micro-PVM,2.0,SDAN_26,sciRED_6,1154,35,18,0.5487089201877935,0.019099848303242926
Micro-PVM,2.0,SDAN_26,sciRED_7,1154,35,18,0.5824041471048513,0.022722486911218948
Micro-PVM,2.0,SDAN_26,sciRED_8,1154,35,18,0.5170676838810642,0.02158010954274913
Micro-PVM,2.0,SDAN_26,sciRED_9,1154,35,18,0.542693661971831,0.020740537574523273
Micro-PVM,2.0,SDAN_26,sciRED_10,1154,35,18,0.6033352895148669,0.022287572356071476
Micro-PVM,2.0,SDAN_26,sciRED_11,1154,35,18,0.5494424882629109,0.017928947864240583
Micro-PVM,2.0,SDAN_26,sciRED_12,1154,35,18,0.49158841940532083,0.01895770259333533
Micro-PVM,2.0,SDAN_26,sciRED_13,1154,35,18,0.5888595461658841,0.020139852313379534
Micro-PVM,2.0,SDAN_26,sciRED_14,1154,35,18,0.49579420970266047,0.021857095115518345
Micro-PVM,2.0,SDAN_26,sciRED_15,1154,35,18,0.5099276212832551,0.017257705541410928
Micro-PVM,2.0,SDAN_26,sciRED_16,1154,35,18,0.5577562597809077,0.04996701541728591
Micro-PVM,2.0,SDAN_26,sciRED_17,1154,35,18,0.5068466353677621,0.019760448612324295
Micro-PVM,2.0,SDAN_26,sciRED_18,1154,35,18,0.5837245696400626,0.023827879413933124
Micro-PVM,2.0,SDAN_26,sciRED_19,1154,35,18,0.5524745696400626,0.03656853089028739
Micro-PVM,2.0,SDAN_26,sciRED_20,1154,35,18,0.6162949921752738,0.025010726807369734
Micro-PVM,2.0,SDAN_26,sciRED_21,1154,35,18,0.6471537558685446,0.09743110120143098
Micro-PVM,2.0,SDAN_26,sciRED_22,1154,35,18,0.504939358372457,0.019654280335659875
Micro-PVM,2.0,SDAN_26,sciRED_23,1154,35,18,0.5490023474178404,0.022275641146814247
Micro-PVM,2.0,SDAN_26,sciRED_24,1154,35,18,0.5205888106416275,0.020477174771459328
Micro-PVM,2.0,SDAN_26,sciRED_25,1154,35,18,0.5421557120500783,0.02152309194460724
Micro-PVM,2.0,SDAN_26,sciRED_26,1154,35,18,0.6150234741784038,0.03017544641694191
Micro-PVM,2.0,SDAN_26,sciRED_27,1154,35,18,0.5499804381846635,0.02684247575776621
Micro-PVM,2.0,SDAN_26,sciRED_28,1154,35,18,0.37754303599374023,0.012658128197955759
Micro-PVM,2.0,SDAN_26,sciRED_29,1154,35,18,0.421703834115806,0.013151069572813975
Micro-PVM,2.0,SDAN_26,sciRED_30,1154,35,18,0.4177425665101721,0.013329938496349931
Micro-PVM,2.0,SDAN_26,sciRED_31,1154,35,18,0.595608372456964,0.020490457147099825
Micro-PVM,2.0,SDAN_26,sciRED_32,1154,35,18,0.6056827073552425,0.04607574281026293
Micro-PVM,2.0,SDAN_26,sciRED_33,1154,35,18,0.5514964788732395,0.03146618376178503
Micro-PVM,2.0,SDAN_26,sciRED_34,1154,35,18,0.5007824726134585,0.016446434447042357
Micro-PVM,2.0,SDAN_26,sciRED_35,1154,35,18,0.4884585289514867,0.016788859927332124
Micro-PVM,2.0,SDAN_26,sciRED_36,1154,35,18,0.4200410798122065,0.013463569022325796
Micro-PVM,2.0,SDAN_26,sciRED_37,1154,35,18,0.5367762128325508,0.022544520751301814
Micro-PVM,2.0,SDAN_26,sciRED_38,1154,35,18,0.41774256651017216,0.01650580597286533
Micro-PVM,2.0,SDAN_26,sciRED_39,1154,35,18,0.31812402190923317,0.011038089000078934
Micro-PVM,2.0,SDAN_27,sciRED_0,1154,42,13,0.3214454257399043,0.008367806466428289
Micro-PVM,2.0,SDAN_27,sciRED_1,1154,42,13,0.3584574934268186,0.008713600357361703
Micro-PVM,2.0,SDAN_27,sciRED_2,1154,42,13,0.7110496865098093,0.03412690718380867
Micro-PVM,2.0,SDAN_27,sciRED_3,1154,42,13,0.4323467943099845,0.012972353858099505
Micro-PVM,2.0,SDAN_27,sciRED_4,1154,42,13,0.44400997775230905,0.010620412953913853
Micro-PVM,2.0,SDAN_27,sciRED_5,1154,42,13,0.4076720825187083,0.009754130690308196
Micro-PVM,2.0,SDAN_27,sciRED_6,1154,42,13,0.2721634194026832,0.007684570416819346
Micro-PVM,2.0,SDAN_27,sciRED_7,1154,42,13,0.44286388458167597,0.011413832180551446
Micro-PVM,2.0,SDAN_27,sciRED_8,1154,42,13,0.47886469358862,0.011061128921154361
Micro-PVM,2.0,SDAN_27,sciRED_9,1154,42,13,0.39263803680981596,0.009263225573915639
Micro-PVM,2.0,SDAN_27,sciRED_10,1154,42,13,0.44852693318950987,0.013915037369406798
Micro-PVM,2.0,SDAN_27,sciRED_11,1154,42,13,0.5556529360210342,0.013740995962762993
Micro-PVM,2.0,SDAN_27,sciRED_12,1154,42,13,0.32549046045978564,0.008344836232285215
Micro-PVM,2.0,SDAN_27,sciRED_13,1154,42,13,0.5058990089664936,0.011597081678289153
Micro-PVM,2.0,SDAN_27,sciRED_14,1154,42,13,0.3537382862536237,0.008967713398381953
Micro-PVM,2.0,SDAN_27,sciRED_15,1154,42,13,0.5281466999258411,0.012720442906563496
Micro-PVM,2.0,SDAN_27,sciRED_16,1154,42,13,0.47980853502325893,0.010786354126327224
Micro-PVM,2.0,SDAN_27,sciRED_17,1154,42,13,0.5661700262927256,0.020339589689651147
Micro-PVM,2.0,SDAN_27,sciRED_18,1154,42,13,0.39351446099912357,0.009166031586576202
Micro-PVM,2.0,SDAN_27,sciRED_19,1154,42,13,0.5876087103080969,0.013751258407963263
Micro-PVM,2.0,SDAN_27,sciRED_20,1154,42,13,0.507112519382458,0.011272704076071923
Micro-PVM,2.0,SDAN_27,sciRED_21,1154,42,13,0.4326838805366413,0.010328900239396832
Micro-PVM,2.0,SDAN_27,sciRED_22,1154,42,13,0.5668441987460392,0.013331481026144659
Micro-PVM,2.0,SDAN_27,sciRED_23,1154,42,13,0.3905481022045439,0.009438428798418719
Micro-PVM,2.0,SDAN_27,sciRED_24,1154,42,13,0.5803950650576418,0.014814365538403158
Micro-PVM,2.0,SDAN_27,sciRED_25,1154,42,13,0.512977819726286,0.014295663287066277
Micro-PVM,2.0,SDAN_27,sciRED_26,1154,42,13,0.5091350367423988,0.01261620938544154
Micro-PVM,2.0,SDAN_27,sciRED_27,1154,42,13,0.507112519382458,0.023770507547849387
Micro-PVM,2.0,SDAN_27,sciRED_28,1154,42,13,0.4323467943099846,0.009874703824126153
Micro-PVM,2.0,SDAN_27,sciRED_29,1154,42,13,0.5640800916874537,0.021540478539533583
Micro-PVM,2.0,SDAN_27,sciRED_30,1154,42,13,0.5041461605878784,0.0157057701673203
Micro-PVM,2.0,SDAN_27,sciRED_31,1154,42,13,0.5665071125193825,0.015188558799251281
Micro-PVM,2.0,SDAN_27,sciRED_32,1154,42,13,0.49767410503606824,0.012615014633907146
Micro-PVM,2.0,SDAN_27,sciRED_33,1154,42,13,0.48661767680172585,0.011033993071486631
Micro-PVM,2.0,SDAN_27,sciRED_34,1154,42,13,0.3410638441313288,0.008845705446018108
Micro-PVM,2.0,SDAN_27,sciRED_35,1154,42,13,0.5946875210678892,0.016023682553707043
Micro-PVM,2.0,SDAN_27,sciRED_36,1154,42,13,0.6054742803209061,0.014569402767974325
Micro-PVM,2.0,SDAN_27,sciRED_37,1154,42,13,0.44798759522685905,0.010240243530423424
Micro-PVM,2.0,SDAN_27,sciRED_38,1154,42,13,0.5072473538731208,0.09844968457071512
Micro-PVM,2.0,SDAN_27,sciRED_39,1154,42,13,0.5166857682195106,0.05484572816577887
Micro-PVM,2.0,SDAN_28,sciRED_0,1154,40,30,0.45516014234875446,0.022589969910727932
Micro-PVM,2.0,SDAN_28,sciRED_1,1154,40,30,0.545729537366548,0.031787560351965366
Micro-PVM,2.0,SDAN_28,sciRED_2,1154,40,30,0.38926453143534995,0.020293097452123612
Micro-PVM,2.0,SDAN_28,sciRED_3,1154,40,30,0.47752075919335707,0.024736736631769708
Micro-PVM,2.0,SDAN_28,sciRED_4,1154,40,30,0.6010379596678529,0.08300886793880283
Micro-PVM,2.0,SDAN_28,sciRED_5,1154,40,30,0.5478054567022539,0.03141463245894224
Micro-PVM,2.0,SDAN_28,sciRED_6,1154,40,30,0.5405100830367733,0.029926773800545054
Micro-PVM,2.0,SDAN_28,sciRED_7,1154,40,30,0.5314056939501779,0.03113150401462242
Micro-PVM,2.0,SDAN_28,sciRED_8,1154,40,30,0.550682087781732,0.052917532161139355
Micro-PVM,2.0,SDAN_28,sciRED_9,1154,40,30,0.6568801897983393,0.052562724334771486
Micro-PVM,2.0,SDAN_28,sciRED_10,1154,40,30,0.5842230130486358,0.033623218214002465
Micro-PVM,2.0,SDAN_28,sciRED_11,1154,40,30,0.5228944246737841,0.02950853820200526
Micro-PVM,2.0,SDAN_28,sciRED_12,1154,40,30,0.5129596678529064,0.026603143023640655
Micro-PVM,2.0,SDAN_28,sciRED_13,1154,40,30,0.5286476868327401,0.02696918528821096
Micro-PVM,2.0,SDAN_28,sciRED_14,1154,40,30,0.47755041518386715,0.024970805449737673
Micro-PVM,2.0,SDAN_28,sciRED_15,1154,40,30,0.5559311981020166,0.03136386986237721
Micro-PVM,2.0,SDAN_28,sciRED_16,1154,40,30,0.5811684460260973,0.035447418514855826
Micro-PVM,2.0,SDAN_28,sciRED_17,1154,40,30,0.5198398576512455,0.02691330355227299
Micro-PVM,2.0,SDAN_28,sciRED_18,1154,40,30,0.6043297746144721,0.06399330734795718
Micro-PVM,2.0,SDAN_28,sciRED_19,1154,40,30,0.49845788849347566,0.026371004148854855
Micro-PVM,2.0,SDAN_28,sciRED_20,1154,40,30,0.6008600237247924,0.034512090495028125
Micro-PVM,2.0,SDAN_28,sciRED_21,1154,40,30,0.6177935943060499,0.04180993542987657
Micro-PVM,2.0,SDAN_28,sciRED_22,1154,40,30,0.5292408066429419,0.030565859703525863
Micro-PVM,2.0,SDAN_28,sciRED_23,1154,40,30,0.5822360616844603,0.032422362739054425
Micro-PVM,2.0,SDAN_28,sciRED_24,1154,40,30,0.4995551601423488,0.025909140863070383
Micro-PVM,2.0,SDAN_28,sciRED_25,1154,40,30,0.5497924080664294,0.02948904742630934
Micro-PVM,2.0,SDAN_28,sciRED_26,1154,40,30,0.5076809015421115,0.03686388067578364
Micro-PVM,2.0,SDAN_28,sciRED_27,1154,40,30,0.5699288256227759,0.029577634482515464
Micro-PVM,2.0,SDAN_28,sciRED_28,1154,40,30,0.5166666666666667,0.02768055276276729
Micro-PVM,2.0,SDAN_28,sciRED_29,1154,40,30,0.555723606168446,0.03365344473218046
Micro-PVM,2.0,SDAN_28,sciRED_30,1154,40,30,0.5443950177935943,0.030375520107749344
Micro-PVM,2.0,SDAN_28,sciRED_31,1154,40,30,0.5828291814946619,0.03558637539886672
Micro-PVM,2.0,SDAN_28,sciRED_32,1154,40,30,0.5200771055753262,0.035059488658278876
Micro-PVM,2.0,SDAN_28,sciRED_33,1154,40,30,0.5671708185053381,0.03045959159598994
Micro-PVM,2.0,SDAN_28,sciRED_34,1154,40,30,0.6530249110320285,0.052803454488031434
Micro-PVM,2.0,SDAN_28,sciRED_35,1154,40,30,0.48093119810201657,0.02947447801985588
Micro-PVM,2.0,SDAN_28,sciRED_36,1154,40,30,0.4856168446026097,0.03155111900518535
Micro-PVM,2.0,SDAN_28,sciRED_37,1154,40,30,0.5021945432977462,0.041257279708541025
Micro-PVM,2.0,SDAN_28,sciRED_38,1154,40,30,0.5595788849347568,0.029701167573407336
Micro-PVM,2.0,SDAN_28,sciRED_39,1154,40,30,0.5574139976275208,0.030061587094943346
Micro-PVM,2.0,SDAN_29,sciRED_0,1154,37,24,0.4722713864306785,0.018636618293777024
Micro-PVM,2.0,SDAN_29,sciRED_1,1154,37,24,0.5810103244837759,0.03832166089892864
Micro-PVM,2.0,SDAN_29,sciRED_2,1154,37,24,0.4742994100294985,0.01962676972368281
Micro-PVM,2.0,SDAN_29,sciRED_3,1154,37,24,0.5970870206489676,0.02989104013372702
Micro-PVM,2.0,SDAN_29,sciRED_4,1154,37,24,0.6610619469026549,0.04742425423874179
Micro-PVM,2.0,SDAN_29,sciRED_5,1154,37,24,0.6256637168141593,0.028959806749085562
Micro-PVM,2.0,SDAN_29,sciRED_6,1154,37,24,0.6047197640117993,0.02683530332143237
Micro-PVM,2.0,SDAN_29,sciRED_7,1154,37,24,0.6508849557522123,0.06090411770026049
Micro-PVM,2.0,SDAN_29,sciRED_8,1154,37,24,0.48477138643067846,0.021428339550959925
Micro-PVM,2.0,SDAN_29,sciRED_9,1154,37,24,0.5145280235988201,0.023033883171053822
Micro-PVM,2.0,SDAN_29,sciRED_10,1154,37,24,0.5523230088495575,0.02875236521062041
Micro-PVM,2.0,SDAN_29,sciRED_11,1154,37,24,0.5390486725663716,0.03134694063614335
Micro-PVM,2.0,SDAN_29,sciRED_12,1154,37,24,0.4805678466076696,0.02352057052321767
Micro-PVM,2.0,SDAN_29,sciRED_13,1154,37,24,0.7206489675516224,0.10079466716608086
Micro-PVM,2.0,SDAN_29,sciRED_14,1154,37,24,0.5570796460176991,0.02923837005250996
Micro-PVM,2.0,SDAN_29,sciRED_15,1154,37,24,0.5838126843657817,0.0308955120601234
Micro-PVM,2.0,SDAN_29,sciRED_16,1154,37,24,0.5731563421828909,0.04737583380554729
Micro-PVM,2.0,SDAN_29,sciRED_17,1154,37,24,0.5291666666666667,0.030222625553232664
Micro-PVM,2.0,SDAN_29,sciRED_18,1154,37,24,0.4638274336283186,0.021993180766234514
Micro-PVM,2.0,SDAN_29,sciRED_19,1154,37,24,0.5396755162241889,0.024155379239469775
Micro-PVM,2.0,SDAN_29,sciRED_20,1154,37,24,0.6071902654867257,0.029068258585019588
Micro-PVM,2.0,SDAN_29,sciRED_21,1154,37,24,0.5622050147492625,0.030518374330837133
Micro-PVM,2.0,SDAN_29,sciRED_22,1154,37,24,0.5539823008849558,0.025139334670541417
Micro-PVM,2.0,SDAN_29,sciRED_23,1154,37,24,0.47566371681415925,0.02232746234779811
Micro-PVM,2.0,SDAN_29,sciRED_24,1154,37,24,0.5100294985250737,0.02574689768560532
Micro-PVM,2.0,SDAN_29,sciRED_25,1154,37,24,0.5244469026548673,0.04062647857227987
Micro-PVM,2.0,SDAN_29,sciRED_26,1154,37,24,0.49450589970501474,0.022791357971927335
Micro-PVM,2.0,SDAN_29,sciRED_27,1154,37,24,0.35243362831858405,0.015346046297541629
Micro-PVM,2.0,SDAN_29,sciRED_28,1154,37,24,0.53023598820059,0.023130487142425264
Micro-PVM,2.0,SDAN_29,sciRED_29,1154,37,24,0.49078171091445427,0.02418457157776997
Micro-PVM,2.0,SDAN_29,sciRED_30,1154,37,24,0.475,0.01944399140379876
Micro-PVM,2.0,SDAN_29,sciRED_31,1154,37,24,0.5676622418879056,0.02662255106241481
Micro-PVM,2.0,SDAN_29,sciRED_32,1154,37,24,0.5554203539823009,0.024153201963250725
Micro-PVM,2.0,SDAN_29,sciRED_33,1154,37,24,0.4263643067846608,0.017875169090641463
Micro-PVM,2.0,SDAN_29,sciRED_34,1154,37,24,0.4798303834808259,0.02025188231111458
Micro-PVM,2.0,SDAN_29,sciRED_35,1154,37,24,0.5143805309734513,0.022284808226479373
Micro-PVM,2.0,SDAN_29,sciRED_36,1154,37,24,0.5239306784660767,0.026447062775332625
Micro-PVM,2.0,SDAN_29,sciRED_37,1154,37,24,0.5901548672566371,0.05429845974647613
Micro-PVM,2.0,SDAN_29,sciRED_38,1154,37,24,0.6148598820058997,0.0306626529127864
Micro-PVM,2.0,SDAN_29,sciRED_39,1154,37,24,0.4638274336283186,0.018869784509269592
Micro-PVM,2.0,SDAN_30,sciRED_0,1154,39,23,0.45442663283742746,0.01818335250800811
Micro-PVM,2.0,SDAN_30,sciRED_1,1154,39,23,0.625379617883366,0.029411201631182472
Micro-PVM,2.0,SDAN_30,sciRED_2,1154,39,23,0.40360588936301084,0.016126121562852282
Micro-PVM,2.0,SDAN_30,sciRED_3,1154,39,23,0.534194441240918,0.02455877420474241
Micro-PVM,2.0,SDAN_30,sciRED_4,1154,39,23,0.6732018606081575,0.03241231024515743
Micro-PVM,2.0,SDAN_30,sciRED_5,1154,39,23,0.4899473340252951,0.02009662951553709
Micro-PVM,2.0,SDAN_30,sciRED_6,1154,39,23,0.4468534963287587,0.019458491019118666
Micro-PVM,2.0,SDAN_30,sciRED_7,1154,39,23,0.6327221004882175,0.04053873806658437
Micro-PVM,2.0,SDAN_30,sciRED_8,1154,39,23,0.4806442932379964,0.020086215571488805
Micro-PVM,2.0,SDAN_30,sciRED_9,1154,39,23,0.5680236804674585,0.03143360819438267
Micro-PVM,2.0,SDAN_30,sciRED_10,1154,39,23,0.5707915273132664,0.027223743302276136
Micro-PVM,2.0,SDAN_30,sciRED_11,1154,39,23,0.5144735324645371,0.022677474767962363
Micro-PVM,2.0,SDAN_30,sciRED_12,1154,39,23,0.5918963595125514,0.11366665258103976
Micro-PVM,2.0,SDAN_30,sciRED_13,1154,39,23,0.35067081843693537,0.01469863370585269
Micro-PVM,2.0,SDAN_30,sciRED_14,1154,39,23,0.4864490831507323,0.019160096190581226
Micro-PVM,2.0,SDAN_30,sciRED_15,1154,39,23,0.6915772882789374,0.04439932579825459
Micro-PVM,2.0,SDAN_30,sciRED_16,1154,39,23,0.6771998616076578,0.05953113439288932
Micro-PVM,2.0,SDAN_30,sciRED_17,1154,39,23,0.47480106100795755,0.019634386305696402
Micro-PVM,2.0,SDAN_30,sciRED_18,1154,39,23,0.5867835313112675,0.03173936590725999
Micro-PVM,2.0,SDAN_30,sciRED_19,1154,39,23,0.4601929804328605,0.01924549294395051
Micro-PVM,2.0,SDAN_30,sciRED_20,1154,39,23,0.6058509206934993,0.03755442552851432
Micro-PVM,2.0,SDAN_30,sciRED_21,1154,39,23,0.6145388844039519,0.03261041428843095
Micro-PVM,2.0,SDAN_30,sciRED_22,1154,39,23,0.5877830315611425,0.023798754392709766
Micro-PVM,2.0,SDAN_30,sciRED_23,1154,39,23,0.5806327605428054,0.02693102078233748
Micro-PVM,2.0,SDAN_30,sciRED_24,1154,39,23,0.5534155998923616,0.02450853762113265
Micro-PVM,2.0,SDAN_30,sciRED_25,1154,39,23,0.4928305078230116,0.023043611256695472
Micro-PVM,2.0,SDAN_30,sciRED_26,1154,39,23,0.5877061469265368,0.024596342486833424
Micro-PVM,2.0,SDAN_30,sciRED_27,1154,39,23,0.552262330373275,0.026910224162332422
Micro-PVM,2.0,SDAN_30,sciRED_28,1154,39,23,0.5834006073886134,0.0277454529500067
Micro-PVM,2.0,SDAN_30,sciRED_29,1154,39,23,0.4464690731557298,0.019061606807965193
Micro-PVM,2.0,SDAN_30,sciRED_30,1154,39,23,0.44673816937685007,0.01739869248875253
Micro-PVM,2.0,SDAN_30,sciRED_31,1154,39,23,0.36600930304078727,0.016658342030082502
Micro-PVM,2.0,SDAN_30,sciRED_32,1154,39,23,0.6269557528927844,0.14531026355963966
Micro-PVM,2.0,SDAN_30,sciRED_33,1154,39,23,0.6256871564217892,0.059351211532780834
Micro-PVM,2.0,SDAN_30,sciRED_34,1154,39,23,0.4448929381463115,0.018208888459522593
Micro-PVM,2.0,SDAN_30,sciRED_35,1154,39,23,0.583169953484796,0.03096594223330909
Micro-PVM,2.0,SDAN_30,sciRED_36,1154,39,23,0.6009303040787299,0.03523262796315849
Micro-PVM,2.0,SDAN_30,sciRED_37,1154,39,23,0.6129243070772307,0.033851958559066454
Micro-PVM,2.0,SDAN_30,sciRED_38,1154,39,23,0.6164610002690962,0.05261042693394917
Micro-PVM,2.0,SDAN_30,sciRED_39,1154,39,23,0.3976473301810633,0.01733286559130018
Micro-PVM,2.0,SDAN_31,sciRED_0,1154,41,28,0.40053285968028424,0.019288492578591616
Micro-PVM,2.0,SDAN_31,sciRED_1,1154,41,28,0.48182567876173554,0.022874533441404676
Micro-PVM,2.0,SDAN_31,sciRED_2,1154,41,28,0.4334559756407004,0.021058087246431705
Micro-PVM,2.0,SDAN_31,sciRED_3,1154,41,28,0.5496384166455215,0.027851738829378397
Micro-PVM,2.0,SDAN_31,sciRED_4,1154,41,28,0.5116087287490485,0.024178738475358733
Micro-PVM,2.0,SDAN_31,sciRED_5,1154,41,28,0.4562611012433393,0.022001346392981992
Micro-PVM,2.0,SDAN_31,sciRED_6,1154,41,28,0.455182694747526,0.023762489095833186
Micro-PVM,2.0,SDAN_31,sciRED_7,1154,41,28,0.5444684090332403,0.029329944618480226
Micro-PVM,2.0,SDAN_31,sciRED_8,1154,41,28,0.5159857904085258,0.024782590788843976
Micro-PVM,2.0,SDAN_31,sciRED_9,1154,41,28,0.534128393808678,0.029386026471549476
Micro-PVM,2.0,SDAN_31,sciRED_10,1154,41,28,0.43748414108094397,0.020652207764498692
Micro-PVM,2.0,SDAN_31,sciRED_11,1154,41,28,0.41930981984267957,0.021778447132397943
Micro-PVM,2.0,SDAN_31,sciRED_12,1154,41,28,0.45055189038315147,0.023581886223241574
Micro-PVM,2.0,SDAN_31,sciRED_13,1154,41,28,0.49089698046181174,0.023346433150834796
Micro-PVM,2.0,SDAN_31,sciRED_14,1154,41,28,0.40551256026389243,0.019330885796417785
Micro-PVM,2.0,SDAN_31,sciRED_15,1154,41,28,0.47278609489977164,0.025684543311496402
Micro-PVM,2.0,SDAN_31,sciRED_16,1154,41,28,0.40646409540725703,0.02054883080897793
Micro-PVM,2.0,SDAN_31,sciRED_17,1154,41,28,0.41179269221009895,0.021766525594460986
Micro-PVM,2.0,SDAN_31,sciRED_18,1154,41,28,0.4714856635371733,0.0225473353998645
Micro-PVM,2.0,SDAN_31,sciRED_19,1154,41,28,0.42130804364374524,0.02195714393855236
Micro-PVM,2.0,SDAN_31,sciRED_20,1154,41,28,0.5236297893935549,0.04497806196380491
Micro-PVM,2.0,SDAN_31,sciRED_21,1154,41,28,0.45946460289266683,0.02463710314098016
Micro-PVM,2.0,SDAN_31,sciRED_22,1154,41,28,0.3984712002029942,0.020714695457744958
Micro-PVM,2.0,SDAN_31,sciRED_23,1154,41,28,0.46955087541233187,0.022927366725843445
Micro-PVM,2.0,SDAN_31,sciRED_24,1154,41,28,0.5532859680284192,0.026676615762376954
Micro-PVM,2.0,SDAN_31,sciRED_25,1154,41,28,0.48087414361837094,0.030859946643896834
Micro-PVM,2.0,SDAN_31,sciRED_26,1154,41,28,0.43171149454453184,0.02559610374061229
Micro-PVM,2.0,SDAN_31,sciRED_27,1154,41,28,0.5417089571174829,0.02625737110047921
Micro-PVM,2.0,SDAN_31,sciRED_28,1154,41,28,0.43526389241309316,0.020409631234635267
Micro-PVM,2.0,SDAN_31,sciRED_29,1154,41,28,0.5294024359299672,0.027052747926793234
Micro-PVM,2.0,SDAN_31,sciRED_30,1154,41,28,0.5134800811976655,0.026458712311598086
Micro-PVM,2.0,SDAN_31,sciRED_31,1154,41,28,0.5072633849276833,0.024872501000893343
Micro-PVM,2.0,SDAN_31,sciRED_32,1154,41,28,0.4412902816544024,0.021971210157517126
Micro-PVM,2.0,SDAN_31,sciRED_33,1154,41,28,0.5377759451915758,0.02988970373713232
Micro-PVM,2.0,SDAN_31,sciRED_34,1154,41,28,0.7056584623192084,0.1358373191687185
Micro-PVM,2.0,SDAN_31,sciRED_35,1154,41,28,0.426795229637148,0.02035747297765577
Micro-PVM,2.0,SDAN_31,sciRED_36,1154,41,28,0.4761799035777722,0.02579305974919035
Micro-PVM,2.0,SDAN_31,sciRED_37,1154,41,28,0.47545039330119254,0.02609621899610384
Micro-PVM,2.0,SDAN_31,sciRED_38,1154,41,28,0.5170007612281147,0.025604226568058393
Micro-PVM,2.0,SDAN_31,sciRED_39,1154,41,28,0.5749809692971327,0.029297715233646965
Micro-PVM,2.0,SDAN_32,sciRED_0,1154,38,23,0.45542613308730256,0.017838172699808485
Micro-PVM,2.0,SDAN_32,sciRED_1,1154,38,23,0.516549417598893,0.02722582547387035
Micro-PVM,2.0,SDAN_32,sciRED_2,1154,38,23,0.5931265136662438,0.02921251798635554
Micro-PVM,2.0,SDAN_32,sciRED_3,1154,38,23,0.5463806558259332,0.02446920448730322
Micro-PVM,2.0,SDAN_32,sciRED_4,1154,38,23,0.4922923153807712,0.020463262045543038
Micro-PVM,2.0,SDAN_32,sciRED_5,1154,38,23,0.5158958982047437,0.021964810480877818
Micro-PVM,2.0,SDAN_32,sciRED_6,1154,38,23,0.5736362587936801,0.02291530460235409
Micro-PVM,2.0,SDAN_32,sciRED_7,1154,38,23,0.40698881328566483,0.016712918948225845
Micro-PVM,2.0,SDAN_32,sciRED_8,1154,38,23,0.4188674893322569,0.016354286558816763
Micro-PVM,2.0,SDAN_32,sciRED_9,1154,38,23,0.4994041440818052,0.02399650103720577
Micro-PVM,2.0,SDAN_32,sciRED_10,1154,38,23,0.5331180563564372,0.02277597267324606
Micro-PVM,2.0,SDAN_32,sciRED_11,1154,38,23,0.4731864836812363,0.02798798399102186
Micro-PVM,2.0,SDAN_32,sciRED_12,1154,38,23,0.4164071810248722,0.01650805575472879
Micro-PVM,2.0,SDAN_32,sciRED_13,1154,38,23,0.6013147272517587,0.10783851402172724
Micro-PVM,2.0,SDAN_32,sciRED_14,1154,38,23,0.6138853650098028,0.032102533266228736
Micro-PVM,2.0,SDAN_32,sciRED_15,1154,38,23,0.33091146734325144,0.014208651326925106
Micro-PVM,2.0,SDAN_32,sciRED_16,1154,38,23,0.581170952985046,0.03397166535676331
Micro-PVM,2.0,SDAN_32,sciRED_17,1154,38,23,0.5005958559181947,0.02957964098676466
Micro-PVM,2.0,SDAN_32,sciRED_18,1154,38,23,0.39045861684542343,0.016754309016924374
Micro-PVM,2.0,SDAN_32,sciRED_19,1154,38,23,0.5746742013608581,0.029628525287574602
Micro-PVM,2.0,SDAN_32,sciRED_20,1154,38,23,0.4392034751854842,0.017163901692829202
Micro-PVM,2.0,SDAN_32,sciRED_21,1154,38,23,0.44074116787759965,0.017461048213514668
Micro-PVM,2.0,SDAN_32,sciRED_22,1154,38,23,0.5050167224080268,0.021866951509902047
Micro-PVM,2.0,SDAN_32,sciRED_23,1154,38,23,0.40402875485334255,0.02013548047155326
Micro-PVM,2.0,SDAN_32,sciRED_24,1154,38,23,0.5241225541075616,0.024408734743635294
Micro-PVM,2.0,SDAN_32,sciRED_25,1154,38,23,0.4580017683465959,0.018290203806397037
Micro-PVM,2.0,SDAN_32,sciRED_26,1154,38,23,0.5893976088878639,0.027498278897817675
Micro-PVM,2.0,SDAN_32,sciRED_27,1154,38,23,0.4471225925498789,0.017538126776106038
Micro-PVM,2.0,SDAN_32,sciRED_28,1154,38,23,0.5682927766885788,0.05797261880234109
Micro-PVM,2.0,SDAN_32,sciRED_29,1154,38,23,0.5180102256564025,0.027904145949860248
Micro-PVM,2.0,SDAN_32,sciRED_30,1154,38,23,0.5637565832468381,0.07554109783820279
Micro-PVM,2.0,SDAN_32,sciRED_31,1154,38,23,0.48794833352554495,0.06250079308038009
Micro-PVM,2.0,SDAN_32,sciRED_32,1154,38,23,0.4577711144427786,0.018262303060052363
Micro-PVM,2.0,SDAN_32,sciRED_33,1154,38,23,0.4985199707838388,0.019294363878481588
Micro-PVM,2.0,SDAN_32,sciRED_34,1154,38,23,0.4229423749663629,0.016743687662654935
Micro-PVM,2.0,SDAN_32,sciRED_35,1154,38,23,0.5820935686003152,0.030161951736326718
Micro-PVM,2.0,SDAN_32,sciRED_36,1154,38,23,0.5542613308730251,0.027139118410468555
Micro-PVM,2.0,SDAN_32,sciRED_37,1154,38,23,0.48483450582401105,0.021714411293616134
Micro-PVM,2.0,SDAN_32,sciRED_38,1154,38,23,0.47476261869065467,0.020017597591650012
Micro-PVM,2.0,SDAN_32,sciRED_39,1154,38,23,0.4789528312766693,0.01894545834488414
Micro-PVM,2.0,SDAN_33,sciRED_0,1154,41,13,0.25638778399514595,0.007561200713563681
Micro-PVM,2.0,SDAN_33,sciRED_1,1154,41,13,0.3520528551203398,0.00859929970177047
Micro-PVM,2.0,SDAN_33,sciRED_2,1154,41,13,0.9832805231578238,0.3659695131414588
Micro-PVM,2.0,SDAN_33,sciRED_3,1154,41,13,0.3132205218094789,0.008148529732969891
Micro-PVM,2.0,SDAN_33,sciRED_4,1154,41,13,0.2862536236769366,0.00790954624200929
Micro-PVM,2.0,SDAN_33,sciRED_5,1154,41,13,0.28032090608777727,0.00778992878575366
Micro-PVM,2.0,SDAN_33,sciRED_6,1154,41,13,0.5265286860378885,0.011872917679591984
Micro-PVM,2.0,SDAN_33,sciRED_7,1154,41,13,0.43612216004854043,0.010982155414537707
Micro-PVM,2.0,SDAN_33,sciRED_8,1154,41,13,0.2753994471785883,0.0077413838055741474
Micro-PVM,2.0,SDAN_33,sciRED_9,1154,41,13,0.4133351311265422,0.009641014511045518
Micro-PVM,2.0,SDAN_33,sciRED_10,1154,41,13,0.3680307422638711,0.008959775625621476
Micro-PVM,2.0,SDAN_33,sciRED_11,1154,41,13,0.6006876559023798,0.014897145090789486
Micro-PVM,2.0,SDAN_33,sciRED_12,1154,41,13,0.3515809344030203,0.008601751299497494
Micro-PVM,2.0,SDAN_33,sciRED_13,1154,41,13,0.5614508191195308,0.012964969069082295
Micro-PVM,2.0,SDAN_33,sciRED_14,1154,41,13,0.36068226252275337,0.008692602573785851
Micro-PVM,2.0,SDAN_33,sciRED_15,1154,41,13,0.3527944448189847,0.008716212423012978
Micro-PVM,2.0,SDAN_33,sciRED_16,1154,41,13,0.43672891525652263,0.010793570610596315
Micro-PVM,2.0,SDAN_33,sciRED_17,1154,41,13,0.5325962381177105,0.012676089759318016
Micro-PVM,2.0,SDAN_33,sciRED_18,1154,41,13,0.4713139621115081,0.012291703210865234
Micro-PVM,2.0,SDAN_33,sciRED_19,1154,41,13,0.3908851884312007,0.009346048152067707
Micro-PVM,2.0,SDAN_33,sciRED_20,1154,41,13,0.49915728443335805,0.011461240334897933
Micro-PVM,2.0,SDAN_33,sciRED_21,1154,41,13,0.31335535630014155,0.008183791096146925
Micro-PVM,2.0,SDAN_33,sciRED_22,1154,41,13,0.33998516820602714,0.008490028418828552
Micro-PVM,2.0,SDAN_33,sciRED_23,1154,41,13,0.4643699858423785,0.011602099995984026
Micro-PVM,2.0,SDAN_33,sciRED_24,1154,41,13,0.4493359401334862,0.010372325962231473
Micro-PVM,2.0,SDAN_33,sciRED_25,1154,41,13,0.4035596305534956,0.0098259474640136
Micro-PVM,2.0,SDAN_33,sciRED_26,1154,41,13,0.48021303849524705,0.011668752624484253
Micro-PVM,2.0,SDAN_33,sciRED_27,1154,41,13,0.32144542573990426,0.00821647317170615
Micro-PVM,2.0,SDAN_33,sciRED_28,1154,41,13,0.40868334119867866,0.010459516786855073
Micro-PVM,2.0,SDAN_33,sciRED_29,1154,41,13,0.5855861929481562,0.021260033416644376
Micro-PVM,2.0,SDAN_33,sciRED_30,1154,41,13,0.3820535292927931,0.009135636295089598
Micro-PVM,2.0,SDAN_33,sciRED_31,1154,41,13,0.3546821276882626,0.00878720462548735
Micro-PVM,2.0,SDAN_33,sciRED_32,1154,41,13,0.37969392570619565,0.008988449598233722
Micro-PVM,2.0,SDAN_33,sciRED_33,1154,41,13,0.43565023933122093,0.010302002005629989
Micro-PVM,2.0,SDAN_33,sciRED_34,1154,41,13,0.36344636958133897,0.008795248843030654
Micro-PVM,2.0,SDAN_33,sciRED_35,1154,41,13,0.3403222544326839,0.00876949999133109
Micro-PVM,2.0,SDAN_33,sciRED_36,1154,41,13,0.4759657520393717,0.010815205604922962
Micro-PVM,2.0,SDAN_33,sciRED_37,1154,41,13,0.40086294074024137,0.009319653725203034
Micro-PVM,2.0,SDAN_33,sciRED_38,1154,41,13,0.4128632104092227,0.01520115790552613
Micro-PVM,2.0,SDAN_33,sciRED_39,1154,41,13,0.44286388458167597,0.010193335117025852
Micro-PVM,2.0,SDAN_34,sciRED_0,1154,39,20,0.5281305114638448,0.01794568044943058
Micro-PVM,2.0,SDAN_34,sciRED_1,1154,39,20,0.5728835978835978,0.02759001251217514
Micro-PVM,2.0,SDAN_34,sciRED_2,1154,39,20,0.5887125220458553,0.022953370884432674
Micro-PVM,2.0,SDAN_34,sciRED_3,1154,39,20,0.5622134038800706,0.02117648929772625
Micro-PVM,2.0,SDAN_34,sciRED_4,1154,39,20,0.5636684303350971,0.02697711624774997
Micro-PVM,2.0,SDAN_34,sciRED_5,1154,39,20,0.6225749559082893,0.025291529353750578
Micro-PVM,2.0,SDAN_34,sciRED_6,1154,39,20,0.516358024691358,0.022208984967795505
Micro-PVM,2.0,SDAN_34,sciRED_7,1154,39,20,0.6231922398589065,0.04448313643017192
Micro-PVM,2.0,SDAN_34,sciRED_8,1154,39,20,0.44400352733686066,0.015992018112653158
Micro-PVM,2.0,SDAN_34,sciRED_9,1154,39,20,0.5162698412698412,0.07569788076514912
Micro-PVM,2.0,SDAN_34,sciRED_10,1154,39,20,0.5338183421516756,0.024899038011532683
Micro-PVM,2.0,SDAN_34,sciRED_11,1154,39,20,0.4205026455026455,0.018968856810409586
Micro-PVM,2.0,SDAN_34,sciRED_12,1154,39,20,0.6067901234567901,0.028415006167936067
Micro-PVM,2.0,SDAN_34,sciRED_13,1154,39,20,0.637962962962963,0.02669903010822374
Micro-PVM,2.0,SDAN_34,sciRED_14,1154,39,20,0.5843033509700176,0.021696417928939837
Micro-PVM,2.0,SDAN_34,sciRED_15,1154,39,20,0.580026455026455,0.023595505396590728
Micro-PVM,2.0,SDAN_34,sciRED_16,1154,39,20,0.6027777777777777,0.03636902757951973
Micro-PVM,2.0,SDAN_34,sciRED_17,1154,39,20,0.5844356261022928,0.023596020162321645
Micro-PVM,2.0,SDAN_34,sciRED_18,1154,39,20,0.5927248677248678,0.031055506007386928
Micro-PVM,2.0,SDAN_34,sciRED_19,1154,39,20,0.4205908289241622,0.01581993060672506
Micro-PVM,2.0,SDAN_34,sciRED_20,1154,39,20,0.6242063492063493,0.038300640088585754
Micro-PVM,2.0,SDAN_34,sciRED_21,1154,39,20,0.4593033509700176,0.0201314744522535
Micro-PVM,2.0,SDAN_34,sciRED_22,1154,39,20,0.6112874779541446,0.02880580525498043
Micro-PVM,2.0,SDAN_34,sciRED_23,1154,39,20,0.5694885361552028,0.027102323853671458
Micro-PVM,2.0,SDAN_34,sciRED_24,1154,39,20,0.6437830687830688,0.04164922202886488
Micro-PVM,2.0,SDAN_34,sciRED_25,1154,39,20,0.4870811287477954,0.02294952457144264
Micro-PVM,2.0,SDAN_34,sciRED_26,1154,39,20,0.533641975308642,0.02524242646111654
Micro-PVM,2.0,SDAN_34,sciRED_27,1154,39,20,0.3667548500881834,0.013457410277425481
Micro-PVM,2.0,SDAN_34,sciRED_28,1154,39,20,0.4971340388007055,0.01968841979810427
Micro-PVM,2.0,SDAN_34,sciRED_29,1154,39,20,0.47059082892416226,0.01789486573196948
Micro-PVM,2.0,SDAN_34,sciRED_30,1154,39,20,0.49991181657848327,0.018796562399667475
Micro-PVM,2.0,SDAN_34,sciRED_31,1154,39,20,0.5939594356261023,0.04174828854999793
Micro-PVM,2.0,SDAN_34,sciRED_32,1154,39,20,0.6996031746031746,0.043954041906193356
Micro-PVM,2.0,SDAN_34,sciRED_33,1154,39,20,0.5938271604938271,0.03322446781263234
Micro-PVM,2.0,SDAN_34,sciRED_34,1154,39,20,0.5041887125220459,0.01905645899199856
Micro-PVM,2.0,SDAN_34,sciRED_35,1154,39,20,0.5376984126984127,0.03253943732843941
Micro-PVM,2.0,SDAN_34,sciRED_36,1154,39,20,0.4645061728395062,0.018372865814457823
Micro-PVM,2.0,SDAN_34,sciRED_37,1154,39,20,0.5648148148148148,0.02275276725142628
Micro-PVM,2.0,SDAN_34,sciRED_38,1154,39,20,0.5315696649029982,0.02253930370504988
Micro-PVM,2.0,SDAN_34,sciRED_39,1154,39,20,0.4770282186948853,0.01664748745615553
Micro-PVM,2.0,SDAN_35,sciRED_0,1154,41,26,0.746828968903437,0.06711059193045867
Micro-PVM,2.0,SDAN_35,sciRED_1,1154,41,26,0.26029732678668854,0.014425616001390576
Micro-PVM,2.0,SDAN_35,sciRED_2,1154,41,26,0.36344108019639937,0.01674745608428906
Micro-PVM,2.0,SDAN_35,sciRED_3,1154,41,26,0.46634615384615385,0.0237818636298303
Micro-PVM,2.0,SDAN_35,sciRED_4,1154,41,26,0.3497340425531915,0.016361283085065008
Micro-PVM,2.0,SDAN_35,sciRED_5,1154,41,26,0.40538052373158756,0.017885261214319277
Micro-PVM,2.0,SDAN_35,sciRED_6,1154,41,26,0.42440671031096555,0.019183281557866222
Micro-PVM,2.0,SDAN_35,sciRED_7,1154,41,26,0.4643344244408074,0.019942556686249592
Micro-PVM,2.0,SDAN_35,sciRED_8,1154,41,26,0.5266298417894163,0.07051154785131945
Micro-PVM,2.0,SDAN_35,sciRED_9,1154,41,26,0.38921849427168576,0.01761454926727518
Micro-PVM,2.0,SDAN_35,sciRED_10,1154,41,26,0.36756683033278775,0.017064954636479036
Micro-PVM,2.0,SDAN_35,sciRED_11,1154,41,26,0.3678396072013093,0.016911355864518425
Micro-PVM,2.0,SDAN_35,sciRED_12,1154,41,26,0.595233224222586,0.049952245748455415
Micro-PVM,2.0,SDAN_35,sciRED_13,1154,41,26,0.3930032733224223,0.01749042314007807
Micro-PVM,2.0,SDAN_35,sciRED_14,1154,41,26,0.42624795417348615,0.028684663814817483
Micro-PVM,2.0,SDAN_35,sciRED_15,1154,41,26,0.4195649208947082,0.02214513281543748
Micro-PVM,2.0,SDAN_35,sciRED_16,1154,41,26,0.3975040916530278,0.01775724306714892
Micro-PVM,2.0,SDAN_35,sciRED_17,1154,41,26,0.4207924168030551,0.019510144038969425
Micro-PVM,2.0,SDAN_35,sciRED_18,1154,41,26,0.35723540643753415,0.017511958105156808
Micro-PVM,2.0,SDAN_35,sciRED_19,1154,41,26,0.4621863066012002,0.020511872866164255
Micro-PVM,2.0,SDAN_35,sciRED_20,1154,41,26,0.29023458810692854,0.01500458171618875
Micro-PVM,2.0,SDAN_35,sciRED_21,1154,41,26,0.383967539552646,0.017416877436127146
Micro-PVM,2.0,SDAN_35,sciRED_22,1154,41,26,0.5050463720676487,0.023538384422123342
Micro-PVM,2.0,SDAN_35,sciRED_23,1154,41,26,0.5269708128750682,0.029895065080669237
Micro-PVM,2.0,SDAN_35,sciRED_24,1154,41,26,0.4118589743589744,0.018432653638786975
Micro-PVM,2.0,SDAN_35,sciRED_25,1154,41,26,0.4032324058919804,0.05160104592450779
Micro-PVM,2.0,SDAN_35,sciRED_26,1154,41,26,0.49993180578286955,0.02301582725090482
Micro-PVM,2.0,SDAN_35,sciRED_27,1154,41,26,0.7082651391162029,0.054896153732940337
Micro-PVM,2.0,SDAN_35,sciRED_28,1154,41,26,0.5683647026732134,0.030063389140496055
Micro-PVM,2.0,SDAN_35,sciRED_29,1154,41,26,0.5592948717948718,0.04677653391837286
Micro-PVM,2.0,SDAN_35,sciRED_30,1154,41,26,0.5552714129841789,0.03232897008804336
Micro-PVM,2.0,SDAN_35,sciRED_31,1154,41,26,0.3930373704309874,0.018115274238389257
Micro-PVM,2.0,SDAN_35,sciRED_32,1154,41,26,0.411790780141844,0.019305691761779313
Micro-PVM,2.0,SDAN_35,sciRED_33,1154,41,26,0.4327945990180033,0.019010262324996436
Micro-PVM,2.0,SDAN_35,sciRED_34,1154,41,26,0.4339198036006547,0.021321613000009138
Micro-PVM,2.0,SDAN_35,sciRED_35,1154,41,26,0.4699604473540644,0.020553381749185227
Micro-PVM,2.0,SDAN_35,sciRED_36,1154,41,26,0.5285733769776323,0.024830479647853256
Micro-PVM,2.0,SDAN_35,sciRED_37,1154,41,26,0.4002318603382433,0.018183569779066426
Micro-PVM,2.0,SDAN_35,sciRED_38,1154,41,26,0.5955400981996727,0.03470852766573503
Micro-PVM,2.0,SDAN_35,sciRED_39,1154,41,26,0.6263638843426078,0.03517543437052812
Micro-PVM,2.0,SDAN_36,sciRED_0,1154,38,22,0.5891824606488918,0.02384283397433742
Micro-PVM,2.0,SDAN_36,sciRED_1,1154,38,22,0.5937600385480244,0.02996006781275304
Micro-PVM,2.0,SDAN_36,sciRED_2,1154,38,22,0.4947799550273048,0.021122878722752512
Micro-PVM,2.0,SDAN_36,sciRED_3,1154,38,22,0.5182300032123354,0.02200128186002576
Micro-PVM,2.0,SDAN_36,sciRED_4,1154,38,22,0.6146000642467074,0.03555704324922003
Micro-PVM,2.0,SDAN_36,sciRED_5,1154,38,22,0.6157243816254416,0.025908041365254476
Micro-PVM,2.0,SDAN_36,sciRED_6,1154,38,22,0.46908127208480566,0.020666753467238196
Micro-PVM,2.0,SDAN_36,sciRED_7,1154,38,22,0.5432059106970767,0.024011000254835383
Micro-PVM,2.0,SDAN_36,sciRED_8,1154,38,22,0.5964102152264696,0.027670387754173676
Micro-PVM,2.0,SDAN_36,sciRED_9,1154,38,22,0.6049229039511725,0.041382620655958074
Micro-PVM,2.0,SDAN_36,sciRED_10,1154,38,22,0.6278911018310311,0.034379434096242514
Micro-PVM,2.0,SDAN_36,sciRED_11,1154,38,22,0.5234098939929328,0.023211656563216613
Micro-PVM,2.0,SDAN_36,sciRED_12,1154,38,22,0.5820751686476069,0.03930449014451995
Micro-PVM,2.0,SDAN_36,sciRED_13,1154,38,22,0.6358014776742692,0.028977693095916926
Micro-PVM,2.0,SDAN_36,sciRED_14,1154,38,22,0.5894233858014777,0.025247823029935952
Micro-PVM,2.0,SDAN_36,sciRED_15,1154,38,22,0.6710167041439127,0.040073058216182074
Micro-PVM,2.0,SDAN_36,sciRED_16,1154,38,22,0.660375843238034,0.04967615715997748
Micro-PVM,2.0,SDAN_36,sciRED_17,1154,38,22,0.5324044330228076,0.02126426050533923
Micro-PVM,2.0,SDAN_36,sciRED_18,1154,38,22,0.6171297783488596,0.04471850441305167
Micro-PVM,2.0,SDAN_36,sciRED_19,1154,38,22,0.5059829746225506,0.020026996989179917
Micro-PVM,2.0,SDAN_36,sciRED_20,1154,38,22,0.6037985865724381,0.0353016660290472
Micro-PVM,2.0,SDAN_36,sciRED_21,1154,38,22,0.6091390941214262,0.02931358656857435
Micro-PVM,2.0,SDAN_36,sciRED_22,1154,38,22,0.5915917121747509,0.03128608294989199
Micro-PVM,2.0,SDAN_36,sciRED_23,1154,38,22,0.6031962736909734,0.028014637198572702
Micro-PVM,2.0,SDAN_36,sciRED_24,1154,38,22,0.4561516222293608,0.01883048579079697
Micro-PVM,2.0,SDAN_36,sciRED_25,1154,38,22,0.3958801798907806,0.018758810689360736
Micro-PVM,2.0,SDAN_36,sciRED_26,1154,38,22,0.5334885962094443,0.02433948980827569
Micro-PVM,2.0,SDAN_36,sciRED_27,1154,38,22,0.48080629617732096,0.018061490150028624
Micro-PVM,2.0,SDAN_36,sciRED_28,1154,38,22,0.46747510440089945,0.017341679358738326
Micro-PVM,2.0,SDAN_36,sciRED_29,1154,38,22,0.5503533568904593,0.02767597217644729
Micro-PVM,2.0,SDAN_36,sciRED_30,1154,38,22,0.5834404111789271,0.023078171967939126
Micro-PVM,2.0,SDAN_36,sciRED_31,1154,38,22,0.4847414070028911,0.020292965598318592
Micro-PVM,2.0,SDAN_36,sciRED_32,1154,38,22,0.5828380982974624,0.024153982051448034
Micro-PVM,2.0,SDAN_36,sciRED_33,1154,38,22,0.5543286219081272,0.032731331864052735
Micro-PVM,2.0,SDAN_36,sciRED_34,1154,38,22,0.6066896884034694,0.02965795526015931
Micro-PVM,2.0,SDAN_36,sciRED_35,1154,38,22,0.48988114359139096,0.023803166321737762
Micro-PVM,2.0,SDAN_36,sciRED_36,1154,38,22,0.36592515258592995,0.01563298860907784
Micro-PVM,2.0,SDAN_36,sciRED_37,1154,38,22,0.48425955669771925,0.020791347232696062
Micro-PVM,2.0,SDAN_36,sciRED_38,1154,38,22,0.535737230966913,0.024592477316556026
Micro-PVM,2.0,SDAN_36,sciRED_39,1154,38,22,0.3937921619017025,0.01625540115831107
Micro-PVM,2.0,SDAN_37,sciRED_0,1154,37,18,0.43373435054773085,0.013826516753994034
Micro-PVM,2.0,SDAN_37,sciRED_1,1154,37,18,0.49109937402190923,0.01640863283899085
Micro-PVM,2.0,SDAN_37,sciRED_2,1154,37,18,0.5576584507042254,0.018981221843392328
Micro-PVM,2.0,SDAN_37,sciRED_3,1154,37,18,0.40820618153364635,0.013814199393031102
Micro-PVM,2.0,SDAN_37,sciRED_4,1154,37,18,0.5922828638497653,0.0277100180106039
Micro-PVM,2.0,SDAN_37,sciRED_5,1154,37,18,0.5651408450704225,0.0188426103621495
Micro-PVM,2.0,SDAN_37,sciRED_6,1154,37,18,0.5039612676056338,0.016708285445566386
Micro-PVM,2.0,SDAN_37,sciRED_7,1154,37,18,0.5026408450704225,0.01950972115945955
Micro-PVM,2.0,SDAN_37,sciRED_8,1154,37,18,0.6064651799687011,0.02491728939095689
Micro-PVM,2.0,SDAN_37,sciRED_9,1154,37,18,0.5778560250391236,0.020510649674870332
Micro-PVM,2.0,SDAN_37,sciRED_10,1154,37,18,0.5164808294209702,0.016808677152208153
Micro-PVM,2.0,SDAN_37,sciRED_11,1154,37,18,0.5597613458528952,0.02484860887480397
Micro-PVM,2.0,SDAN_37,sciRED_12,1154,37,18,0.5977601721439749,0.021070585384247977
Micro-PVM,2.0,SDAN_37,sciRED_13,1154,37,18,0.5313478090766823,0.01814967584783427
Micro-PVM,2.0,SDAN_37,sciRED_14,1154,37,18,0.5497848200312989,0.01745891049627081
Micro-PVM,2.0,SDAN_37,sciRED_15,1154,37,18,0.551692097026604,0.028183612299370307
Micro-PVM,2.0,SDAN_37,sciRED_16,1154,37,18,0.4634683098591549,0.015394933920000149
Micro-PVM,2.0,SDAN_37,sciRED_17,1154,37,18,0.5691510172143974,0.019354083582804764
Micro-PVM,2.0,SDAN_37,sciRED_18,1154,37,18,0.5279733959311423,0.018959097993098945
Micro-PVM,2.0,SDAN_37,sciRED_19,1154,37,18,0.5265551643192488,0.05495591054232617
Micro-PVM,2.0,SDAN_37,sciRED_20,1154,37,18,0.47417840375586856,0.019883077975713342
Micro-PVM,2.0,SDAN_37,sciRED_21,1154,37,18,0.5182902973395931,0.016726045610735193
Micro-PVM,2.0,SDAN_37,sciRED_22,1154,37,18,0.4319737871674491,0.013705697023985197
Micro-PVM,2.0,SDAN_37,sciRED_23,1154,37,18,0.467820813771518,0.016798848849154533
Micro-PVM,2.0,SDAN_37,sciRED_24,1154,37,18,0.6435348200312989,0.056719730186737385
Micro-PVM,2.0,SDAN_37,sciRED_25,1154,37,18,0.4898767605633803,0.017496549886399405
Micro-PVM,2.0,SDAN_37,sciRED_26,1154,37,18,0.419258607198748,0.014183139933470815
Micro-PVM,2.0,SDAN_37,sciRED_27,1154,37,18,0.5995696400625978,0.021340985524250983
Micro-PVM,2.0,SDAN_37,sciRED_28,1154,37,18,0.3558783255086072,0.015276257212610736
Micro-PVM,2.0,SDAN_37,sciRED_29,1154,37,18,0.4646420187793427,0.015302802101112116
Micro-PVM,2.0,SDAN_37,sciRED_30,1154,37,18,0.555408841940532,0.02252432485137177
Micro-PVM,2.0,SDAN_37,sciRED_31,1154,37,18,0.45774647887323944,0.016550696190707502
Micro-PVM,2.0,SDAN_37,sciRED_32,1154,37,18,0.5394170579029735,0.020120829373721536
Micro-PVM,2.0,SDAN_37,sciRED_33,1154,37,18,0.4964299687010955,0.018494449002077695
Micro-PVM,2.0,SDAN_37,sciRED_34,1154,37,18,0.5587343505477308,0.0400313274239074
Micro-PVM,2.0,SDAN_37,sciRED_35,1154,37,18,0.5633313771517996,0.028414332363130155
Micro-PVM,2.0,SDAN_37,sciRED_36,1154,37,18,0.4366197183098592,0.014083478835560269
Micro-PVM,2.0,SDAN_37,sciRED_37,1154,37,18,0.5030320813771517,0.025350315416439784
Micro-PVM,2.0,SDAN_37,sciRED_38,1154,37,18,0.479900234741784,0.016498106753499695
Micro-PVM,2.0,SDAN_37,sciRED_39,1154,37,18,0.47285798122065725,0.015594009139126425
Micro-PVM,2.0,SDAN_38,sciRED_0,1154,41,15,0.29335674568334796,0.009155617324810756
Micro-PVM,2.0,SDAN_38,sciRED_1,1154,41,15,0.360667251975417,0.009953786285060212
Micro-PVM,2.0,SDAN_38,sciRED_2,1154,41,15,0.8755633596722272,0.07058154623466138
Micro-PVM,2.0,SDAN_38,sciRED_3,1154,41,15,0.46573017266608135,0.013765190398818954
Micro-PVM,2.0,SDAN_38,sciRED_4,1154,41,15,0.4392156862745098,0.011399190532870987
Micro-PVM,2.0,SDAN_38,sciRED_5,1154,41,15,0.3883523558677202,0.010419962683620297
Micro-PVM,2.0,SDAN_38,sciRED_6,1154,41,15,0.2895522388059702,0.009273812285622617
Micro-PVM,2.0,SDAN_38,sciRED_7,1154,41,15,0.475446297922154,0.012731790002248028
Micro-PVM,2.0,SDAN_38,sciRED_8,1154,41,15,0.4529704419081065,0.012035613394246518
Micro-PVM,2.0,SDAN_38,sciRED_9,1154,41,15,0.5104477611940298,0.014268595745959841
Micro-PVM,2.0,SDAN_38,sciRED_10,1154,41,15,0.48018729880011707,0.012572767859699841
Micro-PVM,2.0,SDAN_38,sciRED_11,1154,41,15,0.657652911911033,0.0307734197583992
Micro-PVM,2.0,SDAN_38,sciRED_12,1154,41,15,0.36353526485220955,0.010244045994575984
Micro-PVM,2.0,SDAN_38,sciRED_13,1154,41,15,0.4006438396254024,0.010731390521690448
Micro-PVM,2.0,SDAN_38,sciRED_14,1154,41,15,0.24108867427568043,0.008476564448218076
Micro-PVM,2.0,SDAN_38,sciRED_15,1154,41,15,0.3561603745976002,0.01013360038255226
Micro-PVM,2.0,SDAN_38,sciRED_16,1154,41,15,0.37178811823236757,0.010162785622356892
Micro-PVM,2.0,SDAN_38,sciRED_17,1154,41,15,0.5164179104477612,0.01581458651010013
Micro-PVM,2.0,SDAN_38,sciRED_18,1154,41,15,0.4402107111501317,0.01142645819873592
Micro-PVM,2.0,SDAN_38,sciRED_19,1154,41,15,0.5799824407374891,0.02308799395231169
Micro-PVM,2.0,SDAN_38,sciRED_20,1154,41,15,0.49616622768510393,0.013655995956234714
Micro-PVM,2.0,SDAN_38,sciRED_21,1154,41,15,0.5689786362306117,0.01701182826540951
Micro-PVM,2.0,SDAN_38,sciRED_22,1154,41,15,0.49692712906057945,0.026391914835678265
Micro-PVM,2.0,SDAN_38,sciRED_23,1154,41,15,0.4278021656423764,0.011141994975757439
Micro-PVM,2.0,SDAN_38,sciRED_24,1154,41,15,0.38659642961662277,0.01111211618893113
Micro-PVM,2.0,SDAN_38,sciRED_25,1154,41,15,0.45250219490781385,0.013043677962754343
Micro-PVM,2.0,SDAN_38,sciRED_26,1154,41,15,0.5013754755633597,0.013987573282215213
Micro-PVM,2.0,SDAN_38,sciRED_27,1154,41,15,0.36160374597600237,0.010919683974500613
Micro-PVM,2.0,SDAN_38,sciRED_28,1154,41,15,0.3649400058530875,0.011006990990288207
Micro-PVM,2.0,SDAN_38,sciRED_29,1154,41,15,0.5068188469417618,0.014268517249779676
Micro-PVM,2.0,SDAN_38,sciRED_30,1154,41,15,0.4360550190225344,0.011989824599692
Micro-PVM,2.0,SDAN_38,sciRED_31,1154,41,15,0.3771729587357331,0.010250024380998816
Micro-PVM,2.0,SDAN_38,sciRED_32,1154,41,15,0.36932982148083116,0.01013278443861715
Micro-PVM,2.0,SDAN_38,sciRED_33,1154,41,15,0.410067310506292,0.011307887824638995
Micro-PVM,2.0,SDAN_38,sciRED_34,1154,41,15,0.624641498390401,0.022124563444380404
Micro-PVM,2.0,SDAN_38,sciRED_35,1154,41,15,0.504536142815335,0.020494282409210522
Micro-PVM,2.0,SDAN_38,sciRED_36,1154,41,15,0.5405911618378694,0.01496789468265851
Micro-PVM,2.0,SDAN_38,sciRED_37,1154,41,15,0.5195200468247,0.015638057386616395
Micro-PVM,2.0,SDAN_38,sciRED_38,1154,41,15,0.3270119988293825,0.009944473118712042
Micro-PVM,2.0,SDAN_38,sciRED_39,1154,41,15,0.5980684811237928,0.029443860554098516
Micro-PVM,2.0,SDAN_39,sciRED_0,1154,42,20,0.2566137566137566,0.011254098937560906
Micro-PVM,2.0,SDAN_39,sciRED_1,1154,42,20,0.3708112874779541,0.013167694018121784
Micro-PVM,2.0,SDAN_39,sciRED_2,1154,42,20,0.9613315696649031,0.22386770650088486
Micro-PVM,2.0,SDAN_39,sciRED_3,1154,42,20,0.4557760141093475,0.015861827109933144
Micro-PVM,2.0,SDAN_39,sciRED_4,1154,42,20,0.42561728395061726,0.014648336152563095
Micro-PVM,2.0,SDAN_39,sciRED_5,1154,42,20,0.29788359788359786,0.011867606760046114
Micro-PVM,2.0,SDAN_39,sciRED_6,1154,42,20,0.4029100529100529,0.01434480828422138
Micro-PVM,2.0,SDAN_39,sciRED_7,1154,42,20,0.457363315696649,0.016521601030249394
Micro-PVM,2.0,SDAN_39,sciRED_8,1154,42,20,0.3954585537918871,0.014031595631732107
Micro-PVM,2.0,SDAN_39,sciRED_9,1154,42,20,0.37297178130511466,0.013359063741798047
Micro-PVM,2.0,SDAN_39,sciRED_10,1154,42,20,0.3529541446208113,0.013087416679072475
Micro-PVM,2.0,SDAN_39,sciRED_11,1154,42,20,0.6539241622574956,0.08425312215183754
Micro-PVM,2.0,SDAN_39,sciRED_12,1154,42,20,0.33778659611992945,0.012734300022386631
Micro-PVM,2.0,SDAN_39,sciRED_13,1154,42,20,0.4552910052910053,0.016961660530942668
Micro-PVM,2.0,SDAN_39,sciRED_14,1154,42,20,0.3353615520282187,0.012574796084399074
Micro-PVM,2.0,SDAN_39,sciRED_15,1154,42,20,0.3742504409171076,0.013310090457864661
Micro-PVM,2.0,SDAN_39,sciRED_16,1154,42,20,0.4781305114638448,0.018005939355048316
Micro-PVM,2.0,SDAN_39,sciRED_17,1154,42,20,0.6026014109347442,0.03394862625986786
Micro-PVM,2.0,SDAN_39,sciRED_18,1154,42,20,0.37817460317460316,0.013563127037483892
Micro-PVM,2.0,SDAN_39,sciRED_19,1154,42,20,0.4659611992945326,0.019566056886541304
Micro-PVM,2.0,SDAN_39,sciRED_20,1154,42,20,0.39470899470899473,0.013903273612235657
Micro-PVM,2.0,SDAN_39,sciRED_21,1154,42,20,0.4430776014109348,0.01517165759634095
Micro-PVM,2.0,SDAN_39,sciRED_22,1154,42,20,0.5074955908289241,0.01783487611537747
Micro-PVM,2.0,SDAN_39,sciRED_23,1154,42,20,0.4564814814814815,0.016667156399992174
Micro-PVM,2.0,SDAN_39,sciRED_24,1154,42,20,0.4847442680776014,0.01651750733912862
Micro-PVM,2.0,SDAN_39,sciRED_25,1154,42,20,0.44334215167548496,0.015331034513921607
Micro-PVM,2.0,SDAN_39,sciRED_26,1154,42,20,0.5630070546737214,0.021862352868485712
Micro-PVM,2.0,SDAN_39,sciRED_27,1154,42,20,0.37328042328042327,0.014381135646226744
Micro-PVM,2.0,SDAN_39,sciRED_28,1154,42,20,0.4624338624338625,0.015631944082956817
Micro-PVM,2.0,SDAN_39,sciRED_29,1154,42,20,0.4749559082892416,0.01682247143811326
Micro-PVM,2.0,SDAN_39,sciRED_30,1154,42,20,0.4712962962962963,0.0163666231889819
Micro-PVM,2.0,SDAN_39,sciRED_31,1154,42,20,0.4538800705467372,0.015290651437919413
Micro-PVM,2.0,SDAN_39,sciRED_32,1154,42,20,0.39735449735449735,0.025978620592923392
Micro-PVM,2.0,SDAN_39,sciRED_33,1154,42,20,0.451984126984127,0.017205212699131285
Micro-PVM,2.0,SDAN_39,sciRED_34,1154,42,20,0.466358024691358,0.016623281442685565
Micro-PVM,2.0,SDAN_39,sciRED_35,1154,42,20,0.41261022927689595,0.014666099371497269
Micro-PVM,2.0,SDAN_39,sciRED_36,1154,42,20,0.40802469135802466,0.015406829569938536
Micro-PVM,2.0,SDAN_39,sciRED_37,1154,42,20,0.41847442680776015,0.014274741505635812
Micro-PVM,2.0,SDAN_39,sciRED_38,1154,42,20,0.41750440917107584,0.014872159609737092
Micro-PVM,2.0,SDAN_39,sciRED_39,1154,42,20,0.3962081128747796,0.017194486342513957
